fecha,exp_inf_12m,exp_inf_24m,infl_gt,meta_inflacion,exp24_lag1,exp12_lag1,infl_lag1,d_exp24,gap_meta_largo,y_reparam,x_lambda,x_psi,lambda_t,lambda_se,lambda_li_95,lambda_ls_95,psi_t,psi_se,psi_li_95,psi_ls_95,theta1_inflacion,theta1_se,theta1_li_95,theta1_ls_95,theta2_expectativa_corta,theta2_se,theta2_li_95,theta2_ls_95,parametro_anclaje,anclaje_porcentaje,anclaje_se,anclaje_li_95,anclaje_ls_95,peso_meta,peso_inflacion,peso_expectativa_12m,suma_pesos,anclaje_significativamente_menor_uno,anclaje_significativamente_mayor_cero,lambda_significativamente_positivo,theta1_significativamente_positivo,theta2_significativamente_positivo,anclaje_fuera_0_1,algun_peso_fuera_0_1,residuo_estado_u,y_ajustada_estado,residuo_recursivo_estandarizado
2011-01-01,5.99,5.85,4.9,5,6.2,5.71,5.39,-0.35000000000000053,-1.2000000000000002,0.8499999999999996,0.3899999999999997,0.3200000000000003,0.17736053420392067,0.08130300019613085,0.018009581984451295,0.33671148642339005,-0.026981089383420365,0.060562973555041644,-0.1456823363479537,0.09172015758111295,0.20434162358734104,0.05786971121760407,0.09091907380510353,0.3177641733695785,-0.026981089383420365,0.060562973555041644,-0.1456823363479537,0.09172015758111295,0.8226394657960794,82.26394657960793,0.08130300019613085,0.66328851357661,0.9819904180155488,0.8226394657960794,0.20434162358734104,-0.026981089383420365,1,TRUE,TRUE,TRUE,TRUE,FALSE,FALSE,TRUE,0.7894633402631648,0.8499999999999993,NA
2011-02-01,5.5,5.81,5.24,5,5.85,5.99,4.9,-0.040000000000000036,-0.8499999999999996,0.8099999999999996,-0.09999999999999964,1.0899999999999999,0.1774592944061564,0.0808694474240412,0.018958090005380235,0.3359604988069326,-0.026981089380867882,0.06056297354633542,-0.14568233632833733,0.09172015756660155,0.20444038378702428,0.05727743052729992,0.09217868282652142,0.31670208474752715,-0.026981089380867882,0.06056297354633542,-0.14568233632833733,0.09172015756660155,0.8225407055938436,82.25407055938436,0.0808694474240412,0.6640395011930674,0.9810419099946198,0.8225407055938436,0.20444038378702428,-0.026981089380867882,1,TRUE,TRUE,TRUE,TRUE,FALSE,FALSE,TRUE,0.8571553168657604,0.8099999999999988,NA
2011-03-01,6.24,6.13,4.99,5,5.81,5.5,5.24,0.3200000000000003,-0.8099999999999996,1.13,0.2400000000000002,0.2599999999999998,0.17752836079008907,0.08043283641577291,0.019882898240772467,0.3351738233394057,-0.026981089374139997,0.060562973538958294,-0.14568233630715052,0.09172015755887053,0.20450945016422906,0.05668804720909035,0.09340291928050568,0.3156159810479524,-0.026981089374139997,0.060562973538958294,-0.14568233630715052,0.09172015755887053,0.822471639209911,82.2471639209911,0.08043283641577291,0.6648261766605943,0.9801171017592276,0.822471639209911,0.20450945016422906,-0.026981089374139997,1,TRUE,TRUE,TRUE,TRUE,FALSE,FALSE,TRUE,1.0944082766476568,1.130000000000002,NA
2011-04-01,6.07,6.19,5.76114812916453,5,6.13,6.24,4.99,0.0600000000000005,-1.13,1.1900000000000004,-0.009999999999999787,1.25,0.17754284062651715,0.07997966211806841,0.020785583379420602,0.3343000978736137,-0.026981089369014315,0.060562973521326974,-0.1456823362674681,0.09172015752943946,0.20452392999553146,0.05610910573283064,0.09455210355443354,0.31449575643662936,-0.026981089369014315,0.060562973521326974,-0.1456823362674681,0.09172015752943946,0.8224571593734828,82.24571593734828,0.07997966211806841,0.6656999021263863,0.9792144166205794,0.8224571593734828,0.20452392999553146,-0.026981089369014315,1,TRUE,TRUE,TRUE,TRUE,FALSE,FALSE,TRUE,1.22550179011753,1.189999999999997,1.9954503730583553
2011-05-01,5.96,5.74,6.3930220625962,5,6.19,6.07,5.76114812916453,-0.4500000000000002,-1.1900000000000004,0.7400000000000002,0.7611481291645301,0.30885187083547017,0.1775715724021291,0.07952325097555434,0.02170886455650292,0.33343428024775523,-0.02698108938898733,0.06056297351642914,-0.14568233627784155,0.09172015749986688,0.20455266179111642,0.055524417183137185,0.09572680384959065,0.3133785197326422,-0.02698108938898733,0.06056297351642914,-0.14568233627784155,0.09172015749986688,0.8224284275978709,82.2428427597871,0.07952325097555434,0.6665657197522448,0.9782911354434971,0.8224284275978709,0.20455266179111642,-0.02698108938898733,1.0000000000000002,TRUE,TRUE,TRUE,TRUE,FALSE,FALSE,TRUE,0.6131748898082834,0.74,-1.8956634848426028
2011-06-01,6.38,6.16,6.42229936695938,5,5.74,5.96,6.3930220625962,0.41999999999999993,-0.7400000000000002,1.1600000000000001,1.3930220625962004,-0.43302206259620046,0.17887129139884594,0.07906981961695154,0.023897292685542304,0.3338452901121496,-0.026981089383599565,0.06056297350994218,-0.14568233625973956,0.09172015749254042,0.2058523807824455,0.05494614268749417,0.0981599200255581,0.31354484153933293,-0.026981089383599565,0.06056297350994218,-0.14568233625973956,0.09172015749254042,0.8211287086011541,82.11287086011541,0.07906981961695154,0.6661547098878504,0.9761027073144577,0.8211287086011541,0.2058523807824455,-0.026981089383599565,1,TRUE,TRUE,TRUE,TRUE,FALSE,FALSE,TRUE,0.8991449377403546,1.1599999999999997,2.7455385160376027
2011-07-01,5.96,5.88,7.03967446592064,5,6.16,6.38,6.42229936695938,-0.28000000000000025,-1.1600000000000001,0.8799999999999999,1.42229936695938,-0.04229936695938008,0.17867860937505897,0.07861298300806376,0.024599993961994804,0.33275722478812314,-0.026981089392812935,0.060562973502607524,-0.14568233625457727,0.09172015746895139,0.2056596987678719,0.054456760780107485,0.09892640892414792,0.3123929886115959,-0.026981089392812935,0.060562973502607524,-0.14568233625457727,0.09172015746895139,0.821321390624941,82.1321390624941,0.07861298300806376,0.6672427752118768,0.9754000060380053,0.821321390624941,0.2056596987678719,-0.026981089392812935,0.9999999999999999,TRUE,TRUE,TRUE,TRUE,FALSE,FALSE,TRUE,0.6247242439954809,0.88,-1.11676008073981
2011-08-01,6.33,5.95,7.6258261311642,5,5.88,5.96,7.03967446592064,0.07000000000000028,-0.8799999999999999,0.9500000000000002,2.0396744659206396,-1.0796744659206396,0.17901507411463424,0.07820160378757306,0.025742747157720014,0.33228740107154847,-0.026981089394737433,0.06056297349726492,-0.14568233624603044,0.09172015745655558,0.20599616350937167,0.053870271941194266,0.10041237066725231,0.31157995635149105,-0.026981089394737433,0.06056297349726492,-0.14568233624603044,0.09172015745655558,0.8209849258853658,82.09849258853657,0.07820160378757306,0.6677125989284516,0.9742572528422799,0.8209849258853658,0.20599616350937167,-0.026981089394737433,1,TRUE,TRUE,TRUE,TRUE,FALSE,FALSE,TRUE,0.5557367310312697,0.9500000000000002,0.3483065738361953
2011-09-01,6.69,6.43,7.24931562404949,5,5.95,6.33,7.6258261311642,0.47999999999999954,-0.9500000000000002,1.4299999999999997,2.6258261311642004,-1.2958261311642003,0.18098452824553737,0.07766869995156414,0.028756673614423856,0.3332123828766509,-0.026981089385750483,0.06056297349073436,-0.14568233622424384,0.09172015745274287,0.20796561763128785,0.05330536695516271,0.10348901821647744,0.31244221704609826,-0.026981089385750483,0.06056297349073436,-0.14568233622424384,0.09172015745274287,0.8190154717544627,81.90154717544627,0.07766869995156414,0.6667876171233491,0.9712433263855762,0.8190154717544627,0.20796561763128785,-0.026981089385750483,1,TRUE,TRUE,TRUE,TRUE,FALSE,FALSE,TRUE,0.9198032957231104,1.4300000000000002,2.03426473206561
2011-10-01,6.69,6.51,6.65,5,6.43,6.69,7.24931562404949,0.08000000000000007,-1.4299999999999997,1.5099999999999998,2.2493156240494896,-0.5593156240494892,0.18192004959595315,0.0773034900951089,0.03040799313029094,0.33343210606161533,-0.02698108938419845,0.06056297348413835,-0.14568233620976384,0.09172015744136695,0.2089011389801516,0.052995135169624466,0.10503258269185571,0.3127696952684475,-0.02698108938419845,0.06056297348413835,-0.14568233620976384,0.09172015744136695,0.8180799504040468,81.80799504040468,0.0773034900951089,0.6665678939383846,0.969592006869709,0.8180799504040468,0.2089011389801516,-0.02698108938419845,1,TRUE,TRUE,TRUE,TRUE,FALSE,FALSE,TRUE,1.085713445269506,1.5099999999999996,0.8477298159723733
2011-11-01,6.85,6.06,6.05484387510006,5,6.51,6.69,6.65,-0.4500000000000002,-1.5099999999999998,1.0599999999999996,1.6500000000000004,0.040000000000000036,0.18073320137091337,0.07704009637238453,0.029737387115544855,0.3317290156262819,-0.026981089405284826,0.06056297347854118,-0.14568233621987997,0.09172015740931033,0.20771429077619818,0.05272673661800755,0.10437178598257416,0.31105679556982224,-0.026981089405284826,0.06056297347854118,-0.14568233621987997,0.09172015740931033,0.8192667986290867,81.92667986290867,0.07704009637238453,0.6682709843737182,0.9702626128844551,0.8192667986290867,0.20771429077619818,-0.026981089405284826,1,TRUE,TRUE,TRUE,TRUE,FALSE,FALSE,TRUE,0.7628694613142037,1.0599999999999994,-1.3278274212484324
2011-12-01,5.94,5.62,6.2,5,6.06,6.85,6.05484387510006,-0.4399999999999995,-1.0599999999999996,0.6200000000000001,1.05484387510006,0.7951561248999397,0.1795548793713334,0.07675515351236664,0.029117542859251805,0.329992215883415,-0.02698108942624725,0.06056297347258317,-0.14568233622916493,0.09172015737667044,0.20653596879758065,0.05245539771790284,0.10372527847576657,0.30934665911939474,-0.02698108942624725,0.06056297347258317,-0.14568233622916493,0.09172015737667044,0.8204451206286666,82.04451206286666,0.07675515351236664,0.670007784116585,0.9708824571407482,0.8204451206286666,0.20653596879758065,-0.02698108942624725,1,TRUE,TRUE,TRUE,TRUE,FALSE,FALSE,TRUE,0.4520518137645723,0.62,-1.4951325790025152
2012-01-01,5.97,5.95,5.44,4.5,5.62,5.94,6.2,0.33000000000000007,-1.12,1.4500000000000002,1.7000000000000002,-0.2599999999999998,0.1803351291091699,0.07643974492973149,0.03051598205946801,0.33015427615887183,-0.026981089398444024,0.06056297346867844,-0.14568233619370857,0.09172015739682052,0.20731621850761392,0.05204367037975368,0.10531249894002273,0.3093199380752051,-0.026981089398444024,0.06056297346867844,-0.14568233619370857,0.09172015739682052,0.8196648708908301,81.966487089083,0.07643974492973149,0.6698457238411282,0.969484017940532,0.8196648708908301,0.20731621850761392,-0.026981089398444024,0.9999999999999999,TRUE,TRUE,TRUE,TRUE,FALSE,FALSE,TRUE,1.136415197270816,1.4500000000000004,3.254111519440831
2012-02-01,6,6.11,5.17,4.5,5.95,5.97,5.44,0.16000000000000014,-1.4500000000000002,1.6100000000000003,0.9400000000000004,0.5299999999999994,0.17990046488732211,0.07620591741213155,0.03053961135071051,0.3292613184239337,-0.026981089385250654,0.06056297346357567,-0.14568233617051396,0.09172015740001264,0.20688155427257277,0.051867246820704094,0.10522361852674314,0.3085394900184024,-0.026981089385250654,0.06056297346357567,-0.14568233617051396,0.09172015740001264,0.8200995351126779,82.00995351126778,0.07620591741213155,0.6707386815760663,0.9694603886492894,0.8200995351126779,0.20688155427257277,-0.026981089385250654,1,TRUE,TRUE,TRUE,TRUE,FALSE,FALSE,TRUE,1.4551935403801002,1.6100000000000003,2.849075697777984
2012-03-01,5.59,5.47,4.55,4.5,6.11,6,5.17,-0.6400000000000006,-1.6100000000000003,0.9699999999999998,0.6699999999999999,0.8300000000000001,0.177841858978958,0.07594139586584561,0.028999458146201668,0.32668425981171434,-0.026981089408111305,0.06056297345861432,-0.14568233618365053,0.09172015736742792,0.2048229483870693,0.05163868472051852,0.10361298612583424,0.30603291064830435,-0.026981089408111305,0.06056297345861432,-0.14568233618365053,0.09172015736742792,0.822158141021042,82.2158141021042,0.07594139586584561,0.6733157401882857,0.9710005418537984,0.822158141021042,0.2048229483870693,-0.026981089408111305,1,TRUE,TRUE,TRUE,TRUE,FALSE,FALSE,TRUE,0.8732402586928303,0.9699999999999998,-2.3783231375862917
2012-04-01,5.84,5.54,4.27,4.5,5.47,5.59,4.55,0.07000000000000028,-0.9699999999999998,1.04,0.04999999999999982,1.04,0.17673254812673628,0.07571090144364846,0.02834190806012374,0.32512318819334884,-0.026981089400799473,0.06056297345470925,-0.1456823361686849,0.09172015736708596,0.20371363752753574,0.051421426976880825,0.102929492619193,0.3044977824358785,-0.026981089400799473,0.06056297345470925,-0.1456823361686849,0.09172015736708596,0.8232674518732637,82.32674518732637,0.07571090144364846,0.6748768118066512,0.9716580919398762,0.8232674518732637,0.20371363752753574,-0.026981089400799473,0.9999999999999999,TRUE,TRUE,TRUE,TRUE,FALSE,FALSE,TRUE,1.059223705570495,1.0400000000000003,2.0279404328130215
2012-05-01,5.26,5.28,3.9,4.5,5.54,5.84,4.27,-0.2599999999999998,-1.04,0.7800000000000002,-0.23000000000000043,1.5700000000000003,0.17558605599932914,0.07547060908510582,0.027666380301220372,0.3235057316974379,-0.026981089404994985,0.06056297344972485,-0.1456823361631112,0.09172015735312121,0.20256714540432413,0.05119396559647229,0.10222881660945589,0.3029054741991924,-0.026981089404994985,0.06056297344972485,-0.1456823361631112,0.09172015735312121,0.8244139440006708,82.44139440006708,0.07547060908510582,0.6764942683025621,0.9723336196987795,0.8244139440006708,0.20256714540432413,-0.026981089404994985,0.9999999999999999,TRUE,TRUE,TRUE,TRUE,FALSE,FALSE,TRUE,0.8627451032456882,0.7800000000000002,-0.41530118874739297
2012-06-01,4.89,5.11,3.47,4.5,5.28,5.26,3.9,-0.16999999999999993,-0.7800000000000002,0.6100000000000003,-0.6000000000000001,1.3599999999999999,0.17440769937226538,0.07520661846620198,0.02700543577946457,0.3218099629650662,-0.026981089406554942,0.06056297344656574,-0.1456823361584794,0.09172015734536951,0.20138878877882033,0.05095787072233556,0.10151319743419458,0.3012643801234461,-0.026981089406554942,0.06056297344656574,-0.1456823361584794,0.09172015734536951,0.8255923006277346,82.55923006277345,0.07520661846620198,0.6781900370349337,0.9729945642205354,0.8255923006277346,0.20138878877882033,-0.026981089406554942,1,TRUE,TRUE,TRUE,TRUE,FALSE,FALSE,TRUE,0.7513389012162744,0.6100000000000005,0.19820682355135683
2012-07-01,4.71,4.9,2.86,4.5,5.11,4.89,3.47,-0.20999999999999996,-0.6100000000000003,0.40000000000000036,-1.0299999999999998,1.4199999999999995,0.17326553412803597,0.07494478068656935,0.02637646315310707,0.3201546051029649,-0.026981089408765584,0.060562973443160056,-0.14568233615401502,0.09172015733648384,0.20024662353680156,0.05070884271979345,0.1008591181083003,0.29963412896530284,-0.026981089408765584,0.060562973443160056,-0.14568233615401502,0.09172015733648384,0.826734465871964,82.6734465871964,0.07494478068656935,0.6798453948970351,0.9736235368468928,0.826734465871964,0.20024662353680156,-0.026981089408765584,0.9999999999999999,TRUE,TRUE,TRUE,TRUE,FALSE,FALSE,TRUE,0.6167766471123244,0.40000000000000024,0.03885245378299782
2012-08-01,4.44,4.55,2.71,4.5,4.9,4.71,2.86,-0.35000000000000053,-0.40000000000000036,0.04999999999999982,-1.6400000000000001,1.85,0.1723283635670633,0.07468363575376183,0.025951127255182255,0.3187055998789443,-0.02698108941207834,0.06056297343962993,-0.14568233615040885,0.09172015732625216,0.19930945297914163,0.05043321283528216,0.10046217219734543,0.2981567337609378,-0.02698108941207834,0.06056297343962993,-0.14568233615040885,0.09172015732625216,0.8276716364329367,82.76716364329367,0.07468363575376183,0.6812944001210557,0.9740488727448178,0.8276716364329367,0.19930945297914163,-0.02698108941207834,1,TRUE,TRUE,TRUE,TRUE,FALSE,FALSE,TRUE,0.3825335316623285,0.04999999999999971,-0.42196404466382403
2012-09-01,4.91,5.17,3.28,4.5,4.55,4.44,2.71,0.6200000000000001,-0.04999999999999982,0.6699999999999999,-1.79,1.7300000000000004,0.16872542691549466,0.07444851187455365,0.022809024938766992,0.31464182889222236,-0.02698108941054505,0.06056297343614541,-0.14568233614204604,0.09172015732095593,0.19570651632603972,0.05022614460654216,0.09726508181491643,0.294147950837163,-0.02698108941054505,0.06056297343614541,-0.14568233614204604,0.09172015732095593,0.8312745730845054,83.12745730845053,0.07444851187455365,0.6853581711077776,0.9771909750612331,0.8312745730845054,0.19570651632603972,-0.02698108941054505,1,TRUE,TRUE,TRUE,TRUE,FALSE,FALSE,TRUE,1.0186957988589782,0.6699999999999998,3.868251952456034
2012-10-01,4.7,4.76,3.35,4.5,5.17,4.91,3.28,-0.41000000000000014,-0.6699999999999999,0.2599999999999998,-1.2200000000000002,1.6300000000000003,0.16900595032391974,0.07439185980856859,0.02320058435617256,0.3148113162916669,-0.026981089407163625,0.060562973432725487,-0.1456823361319617,0.09172015731763443,0.19598703973108336,0.050119404318265365,0.097754812340682,0.2942192671214847,-0.026981089407163625,0.060562973432725487,-0.1456823361319617,0.09172015731763443,0.8309940496760803,83.09940496760802,0.07439185980856859,0.6851886837083331,0.9767994156438274,0.8309940496760803,0.19598703973108336,-0.026981089407163625,1,TRUE,TRUE,TRUE,TRUE,FALSE,FALSE,TRUE,0.5101664351288586,0.2599999999999998,-2.262378270363447
2012-11-01,4.48,4.82,3.11,4.5,4.76,4.7,3.35,0.0600000000000005,-0.2599999999999998,0.3200000000000003,-1.15,1.35,0.168045149815796,0.07422607787318239,0.02256471047069314,0.31352558916089884,-0.026981089397859787,0.06056297342973055,-0.14568233611678788,0.0917201573210683,0.19502623921365578,0.049958203452259896,0.09710995971490181,0.2929425187124097,-0.026981089397859787,0.06056297342973055,-0.14568233611678788,0.0917201573210683,0.831954850184204,83.1954850184204,0.07422607787318239,0.6864744108391012,0.9774352895293068,0.831954850184204,0.19502623921365578,-0.026981089397859787,0.9999999999999999,TRUE,TRUE,TRUE,TRUE,FALSE,FALSE,TRUE,0.5496763929752764,0.3200000000000003,0.34525485466969824
2012-12-01,4.65,4.93,3.45,4.5,4.82,4.48,3.11,0.10999999999999943,-0.3200000000000003,0.4299999999999997,-1.3900000000000001,1.3700000000000006,0.16685968839589488,0.074034292234906,0.02175514199456577,0.311964234797224,-0.02698108938800124,0.0605629734267315,-0.1456823361010513,0.09172015732504882,0.1938407777838961,0.04975639889834424,0.09632002794273299,0.29136152762505924,-0.02698108938800124,0.0605629734267315,-0.1456823361010513,0.09172015732504882,0.8331403116041052,83.31403116041052,0.074034292234906,0.6880357652027761,0.9782448580054343,0.8331403116041052,0.1938407777838961,-0.02698108938800124,1.0000000000000002,TRUE,TRUE,TRUE,TRUE,FALSE,FALSE,TRUE,0.6988990593318553,0.4299999999999996,1.0567767108183326
2013-01-01,4.53,4.83,3.86,4,4.93,4.65,3.45,-0.09999999999999964,-0.9299999999999997,0.8300000000000001,-0.5499999999999998,1.2000000000000002,0.1654214024029622,0.07402304366902958,0.020338902785628582,0.31050390202029576,-0.02698108937819441,0.06056297342375799,-0.1456823360854165,0.09172015732902768,0.1924024917811566,0.04967177756998039,0.09504759669591056,0.2897573868664026,-0.02698108937819441,0.06056297342375799,-0.1456823360854165,0.09172015732902768,0.8345785975970378,83.45785975970378,0.07402304366902958,0.6894960979797042,0.9796610972143713,0.8345785975970378,0.1924024917811566,-0.02698108937819441,0.9999999999999999,TRUE,TRUE,TRUE,TRUE,FALSE,FALSE,TRUE,0.9533590785754626,0.8300000000000002,1.7394208628150132
2013-02-01,4.41,4.61,4.18,4,4.83,4.53,3.86,-0.21999999999999975,-0.8300000000000001,0.6100000000000003,-0.14000000000000012,0.6700000000000004,0.16456957162664668,0.07395527161901934,0.01961990278649159,0.3095192404668018,-0.026981089378227085,0.060562973421582865,-0.145682336081186,0.09172015732473182,0.19155066100487375,0.04956080197319811,0.09441327409248385,0.28868804791726366,-0.026981089378227085,0.060562973421582865,-0.145682336081186,0.09172015732473182,0.8354304283733534,83.54304283733534,0.07395527161901934,0.6904807595331983,0.9803800972135084,0.8354304283733534,0.19155066100487375,-0.026981089378227085,1,TRUE,TRUE,TRUE,TRUE,FALSE,FALSE,TRUE,0.6511170699111429,0.6100000000000002,-1.354994399256841
2013-03-01,4.59,4.66,4.34,4,4.61,4.41,4.18,0.04999999999999982,-0.6100000000000003,0.6600000000000001,0.17999999999999972,0.23000000000000043,0.16364416958566316,0.07387991683355541,0.01884219341108012,0.3084461457602462,-0.026981089374305642,0.060562973419409284,-0.1456823360730044,0.09172015732439313,0.1906252589599688,0.04943837341943257,0.09372782760363865,0.28752269031629896,-0.026981089374305642,0.060562973419409284,-0.1456823360730044,0.09172015732439313,0.8363558304143368,83.63558304143368,0.07387991683355541,0.6915538542397538,0.9811578065889198,0.8363558304143368,0.1906252589599688,-0.026981089374305642,1,TRUE,TRUE,TRUE,TRUE,FALSE,FALSE,TRUE,0.6367497000306711,0.6600000000000001,0.04678351497422041
2013-04-01,4.85,4.93,4.13,4,4.66,4.59,4.34,0.2699999999999996,-0.6600000000000001,0.9299999999999997,0.33999999999999986,0.25,0.16280371835167934,0.07379487034310556,0.018168430235389527,0.3074390064679692,-0.026981089367637164,0.060562973417032956,-0.1456823360616784,0.0917201573264041,0.1897848077193165,0.04930895108039353,0.09314103948629782,0.2864285759523352,-0.026981089367637164,0.060562973417032956,-0.1456823360616784,0.0917201573264041,0.8371962816483207,83.71962816483207,0.07379487034310556,0.6925609935320309,0.9818315697646105,0.8371962816483207,0.1897848077193165,-0.026981089367637164,1,TRUE,TRUE,TRUE,TRUE,FALSE,FALSE,TRUE,0.8813920081023381,0.9299999999999997,1.5768077573366797
2013-05-01,4.71,4.83,4.27,4,4.93,4.85,4.13,-0.09999999999999964,-0.9299999999999997,0.8300000000000001,0.1299999999999999,0.7199999999999998,0.16176650046935487,0.07370778632033156,0.017301893901330967,0.30623110703737877,-0.026981089365816172,0.06056297341455902,-0.1456823360550086,0.09172015732337627,0.18874758983517104,0.049181160749711954,0.09235428604786071,0.28514089362248135,-0.026981089365816172,0.06056297341455902,-0.1456823360550086,0.09172015732337627,0.8382334995306451,83.82334995306451,0.07370778632033156,0.6937688929626211,0.982698106098669,0.8382334995306451,0.18874758983517104,-0.026981089365816172,1,TRUE,TRUE,TRUE,TRUE,FALSE,FALSE,TRUE,0.8283967392823716,0.8300000000000001,0.2757801715336741
2013-06-01,4.87,5.21,4.79,4,4.83,4.71,4.27,0.3799999999999999,-0.8300000000000001,1.21,0.2699999999999996,0.4400000000000004,0.16082484902528912,0.07361598528570286,0.016540169178880987,0.3051095288716973,-0.026981089355124135,0.060562973412696064,-0.14568233604066524,0.09172015733041697,0.18780593838041326,0.04903798461353456,0.09169325466345622,0.2839186220973703,-0.026981089355124135,0.060562973412696064,-0.14568233604066524,0.09172015733041697,0.8391751509747108,83.91751509747108,0.07361598528570286,0.6948904711283027,0.983459830821119,0.8391751509747108,0.18780593838041326,-0.026981089355124135,1,TRUE,TRUE,TRUE,TRUE,FALSE,FALSE,TRUE,1.1784489700794267,1.2100000000000002,2.241356634839363
2013-07-01,4.88,4.81,4.74,4,5.21,4.87,4.79,-0.40000000000000036,-1.21,0.8099999999999996,0.79,0.08000000000000007,0.1594488326040704,0.07350537121401246,0.015380952354358768,0.303516712853782,-0.026981089360647994,0.06056297341054318,-0.14568233604196953,0.09172015732067354,0.1864299219647184,0.04887589059787946,0.09063493668055482,0.28222490724888194,-0.026981089360647994,0.06056297341054318,-0.14568233604196953,0.09172015732067354,0.8405511673959296,84.05511673959296,0.07350537121401246,0.696483287146218,0.9846190476456412,0.8405511673959296,0.1864299219647184,-0.026981089360647994,0.9999999999999999,TRUE,TRUE,TRUE,TRUE,FALSE,FALSE,TRUE,0.6861939093916358,0.8099999999999996,-2.2744295757041395
2013-08-01,4.85,4.89,4.42,4,4.81,4.88,4.74,0.08000000000000007,-0.8099999999999996,0.8899999999999997,0.7400000000000002,0.13999999999999968,0.1589224684357547,0.07342323352515155,0.015015575097983819,0.3028293617735256,-0.026981089352887993,0.06056297340854952,-0.145682336030302,0.09172015732452603,0.18590355778864268,0.0487437505469846,0.09036756224514833,0.281439553332137,-0.026981089352887993,0.06056297340854952,-0.145682336030302,0.09172015732452603,0.8410775315642454,84.10775315642454,0.07342323352515155,0.6971706382264745,0.9849844249020162,0.8410775315642454,0.18590355778864268,-0.026981089352887993,1.0000000000000002,TRUE,TRUE,TRUE,TRUE,FALSE,FALSE,TRUE,0.7761747258669454,0.8899999999999996,0.8096685145395243
2013-09-01,4.84,4.91,4.21,4,4.89,4.85,4.42,0.020000000000000462,-0.8899999999999997,0.9100000000000001,0.41999999999999993,0.4299999999999997,0.15836759133555267,0.07334849687868966,0.014607179133172388,0.30212800353793295,-0.02698108934560937,0.06056297340659955,-0.14568233601920152,0.09172015732798279,0.18534868068116203,0.04861933356092944,0.09005653794940081,0.28064082341292323,-0.02698108934560937,0.06056297340659955,-0.14568233601920152,0.09172015732798279,0.8416324086644473,84.16324086644474,0.07334849687868966,0.697871996462067,0.9853928208668277,0.8416324086644473,0.18534868068116203,-0.02698108934560937,0.9999999999999999,TRUE,TRUE,TRUE,TRUE,FALSE,FALSE,TRUE,0.8550874800576802,0.9100000000000003,0.8970976740291856
2013-10-01,4.72,4.71,4.15,4,4.91,4.84,4.21,-0.20000000000000018,-0.9100000000000001,0.71,0.20999999999999996,0.6299999999999999,0.1576152760843316,0.07326424313135241,0.01401999819229488,0.3012105539763683,-0.02698108934400348,0.060562973404655926,-0.14568233601378622,0.09172015732577925,0.18459636542833507,0.0484800543582251,0.08957720491766982,0.2796155259390003,-0.02698108934400348,0.060562973404655926,-0.14568233601378622,0.09172015732577925,0.8423847239156684,84.23847239156684,0.07326424313135241,0.6987894460236317,0.9859800018077052,0.8423847239156684,0.18459636542833507,-0.02698108934400348,1,TRUE,TRUE,TRUE,TRUE,FALSE,FALSE,TRUE,0.6938988783090126,0.7100000000000001,-0.3941955749350515
2013-11-01,4.69,4.7,4.63,4,4.71,4.72,4.15,-0.009999999999999787,-0.71,0.7000000000000002,0.15000000000000036,0.5699999999999994,0.15692238551992793,0.07317353598499547,0.013504890367891209,0.30033988067196465,-0.026981089339023046,0.0605629734028993,-0.14568233600536284,0.09172015732731677,0.18390347485895098,0.04832662342652971,0.0891850334485231,0.2786219162693788,-0.026981089339023046,0.0605629734028993,-0.14568233600536284,0.09172015732731677,0.843077614480072,84.3077614480072,0.07317353598499547,0.6996601193280353,0.9864951096321087,0.843077614480072,0.18390347485895098,-0.026981089339023046,1,TRUE,TRUE,TRUE,TRUE,FALSE,FALSE,TRUE,0.691840863095254,0.7000000000000002,0.3023547393112613
2013-12-01,5.09,5.19,4.39,4,4.7,4.69,4.63,0.4900000000000002,-0.7000000000000002,1.1900000000000004,0.6299999999999999,0.0600000000000005,0.15634054503762956,0.07307059303903377,0.013124814352140246,0.2995562757231189,-0.026981089326475118,0.06056297340110861,-0.14568233598930524,0.091720157336355,0.18332163436410467,0.04815493959110293,0.08893968708784099,0.27770358164036835,-0.026981089326475118,0.06056297340110861,-0.14568233598930524,0.091720157336355,0.8436594549623704,84.36594549623703,0.07307059303903377,0.7004437242768811,0.9868751856478597,0.8436594549623704,0.18332163436410467,-0.026981089326475118,0.9999999999999999,TRUE,TRUE,TRUE,TRUE,FALSE,FALSE,TRUE,1.0931243219858824,1.1900000000000004,2.3026912158509596
2014-01-01,4.73,4.94,4.14,4,5.19,5.09,4.39,-0.25,-1.1900000000000004,0.9400000000000004,0.3899999999999997,0.7000000000000002,0.15503760153112045,0.07296148795513445,0.01203571288060401,0.2980394901816369,-0.02698108932513951,0.06056297339878261,-0.14568233598341074,0.09172015733313173,0.18201869085625996,0.04801692895611571,0.08790723945405474,0.2761301422584652,-0.02698108932513951,0.06056297339878261,-0.14568233598341074,0.09172015733313173,0.8449623984688795,84.49623984688796,0.07296148795513445,0.7019605098183631,0.987964287119396,0.8449623984688795,0.18201869085625996,-0.02698108932513951,0.9999999999999999,TRUE,TRUE,TRUE,TRUE,FALSE,FALSE,TRUE,0.8984220979304611,0.9400000000000004,-0.27212459634275515
2014-02-01,4.56,4.68,3.5,4,4.94,4.73,4.14,-0.2600000000000007,-0.9400000000000004,0.6799999999999997,0.13999999999999968,0.5900000000000007,0.15370467619933958,0.07287147148470285,0.010879216588884494,0.2965301358097947,-0.026981089324993542,0.06056297339782209,-0.1456823359813822,0.0917201573313951,0.18068576552433313,0.04786428634771408,0.08687348813710136,0.2744980429115649,-0.026981089324993542,0.06056297339782209,-0.1456823359813822,0.0917201573313951,0.8462953238006604,84.62953238006604,0.07287147148470285,0.7034698641902053,0.9891207834111155,0.8462953238006604,0.18068576552433313,-0.026981089324993542,1,TRUE,TRUE,TRUE,TRUE,FALSE,FALSE,TRUE,0.6744001880338384,0.6799999999999997,-0.7286490511338246
2014-03-01,4.46,4.54,3.25,4,4.68,4.56,3.5,-0.13999999999999968,-0.6799999999999997,0.54,-0.5,1.0599999999999996,0.15242071477892544,0.07277477478020881,0.009784777226702374,0.29505665233114853,-0.026981089321222944,0.06056297339661329,-0.14568233597524238,0.09172015733279651,0.1794018041001484,0.04770539248300218,0.08590095296511631,0.2729026552351805,-0.026981089321222944,0.06056297339661329,-0.14568233597524238,0.09172015733279651,0.8475792852210746,84.75792852210746,0.07277477478020881,0.7049433476688516,0.9902152227732977,0.8475792852210746,0.1794018041001484,-0.026981089321222944,1,TRUE,TRUE,TRUE,TRUE,FALSE,FALSE,TRUE,0.644810312069959,0.5399999999999999,0.4763020399884204
2014-04-01,4.51,4.66,3.27,4,4.54,4.46,3.25,0.1200000000000001,-0.54,0.6600000000000001,-0.75,1.21,0.15096491832271836,0.07268338246844382,0.008508106410018534,0.2934217302354182,-0.026981089314720156,0.06056297339538246,-0.14568233596632724,0.09172015733688692,0.1779460076374385,0.04755250842307661,0.08474480375367081,0.2711472115212062,-0.026981089314720156,0.06056297339538246,-0.14568233596632724,0.09172015733688692,0.8490350816772816,84.90350816772816,0.07268338246844382,0.7065782697645817,0.9914918935899815,0.8490350816772816,0.1779460076374385,-0.026981089314720156,1,TRUE,TRUE,TRUE,TRUE,FALSE,FALSE,TRUE,0.8058708068128504,0.6600000000000003,1.324285127321549
2014-05-01,4.19,4.28,3.22,4,4.66,4.51,3.27,-0.3799999999999999,-0.6600000000000001,0.28000000000000025,-0.73,1.2399999999999998,0.1502868930244764,0.07260435603821357,0.007984970068854624,0.29258881598009817,-0.02698108931498972,0.06056297339406537,-0.14568233596401534,0.0917201573340359,0.1772679823394661,0.04740558917186168,0.08435473489671527,0.2701812297822169,-0.02698108931498972,0.06056297339406537,-0.14568233596401534,0.0917201573340359,0.8497131069755236,84.97131069755235,0.07260435603821357,0.7074111840199018,0.9920150299311454,0.8497131069755236,0.1772679823394661,-0.02698108931498972,1,TRUE,TRUE,TRUE,TRUE,FALSE,FALSE,TRUE,0.4231659826584553,0.28000000000000025,-1.6554225370446871
2014-06-01,4.24,4.36,3.13,4,4.28,4.19,3.22,0.08000000000000007,-0.28000000000000025,0.3600000000000003,-0.7799999999999998,0.9700000000000002,0.14898166733632015,0.07249192594933195,0.006900103305684996,0.29106323136695533,-0.026981089309038468,0.06056297339305532,-0.14568233595608443,0.09172015733800748,0.17596275664535863,0.047246763012594596,0.0833608027545741,0.26856471053614317,-0.026981089309038468,0.06056297339305532,-0.14568233595608443,0.09172015733800748,0.8510183326636799,85.10183326636799,0.07249192594933195,0.7089367686330448,0.993099896694315,0.8510183326636799,0.17596275664535863,-0.026981089309038468,1,TRUE,TRUE,TRUE,TRUE,FALSE,FALSE,TRUE,0.5023773571520973,0.3600000000000003,0.5546937912266907
2014-07-01,4.24,4.41,3.41,4,4.36,4.24,3.13,0.04999999999999982,-0.3600000000000003,0.41000000000000014,-0.8700000000000001,1.1100000000000003,0.147702237103544,0.07239569851340207,0.005809275381656043,0.28959519882543194,-0.026981089303176494,0.06056297339193256,-0.14568233594802188,0.0917201573416689,0.1746833264067205,0.04707066599297801,0.08242651633216931,0.2669401364812717,-0.026981089303176494,0.06056297339193256,-0.14568233594802188,0.0917201573416689,0.852297762896456,85.2297762896456,0.07239569851340207,0.7104048011745681,0.9941907246183439,0.852297762896456,0.1746833264067205,-0.026981089303176494,1,TRUE,TRUE,TRUE,TRUE,FALSE,FALSE,TRUE,0.5684499554066093,0.41000000000000003,0.6645870679036668
2014-08-01,4.09,4.06,3.7,4,4.41,4.24,3.41,-0.35000000000000053,-0.41000000000000014,0.05999999999999961,-0.5899999999999999,0.8300000000000001,0.14719012750006544,0.07230423427523558,0.005476432390857183,0.2889038226092737,-0.02698108930031953,0.0605629733908438,-0.14568233594303098,0.09172015734239193,0.17417121680038497,0.046912659170830345,0.08222409440655484,0.2661183391942151,-0.02698108930031953,0.0605629733908438,-0.14568233594303098,0.09172015734239193,0.8528098724999346,85.28098724999346,0.07230423427523558,0.7110961773907263,0.9945235676091428,0.8528098724999346,0.17417121680038497,-0.02698108930031953,1,TRUE,TRUE,TRUE,TRUE,FALSE,FALSE,TRUE,0.16923647934430336,0.059999999999999554,-2.0535203926531564
2014-09-01,4.24,4.13,3.45,4,4.06,4.09,3.7,0.07000000000000028,-0.05999999999999961,0.1299999999999999,-0.2999999999999998,0.3899999999999997,0.14621852688426312,0.0721977605639187,0.004713516414536267,0.28772353735399,-0.026981089294809028,0.060562973389815325,-0.14568233593550473,0.09172015734588666,0.17319961617907215,0.04674463741229194,0.08158181038059636,0.26481742197754793,-0.026981089294809028,0.060562973389815325,-0.14568233593550473,0.09172015734588666,0.8537814731157369,85.3781473115737,0.0721977605639187,0.7122764626460101,0.9952864835854638,0.8537814731157369,0.17319961617907215,-0.026981089294809028,1,TRUE,TRUE,TRUE,TRUE,FALSE,FALSE,TRUE,0.18438818289025433,0.1299999999999999,-0.11094966721167925
2014-10-01,4.08,4.17,3.64,4,4.13,4.24,3.45,0.040000000000000036,-0.1299999999999999,0.16999999999999993,-0.5499999999999998,0.79,0.14520597023739365,0.07208363216920033,0.003924647310928175,0.2864872931638591,-0.026981089289124127,0.06056297338873687,-0.14568233592770607,0.09172015734945782,0.17218705952651778,0.0465491389538798,0.0809524236655629,0.2634216953874726,-0.026981089289124127,0.06056297338873687,-0.14568233592770607,0.09172015734945782,0.8547940297626063,85.47940297626063,0.07208363216920033,0.7135127068361409,0.9960753526890718,0.8547940297626063,0.17218705952651778,-0.026981089289124127,0.9999999999999999,TRUE,TRUE,TRUE,TRUE,FALSE,FALSE,TRUE,0.27117834416897446,0.16999999999999993,0.610133311077087
2014-11-01,4.16,4.16,3.38,4,4.17,4.08,3.64,-0.009999999999999787,-0.16999999999999993,0.16000000000000014,-0.3599999999999999,0.43999999999999995,0.1443318806775078,0.07195862032694941,0.003295576459495131,0.28536818489552046,-0.026981089284297023,0.06056297338779497,-0.14568233592103288,0.09172015735243882,0.1713129699618048,0.04636500121311813,0.08043923744093738,0.26218670248267223,-0.026981089284297023,0.06056297338779497,-0.14568233592103288,0.09172015735243882,0.8556681193224922,85.56681193224922,0.07195862032694941,0.7146318151044795,0.9967044235405049,0.8556681193224922,0.1713129699618048,-0.026981089284297023,1,TRUE,TRUE,TRUE,TRUE,FALSE,FALSE,TRUE,0.22383115632899364,0.16000000000000017,-0.3359523710042786
2014-12-01,4.2,4.21,2.95,4,4.16,4.16,3.38,0.04999999999999982,-0.16000000000000014,0.20999999999999996,-0.6200000000000001,0.7800000000000002,0.14336072295240637,0.07182569936496434,0.002584939032674871,0.2841365068721379,-0.02698108927916369,0.06056297338681739,-0.14568233591398352,0.09172015735565614,0.17034181223157005,0.046153321824389415,0.07988296368888036,0.26080066077425973,-0.02698108927916369,0.06056297338681739,-0.14568233591398352,0.09172015735565614,0.8566392770475937,85.66392770475937,0.07182569936496434,0.7158634931278622,0.9974150609673251,0.8566392770475937,0.17034181223157005,-0.02698108927916369,1,TRUE,TRUE,TRUE,TRUE,FALSE,FALSE,TRUE,0.31992889786823964,0.21,0.6620442652058548
2015-01-01,3.75,3.89,2.32,4,4.21,4.2,2.95,-0.31999999999999984,-0.20999999999999996,-0.10999999999999988,-1.0499999999999998,1.25,0.14278843883207948,0.07167814708578678,0.0023018520653727836,0.28327502559878615,-0.026981089275491702,0.06056297338584731,-0.14568233590841023,0.09172015735742682,0.16976952810757118,0.0459209138197882,0.07976619088361868,0.25977286533152366,-0.026981089275491702,0.06056297338584731,-0.14568233590841023,0.09172015735742682,0.8572115611679205,85.72115611679206,0.07167814708578678,0.7167249744012139,0.9976981479346272,0.8572115611679205,0.16976952810757118,-0.026981089275491702,0.9999999999999999,TRUE,TRUE,TRUE,TRUE,FALSE,FALSE,TRUE,0.07365422236804808,-0.10999999999999996,-1.0650007677821756
2015-02-01,3.79,4.07,2.44,4,3.89,3.75,2.32,0.18000000000000016,0.10999999999999988,0.07000000000000028,-1.6800000000000002,1.4300000000000002,0.14119043996338665,0.071469014741942,0.0011137450586181652,0.28126713486815513,-0.026981089269046032,0.06056297338503059,-0.1456823359003638,0.09172015736227174,0.16817152923243267,0.04566661365684721,0.07866661116910718,0.25767644729575817,-0.026981089269046032,0.06056297338503059,-0.1456823359003638,0.09172015736227174,0.8588095600366134,85.88095600366134,0.071469014741942,0.7187328651318449,0.9988862549413818,0.8588095600366134,0.16817152923243267,-0.026981089269046032,1,TRUE,TRUE,TRUE,TRUE,FALSE,FALSE,TRUE,0.3457828967932257,0.07000000000000028,1.5458991478033681
2015-03-01,3.82,4.11,2.43,4,4.07,3.79,2.44,0.040000000000000036,-0.07000000000000028,0.11000000000000032,-1.56,1.35,0.14039194145793193,0.07138493699027912,4.800359183238234e-4,0.2803038469975401,-0.026981089260911254,0.06056297338438465,-0.14568233589096302,0.0917201573691405,0.16737303071884319,0.045500378149814315,0.07819392826225392,0.25655213317543246,-0.026981089260911254,0.06056297338438465,-0.14568233589096302,0.0917201573691405,0.859608058542068,85.9608058542068,0.07138493699027912,0.7196961530024599,0.9995199640816761,0.859608058542068,0.16737303071884319,-0.026981089260911254,1,TRUE,TRUE,TRUE,TRUE,FALSE,FALSE,TRUE,0.36543589917660435,0.11000000000000032,0.21189318506876778
2015-04-01,3.62,3.82,2.58,4,4.11,3.82,2.43,-0.2900000000000005,-0.11000000000000032,-0.18000000000000016,-1.5699999999999998,1.3899999999999997,0.14049617223947583,0.07128465521274734,7.808153721356459e-4,0.280211529106816,-0.026981089251051263,0.06056297338373965,-0.14568233587983884,0.09172015737773631,0.1674772614905271,0.04530754761577653,0.07867609993577153,0.2562784230452827,-0.026981089251051263,0.06056297338373965,-0.14568233587983884,0.09172015737773631,0.8595038277605241,85.95038277605241,0.07128465521274734,0.719788470893184,0.9992191846278643,0.8595038277605241,0.1674772614905271,-0.026981089251051263,0.9999999999999999,TRUE,TRUE,TRUE,TRUE,FALSE,FALSE,TRUE,0.07808270447493808,-0.18000000000000022,-1.4307071797713322
2015-05-01,3.46,3.57,2.55,4,3.82,3.62,2.58,-0.25,0.18000000000000016,-0.43000000000000016,-1.42,1.04,0.14057057544500978,0.07115836823623731,0.0011027365033457193,0.2800384143866739,-0.02698108924123985,0.060562973383024486,-0.14568233586862572,0.09172015738614603,0.16755166468624963,0.0451309486669625,0.07909663071087718,0.25600669866162207,-0.02698108924123985,0.060562973383024486,-0.14568233586862572,0.09172015738614603,0.8594294245549903,85.94294245549902,0.07115836823623731,0.7199615856133262,0.9988972634966543,0.8594294245549903,0.16755166468624963,-0.02698108924123985,1,TRUE,TRUE,TRUE,TRUE,FALSE,FALSE,TRUE,-0.2023294500571969,-0.43000000000000027,-1.7327356775252691
2015-06-01,3.25,3.67,2.39,4,3.57,3.46,2.55,0.10000000000000009,0.43000000000000016,-0.33000000000000007,-1.4500000000000002,0.9100000000000001,0.13961317614017973,0.07101972567907533,4.1707161727769226e-4,0.27880928066308175,-0.026981089235348477,0.060562973382346105,-0.14568233586140478,0.09172015739070781,0.1665942653755282,0.04492143272972744,0.07854987509132363,0.25463865565973276,-0.026981089235348477,0.060562973382346105,-0.14568233586140478,0.09172015739070781,0.8603868238598202,86.03868238598203,0.07101972567907533,0.7211907193369183,0.9995829283827222,0.8603868238598202,0.1665942653755282,-0.026981089235348477,0.9999999999999999,TRUE,TRUE,TRUE,TRUE,FALSE,FALSE,TRUE,-0.10300810339257237,-0.3300000000000001,0.24606498581526395
2015-07-01,3.16,3.56,2.32,4,3.67,3.25,2.39,-0.10999999999999988,0.33000000000000007,-0.43999999999999995,-1.6099999999999999,0.8599999999999999,0.13915148867861363,0.07086104420445845,2.6639413097437337e-4,0.2780365832262529,-0.026981089226836147,0.06056297338164083,-0.1456823358515101,0.09172015739783781,0.16613257790544977,0.044686486620745064,0.07854867353315849,0.2537164822777411,-0.026981089226836147,0.06056297338164083,-0.1456823358515101,0.09172015739783781,0.8608485113213864,86.08485113213864,0.07086104420445845,0.7219634167737472,0.9997336058690256,0.8608485113213864,0.16613257790544977,-0.026981089226836147,1.0000000000000002,TRUE,TRUE,TRUE,TRUE,FALSE,FALSE,TRUE,-0.19276236649235295,-0.43999999999999995,-0.6918582198340018
2015-08-01,3.04,3.31,1.96,4,3.56,3.16,2.32,-0.25,0.43999999999999995,-0.69,-1.6800000000000002,0.8400000000000003,0.13912078616146323,0.07072154024458542,5.091143508758333e-4,0.2777324579720506,-0.026981089215473528,0.060562973381083615,-0.14568233583905538,0.09172015740810832,0.16610187537693677,0.044450869841678245,0.07897977140576977,0.25322397934810376,-0.026981089215473528,0.060562973381083615,-0.14568233583905538,0.09172015740810832,0.8608792138385368,86.08792138385368,0.07072154024458542,0.7222675420279494,0.99949088564912425,0.8608792138385368,0.16610187537693677,-0.026981089215473528,1,TRUE,TRUE,TRUE,TRUE,FALSE,FALSE,TRUE,-0.433612964307744,-0.69,-1.5635126524441172
2015-09-01,3.06,3.4,1.88,4,3.31,3.04,1.96,0.08999999999999986,0.69,-0.6000000000000001,-2.04,1.08,0.13784017934548046,0.07055281013385864,-4.4078752497500595e-4,0.2761211462159359,-0.02698108921298323,0.06056297338053703,-0.1456823358354938,0.09172015740952734,0.16482126855846368,0.04416570752626999,0.07825807245524492,0.25138446466168246,-0.02698108921298323,0.06056297338053703,-0.1456823358354938,0.09172015740952734,0.8621598206545196,86.21598206545195,0.07055281013385864,0.7238788537840641,1.000440787524975,0.8621598206545196,0.16482126855846368,-0.02698108921298323,1.0000000000000002,FALSE,TRUE,FALSE,TRUE,FALSE,FALSE,TRUE,-0.28966645778519806,-0.6000000000000001,0.5325579541620464
2015-10-01,2.94,3.28,2.23,4,3.4,3.06,1.88,-0.1200000000000001,0.6000000000000001,-0.7200000000000002,-2.12,1.1800000000000002,0.13748048687516515,0.07043216167566886,-5.640133624480459e-4,0.27552498711277834,-0.0269810892043405,0.060562973380189324,-0.14568233582616957,0.09172015741748857,0.16446157607950565,0.043915397309724,0.07838897898567945,0.2505341731733318,-0.0269810892043405,0.060562973380189324,-0.14568233582616957,0.09172015741748857,0.8625195131248349,86.25195131248348,0.07043216167566886,0.7244750128872217,1.000564013362448,0.8625195131248349,0.16446157607950565,-0.0269810892043405,1,FALSE,TRUE,FALSE,TRUE,FALSE,FALSE,TRUE,-0.39670368256352834,-0.7200000000000002,-0.8303223781005417
2015-11-01,3.02,3.37,2.51,4,3.28,2.94,2.23,0.0900000000000003,0.7200000000000002,-0.6299999999999999,-1.77,0.71,0.13653952839321426,0.07032195758244107,-0.0012889757907235677,0.2743680325771521,-0.02698108919935668,0.060562973379596166,-0.14568233582002318,0.09172015742130982,0.16352061759257094,0.04373482508945301,0.07780193554708431,0.24923929963805758,-0.02698108919935668,0.060562973379596166,-0.14568233582002318,0.09172015742130982,0.8634604716067857,86.34604716067858,0.07032195758244107,0.725631967422848,1.0012889757907235,0.8634604716067857,0.16352061759257094,-0.02698108919935668,1,FALSE,TRUE,FALSE,TRUE,FALSE,FALSE,TRUE,-0.3691684614124674,-0.6299999999999999,-0.3908362240237386
2015-12-01,3.17,3.65,3.07,4,3.37,3.02,2.51,0.2799999999999998,0.6299999999999999,-0.3500000000000001,-1.4900000000000002,0.5100000000000002,0.13487699923758187,0.07023430097214632,-0.0027797011471714095,0.27253369962233515,-0.026981089200507742,0.060562973379381026,-0.14568233582075257,0.09172015741973708,0.1618580884380896,0.043528302337058365,0.07654418354928456,0.24717199332689466,-0.026981089200507742,0.060562973379381026,-0.14568233582075257,0.09172015741973708,0.8651230007624181,86.51230007624181,0.07023430097214632,0.7274663003776648,1.0027797011471713,0.8651230007624181,0.1618580884380896,-0.026981089200507742,1,FALSE,TRUE,FALSE,TRUE,FALSE,FALSE,TRUE,-0.13527291564374416,-0.35000000000000014,0.8268087184675501
2016-01-01,3.62,3.8,4.38,4,3.65,3.17,3.07,0.1499999999999999,0.3500000000000001,-0.20000000000000018,-0.9300000000000002,0.10000000000000009,0.13367348225206127,0.070168422382,-0.0038540984686529223,0.27120106297277546,-0.02698108919737276,0.06056297337926374,-0.1456823358173877,0.0917201574226422,0.16065457144943404,0.0433415966342645,0.07570660301381323,0.24560253988505487,-0.02698108919737276,0.06056297337926374,-0.1456823358173877,0.0917201574226422,0.8663265177479387,86.63265177479387,0.070168422382,0.7287989370272245,1.0038540984686528,0.8663265177479387,0.16065457144943404,-0.02698108919737276,1,FALSE,TRUE,FALSE,TRUE,FALSE,FALSE,TRUE,-0.07298555258584584,-0.20000000000000012,-0.10154092928142304
2016-02-01,3.94,4.09,4.27,4,3.8,3.62,4.38,0.29000000000000004,0.20000000000000018,0.08999999999999986,0.3799999999999999,-0.7599999999999998,0.1324075626311533,0.0701493218557296,-0.0050825817459851375,0.26989770700829174,-0.026981089195028434,0.06056297337948309,-0.1456823358154733,0.09172015742541643,0.15938865182618173,0.04319288903762582,0.07473214492420023,0.24404515872816324,-0.026981089195028434,0.06056297337948309,-0.1456823358154733,0.09172015742541643,0.8675924373688467,86.75924373688467,0.0701493218557296,0.7301022929917083,1.0050825817459852,0.8675924373688467,0.15938865182618173,-0.026981089195028434,1,FALSE,TRUE,FALSE,TRUE,FALSE,FALSE,TRUE,0.019179498411940013,0.08999999999999986,-0.21622457907476167
2016-03-01,3.99,3.99,4.26,4,4.09,3.94,4.27,-0.09999999999999964,-0.08999999999999986,-0.009999999999999787,0.2699999999999996,-0.3299999999999996,0.13102683490758862,0.07014771949475625,-0.006460168899751817,0.26851383871492907,-0.026981089191054186,0.06056297337970105,-0.14568233581192624,0.09172015742981787,0.1580079240986428,0.04307204293509861,0.07358827120528667,0.24242757699199896,-0.026981089191054186,0.06056297337970105,-0.14568233581192624,0.09172015742981787,0.8689731650924114,86.89731650924114,0.07014771949475625,0.7314861612850709,1.0064601688997519,0.8689731650924114,0.1580079240986428,-0.026981089191054186,1,FALSE,TRUE,FALSE,TRUE,FALSE,FALSE,TRUE,-0.05428100485809655,-0.009999999999999808,-0.46606901291073316
2016-04-01,4.18,4.19,4.09,4,3.99,3.99,4.26,0.20000000000000018,0.009999999999999787,0.1900000000000004,0.2599999999999998,-0.2699999999999996,0.12978884597294904,0.07014223850927456,-0.007687415300247524,0.2672651072461456,-0.02698108918753029,0.060562973379892276,-0.14568233580877715,0.09172015743371659,0.15676993516047932,0.04293256591327994,0.0726236522065587,0.24091621811439995,-0.02698108918753029,0.060562973379892276,-0.14568233580877715,0.09172015743371659,0.870211154027051,87.02111540270509,0.07014223850927456,0.7327348927538544,1.0076874153002475,0.870211154027051,0.15676993516047932,-0.02698108918753029,1,FALSE,TRUE,FALSE,TRUE,FALSE,FALSE,TRUE,0.14897000596640048,0.19000000000000036,0.9048239229780621
2016-05-01,4.15,4.16,4.36,4,4.19,4.18,4.09,-0.03000000000000025,-0.1900000000000004,0.16000000000000014,0.08999999999999986,0.08999999999999986,0.1284537589645833,0.07012590523363549,-0.008990489676611119,0.26589800760577775,-0.026981089183953356,0.060562973380085976,-0.14568233580557988,0.09172015743767316,0.15543484814853667,0.04278123997202897,0.07158515858939456,0.23928453770767877,-0.026981089183953356,0.060562973380085976,-0.14568233580557988,0.09172015743767316,0.8715462410354167,87.15462410354166,0.07012590523363549,0.7341019923942222,1.008990489676611,0.8715462410354167,0.15543484814853667,-0.026981089183953356,0.9999999999999999,FALSE,TRUE,FALSE,TRUE,FALSE,FALSE,TRUE,0.15086745971974347,0.16000000000000014,0.05852846666302446
2016-06-01,4.33,4.39,4.43,4,4.16,4.15,4.36,0.22999999999999954,-0.16000000000000014,0.3899999999999997,0.3600000000000003,-0.20999999999999996,0.12715030004521127,0.07010041295941002,-0.010243984656617217,0.2645445847470398,-0.026981089179478404,0.060562973380354386,-0.14568233580163098,0.09172015744267417,0.15413138922468966,0.04261057858266737,0.07061618984224785,0.23764658860713148,-0.026981089179478404,0.060562973380354386,-0.14568233580163098,0.09172015744267417,0.8728496999547888,87.28496999547887,0.07010041295941002,0.7354554152529603,1.0102439846566174,0.8728496999547888,0.15413138922468966,-0.026981089179478404,1,FALSE,TRUE,FALSE,TRUE,FALSE,FALSE,TRUE,0.3385598632560331,0.3899999999999997,0.8106789364053173
2016-07-01,4.28,4.41,4.62,4,4.39,4.33,4.43,0.020000000000000462,-0.3899999999999997,0.41000000000000014,0.4299999999999997,-0.09999999999999964,0.1257291739412161,0.07006185220389206,-0.011589533068580515,0.2630478809510127,-0.026981089175699437,0.06056297338056879,-0.14568233579827225,0.09172015744687337,0.15271026311691555,0.042430704621170406,0.06954761022076433,0.23587291601306676,-0.026981089175699437,0.06056297338056879,-0.14568233579827225,0.09172015744687337,0.8742708260587839,87.4270826058784,0.07006185220389206,0.7369521190489873,1.0115895330685805,0.8742708260587839,0.15271026311691555,-0.026981089175699437,1,FALSE,TRUE,FALSE,TRUE,FALSE,FALSE,TRUE,0.3532383462877073,0.4100000000000001,0.12969566780219294
2016-08-01,4.4,4.45,4.74,4,4.41,4.28,4.62,0.040000000000000036,-0.41000000000000014,0.4500000000000002,0.6200000000000001,-0.33999999999999986,0.12430324511898597,0.07002114341074059,-0.01293567412237967,0.2615421643603516,-0.02698108917197281,0.06056297338091284,-0.14568233579521994,0.09172015745127432,0.15128433429095878,0.04222947272690913,0.06851608866010044,0.2340525799218171,-0.02698108917197281,0.06056297338091284,-0.14568233579521994,0.09172015745127432,0.8756967548810141,87.56967548810141,0.07002114341074059,0.7384578356396484,1.0129356741223796,0.8756967548810141,0.15128433429095878,-0.02698108917197281,1,FALSE,TRUE,FALSE,TRUE,FALSE,FALSE,TRUE,0.36375841770775813,0.4500000000000002,-0.016655438882447565
2016-09-01,4.43,4.42,4.56,4,4.45,4.4,4.74,-0.03000000000000025,-0.4500000000000002,0.41999999999999993,0.7400000000000002,-0.33999999999999986,0.12281191844414377,0.06996381519130548,-0.014314639551831265,0.2599384764401188,-0.02698108916866548,0.06056297338117968,-0.1456823357924356,0.09172015745510465,0.14979300761280925,0.04201700255992024,0.06744119585703835,0.23214481936858017,-0.02698108916866548,0.06056297338117968,-0.1456823357924356,0.09172015745510465,0.8771880815558563,87.71880815558562,0.06996381519130548,0.7400615235598812,1.0143146395518312,0.8771880815558563,0.14979300761280925,-0.02698108916866548,1,FALSE,TRUE,FALSE,TRUE,FALSE,FALSE,TRUE,0.31994561003398725,0.41999999999999993,-0.23849900534014992
2016-10-01,4.42,4.43,4.76,4,4.42,4.43,4.56,0.009999999999999787,-0.41999999999999993,0.4299999999999997,0.5599999999999996,-0.1299999999999999,0.12143304816752883,0.06991282663718265,-0.015593574098741667,0.2584596704337993,-0.026981089164495185,0.06056297338149436,-0.1456823357888821,0.09172015745989172,0.14841413733202402,0.0418050995751084,0.06647764779470086,0.23035062686934718,-0.026981089164495185,0.06056297338149436,-0.1456823357888821,0.09172015745989172,0.8785669518324711,87.85669518324711,0.06991282663718265,0.7415403295662006,1.0155935740987416,0.8785669518324711,0.14841413733202402,-0.026981089164495185,0.9999999999999999,FALSE,TRUE,FALSE,TRUE,FALSE,FALSE,TRUE,0.3584899514347992,0.4299999999999997,0.3261358359376995
2016-11-01,4.67,4.6,4.67,4,4.43,4.42,4.76,0.16999999999999993,-0.4299999999999997,0.5999999999999996,0.7599999999999998,-0.33999999999999986,0.12015963529806992,0.0698465710743139,-0.0167371284512024,0.25705639904734223,-0.026981089159175284,0.0605629733818605,-0.1456823357842798,0.09172015746592922,0.1471407244572452,0.04155965070789822,0.06568530585970013,0.22859614305479026,-0.026981089159175284,0.0605629733818605,-0.1456823357842798,0.09172015746592922,0.87984036470193006,87.984036470193,0.0698465710743139,0.7429436009526578,1.0167371284512023,0.87984036470193006,0.1471407244572452,-0.026981089159175284,1,FALSE,TRUE,FALSE,TRUE,FALSE,FALSE,TRUE,0.49950510685934696,0.5999999999999996,0.6988904726231034
2016-12-01,4.68,4.66,4.23,4,4.6,4.67,4.67,0.0600000000000005,-0.5999999999999996,0.6600000000000001,0.6699999999999999,0,0.11879431400364877,0.06976234234128592,-0.017937364462425262,0.2555259924697228,-0.026981089154576476,0.06056297338204163,-0.14568233578003598,0.09172015747088304,0.14577540315822524,0.04131707103256765,0.06479543198770953,0.22675537432874093,-0.026981089154576476,0.06056297338204163,-0.14568233578003598,0.09172015747088304,0.8812056859963512,88.12056859963512,0.06976234234128592,0.7444740075302771,1.0179373644624252,0.8812056859963512,0.14577540315822524,-0.026981089154576476,0.9999999999999998,FALSE,TRUE,FALSE,TRUE,FALSE,FALSE,TRUE,0.5804078096175554,0.6600000000000001,0.6870045051230133
2017-01-01,4.42,4.4,3.83,4,4.66,4.68,4.23,-0.2599999999999998,-0.6600000000000001,0.40000000000000036,0.23000000000000043,0.4499999999999993,0.11707514926189802,0.06969328863085401,-0.01952118641873063,0.25367148494252667,-0.026981089155001112,0.06056297338246833,-0.14568233578129694,0.09172015747129472,0.14405623841689913,0.04107347303367083,0.0635537105509272,0.22455876628287105,-0.026981089155001112,0.06056297338246833,-0.14568233578129694,0.09172015747129472,0.882924850738102,88.2924850738102,0.06969328863085401,0.7463285150574733,1.0195211864187306,0.882924850738102,0.14405623841689913,-0.026981089155001112,1,FALSE,TRUE,FALSE,TRUE,FALSE,FALSE,TRUE,0.3852142057895142,0.4000000000000003,-0.6061147240075894
2017-02-01,4.4,4.46,3.96,4,4.4,4.42,3.83,0.05999999999999961,-0.40000000000000036,0.45999999999999996,-0.16999999999999993,0.5899999999999999,0.11548654147608756,0.06962011082964278,-0.020966368349699255,0.25193945130187434,-0.02698108914994579,0.06056297338320816,-0.14568233577769168,0.09172015747780009,0.14246763062603335,0.04081043523673345,0.062480647368631445,0.22245461388343524,-0.02698108914994579,0.06056297338320816,-0.14568233577769168,0.09172015747780009,0.8845134585239125,88.45134585239126,0.06962011082964278,0.7480605486981257,1.0209663683496992,0.8845134585239125,0.14246763062603335,-0.02698108914994579,1,FALSE,TRUE,FALSE,TRUE,FALSE,FALSE,TRUE,0.4955515546494029,0.46,0.8878953111048209
2017-03-01,4.22,4.28,4,4,4.46,4.4,3.96,-0.17999999999999972,-0.45999999999999996,0.28000000000000025,-0.040000000000000036,0.4400000000000004,0.1139978426385663,0.0695442703027174,-0.02230642248587822,0.2503021077630108,-0.02698108914839478,0.06056297338381507,-0.14568233577733017,0.09172015748054062,0.14097893178696108,0.04053559366818616,0.06153062810536637,0.2204272354685558,-0.02698108914839478,0.06056297338381507,-0.14568233577733017,0.09172015748054062,0.8860021573614337,88.60021573614337,0.0695442703027174,0.7496978922369892,1.0223064224858782,0.8860021573614337,0.14097893178696108,-0.02698108914839478,1,FALSE,TRUE,FALSE,TRUE,FALSE,FALSE,TRUE,0.2964315929308366,0.28000000000000025,-0.9867156741477405
2017-04-01,4.38,4.51,4.09,4,4.28,4.22,4,0.22999999999999954,-0.28000000000000025,0.5099999999999998,0,0.21999999999999975,0.11247784637805901,0.06945785526842647,-0.02365704839145251,0.24861274114757054,-0.026981089142400504,0.060562973384525785,-0.14568233577272888,0.09172015748792786,0.13945893552045951,0.04024187000873946,0.06058631963278764,0.21833155140813137,-0.026981089142400504,0.060562973384525785,-0.14568233577272888,0.09172015748792786,0.887522153621941,88.7522153621941,0.06945785526842647,0.7513872588524295,1.0236570483914524,0.887522153621941,0.13945893552045951,-0.026981089142400504,1,FALSE,TRUE,FALSE,TRUE,FALSE,FALSE,TRUE,0.5159358396113278,0.5099999999999997,1.1798897883120056
2017-05-01,4.2,4.17,3.93,4,4.51,4.38,4.09,-0.33999999999999986,-0.5099999999999998,0.16999999999999993,0.08999999999999986,0.29000000000000004,0.11095785011420412,0.06936158239788047,-0.024988353296348936,0.24690405352475717,-0.026981089139753753,0.06056297338511854,-0.1456823357712439,0.0917201574917364,0.13793893925395787,0.03992905179542678,0.059679435798087016,0.21619844270982871,-0.026981089139753753,0.06056297338511854,-0.1456823357712439,0.0917201574917364,0.8890421498857959,88.90421498857958,0.06936158239788047,0.7530959464752428,1.0249883532963489,0.8890421498857959,0.13793893925395787,-0.026981089139753753,1,FALSE,TRUE,FALSE,TRUE,FALSE,FALSE,TRUE,0.16783830934025015,0.16999999999999993,-1.729318601713251
2017-06-01,4.17,4.26,4.36,4,4.17,4.2,3.93,0.08999999999999986,-0.16999999999999993,0.2599999999999998,-0.06999999999999984,0.27,0.10951483345662505,0.06925915048543778,-0.02623060709467276,0.24526027400792286,-0.026981089132492676,0.06056297338591417,-0.14568233576554224,0.09172015750055687,0.13649592258911772,0.03959805190985594,0.05888516698785258,0.21410667819038287,-0.026981089132492676,0.06056297338591417,-0.14568233576554224,0.09172015750055687,0.890485166543375,89.04851665433749,0.06925915048543778,0.7547397259920772,1.0262306070946727,0.890485166543375,0.13649592258911772,-0.026981089132492676,1,FALSE,TRUE,FALSE,TRUE,FALSE,FALSE,TRUE,0.27495093240773655,0.2599999999999998,0.5726936497425482
2017-07-01,4.33,4.48,5.22,4,4.26,4.17,4.36,0.22000000000000064,-0.2599999999999998,0.4800000000000004,0.3600000000000003,-0.1900000000000004,0.10806480079459284,0.06914923113620804,-0.0274652017910106,0.2435948033801963,-0.026981089124946976,0.06056297338667392,-0.1456823357594856,0.09172015750959167,0.1350458899195398,0.03924997509086196,0.05811735234735614,0.21197442749172346,-0.026981089124946976,0.06056297338667392,-0.1456823357594856,0.09172015750959167,0.8919351992054072,89.19351992054072,0.06914923113620804,0.7564051966198038,1.0274652017910106,0.8919351992054072,0.1350458899195398,-0.026981089124946976,1.0000000000000002,FALSE,TRUE,FALSE,TRUE,FALSE,FALSE,TRUE,0.43597026478020706,0.4800000000000004,0.6264999303142369
2017-08-01,4.48,4.51,4.72,4,4.48,4.33,5.22,0.02999999999999936,-0.4800000000000004,0.5099999999999998,1.2199999999999998,-0.8899999999999997,0.10645016151437947,0.06901767856063885,-0.028822002761034887,0.24172232578979383,-0.026981089118504817,0.060562973387388704,-0.1456823357544444,0.09172015751743477,0.1334312506328843,0.038871137216831435,0.05724522164978019,0.20961727961598842,-0.026981089118504817,0.060562973387388704,-0.1456823357544444,0.09172015751743477,0.8935498384856205,89.35498384856206,0.06901767856063885,0.7582776742102062,1.0288220027610349,0.8935498384856205,0.1334312506328843,-0.026981089118504817,0.9999999999999999,FALSE,TRUE,FALSE,TRUE,FALSE,FALSE,TRUE,0.3561176336369875,0.5099999999999998,-0.8116896567581957
2017-09-01,4.6,4.75,4.36,4,4.51,4.48,4.72,0.2400000000000002,-0.5099999999999998,0.75,0.7199999999999998,-0.23999999999999932,0.10572481830078419,0.06893713363999732,-0.02938948083103511,0.2408391174326035,-0.026981089108647646,0.06056297338807017,-0.14568233574592288,0.0917201575286276,0.13270590740943183,0.03859385658820056,0.05706333847205486,0.2083484763468088,-0.026981089108647646,0.06056297338807017,-0.14568233574592288,0.0917201575286276,0.8942751816992158,89.42751816992158,0.06893713363999732,0.7591608825673966,1.029389480831035,0.8942751816992158,0.13270590740943183,-0.026981089108647646,1,FALSE,TRUE,FALSE,TRUE,FALSE,FALSE,TRUE,0.66740266943736,0.75,2.032006765050518
2017-10-01,4.5,4.53,4.2,4,4.75,4.6,4.36,-0.21999999999999975,-0.75,0.5300000000000002,0.3600000000000003,0.23999999999999932,0.10434248653137425,0.06884495731655685,-0.03059115032627442,0.23927612338902293,-0.0269810891050086,0.060562973388787904,-0.14568233574369058,0.09172015753367338,0.13132357563638286,0.038287769437213966,0.056280926491070096,0.20636622478169564,-0.0269810891050086,0.060562973388787904,-0.14568233574369058,0.09172015753367338,0.8956575134686258,89.56575134686258,0.06884495731655685,0.7607238766109771,1.0305911503262744,0.8956575134686258,0.13132357563638286,-0.0269810891050086,1,FALSE,TRUE,FALSE,TRUE,FALSE,FALSE,TRUE,0.49891216623390755,0.5300000000000002,-0.45823149411700204
2017-11-01,4.49,4.63,4.69,4,4.53,4.5,4.2,0.09999999999999964,-0.5300000000000002,0.6299999999999999,0.20000000000000018,0.2999999999999998,0.10315064573924237,0.06874724147400944,-0.03159147158629441,0.23789276306477916,-0.02698108909686221,0.06056297338973942,-0.14568233573740913,0.0917201575436847,0.13013173483610457,0.037953644448571806,0.055743958634865295,0.20451951103734384,-0.02698108909686221,0.06056297338973942,-0.14568233573740913,0.0917201575436847,0.8968493542607576,89.68493542607577,0.06874724147400944,0.7621072369352209,1.0315914715862944,0.8968493542607576,0.13013173483610457,-0.02698108909686221,1,FALSE,TRUE,FALSE,TRUE,FALSE,FALSE,TRUE,0.6174641975812101,0.6299999999999999,0.8716284574634218
2017-12-01,4.53,4.56,5.68,4,4.63,4.49,4.69,-0.07000000000000028,-0.6299999999999999,0.5599999999999996,0.6900000000000004,-0.20000000000000018,0.10186206480810146,0.06863268804508278,-0.03265553192243349,0.23637966153863643,-0.026981089092149368,0.06056297339065253,-0.14568233573448594,0.0917201575501872,0.12884315390025083,0.03758781373064063,0.055172392730595085,0.20251391506990657,-0.026981089092149368,0.06056297339065253,-0.14568233573448594,0.0917201575501872,0.8981379351918986,89.81379351918986,0.06863268804508278,0.7636203384613636,1.0326555319224335,0.8981379351918986,0.12884315390025083,-0.026981089092149368,1,FALSE,TRUE,FALSE,TRUE,FALSE,FALSE,TRUE,0.4843189574639797,0.5599999999999996,-0.7104970900257167
2018-01-01,4.88,4.71,4.71,4,4.56,4.53,5.68,0.15000000000000036,-0.5599999999999996,0.71,1.6799999999999997,-1.1499999999999995,0.10077285285470533,0.0684936201154464,-0.03347217574233774,0.2350178814517484,-0.026981089085426548,0.060562973391550805,-0.14568233572952372,0.0917201575586706,0.12775394194013187,0.03717599116210803,0.05489033817282081,0.20061754570744295,-0.026981089085426548,0.060562973391550805,-0.14568233572952372,0.0917201575586706,0.8992271471452946,89.92271471452946,0.0684936201154464,0.7649821185482515,1.0334721757423377,0.8992271471452946,0.12775394194013187,-0.026981089085426548,1,FALSE,TRUE,FALSE,TRUE,FALSE,FALSE,TRUE,0.5096733547558545,0.71,-0.150476634866178
2018-02-01,4.67,4.56,4.15,4,4.71,4.88,4.71,-0.15000000000000036,-0.71,0.5599999999999996,0.71,0.16999999999999993,0.09953965781387683,0.06840453140013067,-0.03453076010971848,0.23361007573747214,-0.02698108907934858,0.060562973392110496,-0.1456823357245427,0.09172015756584555,0.1265207468932254,0.03697695729583413,0.05404724233551493,0.19899425145093586,-0.02698108907934858,0.060562973392110496,-0.1456823357245427,0.09172015756584555,0.9004603421861231,90.04603421861232,0.06840453140013067,0.7663899242625278,1.0345307601097185,0.9004603421861231,0.1265207468932254,-0.02698108907934858,0.9999999999999999,FALSE,TRUE,FALSE,TRUE,FALSE,FALSE,TRUE,0.4939136280956363,0.5599999999999996,0.516444519511378
2018-03-01,4.55,4.62,4.14,4,4.56,4.67,4.15,0.0600000000000005,-0.5599999999999996,0.6200000000000001,0.15000000000000036,0.5199999999999996,0.0984882496810249,0.06833247362005579,-0.03544093758881775,0.23241743695086756,-0.02698108907007185,0.060562973393514165,-0.14568233571801714,0.09172015757787343,0.12546933875109675,0.0367296840930346,0.053480480765215235,0.1974581967369783,-0.02698108907007185,0.060562973393514165,-0.14568233571801714,0.09172015757787343,0.9015117503189751,90.15117503189751,0.06833247362005579,0.7675825630491324,1.0354409375888178,0.9015117503189751,0.12546933875109675,-0.02698108907007185,1,FALSE,TRUE,FALSE,TRUE,FALSE,FALSE,TRUE,0.6192569288642836,0.62,1.0027302785632093
2018-04-01,4.42,4.46,3.92,4,4.62,4.55,4.14,-0.16000000000000014,-0.6200000000000001,0.45999999999999996,0.13999999999999968,0.41000000000000014,0.09735431445689734,0.06824405529969393,-0.03640157608946255,0.23111020500325724,-0.026981089066028415,0.06056297339486262,-0.14568233571661662,0.09172015758455979,0.12433540352292576,0.03645170275034635,0.05289137895708729,0.19577942808876422,-0.026981089066028415,0.06056297339486262,-0.14568233571661662,0.09172015758455979,0.9026456855431026,90.26456855431026,0.06824405529969393,0.7688897949967428,1.0364015760894625,0.9026456855431026,0.12433540352292576,-0.026981089066028415,1,FALSE,TRUE,FALSE,TRUE,FALSE,FALSE,TRUE,0.457432642493106,0.45999999999999996,-0.6520222227345973
2018-05-01,4.31,4.48,4.09,4,4.46,4.42,3.92,0.020000000000000462,-0.45999999999999996,0.4800000000000004,-0.08000000000000007,0.5,0.09627330256833404,0.06814421763625533,-0.03728690975338557,0.22983351489005366,-0.026981089059033243,0.06056297339622029,-0.14568233571228242,0.09172015759421595,0.12325439162736729,0.036150002347881766,0.05240168898448065,0.1941070942702539,-0.026981089059033243,0.06056297339622029,-0.14568233571228242,0.09172015759421595,0.903726697431666,90.3726697431666,0.06814421763625533,0.7701664851099463,1.0372869097533857,0.903726697431666,0.12325439162736729,-0.026981089059033243,0.9999999999999999,FALSE,TRUE,FALSE,TRUE,FALSE,FALSE,TRUE,0.5011924087349837,0.48000000000000037,0.4369960069618972
2018-06-01,4.35,4.43,3.79,4,4.48,4.31,4.09,-0.05000000000000071,-0.4800000000000004,0.4299999999999997,0.08999999999999986,0.21999999999999975,0.09521057936015116,0.06803275808654156,-0.03813117625839639,0.2285523349786987,-0.0269810890534012,0.06056297339758163,-0.14568233570931857,0.09172015760251617,0.12219166841355236,0.03582405716517134,0.05197780658971249,0.19240553023739224,-0.0269810890534012,0.06056297339758163,-0.14568233570931857,0.09172015760251617,0.9047894206398488,90.47894206398487,0.06803275808654156,0.7714476650213012,1.0381311762583962,0.9047894206398488,0.12219166841355236,-0.0269810890534012,1,FALSE,TRUE,FALSE,TRUE,FALSE,FALSE,TRUE,0.4273668874493344,0.4299999999999997,-0.30621918221766653
2018-07-01,4.26,4.36,2.61,4,4.43,4.35,3.79,-0.0699999999999994,-0.4299999999999997,0.3600000000000003,-0.20999999999999996,0.5599999999999996,0.09415429117417033,0.067908566642038,-0.038944053685962224,0.2272526360343029,-0.02698108904745447,0.06056297339886061,-0.14568233570587857,0.09172015761096965,0.1211353802216248,0.03547397483619203,0.05160766715420828,0.19066309328904132,-0.02698108904745447,0.06056297339886061,-0.14568233570587857,0.09172015761096965,0.9058457088258297,90.58457088258297,0.067908566642038,0.7727473639656972,1.0389440536859622,0.9058457088258297,0.1211353802216248,-0.02698108904745447,1,FALSE,TRUE,FALSE,TRUE,FALSE,FALSE,TRUE,0.3948818110131506,0.3600000000000004,0.06362965105811094
2018-08-01,4.07,4.33,3.36,4,4.36,4.26,2.61,-0.03000000000000025,-0.3600000000000003,0.33000000000000007,-1.3900000000000001,1.65,0.09304338842814966,0.06776327849928378,-0.039770196904803906,0.22585697376110322,-0.02698108904021551,0.06056297340019616,-0.14568233570125727,0.09172015762082623,0.12002447746836517,0.035084233684359596,0.05126064302183338,0.18878831191489698,-0.02698108904021551,0.06056297340019616,-0.14568233570125727,0.09172015762082623,0.9069566115718504,90.69566115718504,0.06776327849928378,0.7741430262388969,1.0397701969048039,0.9069566115718504,0.12002447746836517,-0.02698108904021551,1,FALSE,TRUE,FALSE,TRUE,FALSE,FALSE,TRUE,0.5038491068314838,0.3300000000000001,1.0304037502255021
2018-09-01,4.12,4.32,4.55,4,4.33,4.07,3.36,-0.009999999999999787,-0.33000000000000007,0.3200000000000003,-0.6400000000000001,0.7100000000000004,0.0925025181504856,0.06767128345876876,-0.04013076021630224,0.22513579651727345,-0.026981089034490275,0.060562973401609835,-0.14568233569830277,0.09172015762932223,0.11948360718497587,0.03484567027679449,0.05118734842530083,0.1877798659446509,-0.026981089034490275,0.060562973401609835,-0.14568233569830277,0.09172015762932223,0.9074974818495144,90.74974818495144,0.06767128345876876,0.7748642034827266,1.0401307602163024,0.9074974818495144,0.11948360718497587,-0.026981089034490275,1,FALSE,TRUE,FALSE,TRUE,FALSE,FALSE,TRUE,0.3983581848307992,0.3200000000000003,-0.5584325331946984
2018-10-01,4.3,4.32,4.34,4,4.32,4.12,4.55,0,-0.3200000000000003,0.3200000000000003,0.5499999999999998,-0.4299999999999997,0.09200682912688748,0.06758806495667043,-0.04046334397294024,0.2244770022267152,-0.0269810890288352,0.060562973402998606,-0.14568233569536965,0.09172015763769924,0.11898791815572268,0.03459472929765457,0.0511834946774071,0.18679234163403827,-0.0269810890288352,0.060562973402998606,-0.14568233569536965,0.09172015763769924,0.9079931708731125,90.79931708731125,0.06758806495667043,0.7755229977732847,1.0404633439729403,0.9079931708731125,0.11898791815572268,-0.0269810890288352,0.9999999999999999,FALSE,TRUE,FALSE,TRUE,FALSE,FALSE,TRUE,0.2577943756978131,0.32000000000000034,-0.819433233640863
2018-11-01,4.44,4.47,3.15,4,4.32,4.3,4.34,0.14999999999999947,-0.3200000000000003,0.46999999999999975,0.33999999999999986,-0.040000000000000036,0.09184111101113644,0.06750596458514338,-0.04046814831738092,0.2241503703396538,-0.026981089022158015,0.06056297340435149,-0.14568233569134406,0.09172015764702802,0.11882220003329445,0.034364758555555104,0.05146851092699177,0.18617588913959715,-0.026981089022158015,0.06056297340435149,-0.14568233569134406,0.09172015764702802,0.9081588889888635,90.81588889888636,0.06750596458514338,0.7758496296603462,1.040468148317381,0.9081588889888635,0.11882220003329445,-0.026981089022158015,1,FALSE,TRUE,FALSE,TRUE,FALSE,FALSE,TRUE,0.437694778695327,0.46999999999999975,1.0474668113310555
2018-12-01,4.24,4.38,2.31,4,4.47,4.44,3.15,-0.08999999999999986,-0.46999999999999975,0.3799999999999999,-0.8500000000000001,1.2900000000000005,0.09159372307504376,0.0674200085789161,-0.040547065577013236,0.22373451172710077,-0.026981089016503885,0.06056297340570782,-0.1456823356883483,0.09172015765534051,0.11857481209154765,0.03412532962946114,0.051690395057246236,0.18545922912584906,-0.026981089016503885,0.06056297340570782,-0.1456823356883483,0.09172015765534051,0.9084062769249562,90.84062769249563,0.0674200085789161,0.7762654882728992,1.0405470655770133,0.9084062769249562,0.11857481209154765,-0.026981089016503885,1,FALSE,TRUE,FALSE,TRUE,FALSE,FALSE,TRUE,0.4926602694450771,0.3799999999999999,0.5279346769209082
2019-01-01,4.03,4.07,4.1,4,4.38,4.24,2.31,-0.3099999999999996,-0.3799999999999999,0.07000000000000028,-1.69,1.9300000000000002,0.0917836911336068,0.06729914392301725,-0.040120207145884615,0.22368758941309824,-0.02698108901406387,0.06056297340732109,-0.1456823356890702,0.09172015766094248,0.11876478014767068,0.03387755794295533,0.05236598669530941,0.18516357360003194,-0.02698108901406387,0.06056297340732109,-0.1456823356890702,0.09172015766094248,0.9082163088663932,90.82163088663931,0.06729914392301725,0.7763124105869017,1.0401202071458846,0.9082163088663932,0.11876478014767068,-0.02698108901406387,1,FALSE,TRUE,FALSE,TRUE,FALSE,FALSE,TRUE,0.27718793981293904,0.07000000000000028,-0.9774264962439537
2019-02-01,4.23,4.25,4.46,4,4.07,4.03,4.1,0.17999999999999972,-0.07000000000000028,0.25,0.09999999999999964,-0.0699999999999994,0.09141406168462889,0.06728554156086125,-0.040463176454932095,0.22329129982418988,-0.026981089010495653,0.06056297340898003,-0.14568233568875347,0.09172015766776215,0.11839515069512455,0.03388268100600981,0.05198631622368596,0.18480398516656313,-0.026981089010495653,0.06056297340898003,-0.14568233568875347,0.09172015766776215,0.9085859383153712,90.85859383153712,0.06728554156086125,0.7767087001758102,1.0404631764549321,0.9085859383153712,0.11839515069512455,-0.026981089010495653,1.0000000000000002,FALSE,TRUE,FALSE,TRUE,FALSE,FALSE,TRUE,0.23896991760080247,0.25,-0.3552455200859181
2019-03-01,4.34,4.35,4.17,4,4.25,4.23,4.46,0.09999999999999964,-0.25,0.34999999999999964,0.45999999999999996,-0.22999999999999954,0.0910634248050171,0.06725579105846669,-0.04075550342132857,0.22288235303136278,-0.02698108900684654,0.060562973410616484,-0.14568233568831174,0.09172015767461866,0.11804451381186364,0.03386517508488602,0.05166999031534389,0.18441903730838338,-0.02698108900684654,0.060562973410616484,-0.14568233568831174,0.09172015767461866,0.9089365751949829,90.89365751949829,0.06725579105846669,0.7771176469686373,1.0407555034213285,0.9089365751949829,0.11804451381186364,-0.02698108900684654,0.9999999999999999,FALSE,TRUE,FALSE,TRUE,FALSE,FALSE,TRUE,0.30190517411811707,0.34999999999999964,0.33315721891519834
2019-04-01,4.32,4.3,4.75,4,4.35,4.34,4.17,-0.04999999999999982,-0.34999999999999964,0.2999999999999998,0.16999999999999993,0.16999999999999993,0.09064686386505588,0.06722257573353331,-0.041106963520685574,0.22240069125079734,-0.02698108900366537,0.060562973412278155,-0.1456823356883874,0.09172015768105665,0.11762795286872126,0.03383445002978151,0.05131364937362935,0.18394225636381317,-0.02698108900366537,0.060562973412278155,-0.1456823356883874,0.09172015768105665,0.9093531361349441,90.9353136134944,0.06722257573353331,0.7775993087492026,1.0411069635206855,0.9093531361349441,0.11762795286872126,-0.02698108900366537,0.9999999999999999,FALSE,TRUE,FALSE,TRUE,FALSE,FALSE,TRUE,0.28917681827356345,0.2999999999999998,-0.0031029365552777757
2019-05-01,4.42,4.39,4.54,4,4.3,4.32,4.75,0.08999999999999986,-0.2999999999999998,0.3899999999999997,0.75,-0.4299999999999997,0.09024100806195742,0.06717136274112699,-0.04141244370312713,0.22189445982704198,-0.02698108900018025,0.06056297341403341,-0.14568233568834252,0.091720157687982,0.11722209706213768,0.03376203097014437,0.05104973231572882,0.18339446180854654,-0.02698108900018025,0.06056297341403341,-0.14568233568834252,0.091720157687982,0.9097589919380425,90.97589919380425,0.06717136274112699,0.778105540172958,1.0414124437031271,0.9097589919380425,0.11722209706213768,-0.02698108900018025,1,FALSE,TRUE,FALSE,TRUE,FALSE,FALSE,TRUE,0.3107173756834541,0.3899999999999997,0.09406252361791605
2019-06-01,4.4,4.36,4.8,4,4.39,4.42,4.54,-0.02999999999999936,-0.3899999999999997,0.3600000000000003,0.54,-0.1200000000000001,0.08980001503158234,0.06711221394473671,-0.04173750722284837,0.22133753728601308,-0.026981088996907977,0.06056297341571324,-0.14568233568836264,0.0917201576945467,0.11678110402849032,0.03369610246308952,0.05073795678146348,0.18282425127551716,-0.026981088996907977,0.06056297341571324,-0.14568233568836264,0.0917201576945467,0.9101999849684177,91.01999849684177,0.06711221394473671,0.778662462713987,1.0417375072228485,0.9101999849684177,0.11678110402849032,-0.026981088996907977,1,FALSE,TRUE,FALSE,TRUE,FALSE,FALSE,TRUE,0.30827026120331685,0.36000000000000026,0.05064320525385558
2019-07-01,4.57,4.6,4.37,4,4.36,4.4,4.8,0.23999999999999932,-0.3600000000000003,0.5999999999999996,0.7999999999999998,-0.39999999999999947,0.08957211300426496,0.06703672866793767,-0.0418174608262766,0.22096168683480652,-0.02698108899128275,0.06056297341749205,-0.1456823356862238,0.09172015770365831,0.11655320199554771,0.03358140790057284,0.050734851960276134,0.18237155203081928,-0.02698108899128275,0.06056297341749205,-0.1456823356862238,0.09172015770365831,0.9104278869957351,91.0427886995735,0.06703672866793767,0.7790383131651935,1.0418174608262767,0.9104278869957351,0.11655320199554771,-0.02698108899128275,1,FALSE,TRUE,FALSE,TRUE,FALSE,FALSE,TRUE,0.5175498740000747,0.5999999999999998,1.1597919164833599
2019-08-01,4.6,4.53,3.01,4,4.6,4.57,4.37,-0.0699999999999994,-0.5999999999999996,0.5300000000000002,0.3700000000000001,0.20000000000000018,0.08900092253175598,0.06694587912915838,-0.04221058947476608,0.22021243453827805,-0.026981088988094325,0.06056297341913457,-0.1456823356862547,0.09172015771006603,0.11598201151985031,0.03347049720538427,0.05038104245264863,0.181582980587052,-0.026981088988094325,0.06056297341913457,-0.1456823356862547,0.09172015771006603,0.910999077468244,91.0999077468244,0.06694587912915838,0.779787565461722,1.0422105894747662,0.910999077468244,0.11598201151985031,-0.026981088988094325,1,FALSE,TRUE,FALSE,TRUE,FALSE,FALSE,TRUE,0.5024658764608694,0.5300000000000002,0.16123126765927598
2019-09-01,4.33,4.34,1.8,4,4.53,4.6,3.01,-0.1900000000000004,-0.5300000000000002,0.33999999999999986,-0.9900000000000002,1.5899999999999999,0.08841485324053694,0.06685323718508637,-0.042615083892146216,0.2194447903732201,-0.026981088985231317,0.060562973420878206,-0.14568233568680913,0.09172015771634649,0.11539594222576825,0.03334747811411106,0.05003608614687291,0.1807557983046636,-0.026981088985231317,0.060562973420878206,-0.14568233568680913,0.09172015771634649,0.9115851467594631,91.15851467594631,0.06685323718508637,0.7805552096267799,1.0426150838921462,0.9115851467594631,0.11539594222576825,-0.026981088985231317,1,FALSE,TRUE,FALSE,TRUE,FALSE,FALSE,TRUE,0.47043063619464925,0.33999999999999986,0.1569761556344285
2019-10-01,4.18,4.22,2.17,4,4.34,4.33,1.8,-0.1200000000000001,-0.33999999999999986,0.21999999999999975,-2.2,2.5300000000000002,0.08775650394679742,0.06671875379120946,-0.043009850577368294,0.21852285847096314,-0.026981088981746403,0.06056297342292638,-0.14568233568733857,0.09172015772384576,0.11473759292854382,0.0332047323892809,0.04965751332926266,0.179817672527825,-0.026981088981746403,0.06056297342292638,-0.14568233568733857,0.09172015772384576,0.9122434960532025,91.22434960532026,0.06671875379120946,0.7814771415290368,1.0430098505773682,0.9122434960532025,0.11473759292854382,-0.026981088981746403,0.9999999999999999,FALSE,TRUE,FALSE,TRUE,FALSE,FALSE,TRUE,0.4813264638067725,0.2199999999999998,0.3217460183339681
2019-11-01,4.05,4.25,2.92,4,4.22,4.18,2.17,0.03000000000000025,-0.21999999999999975,0.25,-1.83,2.01,0.08723201839702047,0.06668626871473489,-0.04347066654722004,0.21793470334126097,-0.026981088978546543,0.06056297342495113,-0.14568233568810712,0.09172015773101405,0.114213107375567,0.03324678916009877,0.04905059802017675,0.17937561673095725,-0.026981088978546543,0.06056297342495113,-0.14568233568810712,0.09172015773101405,0.9127679816029796,91.27679816029796,0.06668626871473489,0.782065296658739,1.04347066654722,0.9127679816029796,0.114213107375567,-0.026981088978546543,0.9999999999999999,FALSE,TRUE,FALSE,TRUE,FALSE,FALSE,TRUE,0.46386658251342594,0.24999999999999994,0.047671842464427704
2019-12-01,3.89,4.1,3.41,4,4.25,4.05,2.92,-0.15000000000000036,-0.25,0.09999999999999964,-1.08,1.13,0.08747943745798431,0.0666598937144214,-0.043171553435549515,0.21813042835151814,-0.026981088976424577,0.060562973426976634,-0.1456823356899551,0.09172015773710593,0.11446052643440889,0.03330208881425874,0.04918963174850759,0.1797314211203102,-0.026981088976424577,0.060562973426976634,-0.1456823356899551,0.09172015773710593,0.9125205625420156,91.25205625420156,0.0666598937144214,0.7818695716484818,1.0431715534355495,0.9125205625420156,0.11446052643440889,-0.026981088976424577,1,FALSE,TRUE,FALSE,TRUE,FALSE,FALSE,TRUE,0.2249664229979825,0.09999999999999967,-1.2149959261690255
2020-01-01,4.07,4.11,1.78,4,4.1,3.89,3.41,0.010000000000000675,-0.09999999999999964,0.11000000000000032,-0.5899999999999999,0.48,0.08734474386722656,0.06660651796839498,-0.04320163248644755,0.21789112022090068,-0.026981088974051468,0.06056297342900385,-0.14568233569155525,0.09172015774345232,0.11432583284127802,0.033308066248091524,0.04904322260034448,0.17960844308221158,-0.026981088974051468,0.06056297342900385,-0.14568233569155525,0.09172015774345232,0.9126552561327734,91.26552561327735,0.06660651796839498,0.7821088797790994,1.0432016324864475,0.9126552561327734,0.11432583284127802,-0.026981088974051468,0.9999999999999999,FALSE,TRUE,FALSE,TRUE,FALSE,FALSE,TRUE,0.17448432158920868,0.11000000000000032,-0.3243017534822621
2020-02-01,3.92,3.85,1.24,4,4.11,4.07,1.78,-0.26000000000000023,-0.11000000000000032,-0.1499999999999999,-2.2199999999999998,2.29,0.087228962018883055,0.06652342630332783,-0.04315455766384396,0.21761248170161007,-0.026981088971628306,0.060562973431109,-0.1456823356932581,0.09172015775000149,0.11421005099051136,0.03320105211843596,0.04913718458953964,0.17928291739148308,-0.026981088971628306,0.060562973431109,-0.1456823356932581,0.09172015775000149,0.9127710379811169,91.2771037981117,0.06652342630332783,0.7823875182983899,1.043154557663844,0.9127710379811169,0.11421005099051136,-0.026981088971628306,0.9999999999999999,FALSE,TRUE,FALSE,TRUE,FALSE,FALSE,TRUE,0.10543498942694925,-0.14999999999999997,-0.32493445803568743
2020-03-01,3.86,3.99,1.77,4,3.85,3.92,1.24,0.14000000000000012,0.1499999999999999,-0.009999999999999787,-2.76,2.6799999999999997,0.08600737681752343,0.06641787031863525,-0.044169256936853474,0.21618401057190034,-0.026981088968710137,0.06056297343325686,-0.14568233569454966,0.09172015775712938,0.11298846578623357,0.03322312442190748,0.04787233846540183,0.17810459310706533,-0.026981088968710137,0.06056297343325686,-0.14568233569454966,0.09172015775712938,0.9139926231824765,91.39926231824765,0.06641787031863525,0.7838159894280996,1.0441692569368535,0.9139926231824765,0.11298846578623357,-0.026981088968710137,1,FALSE,TRUE,FALSE,TRUE,FALSE,FALSE,TRUE,0.29968967845250816,-0.009999999999999676,1.0064635652187284
2020-04-01,3.55,3.97,1.88,4,3.99,3.86,1.77,-0.020000000000000018,0.009999999999999787,-0.029999999999999805,-2.23,2.09,0.086212873237734175,0.06640017554492691,-0.04392907939745981,0.21635482587292815,-0.026981088965204708,0.060562973435409374,-0.14568233569526307,0.09172015776485366,0.11319396220293888,0.0333999764389073,0.04773121129819423,0.17865671310768355,-0.026981088965204708,0.060562973435409374,-0.14568233569526307,0.09172015776485366,0.9137871267622658,91.37871267622658,0.06640017554492691,0.7836451741270718,1.0439290793974598,0.9137871267622658,0.11319396220293888,-0.026981088965204708,1,FALSE,TRUE,FALSE,TRUE,FALSE,FALSE,TRUE,0.2186451832574252,-0.029999999999999832,-0.4276054197046497
2020-05-01,3.78,3.96,1.8,4,3.97,3.55,1.88,-0.010000000000000231,0.029999999999999805,-0.040000000000000036,-2.12,1.67,0.08620599559483733,0.06629070037285305,-0.04372138964589056,0.21613338083556521,-0.02698108896188857,0.06056297343751064,-0.14568233569606534,0.0917201577722882,0.1131870845567259,0.03349817158108934,0.047531874709847655,0.17884229440360414,-0.02698108896188857,0.06056297343751064,-0.14568233569606534,0.0917201577722882,0.9137940044051627,91.37940044051626,0.06629070037285305,0.7838666191644348,1.0437213896458906,0.9137940044051627,0.1131870845567259,-0.02698108896188857,1,FALSE,TRUE,FALSE,TRUE,FALSE,FALSE,TRUE,0.18781512922740898,-0.04000000000000006,-0.22063131811301406
2020-06-01,3.5,3.77,2.39,4,3.96,3.78,1.8,-0.18999999999999995,0.040000000000000036,-0.22999999999999998,-2.2,1.9799999999999998,0.08676076573079915,0.06626948763711354,-0.04312504331186574,0.21664657477346405,-0.026981088956879916,0.060562973440011415,-0.14568233569595812,0.0917201577821983,0.11374185468767906,0.03353135879127047,0.048021599104098436,0.1794621102712597,-0.026981088956879916,0.060562973440011415,-0.14568233569595812,0.0917201577821983,0.9132392342692008,91.32392342692009,0.06626948763711354,0.783353425226536,1.0431250433118657,0.9132392342692008,0.11374185468767906,-0.026981088956879916,0.9999999999999999,FALSE,TRUE,FALSE,TRUE,FALSE,FALSE,TRUE,0.01429624074238034,-0.23000000000000004,-0.9733537154351489
2020-07-01,3.49,3.9,2.88,4,3.77,3.5,2.39,0.1299999999999999,0.22999999999999998,-0.10000000000000009,-1.6099999999999999,1.1099999999999999,0.08635743976774557,0.06616407948949801,-0.04332177310191579,0.21603665263740693,-0.02698108895323147,0.0605629734423204,-0.14568233569683522,0.09172015779037228,0.11333852872097704,0.03364214306018261,0.04740113996027502,0.17927591748167904,-0.02698108895323147,0.0605629734423204,-0.14568233569683522,0.09172015779037228,0.9136425602322544,91.36425602322544,0.06616407948949801,0.7839633473625931,1.0433217731019158,0.9136425602322544,0.11333852872097704,-0.02698108895323147,0.9999999999999999,FALSE,TRUE,FALSE,TRUE,FALSE,FALSE,TRUE,0.0689844867641572,-0.10000000000000009,0.08467681849611537
2020-08-01,3.61,3.92,4.19,4,3.9,3.49,2.88,0.020000000000000018,0.10000000000000009,-0.08000000000000007,-1.12,0.6100000000000003,0.0862172424009819,0.06608288860000605,-0.04330283924940244,0.21573732405136625,-0.026981088948422886,0.060562973444854104,-0.1456823356969926,0.09172015780014682,0.11319833134940478,0.03370884052488622,0.04713021796002355,0.179266444738786,-0.026981088948422886,0.060562973444854104,-0.1456823356969926,0.09172015780014682,0.9137827575990181,91.37827575990181,0.06608288860000605,0.7842626759486337,1.0433028392494024,0.9137827575990181,0.11319833134940478,-0.026981088948422886,0.9999999999999999,FALSE,TRUE,FALSE,TRUE,FALSE,FALSE,TRUE,0.033021775747637615,-0.08000000000000007,-0.3492639721496841
2020-09-01,3.81,3.99,4.97,4,3.92,3.61,4.19,0.07000000000000028,0.08000000000000007,-0.009999999999999787,0.1900000000000004,-0.5800000000000005,0.0861505549091641,0.06602466288240524,-0.04325540643174866,0.21555651625007685,-0.0269810889431391,0.06056297344745794,-0.14568233569681222,0.09172015781053403,0.11313164385230319,0.033801004538766936,0.04688289231504511,0.17938039538956127,-0.0269810889431391,0.06056297344745794,-0.14568233569681222,0.09172015781053403,0.9138494450908359,91.38494450908358,0.06602466288240524,0.7844434837499231,1.0432554064317485,0.9138494450908359,0.11313164385230319,-0.0269810889431391,0.9999999999999999,FALSE,TRUE,FALSE,TRUE,FALSE,FALSE,TRUE,-0.04201763701976171,-0.009999999999999808,-0.5917130459555856
2020-10-01,4.19,4.15,5.34,4,3.99,3.81,4.97,0.16000000000000014,0.009999999999999787,0.15000000000000036,0.9699999999999998,-1.1599999999999997,0.08613993644581364,0.0659510655076365,-0.04312177669119571,0.21540164958282298,-0.026981088939489202,0.06056297345013458,-0.14568233569840847,0.09172015781943005,0.11312102538530283,0.033867556389380174,0.046741834617738315,0.17950021615286735,-0.026981088939489202,0.06056297345013458,-0.14568233569840847,0.09172015781943005,0.9138600635541864,91.38600635541863,0.0659510655076365,0.784598350417177,1.0431217766911958,0.9138600635541864,0.11312102538530283,-0.026981088939489202,1,FALSE,TRUE,FALSE,TRUE,FALSE,FALSE,TRUE,0.0351461984777537,0.15000000000000036,0.2292800527168633
2020-11-01,4.49,4.27,5.46,4,4.15,4.19,5.34,0.11999999999999922,-0.15000000000000036,0.2699999999999996,1.3399999999999999,-1.1499999999999995,0.08615692332124203,0.0658546855083709,-0.04291588848837671,0.21522973513086077,-0.026981088935916074,0.060562973452874785,-0.14568233570020603,0.09172015782837387,0.11313801225715811,0.033930723170166134,0.04663501687423377,0.17964100764008245,-0.026981088935916074,0.060562973452874785,-0.14568233570020603,0.09172015782837387,0.913843076678758,91.3843076678758,0.0658546855083709,0.7847702648691393,1.0429158884883767,0.913843076678758,0.11313801225715811,-0.026981088935916074,1,FALSE,TRUE,FALSE,TRUE,FALSE,FALSE,TRUE,0.12352147047323184,0.2699999999999996,0.3623408298120962
2020-12-01,4.49,4.26,4.82,4,4.27,4.49,5.46,-0.009999999999999787,-0.2699999999999996,0.2599999999999998,1.46,-0.9699999999999998,0.08592014641443442,0.06576245627661899,-0.04297189942262879,0.2148121922514976,-0.026981088932853777,0.06056297345563527,-0.14568233570255418,0.09172015783684663,0.1129012353472882,0.03398412161464048,0.04629358093636368,0.17950888975821272,-0.026981088932853777,0.06056297345563527,-0.14568233570255418,0.09172015783684663,0.9140798535855655,91.40798535855656,0.06576245627661899,0.7851878077485024,1.0429718994226287,0.9140798535855655,0.1129012353472882,-0.026981088932853777,0.9999999999999999,FALSE,TRUE,FALSE,TRUE,FALSE,FALSE,TRUE,0.10838492997005741,0.2599999999999998,-0.1506142746062866
2021-01-01,4.33,4.12,5.24,4,4.26,4.49,4.82,-0.13999999999999968,-0.2599999999999998,0.1200000000000001,0.8200000000000003,-0.33000000000000007,0.0855476376155753,0.06572715746896125,-0.04327522382978155,0.21437049906093214,-0.026981088930438196,0.060562973458595994,-0.1456823357059415,0.09172015784506511,0.1125287265460135,0.03407277590485085,0.0457473129192017,0.1793101401728253,-0.026981088930438196,0.060562973458595994,-0.1456823357059415,0.09172015784506511,0.9144523623844247,91.44523623844248,0.06572715746896125,0.7856295009390679,1.0432752238297816,0.9144523623844247,0.1125287265460135,-0.026981088930438196,1,FALSE,TRUE,FALSE,TRUE,FALSE,FALSE,TRUE,0.04094717780818375,0.12000000000000013,-0.45266998990002905
2021-02-01,4.56,4.39,6,4,4.12,4.33,5.24,0.2699999999999996,-0.1200000000000001,0.3899999999999997,1.2400000000000002,-0.9100000000000001,0.0856198764486913,0.06566684509412003,-0.043084774914154675,0.21432452781153727,-0.026981088924249608,0.06056297346174657,-0.14568233570592792,0.09172015785742872,0.11260096537294091,0.03407336171910107,0.04581840357129706,0.17938352717458478,-0.026981088924249608,0.06056297346174657,-0.14568233570592792,0.09172015785742872,0.9143801235513087,91.43801235513087,0.06566684509412003,0.7856754721884627,1.0430847749141547,0.9143801235513087,0.11260096537294091,-0.026981088924249608,1,FALSE,TRUE,FALSE,TRUE,FALSE,FALSE,TRUE,0.2592785622825553,0.3899999999999997,1.0117314340072854
2021-03-01,4.6,4.34,5.84,4,4.39,4.56,6,-0.04999999999999982,-0.3899999999999997,0.33999999999999986,2,-1.4400000000000004,0.08488795580640017,0.06553413176323569,-0.04355658220764415,0.2133324938204445,-0.026981088921099284,0.060562973464706564,-0.1456823357085791,0.09172015786638053,0.11186904472749945,0.03402434335199626,0.045182557159961986,0.1785555322950369,-0.026981088921099284,0.060562973464706564,-0.1456823357085791,0.09172015786638053,0.9151120441935998,91.51120441935998,0.06553413176323569,0.7866675061795555,1.043556582207644,0.9151120441935998,0.11186904472749945,-0.026981088921099284,1,FALSE,TRUE,FALSE,TRUE,FALSE,FALSE,TRUE,0.13137132034081664,0.33999999999999997,-0.7207475751401701
2021-04-01,4.54,4.39,5.2,4,4.34,4.6,5.84,0.04999999999999982,-0.33999999999999986,0.3899999999999997,1.8399999999999999,-1.2400000000000002,0.08490165155419824,0.06547244873977102,-0.04342198995539778,0.21322529306379426,-0.02698108891498505,0.06056297346778488,-0.14568233570849826,0.09172015787852815,0.11188274046918328,0.03405941334658741,0.045127516975309145,0.17863796396305742,-0.02698108891498505,0.06056297346778488,-0.14568233570849826,0.09172015787852815,0.9150983484458017,91.50983484458017,0.06547244873977102,0.7867747069362057,1.0434219899553978,0.9150983484458017,0.11188274046918328,-0.02698108891498505,1,FALSE,TRUE,FALSE,TRUE,FALSE,FALSE,TRUE,0.20032441088569347,0.3899999999999997,0.30758958374967593
2021-05-01,4.54,4.41,5.17,4,4.39,4.54,5.2,0.020000000000000462,-0.3899999999999997,0.41000000000000014,1.2000000000000002,-0.6600000000000001,0.08499081803534082,0.0654379165677279,-0.04326514166074276,0.21324677773142442,-0.026981088908521442,0.060562973470932355,-0.14568233570820358,0.0917201578911607,0.11197190694386226,0.03412011027013399,0.045097719665864455,0.17884609422186007,-0.026981088908521442,0.060562973470932355,-0.14568233570820358,0.0917201578911607,0.9150091819646592,91.50091819646592,0.0654379165677279,0.7867532222685756,1.0432651416607428,0.9150091819646592,0.11197190694386226,-0.026981088908521442,0.9999999999999999,FALSE,TRUE,FALSE,TRUE,FALSE,FALSE,TRUE,0.290203499677967,0.41000000000000014,0.47453804466774313
2021-06-01,4.28,4.23,3.91,4,4.41,4.54,5.17,-0.17999999999999972,-0.41000000000000014,0.23000000000000043,1.17,-0.6299999999999999,0.0844809700061576,0.06536315340000048,-0.04362845657381011,0.21259039658612533,-0.02698108890588468,0.0605629734740739,-0.14568233571172412,0.09172015789995477,0.11146205891204228,0.03410534550640781,0.04461681003918802,0.17830730778489653,-0.02698108890588468,0.0605629734740739,-0.14568233571172412,0.09172015789995477,0.9155190299938424,91.55190299938424,0.06536315340000048,0.7874096034138747,1.04362845657381,0.9155190299938424,0.11146205891204228,-0.02698108890588468,0.9999999999999999,FALSE,TRUE,FALSE,TRUE,FALSE,FALSE,TRUE,0.11415917908208865,0.2300000000000004,-0.9401641093192608
2021-07-01,4.3,4.12,3.82,4,4.23,4.28,3.91,-0.11000000000000032,-0.23000000000000043,0.1200000000000001,-0.08999999999999986,0.3700000000000001,0.08441370159021507,0.06533935105603693,-0.04364907325283644,0.21247647643326656,-0.02698108890034796,0.06056297347736585,-0.1456823357126395,0.09172015791194359,0.11139479049056303,0.034147541417176505,0.04446683915230726,0.1783227418288188,-0.02698108890034796,0.06056297347736585,-0.1456823357126395,0.09172015791194359,0.9155862984097849,91.55862984097848,0.06533935105603693,0.7875235235667334,1.0436490732528365,0.9155862984097849,0.11139479049056303,-0.02698108890034796,0.9999999999999999,FALSE,TRUE,FALSE,TRUE,FALSE,FALSE,TRUE,0.1375802360362482,0.1200000000000001,0.023800569599900952
2021-08-01,4.22,4.14,3.62,4,4.12,4.3,3.82,0.019999999999999574,-0.1200000000000001,0.13999999999999968,-0.18000000000000016,0.48,0.08434487379539646,0.06530406501896285,-0.043648741685832715,0.21233848927662563,-0.026981088894742367,0.06056297348057406,-0.1456823357133219,0.09172015792383717,0.11132596269013882,0.03416439680736143,0.044364975394175235,0.1782869499861024,-0.026981088894742367,0.06056297348057406,-0.1456823357133219,0.09172015792383717,0.9156551262046035,91.56551262046035,0.06530406501896285,0.7876615107233744,1.0436487416858327,0.9156551262046035,0.11132596269013882,-0.026981088894742367,1,FALSE,TRUE,FALSE,TRUE,FALSE,FALSE,TRUE,0.1681329999526474,0.1399999999999997,0.09836023835397457
2021-09-01,4.21,4.2,3.67,4,4.14,4.22,3.62,0.0600000000000005,-0.13999999999999968,0.20000000000000018,-0.3799999999999999,0.5999999999999996,0.08425882727225299,0.06524987548390798,-0.043628578671929666,0.21214623321643566,-0.026981088888729358,0.06056297348382908,-0.1456823357136886,0.0917201579362299,0.11123991616098235,0.034148679531814705,0.04430973415902542,0.17817009816293927,-0.026981088888729358,0.06056297348382908,-0.1456823357136886,0.0917201579362299,0.915741172727747,91.5741172727747,0.06524987548390798,0.7878537667835643,1.0436285786719297,0.915741172727747,0.11123991616098235,-0.026981088888729358,1,FALSE,TRUE,FALSE,TRUE,FALSE,FALSE,TRUE,0.24820700769669393,0.2000000000000002,0.3789201265472458
2021-10-01,4.22,3.89,2.96,4,4.2,4.21,3.67,-0.31000000000000005,-0.20000000000000018,-0.10999999999999988,-0.33000000000000007,0.54,0.08445436832281819,0.0651839649662506,-0.04330385538055359,0.21221259202618997,-0.02698108888503079,0.060562973487067844,-0.1456823357163379,0.09172015794627633,0.11143545720784898,0.03410713477699519,0.04458670142908486,0.1782842129866131,-0.02698108888503079,0.060562973487067844,-0.1456823357163379,0.09172015794627633,0.9155456316771818,91.55456316771819,0.0651839649662506,0.7877874079738101,1.0433038553805536,0.9155456316771818,0.11143545720784898,-0.02698108888503079,1,FALSE,TRUE,FALSE,TRUE,FALSE,FALSE,TRUE,-0.0675602704555532,-0.10999999999999983,-1.7429830789151741
2021-11-01,4.17,4.08,2.89,4,3.89,4.22,2.96,0.18999999999999995,0.10999999999999988,0.08000000000000007,-1.04,1.2599999999999998,0.08428481295501832,0.06509571885779628,-0.04330045155400718,0.2118700774640438,-0.026981088878033795,0.06056297349028072,-0.14568233571563802,0.09172015795957043,0.11126590183305211,0.03401785625647695,0.044592128739096765,0.17793967492700746,-0.026981088878033795,0.06056297349028072,-0.14568233571563802,0.09172015795957043,0.9157151870449817,91.57151870449816,0.06509571885779628,0.7881299225359562,1.0433004515540072,0.9157151870449817,0.11126590183305211,-0.026981088878033795,1,FALSE,TRUE,FALSE,TRUE,FALSE,FALSE,TRUE,0.20165237745954173,0.0800000000000001,1.2507953842935722
2021-12-01,4.22,4.02,3.07,4,4.08,4.17,2.89,-0.0600000000000005,-0.08000000000000007,0.019999999999999574,-1.1099999999999999,1.2799999999999998,0.08474098680147879,0.06500144300780787,-0.04265950043695754,0.21214147403991512,-0.02698108887291598,0.060562973493534684,-0.14568233571689787,0.09172015797106592,0.11172207567439477,0.03394143122003158,0.0451980928993895,0.17824605844940003,-0.02698108887291598,0.060562973493534684,-0.14568233571689787,0.09172015797106592,0.9152590131985212,91.52590131985212,0.06500144300780787,0.7878585259600849,1.0426595004369577,0.9152590131985212,0.11172207567439477,-0.02698108887291598,1,FALSE,TRUE,FALSE,TRUE,FALSE,FALSE,TRUE,0.14859828910697348,0.019999999999999574,-0.34566602097556126
2022-01-01,4.2,4.09,2.87,4,4.02,4.22,3.07,0.07000000000000028,-0.019999999999999574,0.08999999999999986,-0.9300000000000002,1.15,0.0849759417526089,0.06490813115557754,-0.042241657616125264,0.2121935411213431,-0.02698108886731717,0.06056297349676819,-0.1456823357176366,0.09172015798300226,0.11195703061992607,0.03385011357182653,0.04561202714655559,0.17830203409329654,-0.02698108886731717,0.06056297349676819,-0.1456823357176366,0.09172015798300226,0.9150240582473911,91.50240582473911,0.06490813115557754,0.7878064588786569,1.0422416576161253,0.9150240582473911,0.11195703061992607,-0.02698108886731717,1,FALSE,TRUE,FALSE,TRUE,FALSE,FALSE,TRUE,0.2000558780273409,0.08999999999999986,0.22183256852224867
2022-02-01,3.84,3.92,2.98,4,4.09,4.2,2.87,-0.16999999999999993,-0.08999999999999986,-0.08000000000000007,-1.13,1.33,0.08555564491378082,0.06478305378573515,-0.04141680731478126,0.2125280971423429,-0.02698108886287617,0.06056297350001734,-0.14568233571956382,0.09172015799381149,0.11253673377665699,0.033706151399833725,0.04647389097552858,0.1785995765777854,-0.02698108886287617,0.06056297350001734,-0.14568233571956382,0.09172015799381149,0.9144443550862191,91.44443550862191,0.06478305378573515,0.7874719028576571,1.0414168073147811,0.9144443550862191,0.11253673377665699,-0.02698108886287617,0.9999999999999999,FALSE,TRUE,FALSE,TRUE,FALSE,FALSE,TRUE,0.05256272694019754,-0.0800000000000001,-0.8662625416315454
2022-03-01,3.79,3.8,4.17,4,3.92,3.84,2.98,-0.1200000000000001,0.08000000000000007,-0.20000000000000018,-1.02,0.8599999999999999,0.08611494805722139,0.06461227374493438,-0.04052278144209287,0.21275267755653565,-0.0269810888583839,0.060562973503385686,-0.1456823357216734,0.0917201580049056,0.1130960369156053,0.033559610617237966,0.04732040877063089,0.17887166506057972,-0.0269810888583839,0.060562973503385686,-0.1456823357216734,0.0917201580049056,0.9138850519427786,91.38850519427785,0.06461227374493438,0.7872473224434643,1.0405227814420928,0.9138850519427786,0.1130960369156053,-0.0269810888583839,1,FALSE,TRUE,FALSE,TRUE,FALSE,FALSE,TRUE,-0.08895901656342423,-0.20000000000000018,-0.9661370348610319
2022-04-01,4.14,3.94,4.62,4,3.8,3.79,4.17,0.14000000000000012,0.20000000000000018,-0.06000000000000005,0.16999999999999993,-0.3799999999999999,0.08638433777667151,0.06448134131240803,-0.039996768870482896,0.21276544442382592,-0.026981088854537243,0.0605629735068102,-0.14568233572453865,0.09172015801546417,0.11336542663120876,0.03344444108599313,0.047815526619590584,0.17891532664282694,-0.026981088854537243,0.0605629735068102,-0.14568233572453865,0.09172015801546417,0.9136156622233285,91.36156622233284,0.06448134131240803,0.78723455557617406,1.0399967688704828,0.9136156622233285,0.11336542663120876,-0.026981088854537243,1,FALSE,TRUE,FALSE,TRUE,FALSE,FALSE,TRUE,-0.08493815118675835,-0.060000000000000046,-0.17771981747659757
2022-05-01,4.29,4.01,5.82,4,3.94,4.14,4.62,0.06999999999999984,0.06000000000000005,0.009999999999999787,0.6200000000000001,-0.4800000000000004,0.0866634075160926,0.06432922181452626,-0.03941955039386723,0.2127463654260524,-0.02698108885086036,0.06056297351039205,-0.14568233572788208,0.09172015802616135,0.11364449636695295,0.03330478092396016,0.048368325242994434,0.17892066749091146,-0.02698108885086036,0.06056297351039205,-0.14568233572788208,0.09172015802616135,0.9133365924839074,91.33365924839075,0.06432922181452626,0.7872536345739476,1.0394195503938672,0.9133365924839074,0.11364449636695295,-0.02698108885086036,1,FALSE,TRUE,FALSE,TRUE,FALSE,FALSE,TRUE,-0.05668223530839061,0.009999999999999794,-0.022881856978102865
2022-06-01,4.61,4.16,7.55,4,4.01,4.29,5.82,0.15000000000000036,-0.009999999999999787,0.16000000000000014,1.8200000000000003,-1.5300000000000002,0.08693618566447785,0.06416156059612613,-0.03881816229581363,0.2126905336247693,-0.02698108884720365,0.060562973514034446,-0.14568233573136433,0.09172015803695703,0.1139172745116815,0.0331006068015349,0.04904127731425156,0.17879327170911144,-0.02698108884720365,0.060562973514034446,-0.14568233573136433,0.09172015803695703,0.9130638143355222,91.30638143355222,0.06416156059612613,0.7873094663752307,1.0388181622958137,0.9130638143355222,0.1139172745116815,-0.02698108884720365,1,FALSE,TRUE,FALSE,TRUE,FALSE,FALSE,TRUE,-0.03950492384557118,0.1600000000000001,-0.03129923690111206
2022-07-01,4.88,4.51,8.36,4,4.16,4.61,7.55,0.34999999999999964,-0.16000000000000014,0.5099999999999998,3.55,-2.9399999999999995,0.08770986756353075,0.06392926166638298,-0.037589182860816944,0.21300891798787844,-0.026981088842413826,0.06056297351762253,-0.14568233573360703,0.09172015804877937,0.11469095640594457,0.032814437334093095,0.050375841058175566,0.17900607175371358,-0.026981088842413826,0.06056297351762253,-0.14568233573360703,0.09172015804877937,0.9122901324364693,91.22901324364693,0.06392926166638298,0.7869910820121215,1.037589182860817,0.9122901324364693,0.11469095640594457,-0.026981088842413826,1,FALSE,TRUE,FALSE,TRUE,FALSE,FALSE,TRUE,0.11930556895276895,0.5099999999999998,0.7327476844263634
2022-08-01,5.44,4.55,8.87,4,4.51,4.88,8.36,0.040000000000000036,-0.5099999999999998,0.5499999999999998,4.359999999999999,-3.4799999999999995,0.08715698374809662,0.06377861556409894,-0.037846805741363024,0.21216077323755628,-0.02698108884086009,0.06056297352118829,-0.14568233573904205,0.09172015805732188,0.11413807258895671,0.032703976640787204,0.05003945622177458,0.17823668895613884,-0.02698108884086009,0.06056297352118829,-0.14568233573904205,0.09172015805732188,0.9128430162519033,91.28430162519034,0.06377861556409894,0.7878392267624437,1.037846805741363,0.9128430162519033,0.11413807258895671,-0.02698108884086009,1,FALSE,TRUE,FALSE,TRUE,FALSE,FALSE,TRUE,0.07610136169210546,0.5499999999999998,-0.3328016232537525
2022-09-01,5.6,4.61,9.03,4,4.55,5.44,8.87,0.0600000000000005,-0.5499999999999998,0.6100000000000003,4.869999999999999,-3.429999999999999,0.08712261918321727,0.06353410746177982,-0.03740194323176864,0.21164718159820317,-0.02698108883782059,0.06056297352433645,-0.14568233574217282,0.09172015806653165,0.11410370802103786,0.03268140469857299,0.050049331847656725,0.178158084194419,-0.02698108883782059,0.06056297352433645,-0.14568233574217282,0.09172015806653165,0.9128773808167827,91.28773808167827,0.06353410746177982,0.7883528184017968,1.0374019432317687,0.9128773808167827,0.11410370802103786,-0.02698108883782059,1,FALSE,TRUE,FALSE,TRUE,FALSE,FALSE,TRUE,0.09316770986400766,0.6100000000000003,0.01806114991062581
2022-10-01,5.64,4.67,9.7,4,4.61,5.6,9.03,0.05999999999999961,-0.6100000000000003,0.6699999999999999,5.029999999999999,-3.4299999999999997,0.08736811567131832,0.06351114925826655,-0.037111449491631865,0.2118476808342685,-0.02698108883360629,0.06056297352834273,-0.1456823357458107,0.09172015807859812,0.11434920450492461,0.03271162265531996,0.05023560222463301,0.1784628067852162,-0.02698108883360629,0.06056297352834273,-0.1456823357458107,0.09172015807859812,0.9126318843286817,91.26318843286818,0.06351114925826655,0.7881523191657315,1.0371114494916318,0.9126318843286817,0.11434920450492461,-0.02698108883360629,1,FALSE,TRUE,FALSE,TRUE,FALSE,FALSE,TRUE,0.1379932434739994,0.6700000000000002,0.1572897100428833
2022-11-01,6.27,4.8,9.17,4,4.67,5.64,9.7,0.1299999999999999,-0.6699999999999999,0.7999999999999998,5.699999999999999,-4.06,0.08770616692349968,0.06349878708085656,-0.03674916881695642,0.21216150266395578,-0.026981088828974015,0.060562973532813195,-0.14568233574994038,0.09172015809199234,0.1146872557524737,0.03257181518777403,0.05084767107334187,0.17852684043160552,-0.026981088828974015,0.060562973532813195,-0.14568233574994038,0.09172015809199234,0.9122938330765004,91.22938330765004,0.06349878708085656,0.7878384973360443,1.0367491688169566,0.9122938330765004,0.1146872557524737,-0.026981088828974015,1,FALSE,TRUE,FALSE,TRUE,FALSE,FALSE,TRUE,0.19053162789041728,0.7999999999999998,0.2050444170192491
2022-12-01,6.15,4.71,9.24,4,4.8,6.27,9.17,-0.08999999999999986,-0.7999999999999998,0.71,5.17,-2.9000000000000004,0.08738322328717761,0.06332272097862676,-0.036727029234009737,0.21149347580836497,-0.026981088827041703,0.0605629735355718,-0.14568233575341483,0.09172015809933143,0.11436431211421931,0.032890717139875174,0.04989969109436973,0.1788289331340689,-0.026981088827041703,0.0605629735355718,-0.14568233575341483,0.09172015809933143,0.9126167767128224,91.26167767128224,0.06332272097862676,0.788506524191635,1.0367270292340098,0.9126167767128224,0.11436431211421931,-0.026981088827041703,0.9999999999999999,FALSE,TRUE,FALSE,TRUE,FALSE,FALSE,TRUE,0.17998357800687093,0.7100000000000001,-0.04733647785150153
2023-01-01,5.47,4.62,9.69,4,4.71,6.15,9.24,-0.08999999999999986,-0.71,0.6200000000000001,5.24,-3.09,0.08625267788239405,0.06345754157559025,-0.03812181815321593,0.210627173918004,-0.026981088830143534,0.060562973541250946,-0.14568233576764758,0.0917201581073605,0.11323376671253758,0.03294459516671268,0.048663546700528415,0.17780398672454675,-0.026981088830143534,0.060562973541250946,-0.14568233576764758,0.0917201581073605,0.913747322117606,91.3747322117606,0.06345754157559025,0.789372826081996,1.038121818153216,0.913747322117606,0.11323376671253758,-0.026981088830143534,1,FALSE,TRUE,FALSE,TRUE,FALSE,FALSE,TRUE,0.08466440341111175,0.6200000000000001,-0.5921787462950538
2023-02-01,5.27,4.49,9.92,4,4.62,5.47,9.69,-0.1299999999999999,-0.6200000000000001,0.4900000000000002,5.6899999999999995,-4.22,0.08424425218819313,0.0638353971799416,-0.04087082722330211,0.2093593315996884,-0.02698108883835905,0.06056297354898361,-0.14568233579101883,0.09172015811430073,0.11122534102655218,0.03282069374797692,0.046897963332898515,0.17555271872020584,-0.02698108883835905,0.06056297354898361,-0.14568233579101883,0.09172015811430073,0.9157557478118069,91.57557478118069,0.0638353971799416,0.7906406684003117,1.0408708272233023,0.9157557478118069,0.11122534102655218,-0.02698108883835905,1,FALSE,TRUE,FALSE,TRUE,FALSE,FALSE,TRUE,-0.10320998984869387,0.4900000000000001,-1.164030820497848
2023-03-01,5.19,4.43,8.71,4,4.49,5.27,9.92,-0.0600000000000005,-0.4900000000000002,0.4299999999999997,5.92,-4.65,0.08339134403558593,0.06399537456839217,-0.04203728529561321,0.20881997336678507,-0.026981088842336423,0.060562973555629854,-0.1456823358080226,0.09172015812334976,0.11037243287792235,0.03282194963527105,0.04604259369040355,0.17470227206544114,-0.026981088842336423,0.060562973555629854,-0.1456823358080226,0.09172015812334976,0.9166086559644141,91.66086559644141,0.06399537456839217,0.791180026633215,1.0420372852956132,0.9166086559644141,0.11037243287792235,-0.026981088842336423,1,FALSE,TRUE,FALSE,TRUE,FALSE,FALSE,TRUE,-0.18913881980753344,0.4299999999999996,-0.6501157703425318
2023-04-01,5.11,4.39,8.32,4,4.43,5.19,8.71,-0.040000000000000036,-0.4299999999999997,0.3899999999999997,4.710000000000001,-3.5200000000000005,0.08453391325916669,0.06428048331440704,-0.04145351894589898,0.21052134546423235,-0.026981088840236377,0.06056297356182671,-0.14568233581806816,0.09172015813759542,0.11151500209940307,0.03333701747492263,0.04617564849657231,0.17685435570223385,-0.026981088840236377,0.06056297356182671,-0.14568233581806816,0.09172015813759542,0.9154660867408333,91.54660867408333,0.06428048331440704,0.7894786545357676,1.0414535189458989,0.9154660867408333,0.11151500209940307,-0.026981088840236377,1,FALSE,TRUE,FALSE,TRUE,FALSE,FALSE,TRUE,-0.10312816416830749,0.3899999999999998,0.14539577468581327
2023-05-01,5.03,4.3,6.54,4,4.39,5.11,8.32,-0.08999999999999986,-0.3899999999999997,0.2999999999999998,4.32,-3.21,0.08454560746281646,0.06448803779372247,-0.0418486240465374,0.21093983897217033,-0.026981088842192642,0.06056297356818414,-0.14568233583248477,0.0917201581480995,0.11152669630500911,0.03361792554090881,0.045636773009878645,0.17741661960013957,-0.026981088842192642,0.06056297356818414,-0.14568233583248477,0.0917201581480995,0.9154543925371835,91.54543925371836,0.06448803779372247,0.7890601610278296,1.0418486240465374,0.9154543925371835,0.11152669630500911,-0.026981088842192642,1,FALSE,TRUE,FALSE,TRUE,FALSE,FALSE,TRUE,-0.15184631942280566,0.2999999999999998,-0.48587956505033114
2023-06-01,4.94,4.24,4.93,4,4.3,5.03,6.54,-0.05999999999999961,-0.2999999999999998,0.2400000000000002,2.54,-1.5099999999999998,0.08608265971818348,0.06484001555388771,-0.04100143552445333,0.21316675496082027,-0.02698108883858475,0.060562973574356936,-0.14568233584097534,0.09172015816380585,0.11306374855676823,0.034262198215104116,0.045911074023991666,0.1802164230895448,-0.02698108883858475,0.060562973574356936,-0.14568233584097534,0.09172015816380585,0.9139173402818165,91.39173402818165,0.06484001555388771,0.7868332450391797,1.0410014355244532,0.9139173402818165,0.11306374855676823,-0.02698108883858475,0.9999999999999999,FALSE,TRUE,FALSE,TRUE,FALSE,FALSE,TRUE,-0.0193913998304487,0.24000000000000032,0.31244940077407485
2023-07-01,4.67,4.21,4.53,4,4.24,4.94,4.93,-0.03000000000000025,-0.2400000000000002,0.20999999999999996,0.9299999999999997,0.010000000000000675,0.08771773209960311,0.06518490778897719,-0.0400423395023566,0.21547780370156283,-0.026981088834412522,0.060562973580596334,-0.14568233584903212,0.09172015818020707,0.11469882093401564,0.03486480010652414,0.046365068397040105,0.18303257347099117,-0.026981088834412522,0.060562973580596334,-0.14568233584903212,0.09172015818020707,0.9122822679003969,91.22822679003968,0.06518490778897719,0.7845221962984372,1.0400423395023566,0.9122822679003969,0.11469882093401564,-0.026981088834412522,1.0000000000000002,FALSE,TRUE,FALSE,TRUE,FALSE,FALSE,TRUE,0.12869232003571326,0.21,0.4331047617189998
2023-08-01,4.56,4.17,4.47,4,4.21,4.67,4.53,-0.040000000000000036,-0.20999999999999996,0.16999999999999993,0.5300000000000002,0.13999999999999968,0.0890951828168448,0.06550729052224988,-0.039296747331566975,0.21748711296525658,-0.026981088833937055,0.06056297358729109,-0.14568233586167811,0.09172015819380401,0.11607627165078185,0.03536459993985668,0.046762929440995415,0.1853896138605683,-0.026981088833937055,0.06056297358729109,-0.14568233586167811,0.09172015819380401,0.9109048171831552,91.09048171831552,0.06550729052224988,0.7825128870347434,1.039296747331567,0.9109048171831552,0.11607627165078185,-0.026981088833937055,1,FALSE,TRUE,FALSE,TRUE,FALSE,FALSE,TRUE,0.12655690554382334,0.16999999999999993,-0.1407199021888795
2023-09-01,4.44,4.15,4.69,4,4.17,4.56,4.47,-0.019999999999999574,-0.16999999999999993,0.15000000000000036,0.46999999999999975,0.08999999999999986,0.09046053817482541,0.06580447364171563,-0.038513860184552495,0.21943493653420332,-0.026981088833678658,0.060562973593857435,-0.14568233587428953,0.09172015820693222,0.11744162700850407,0.0358261500116395,0.04722366328096142,0.1876595907360467,-0.026981088833678658,0.060562973593857435,-0.14568233587428953,0.09172015820693222,0.9095394618251746,90.95394618251747,0.06580447364171563,0.7805650634657968,1.0385138601845525,0.9095394618251746,0.11744162700850407,-0.026981088833678658,1.0000000000000002,FALSE,TRUE,FALSE,TRUE,FALSE,FALSE,TRUE,0.10991184505286353,0.15000000000000038,-0.17496322128242783
2023-10-01,4.54,4.32,4.98,4,4.15,4.44,4.69,0.16999999999999993,-0.15000000000000036,0.3200000000000003,0.6900000000000004,-0.25,0.09196596457116507,0.06608593764763404,-0.03756009310275729,0.22149202224508743,-0.026981088831050912,0.060562973600462554,-0.14568233588460758,0.09172015822250576,0.11894705340221598,0.03625178791312842,0.047894854717299845,0.18999925208713211,-0.026981088831050912,0.060562973600462554,-0.14568233588460758,0.09172015822250576,0.908034035428835,90.8034035428835,0.06608593764763404,0.77850797775491265,1.0375600931027573,0.908034035428835,0.11894705340221598,-0.026981088831050912,1,FALSE,TRUE,FALSE,TRUE,FALSE,FALSE,TRUE,0.24979821223813364,0.3200000000000003,0.7296367226667294
2023-11-01,4.5,4.43,4.3,4,4.32,4.54,4.98,0.10999999999999943,-0.3200000000000003,0.4299999999999997,0.9800000000000004,-0.4400000000000004,0.09338999150206712,0.0663392897316995,-0.03663262713203169,0.22341261013616592,-0.026981088829160088,0.060562973606920804,-0.1456823358953747,0.09172015823705451,0.1203710803312272,0.03665057154150893,0.04853728009706107,0.19220488056539334,-0.026981088829160088,0.060562973606920804,-0.1456823358953747,0.09172015823705451,0.9066100084979329,90.6610008497933,0.0663392897316995,0.7765873898638341,1.0366326271320316,0.9066100084979329,0.1203710803312272,-0.026981088829160088,1,FALSE,TRUE,FALSE,TRUE,FALSE,FALSE,TRUE,0.32660612924314353,0.42999999999999977,0.4927288278373721
2023-12-01,4.48,4.32,4.18,4,4.43,4.5,4.3,-0.10999999999999943,-0.4299999999999997,0.3200000000000003,0.2999999999999998,0.20000000000000018,0.09461633766961138,0.06662265056130091,-0.035961657985135606,0.22519433332435834,-0.02698108882881563,0.06056297361343803,-0.14568233590780377,0.0917201582501725,0.121597426498427,0.037088396605686434,0.04890550490694402,0.19428934808991,-0.02698108882881563,0.06056297361343803,-0.14568233590780377,0.0917201582501725,0.9053836623303886,90.53836623303886,0.06662265056130091,0.7748056666756415,1.0359616579851356,0.9053836623303886,0.121597426498427,-0.02698108882881563,0.9999999999999999,FALSE,TRUE,FALSE,TRUE,FALSE,FALSE,TRUE,0.29701131646488,0.3200000000000003,-0.21225225023938243
2024-01-01,4.47,4.29,3.82,4,4.32,4.48,4.18,-0.03000000000000025,-0.3200000000000003,0.29000000000000004,0.17999999999999972,0.3000000000000007,0.09584978585016105,0.06688870355264401,-0.03524966408559754,0.22694923578591963,-0.026981088828303156,0.06056297361998376,-0.14568233592012067,0.09172015826351437,0.12283087467846421,0.03749043727547015,0.04935096785388479,0.19631078150304362,-0.026981088828303156,0.06056297361998376,-0.14568233592012067,0.09172015826351437,0.904150214149839,90.4150214149839,0.06688870355264401,0.7730507642140804,1.0352496640855975,0.904150214149839,0.12283087467846421,-0.026981088828303156,0.9999999999999999,FALSE,TRUE,FALSE,TRUE,FALSE,FALSE,TRUE,0.28084136519546204,0.29000000000000004,-0.07434728089046135
2024-02-01,4.35,4.28,3.3,4,4.29,4.47,3.82,-0.009999999999999787,-0.29000000000000004,0.28000000000000025,-0.18000000000000016,0.6499999999999999,0.09710003830710806,0.06714412610866617,-0.03450003063929313,0.22870010725350925,-0.026981088827154463,0.060562973626513444,-0.14568233593176994,0.091720158277461,0.12408112713426253,0.03787191418260697,0.04985353931076121,0.19830871495776387,-0.026981088827154463,0.060562973626513444,-0.14568233593176994,0.091720158277461,0.9028999616928919,90.28999616928918,0.06714412610866617,0.7712998927464907,1.034500030639293,0.9028999616928919,0.12408112713426253,-0.026981088827154463,1,FALSE,TRUE,FALSE,TRUE,FALSE,FALSE,TRUE,0.3150157146329301,0.28000000000000025,0.13958941813235104
2024-03-01,4.05,4.14,3.24,4,4.28,4.35,3.3,-0.14000000000000057,-0.28000000000000025,0.13999999999999968,-0.7000000000000002,1.0499999999999998,0.09838841086886253,0.06738471597855275,-0.03368320555756153,0.23046002729528658,-0.0269810888274189,0.06056297363312372,-0.14568233594499028,0.09172015829015247,0.12536949969628144,0.038228595187307125,0.050442829949598256,0.20029616944296463,-0.0269810888274189,0.06056297363312372,-0.14568233594499028,0.09172015829015247,0.9016115891311375,90.16115891311375,0.06738471597855275,0.7695399727047134,1.0336832055575615,0.9016115891311375,0.12536949969628144,-0.0269810888274189,1,FALSE,TRUE,FALSE,TRUE,FALSE,FALSE,TRUE,0.23720203087699335,0.13999999999999974,-0.49448889228875087
2024-04-01,3.85,4.02,3.36,4,4.14,4.05,3.24,-0.1200000000000001,-0.13999999999999968,0.019999999999999574,-0.7599999999999998,0.8099999999999996,0.09973108970328802,0.06761203328976144,-0.03278606046616757,0.23224823987274362,-0.026981088828068826,0.0605629736398605,-0.14568233595884406,0.0917201583027064,0.12671217853135686,0.03858819167540311,0.051080712619038446,0.20234364444367525,-0.026981088828068826,0.0605629736398605,-0.14568233595884406,0.0917201583027064,0.900268910296712,90.02689102967119,0.06761203328976144,0.7677517601272563,1.0327860604661676,0.900268910296712,0.12671217853135686,-0.026981088828068826,1,FALSE,TRUE,FALSE,TRUE,FALSE,FALSE,TRUE,0.11765031012523418,0.01999999999999956,-0.6946374656812747
2024-05-01,3.97,3.99,3.76,4,4.02,3.85,3.36,-0.02999999999999936,-0.019999999999999574,-0.009999999999999787,-0.6400000000000001,0.4900000000000002,0.10097098015959616,0.06783994792877034,-0.03199287449386631,0.23393483481305863,-0.026981088828622754,0.06056297364659055,-0.14568233597258862,0.09172015831534312,0.12795206898821893,0.038935633801858036,0.051639629021336855,0.204264508955101,-0.026981088828622754,0.06056297364659055,-0.14568233597258862,0.09172015831534312,0.8990290198404038,89.90290198404038,0.06783994792877034,0.7660651651869413,1.0319928744938662,0.8990290198404038,0.12795206898821893,-0.026981088828622754,1,FALSE,TRUE,FALSE,TRUE,FALSE,FALSE,TRUE,0.06784216082816691,-0.0099999999999998,-0.3589643855828028
2024-06-01,3.99,4.02,3.62,4,3.99,3.97,3.76,0.02999999999999936,0.009999999999999787,0.019999999999999574,-0.2400000000000002,0.2100000000000004,0.10216827452748539,0.06808234946902023,-0.03127067841466388,0.23560722746963467,-0.02698108882931841,0.06056297365339301,-0.14568233598661687,0.09172015832798006,0.1291493633568038,0.039272882271800716,0.05217592853499284,0.20612279817861476,-0.02698108882931841,0.06056297365339301,-0.14568233598661687,0.09172015832798006,0.8978317254725146,89.78317254725145,0.06808234946902023,0.7643927725303653,1.031270678414664,0.8978317254725146,0.1291493633568038,-0.02698108882931841,0.9999999999999999,FALSE,TRUE,FALSE,TRUE,FALSE,FALSE,TRUE,0.05018641454075297,0.019999999999999574,-0.16948974766124283
2024-07-01,4.09,4.07,3.78,4,4.02,3.99,3.62,0.05000000000000071,-0.019999999999999574,0.07000000000000028,-0.3799999999999999,0.3700000000000001,0.10332492984172821,0.06830699373613881,-0.030554317773306902,0.2372041774567633,-0.026981088830086163,0.060562973660192705,-0.14568233600071176,0.09172015834053944,0.13030601867181438,0.03958048695128809,0.05272968975673217,0.20788234758689658,-0.026981088830086163,0.060562973660192705,-0.14568233600071176,0.09172015834053944,0.8966750701582717,89.66750701582717,0.06830699373613881,0.7627958225432366,1.0305543177733067,0.8966750701582717,0.13030601867181438,-0.026981088830086163,0.9999999999999999,FALSE,TRUE,FALSE,TRUE,FALSE,FALSE,TRUE,0.11924647620698887,0.07000000000000028,0.19955939078991064
2024-08-01,3.99,4.02,3.07,4,4.07,4.09,3.78,-0.05000000000000071,-0.07000000000000028,0.019999999999999574,-0.2200000000000002,0.31000000000000005,0.10457727538454538,0.06852753915982106,-0.029734233317862055,0.2388887840869528,-0.02698108883081819,0.0605629736669933,-0.1456823360147727,0.09172015835313634,0.13155836421536357,0.039876250654168374,0.053402349094701804,0.20971437933602532,-0.02698108883081819,0.0605629736669933,-0.1456823360147727,0.09172015835313634,0.8954227246154546,89.54227246154545,0.06852753915982106,0.7611112159130471,1.029734233317862,0.8954227246154546,0.13155836421536357,-0.02698108883081819,1,FALSE,TRUE,FALSE,TRUE,FALSE,FALSE,TRUE,0.05137113812215322,0.01999999999999958,-0.45019786662221206
2024-09-01,4.04,3.97,2.11,4,4.02,3.99,3.07,-0.04999999999999938,-0.019999999999999574,-0.029999999999999805,-0.9300000000000002,0.9200000000000004,0.10578290690748257,0.06872618947832297,-0.028917949264706033,0.24048376307967118,-0.026981088831278872,0.060562973673813573,-0.1456823360286009,0.09172015836604314,0.13276399573876144,0.04013867559131793,0.05409363719264135,0.21143435428488153,-0.026981088831278872,0.060562973673813573,-0.1456823360286009,0.09172015836604314,0.8942170930925174,89.42170930925174,0.06872618947832297,0.7595162369203288,1.028917949264706,0.8942170930925174,0.13276399573876144,-0.026981088831278872,1,FALSE,TRUE,FALSE,TRUE,FALSE,FALSE,TRUE,0.09320070514873556,-0.02999999999999982,-0.07969994377871563
2024-10-01,3.91,3.96,1.16,4,3.97,4.04,2.11,-0.010000000000000231,0.029999999999999805,-0.040000000000000036,-1.8900000000000001,1.9300000000000002,0.10684589435335351,0.06891840394622063,-0.028231695253222028,0.24192348395992905,-0.026981088831761355,0.060562973680636505,-0.14568233604245606,0.09172015837893337,0.13382698318511488,0.040363152715492435,0.054716657560259646,0.2129373088099701,-0.026981088831761355,0.060562973680636505,-0.14568233604245606,0.09172015837893337,0.8931541056466465,89.31541056466466,0.06891840394622063,0.758076516040071,1.028231695253222,0.8931541056466465,0.13382698318511488,-0.026981088831761355,1,FALSE,TRUE,FALSE,TRUE,FALSE,FALSE,TRUE,0.21401224177313755,-0.040000000000000036,0.2782010470496943
2024-11-01,3.59,3.66,1.66,4,3.96,3.91,1.16,-0.2999999999999998,0.040000000000000036,-0.33999999999999986,-2.84,2.75,0.10893703192323682,0.06907055277437409,-0.02643876390680945,0.2443128277532831,-0.026981088832552787,0.060562973687471315,-0.1456823360566435,0.09172015839153791,0.1359181207557896,0.040578062046410714,0.05638658058239293,0.21544966092918627,-0.026981088832552787,0.060562973687471315,-0.1456823360566435,0.09172015839153791,0.8910629680767632,89.10629680767632,0.06907055277437409,0.7556871722467169,1.0264387639068095,0.8910629680767632,0.1359181207557896,-0.026981088832552787,1,FALSE,TRUE,FALSE,TRUE,FALSE,FALSE,TRUE,0.04357916495151283,-0.3399999999999999,-1.2348524414612763
2024-12-01,3.89,3.95,1.7,4,3.66,3.59,1.66,0.29000000000000004,0.33999999999999986,-0.04999999999999982,-2.34,1.93,0.10896618018843303,0.06932165742355599,-0.02690177171036036,0.24483413208722643,-0.026981088834271857,0.060562973694263215,-0.14568233607167444,0.09172015840313072,0.13594726902270488,0.041100916418830555,0.05539095311020603,0.21650358493520372,-0.026981088834271857,0.060562973694263215,-0.14568233607167444,0.09172015840313072,0.8910338198115669,89.10338198115669,0.06932165742355599,0.7551658679127735,1.0269017717103603,0.8910338198115669,0.13594726902270488,-0.026981088834271857,1,FALSE,TRUE,FALSE,TRUE,FALSE,FALSE,TRUE,0.25705436309107815,-0.04999999999999977,1.0598576666478634
2025-01-01,3.54,3.76,2.19,4,3.95,3.89,1.7,-0.1900000000000004,0.04999999999999982,-0.2400000000000002,-2.3,2.1900000000000004,0.11073401485976095,0.06966120653296036,-0.025799441064447648,0.24726747078396955,-0.026981088831665993,0.060562973701485286,-0.14568233608322356,0.09172015841989159,0.13771510369142695,0.04151487068638554,0.05634745232327368,0.21908275505958022,-0.026981088831665993,0.060562973701485286,-0.14568233608322356,0.09172015841989159,0.889265985140239,88.92659851402391,0.06966120653296036,0.7527325292160304,1.0257994410644475,0.889265985140239,0.13771510369142695,-0.026981088831665993,1,FALSE,TRUE,FALSE,TRUE,FALSE,FALSE,TRUE,0.07377681871879849,-0.2400000000000002,-1.0634768213415169
2025-02-01,3.65,3.79,1.79,4,3.76,3.54,2.19,0.03000000000000025,0.2400000000000002,-0.20999999999999996,-1.81,1.35,0.1118914396728588,0.06990200993276151,-0.025113982242314842,0.24889686158803245,-0.02698108882947459,0.06056297370858731,-0.1456823360949519,0.09172015843600272,0.1388725285023334,0.04201804941975984,0.056518664938980015,0.22122639206568678,-0.02698108882947459,0.06056297370858731,-0.1456823360949519,0.09172015843600272,0.8881085603271412,88.81085603271413,0.06990200993276151,0.7511031384119676,1.025113982242315,0.8881085603271412,0.1388725285023334,-0.02698108882947459,1,FALSE,TRUE,FALSE,TRUE,FALSE,FALSE,TRUE,0.028947975727665193,-0.20999999999999996,-0.35731398121468083
2025-03-01,3.46,3.71,1.57,4,3.79,3.65,1.79,-0.08000000000000007,0.20999999999999996,-0.29000000000000004,-2.21,1.8599999999999999,0.11294793114068112,0.07014973338426682,-0.024543019817568887,0.2504388820989311,-0.026981088827647354,0.06056297371608055,-0.14568233610781112,0.09172015845251641,0.13992901996832846,0.04237336311903946,0.056878754351173316,0.2229792855854836,-0.026981088827647354,0.06056297371608055,-0.14568233610781112,0.09172015845251641,0.8870520688593189,88.70520688593189,0.07014973338426682,0.7495611179010688,1.024543019817569,0.8870520688593189,0.13992901996832846,-0.026981088827647354,1,FALSE,TRUE,FALSE,TRUE,FALSE,FALSE,TRUE,0.00979975304032929,-0.29000000000000004,-0.36703580058662866
2025-04-01,3.53,3.62,1.47,4,3.71,3.46,1.57,-0.08999999999999986,0.29000000000000004,-0.3799999999999999,-2.4299999999999997,1.89,0.11416084031720397,0.07034968497909712,-0.02372200856556478,0.2520436891999727,-0.026981088825468437,0.060562973723400665,-0.14568233611997938,0.0917201584690425,0.1411419291426724,0.04275760320575149,0.057338566794145146,0.22494529149119966,-0.026981088825468437,0.060562973723400665,-0.14568233611997938,0.0917201584690425,0.885839159682796,88.5839159682796,0.07034968497909712,0.7479563108000273,1.0237220085655647,0.885839159682796,0.1411419291426724,-0.026981088825468437,1,FALSE,TRUE,FALSE,TRUE,FALSE,FALSE,TRUE,-0.05159490014905896,-0.3799999999999999,-0.5895983415931872
2025-05-01,3.35,3.55,1.69,4,3.62,3.53,1.47,-0.07000000000000028,0.3799999999999999,-0.4500000000000002,-2.5300000000000002,2.0599999999999996,0.11530162691505028,0.07061609767945638,-0.0231033812654467,0.25370663509554725,-0.026981088823517053,0.06056297373094235,-0.14568233613280943,0.0917201584857753,0.14228271573856732,0.04314949038006322,0.05771126864238589,0.22685416283474874,-0.026981088823517053,0.06056297373094235,-0.14568233613280943,0.0917201584857753,0.8846983730849497,88.46983730849497,0.07061609767945638,0.7462933649044527,1.0231033812654466,0.8846983730849497,0.14228271573856732,-0.026981088823517053,1,FALSE,TRUE,FALSE,TRUE,FALSE,FALSE,TRUE,-0.10270584092847775,-0.45000000000000007,-0.5567428665859826
2025-06-01,3.17,3.53,1.79,4,3.55,3.35,1.69,-0.020000000000000018,0.4500000000000002,-0.4700000000000002,-2.31,1.6600000000000001,0.11642327105162219,0.07085924545866136,-0.02245829801903744,0.25530484012228183,-0.026981088821616168,0.06056297373828307,-0.14568233614529608,0.09172015850206375,0.14340435987323835,0.04360754742382892,0.057935137468411266,0.22887358227806542,-0.026981088821616168,0.06056297373828307,-0.14568233614529608,0.09172015850206375,0.8835767289483778,88.35767289483778,0.07085924545866136,0.7446951598777182,1.0224582980190373,0.8835767289483778,0.14340435987323835,-0.026981088821616168,1,FALSE,TRUE,FALSE,TRUE,FALSE,FALSE,TRUE,-0.1562736364268701,-0.4700000000000002,-0.5639378769967895
2025-07-01,3.26,3.54,1.17,4,3.53,3.17,1.79,0.010000000000000231,0.4700000000000002,-0.45999999999999996,-2.21,1.38,0.11731216652466486,0.07109034703455161,-0.02202235331151009,0.2566466863608398,-0.02698108882064505,0.06056297374564188,-0.14568233615874795,0.09172015851745786,0.1442932553453099,0.04403652283143424,0.057983256591323,0.2306032540992968,-0.02698108882064505,0.06056297374564188,-0.14568233615874795,0.09172015851745786,0.8826878334753352,88.26878334753351,0.07109034703455161,0.7433533136391602,1.02202235331151,0.8826878334753352,0.1442932553453099,-0.02698108882064505,1.0000000000000002,FALSE,TRUE,FALSE,TRUE,FALSE,FALSE,TRUE,-0.16350620940800045,-0.45999999999999996,-0.35091379954121205
2025-08-01,3.21,3.49,1.17,4,3.54,3.26,1.17,-0.04999999999999982,0.45999999999999996,-0.5099999999999998,-2.83,2.09,0.11795873649983266,0.07130385634391073,-0.021794253893050203,0.2577117268927155,-0.026981088820965962,0.06056297375344542,-0.14568233617436355,0.09172015853243161,0.14493982532079863,0.04432049848498897,0.05807324451335824,0.23180640612823902,-0.026981088820965962,0.06056297375344542,-0.14568233617436355,0.09172015853243161,0.8820412635001673,88.20412635001674,0.07130385634391073,0.7422882731072844,1.0217942538930502,0.8820412635001673,0.14493982532079863,-0.026981088820965962,0.9999999999999999,FALSE,TRUE,FALSE,TRUE,FALSE,FALSE,TRUE,-0.11978630006965454,-0.5099999999999998,-0.1597310290136154
2025-09-01,3.16,3.42,1.47,4,3.49,3.21,1.17,-0.07000000000000028,0.5099999999999998,-0.5800000000000001,-2.83,2.04,0.11916097259219997,0.07156077637643506,-0.021095571811337407,0.25941751699573734,-0.026981088819224116,0.060562973761041056,-0.14568233618750887,0.09172015854906063,0.14614206141142408,0.044749124912437044,0.05843538824336339,0.23384873457948477,-0.026981088819224116,0.060562973761041056,-0.14568233618750887,0.09172015854906063,0.8808390274078001,88.08390274078,0.07156077637643506,0.7405824830042627,1.0210955718113375,0.8808390274078001,0.14614206141142408,-0.026981088819224116,1,FALSE,TRUE,FALSE,TRUE,FALSE,FALSE,TRUE,-0.18773302637285694,-0.5800000000000001,-0.6801365625238144
2025-10-01,3.1,3.37,1.26,4,3.42,3.16,1.47,-0.04999999999999982,0.5800000000000001,-0.6299999999999999,-2.5300000000000002,1.6900000000000002,0.12044769669878999,0.07185949216048815,-0.02039431988310511,0.26128971328068507,-0.026981088817147444,0.060562973768621624,-0.14568233620028984,0.09172015856599494,0.14742878551593744,0.04524664900762001,0.05874698303987726,0.23611058799199763,-0.026981088817147444,0.060562973768621624,-0.14568233620028984,0.09172015856599494,0.87955230330121,87.955230330121,0.07185949216048815,0.7387102867193149,1.0203943198831051,0.87955230330121,0.14742878551593744,-0.026981088817147444,1.0000000000000002,FALSE,TRUE,FALSE,TRUE,FALSE,FALSE,TRUE,-0.279669287251082,-0.6299999999999999,-0.8259947243854873
2025-11-01,3,3.3,1.73,4,3.37,3.1,1.26,-0.07000000000000028,0.6299999999999999,-0.7000000000000002,-2.74,1.84,0.12143265985465114,0.07209946025268144,-0.019879685545381595,0.26274500525468386,-0.02698108881649314,0.060562973776255774,-0.1456823362145982,0.09172015858161191,0.1484137486711443,0.04563289137823434,0.058974925059376654,0.23785257228291193,-0.02698108881649314,0.060562973776255774,-0.1456823362145982,0.09172015858161191,0.8785673401453489,87.8567340145349,0.07209946025268144,0.7372549947453162,1.0198796855453816,0.8785673401453489,0.1484137486711443,-0.02698108881649314,1,FALSE,TRUE,FALSE,TRUE,FALSE,FALSE,TRUE,-0.31762930857590854,-0.7000000000000001,-0.627310411895404
2025-12-01,3.48,3.72,1.65,4,3.3,3,1.73,0.4200000000000004,0.7000000000000002,-0.2799999999999998,-2.27,1.27,0.12039832838088385,0.0724207053787199,-0.021543645896393293,0.262340302658161,-0.026981088825255208,0.06056297378377743,-0.14568233623810242,0.09172015858759201,0.14737941720613906,0.046176457806172584,0.05687522297240738,0.23788361143987075,-0.026981088825255208,0.06056297378377743,-0.14568233623810242,0.09172015858759201,0.8796016716191162,87.96016716191161,0.0724207053787199,0.737659697341839,1.0215436458963933,0.8796016716191162,0.14737941720613906,-0.026981088825255208,1,FALSE,TRUE,FALSE,TRUE,FALSE,FALSE,TRUE,0.027570188232680606,-0.27999999999999986,1.5270680757323967
2026-01-01,3.44,3.64,0.96,4,3.72,3.48,1.65,-0.08000000000000007,0.2799999999999998,-0.3599999999999999,-2.35,1.83,0.1210422247498709,0.07279932131453727,-0.02164182312558123,0.26372627262532305,-0.026981088823521435,0.060562973792313776,-0.1456823362530996,0.09172015860605671,0.14802331357339235,0.04659478632162534,0.056699210515667176,0.23934741663111753,-0.026981088823521435,0.060562973792313776,-0.1456823362530996,0.09172015860605671,0.8789577752501291,87.8957775250129,0.07279932131453727,0.7362737273746769,1.0216418231255813,0.8789577752501291,0.14802331357339235,-0.026981088823521435,0.9999999999999999,FALSE,TRUE,FALSE,TRUE,FALSE,FALSE,TRUE,-0.026175379290758985,-0.3599999999999998,-0.48120705826630417
2026-02-01,3.41,3.62,1.56,4,3.64,3.44,0.96,-0.020000000000000018,0.3599999999999999,-0.3799999999999999,-3.04,2.48,0.12107010333478786,0.07300190641763638,-0.02201100404654284,0.2641512107161186,-0.026981088823722844,0.0605629738004614,-0.14568233626927005,0.09172015862182435,0.1480511921585107,0.04689803887961676,0.05613272500890269,0.2399696593081187,-0.026981088823722844,0.0605629738004614,-0.14568233626927005,0.09172015862182435,0.8789298966652122,87.89298966652122,0.07300190641763638,0.7358487892838814,1.0220110040465429,0.8789298966652122,0.1480511921585107,-0.026981088823722844,0.9999999999999999,FALSE,TRUE,FALSE,TRUE,FALSE,FALSE,TRUE,0.05496621442058792,-0.37999999999999984,0.19744343428120018
2026-03-01,3.37,3.61,2.5,4,3.62,3.41,1.56,-0.010000000000000231,0.3799999999999999,-0.3900000000000001,-2.44,1.85,0.12209223574800501,0.07340396583387072,-0.021776893608790204,0.26596136510480023,-0.02698108882132408,0.060562973808539214,-0.1456823362827035,0.09172015864005534,0.1490733245693291,0.04754300497812488,0.05589074709539585,0.24225590204326233,-0.02698108882132408,0.060562973808539214,-0.1456823362827035,0.09172015864005534,0.877907764251995,87.7907764251995,0.07340396583387072,0.7340386348951998,1.0217768936087903,0.877907764251995,0.1490733245693291,-0.02698108882132408,1.0000000000000002,FALSE,TRUE,FALSE,TRUE,FALSE,FALSE,TRUE,-0.04217993045541839,-0.3900000000000002,-0.6692137537487028
2026-04-01,3.53,3.71,3.24,4,3.61,3.37,2.5,0.10000000000000009,0.3900000000000001,-0.29000000000000004,-1.5,0.8700000000000001,0.12282909062098267,0.07385282308816561,-0.021919782788430056,0.2675779640303954,-0.026981088819904627,0.060562973816590635,-0.14568233629706454,0.09172015865725529,0.1498101794408873,0.04826399973205683,0.05521447821620511,0.24440588066556945,-0.026981088819904627,0.060562973816590635,-0.14568233629706454,0.09172015865725529,0.8771709093790173,87.71709093790173,0.07385282308816561,0.7324220359696045,1.02191978278843,0.8771709093790173,0.1498101794408873,-0.026981088819904627,1,FALSE,TRUE,FALSE,TRUE,FALSE,FALSE,TRUE,-0.08228281679520899,-0.29000000000000004,-0.3781992731781553
2026-05-01,3.66,3.74,2.86,4,3.71,3.53,3.24,0.03000000000000025,0.29000000000000004,-0.2599999999999998,-0.7599999999999998,0.2899999999999996,0.12364934006998395,0.07431430631507085,-0.022004023843632384,0.2693027039836003,-0.02698108881798792,0.06056297382486834,-0.14568233631137184,0.09172015867539601,0.15063042888797187,0.0489507156141059,0.05468878926686187,0.24657206850908187,-0.02698108881798792,0.06056297382486834,-0.14568233631137184,0.09172015867539601,0.876350659930016,87.6350659930016,0.07431430631507085,0.7306972960163998,1.0220040238436323,0.876350659930016,0.15063042888797187,-0.02698108881798792,1,FALSE,TRUE,FALSE,TRUE,FALSE,FALSE,TRUE,-0.15820198578959552,-0.2599999999999998,-0.5969178874256998
2026-06-01,3.68,3.71,2.27,4,3.74,3.66,2.86,-0.03000000000000025,0.2599999999999998,-0.29000000000000004,-1.1400000000000001,0.8000000000000003,0.12430604093882597,0.07472577388454381,-0.022153784591763592,0.27076586646941553,-0.026981088817507094,0.060562973833191584,-0.1456823363272043,0.09172015869219009,0.15128712975633307,0.04955049612933478,0.05416994192674558,0.24840431758592058,-0.026981088817507094,0.060562973833191584,-0.1456823363272043,0.09172015869219009,0.8756939590611741,87.5693959061174,0.07472577388454381,0.7292341335305845,1.0221537845917636,0.8756939590611741,0.15128712975633307,-0.026981088817507094,1.0000000000000002,FALSE,TRUE,FALSE,TRUE,FALSE,FALSE,TRUE,-0.12670624227573274,-0.29000000000000004,-0.17524806705513032
2026-07-01,2.94,3.28,NA,4,3.71,3.68,2.27,-0.43000000000000016,0.29000000000000004,-0.7200000000000002,-1.73,1.4100000000000001,0.125736106969152,0.07511031663523689,-0.02147740850331198,0.27294962244161597,-0.026981088813751736,0.06056297384146564,-0.14568233633966576,0.0917201587121623,0.15271719578290374,0.05012016768513052,0.05448347222093969,0.2509509193448678,-0.026981088813751736,0.06056297384146564,-0.14568233633966576,0.0917201587121623,0.874263893030848,87.42638930308479,0.07511031663523689,0.727050377558384,1.021477408503312,0.874263893030848,0.15271719578290374,-0.026981088813751736,0.9999999999999999,FALSE,TRUE,FALSE,TRUE,FALSE,FALSE,TRUE,-0.46443319971597713,-0.72,-2.178241944965602
