fecha,exp_inf_24m,exp_inf_12m,infl_gt,meta_inflacion,exp24_lag1,infl_lag1,exp12_pronostico_infl_lag1,d_exp24,gap_meta_largo,x_inflacion,sorpresa_inflacion,y_ajustada,lambda_desanclaje,lambda_se,lambda_li_95,lambda_ls_95,parametro_anclaje,anclaje_porcentaje,anclaje_se,anclaje_li_95,anclaje_ls_95,gamma_sorpresa,gamma_sorpresa_se,gamma_sorpresa_li_95,gamma_sorpresa_ls_95,gamma_sorpresa_p_valor,z_anclaje_igual_uno,p_anclaje_igual_uno,anclaje_significativamente_menor_uno,anclaje_significativamente_mayor_cero,lambda_significativamente_positiva,fuera_rango_0_1,contribucion_meta,contribucion_inflacion,contribucion_sorpresa,ajuste_sin_error_estado,residuo_estado_u,ajuste_total_estado
2011-02-01,5.81,5.5,5.24,5,5.85,4.9,3.34,-0.040000000000000036,-0.8499999999999996,-0.09999999999999964,1.5600000000000005,0.8099999999999996,0.43742088243806054,0.08443602981710875,0.2719293049989773,0.6029124598771438,0.5625791175619395,56.25791175619395,0.08443602981710875,0.3970875401228562,0.7280706950010227,-0.1391986075171932,0.04681964631139974,-0.23096342805644027,-0.047433786977946146,0.002948264994008289,-5.180500354949524,2.212915069239566e-7,TRUE,TRUE,TRUE,FALSE,-0.8499999999999996,-0.0437420882438059,-0.21714982772682148,-1.110891915970627,1.0708919159706274,-0.03999999999999959
2011-03-01,6.13,6.24,4.99,5,5.81,5.24,3.97,0.3200000000000003,-0.8099999999999996,0.2400000000000002,1.27,1.13,0.4372846826181501,0.08348203293572612,0.27366290470794036,0.6009064605283598,0.5627153173818499,56.27153173818499,0.08348203293572612,0.3990935394716401,0.7263370952920596,-0.1391986075171932,0.04681964631139974,-0.23096342805644027,-0.047433786977946146,0.002948264994008289,-5.238069405363202,1.6226504404510165e-7,TRUE,TRUE,TRUE,FALSE,-0.8099999999999996,0.10494832382835612,-0.17678223154683537,-0.8818339077184788,1.2018339077184794,0.3200000000000006
2011-04-01,6.19,6.07,5.76114812916453,5,6.13,4.99,5.39,0.0600000000000005,-1.13,-0.009999999999999787,-0.39999999999999947,1.1900000000000004,0.43688165004609236,0.08252574037355846,0.27513417111641475,0.5986291289757699,0.5631183499539076,56.31183499539076,0.08252574037355846,0.40137087102423,0.7248658288835852,-0.1391986075171932,0.04681964631139974,-0.23096342805644027,-0.047433786977946146,0.002948264994008289,-5.293883436471062,1.1974577610039463e-7,TRUE,TRUE,TRUE,FALSE,-1.13,-0.00436881650046083,0.05567944300687721,-1.0786893734935834,1.1386893734935841,0.06000000000000072
2011-05-01,5.74,5.96,6.3930220625962,5,6.19,5.76114812916453,5.04,-0.4500000000000002,-1.1900000000000004,0.7611481291645301,0.7211481291645301,0.7400000000000002,0.4365075514533129,0.08155659533450407,0.2766595618959775,0.5963555410106482,0.5634924485466871,56.34924485466871,0.08155659533450407,0.40364445898935175,0.7233404381040225,-0.1391986075171932,0.04681964631139974,-0.23096342805644027,-0.047433786977946146,0.002948264994008289,-5.352204192229688,8.688926991608155e-8,TRUE,TRUE,TRUE,FALSE,-1.1900000000000004,0.33224690615487895,-0.10038281539333158,-0.958135909238453,0.5081359092384531,-0.44999999999999996
2011-06-01,6.16,6.38,6.42229936695938,5,5.74,6.3930220625962,5.36,0.41999999999999993,-0.7400000000000002,1.3930220625962004,1.0330220625962,1.1600000000000001,0.43906925597265706,0.08053689692419413,0.28121983857462196,0.5969186733706922,0.560930744027343,56.0930744027343,0.08053689692419413,0.40308132662930785,0.7187801614253782,-0.1391986075171932,0.04681964631139974,-0.23096342805644027,-0.047433786977946146,0.002948264994008289,-5.451777666402192,4.9868780467239835e-8,TRUE,TRUE,TRUE,FALSE,-0.7400000000000002,0.6116331605776099,-0.14379523264792984,-0.27216207207032017,0.6921620720703203,0.42000000000000015
2011-07-01,5.88,5.96,7.03967446592064,5,6.16,6.42229936695938,4.81,-0.28000000000000025,-1.1600000000000001,1.42229936695938,1.6122993669593804,0.8799999999999999,0.4388592330406104,0.07990177904677002,0.28225462380826405,0.5954638422729568,0.5611407669593895,56.114076695938955,0.07990177904677002,0.4045361577270432,0.7177453761917358,-0.1391986075171932,0.04681964631139974,-0.23096342805644027,-0.047433786977946146,0.002948264994008289,-5.492483875530818,3.96319746157764e-8,TRUE,TRUE,TRUE,FALSE,-1.1600000000000001,0.6241892093379392,-0.22442982678159784,-0.7602406174436588,0.4802406174436584,-0.28000000000000036
2011-08-01,5.95,6.33,7.6258261311642,5,5.88,7.03967446592064,4.89,0.07000000000000028,-0.8799999999999999,2.0396744659206396,2.14967446592064,0.9500000000000002,0.43915978833869984,0.07894529541551323,0.28442985257541886,0.5938897241019808,0.5608402116613002,56.084021166130015,0.07894529541551323,0.4061102758980192,0.7155701474245811,-0.1391986075171932,0.04681964631139974,-0.23096342805644027,-0.047433786977946146,0.002948264994008289,-5.562836721647155,2.6542421340443776e-8,TRUE,TRUE,TRUE,FALSE,-0.8799999999999999,0.8957430067335588,-0.2992316922714191,-0.2834886855378602,0.3534886855378607,0.0700000000000005
2011-09-01,6.43,6.69,7.24931562404949,5,5.95,7.6258261311642,5.35,0.47999999999999954,-0.9500000000000002,2.6258261311642004,2.2758261311642007,1.4299999999999997,0.442902482248627,0.07791890022937377,0.2901842440840847,0.5956207204131693,0.5570975177513731,55.709751775137306,0.07791890022937377,0.40437927958683073,0.7098157559159154,-0.1391986075171932,0.04681964631139974,-0.23096342805644027,-0.047433786977946146,0.002948264994008289,-5.684146990586786,1.3146717044034326e-8,TRUE,TRUE,TRUE,FALSE,-0.9500000000000002,1.1629849114459332,-0.31679182840929787,-0.10380691696336486,0.5838069169633643,0.4799999999999994
2011-10-01,6.51,6.69,6.65,5,6.43,7.24931562404949,5.89,0.08000000000000007,-1.4299999999999997,2.2493156240494896,1.35931562404949,1.5099999999999998,0.44500372894369644,0.0774570976305894,0.29319060724073853,0.5968168506466544,0.5549962710563036,55.49962710563035,0.0774570976305894,0.40318314935334565,0.7068093927592615,-0.1391986075171932,0.04681964631139974,-0.23096342805644027,-0.047433786977946146,0.002948264994008289,-5.745164001187095,9.183193669870448e-9,TRUE,TRUE,TRUE,FALSE,-1.4299999999999997,1.0009538402733404,-0.1892148420440535,-0.6182610017707127,0.698261001770713,0.0800000000000003
2011-11-01,6.06,6.85,6.05484387510006,5,6.51,6.65,5.96,-0.4500000000000002,-1.5099999999999998,1.6500000000000004,0.6900000000000004,1.0599999999999996,0.4427219354009537,0.07728383070969541,0.29124841062266016,0.5941954601792473,0.5572780645990463,55.72780645990463,0.07728383070969541,0.4058045398207527,0.7087515893773398,-0.1391986075171932,0.04681964631139974,-0.23096342805644027,-0.047433786977946146,0.002948264994008289,-5.728519553643364,1.0131087689755896e-8,TRUE,TRUE,TRUE,FALSE,-1.5099999999999998,0.7304911934115738,-0.09604703918686337,-0.8755558457752894,0.4255558457752892,-0.45000000000000023
2011-12-01,5.62,5.94,6.2,5,6.06,6.05484387510006,5.95,-0.4399999999999995,-1.0599999999999996,1.05484387510006,0.10484387510005977,0.6200000000000001,0.44050906235871634,0.07713378188119088,0.2893296278802141,0.5916884968372186,0.5594909376412837,55.949093764128364,0.07713378188119088,0.4083115031627814,0.7106703721197859,-0.1391986075171932,0.04681964631139974,-0.23096342805644027,-0.047433786977946146,0.002948264994008289,-5.7109745122731335,1.1233107030689661e-8,TRUE,TRUE,TRUE,FALSE,-1.0599999999999996,0.4646682863551623,-0.014594121420634846,-0.6099258350654722,0.1699258350654725,-0.4399999999999996
2012-01-01,5.95,5.97,5.44,4.5,5.62,6.2,5.71,0.33000000000000007,-1.12,1.7000000000000002,0.4900000000000002,1.4500000000000002,0.4426157418232007,0.07664711622209175,0.29239015450904515,0.5928413291373562,0.5573842581767994,55.73842581767994,0.07664711622209175,0.40715867086264385,0.707609845490955,-0.1391986075171932,0.04681964631139974,-0.23096342805644027,-0.047433786977946146,0.002948264994008289,-5.774721393831474,7.708051870985974e-9,TRUE,TRUE,TRUE,FALSE,-1.12,0.7524467610994412,-0.0682073176834247,-0.4357605565839836,0.7657605565839836,0.32999999999999996
2012-02-01,6.11,6,5.17,4.5,5.95,5.44,5.99,0.16000000000000014,-1.4500000000000002,0.9400000000000004,-0.5499999999999998,1.6100000000000003,0.44255670762361154,0.07667731479854563,0.29227193218722203,0.5928414830600011,0.5574432923763885,55.744329237638844,0.07667731479854563,0.40715851693999894,0.707728067812778,-0.1391986075171932,0.04681964631139974,-0.23096342805644027,-0.047433786977946146,0.002948264994008289,-5.771677174485585,7.848637459823536e-9,TRUE,TRUE,TRUE,FALSE,-1.4500000000000002,0.41600330516619505,0.07655923413445624,-0.9574374606993489,1.1174374606993491,0.16000000000000025
2012-03-01,5.47,5.59,4.55,4.5,6.11,5.17,5.5,-0.6400000000000006,-1.6100000000000003,0.6699999999999999,-0.33000000000000007,0.9699999999999998,0.43855590319472526,0.07670710076465685,0.28821274833751304,0.5888990580519375,0.5614440968052747,56.144409680527474,0.07670710076465685,0.4111009419480625,0.711787251662487,-0.1391986075171932,0.04681964631139974,-0.23096342805644027,-0.047433786977946146,0.002948264994008289,-5.717279089197332,1.0824325760586792e-8,TRUE,TRUE,TRUE,FALSE,-1.6100000000000003,0.2938324551404659,0.04593554048067377,-1.2702320043788606,0.6302320043788602,-0.6400000000000005
2012-04-01,5.54,5.84,4.27,4.5,5.47,4.55,6.24,0.07000000000000028,-0.9699999999999998,0.04999999999999982,-1.6900000000000004,1.04,0.43656256211548666,0.0766428578246229,0.28634532110700195,0.5867798031239714,0.5634374378845133,56.34374378845133,0.0766428578246229,0.4132201968760285,0.713654678892998,-0.1391986075171932,0.04681964631139974,-0.23096342805644027,-0.047433786977946146,0.002948264994008289,-5.696063201537262,1.2260544341327244e-8,TRUE,TRUE,TRUE,FALSE,-0.9699999999999998,0.021828128105774256,0.23524564670405657,-0.7129262251901689,0.7829262251901691,0.07000000000000017
2012-05-01,5.28,5.26,3.9,4.5,5.54,4.27,6.07,-0.2599999999999998,-1.04,-0.23000000000000043,-1.8000000000000007,0.7800000000000002,0.4344904602242004,0.07655555459217465,0.2844443304070482,0.5845365900413526,0.5655095397757997,56.550953977579965,0.07655555459217465,0.4154634099586474,0.7155556695929519,-0.1391986075171932,0.04681964631139974,-0.23096342805644027,-0.047433786977946146,0.002948264994008289,-5.675492294959,1.3829036854921738e-8,TRUE,TRUE,TRUE,FALSE,-1.04,-0.09993280585156628,0.25055749353094786,-0.8893753123206185,0.6293753123206185,-0.26
2012-06-01,5.11,4.89,3.47,4.5,5.28,3.9,5.96,-0.16999999999999993,-0.7800000000000002,-0.6000000000000001,-2.06,0.6100000000000003,0.43231804164920384,0.07643744381488642,0.2825034047017226,0.5821326785966852,0.5676819583507962,56.76819583507962,0.07643744381488642,0.4178673214033149,0.7174965952982775,-0.1391986075171932,0.04681964631139974,-0.23096342805644027,-0.047433786977946146,0.002948264994008289,-5.655841169887586,1.5508483532137928e-8,TRUE,TRUE,TRUE,FALSE,-0.7800000000000002,-0.2593908249895223,0.28674913148541803,-0.7526416935041045,0.5826416935041047,-0.16999999999999982
2012-07-01,4.9,4.71,2.86,4.5,5.11,3.47,6.38,-0.20999999999999996,-0.6100000000000003,-1.0299999999999998,-2.9099999999999997,0.40000000000000036,0.4304679204967938,0.07633187549218982,0.28086019365970616,0.5800756473338814,0.5695320795032062,56.95320795032062,0.07633187549218982,0.4199243526661185,0.7191398063402938,-0.1391986075171932,0.04681964631139974,-0.23096342805644027,-0.047433786977946146,0.002948264994008289,-5.639425439518235,1.706185102652425e-8,TRUE,TRUE,TRUE,FALSE,-0.6100000000000003,-0.4433819581116975,0.4050679478750322,-0.6483140102366657,0.43831401023666566,-0.21000000000000002
2012-08-01,4.55,4.44,2.71,4.5,4.9,2.86,5.96,-0.35000000000000053,-0.40000000000000036,-1.6400000000000001,-3.1,0.04999999999999982,0.42852664762489506,0.07602546386773804,0.27951947653617737,0.5775338187136128,0.571473352375105,57.1473352375105,0.07602546386773804,0.42246618128638724,0.7204805234638227,-0.1391986075171932,0.04681964631139974,-0.23096342805644027,-0.047433786977946146,0.002948264994008289,-5.636619966836446,1.7342023844218695e-8,TRUE,TRUE,TRUE,FALSE,-0.40000000000000036,-0.702783702104828,0.431515683303299,-0.6712680188015294,0.3212680188015289,-0.35000000000000053
2012-09-01,4.67,4.51,3.28,4.5,4.55,2.71,6.33,0.1200000000000001,-0.04999999999999982,-1.79,-3.62,0.16999999999999993,0.4248689842655998,0.07605531872577408,0.2758032987303679,0.5739346698008317,0.5751310157344002,57.51310157344002,0.07605531872577408,0.42606533019916826,0.7241967012696321,-0.1391986075171932,0.04681964631139974,-0.23096342805644027,-0.047433786977946146,0.002948264994008289,-5.586315216132514,2.3193808639855168e-8,TRUE,TRUE,TRUE,FALSE,-0.04999999999999982,-0.7605154818354237,0.5038989592122394,-0.3066165226231842,0.42661652262318434,0.12000000000000016
2012-10-01,4.76,4.7,3.35,4.5,4.67,3.28,6.69,0.08999999999999986,-0.16999999999999993,-1.2200000000000002,-3.4100000000000006,0.2599999999999998,0.42326309585586,0.07632829310152466,0.2736623903754547,0.5728638013362654,0.5767369041441399,57.67369041441399,0.07632829310152466,0.42713619866373453,0.7263376096245453,-0.1391986075171932,0.04681964631139974,-0.23096342805644027,-0.047433786977946146,0.002948264994008289,-5.545297538527105,2.93454719200583e-8,TRUE,TRUE,TRUE,FALSE,-0.16999999999999993,-0.5163809769441493,0.47466725163362894,-0.2117137253105203,0.30171372531051993,0.08999999999999964
2012-11-01,4.82,4.48,3.11,4.5,4.76,3.35,6.69,0.0600000000000005,-0.2599999999999998,-1.15,-3.3400000000000003,0.3200000000000003,0.42072934856179506,0.07637473736659567,0.27103761399456205,0.5704210831290281,0.5792706514382049,57.927065143820485,0.07637473736659567,0.42957891687097194,0.7289623860054378,-0.1391986075171932,0.04681964631139974,-0.23096342805644027,-0.047433786977946146,0.002948264994008289,-5.508750184531714,3.6139034197349374e-8,TRUE,TRUE,TRUE,FALSE,-0.2599999999999998,-0.48383875084606426,0.46492334910742533,-0.27891540173863866,0.33891540173863927,0.06000000000000061
2012-12-01,4.93,4.65,3.45,4.5,4.82,3.11,6.85,0.10999999999999943,-0.3200000000000003,-1.3900000000000001,-3.7399999999999998,0.4299999999999997,0.4175957936033487,0.07634294662666155,0.26796636774142846,0.5672252194652689,0.5824042063966512,58.240420639665125,0.07634294662666155,0.43277478053473106,0.7320336322585714,-0.1391986075171932,0.04681964631139974,-0.23096342805644027,-0.047433786977946146,0.002948264994008289,-5.469998369928128,4.500397180839594e-8,TRUE,TRUE,TRUE,FALSE,-0.3200000000000003,-0.5804581531086548,0.5206027921143026,-0.37985536099435246,0.48985536099435184,0.10999999999999938
2013-01-01,4.83,4.53,3.86,4,4.93,3.45,5.94,-0.09999999999999964,-0.9299999999999997,-0.5499999999999998,-2.49,0.8300000000000001,0.4140646816084215,0.07647023623004347,0.2641857727082664,0.5639435905085767,0.5859353183915785,58.593531839157855,0.07647023623004347,0.4360564094914234,0.7358142272917336,-0.1391986075171932,0.04681964631139974,-0.23096342805644027,-0.047433786977946146,0.002948264994008289,-5.414716914994236,6.138574562198089e-8,TRUE,TRUE,TRUE,FALSE,-0.9299999999999997,-0.22773557488463175,0.3466045327178111,-0.8111310421668203,0.7111310421668203,-0.09999999999999998
2013-02-01,4.61,4.41,4.18,4,4.83,3.86,5.97,-0.21999999999999975,-0.8300000000000001,-0.14000000000000012,-2.11,0.6100000000000003,0.41205897484712645,0.07655382106642021,0.2620162426780192,0.5621017070162337,0.5879410251528736,58.79410251528736,0.07655382106642021,0.43789829298376637,0.7379837573219808,-0.1391986075171932,0.04681964631139974,-0.23096342805644027,-0.047433786977946146,0.002948264994008289,-5.382604932151103,7.341555301612223e-8,TRUE,TRUE,TRUE,FALSE,-0.8300000000000001,-0.05768825647859775,0.29370906186127765,-0.5939791946173202,0.3739791946173204,-0.2199999999999998
2013-03-01,4.66,4.59,4.34,4,4.61,4.18,6,0.04999999999999982,-0.6100000000000003,0.17999999999999972,-1.8200000000000003,0.6600000000000001,0.4098585441859213,0.07660513749646906,0.25971523366210314,0.5600018547097395,0.5901414558140787,59.014145581407874,0.07660513749646906,0.43999814529026054,0.7402847663378969,-0.1391986075171932,0.04681964631139974,-0.23096342805644027,-0.047433786977946146,0.002948264994008289,-5.350274897748376,8.782072765371182e-8,TRUE,TRUE,TRUE,FALSE,-0.6100000000000003,0.07377453795346572,0.2533414656812917,-0.28288399636524286,0.33288399636524263,0.04999999999999977
2013-04-01,4.93,4.85,4.13,4,4.66,4.34,5.59,0.2699999999999996,-0.6600000000000001,0.33999999999999986,-1.25,0.9299999999999997,0.40793526754781634,0.07664909853691786,0.2577057949679956,0.5581647401276371,0.5920647324521837,59.20647324521837,0.07664909853691786,0.441835259872363,0.7422942050320045,-0.1391986075171932,0.04681964631139974,-0.23096342805644027,-0.047433786977946146,0.002948264994008289,-5.322114354043384,1.0256805895180249e-7,TRUE,TRUE,TRUE,FALSE,-0.6600000000000001,0.13869799096625748,0.1739982593964915,-0.3473037496372512,0.6173037496372507,0.26999999999999946
2013-05-01,4.83,4.71,4.27,4,4.93,4.13,5.84,-0.09999999999999964,-0.9299999999999997,0.1299999999999999,-1.71,0.8300000000000001,0.40539474801787495,0.07666089281791305,0.2551421590720801,0.5556473369636699,0.594605251982125,59.4605251982125,0.07666089281791305,0.44435266303633014,0.7448578409279198,-0.1391986075171932,0.04681964631139974,-0.23096342805644027,-0.047433786977946146,0.002948264994008289,-5.288155839520147,1.2355569446264172e-7,TRUE,TRUE,TRUE,FALSE,-0.9299999999999997,0.0527013172423237,0.23802961885440038,-0.6392690639032756,0.5392690639032759,-0.09999999999999976
2013-06-01,5.21,4.87,4.79,4,4.83,4.27,5.26,0.3799999999999999,-0.8300000000000001,0.2699999999999996,-0.9900000000000002,1.21,0.40315982954922847,0.07665329105848785,0.25292213977812616,0.5533975193203308,0.5968401704507715,59.684017045077155,0.07665329105848785,0.44660248067966923,0.7470778602218738,-0.1391986075171932,0.04681964631139974,-0.23096342805644027,-0.047433786977946146,0.002948264994008289,-5.259524072379492,1.4442872197118238e-7,TRUE,TRUE,TRUE,FALSE,-0.8300000000000001,0.10885315397829151,0.1378066214420213,-0.5833402245796873,0.9633402245796872,0.3799999999999999
2013-07-01,4.81,4.88,4.74,4,5.21,4.79,4.89,-0.40000000000000036,-1.21,0.79,-0.09999999999999964,0.8099999999999996,0.39971171051168103,0.07658963979520236,0.24959877492418875,0.5498246460991734,0.600288289488319,60.0288289488319,0.07658963979520236,0.45017535390082675,0.7504012250758113,-0.1391986075171932,0.04681964631139974,-0.23096342805644027,-0.047433786977946146,0.002948264994008289,-5.2188744010351025,1.800137804030238e-7,TRUE,TRUE,TRUE,FALSE,-1.21,0.31577225130422804,0.013919860751719271,-0.8803078879440527,0.4803078879440521,-0.4000000000000006
2013-08-01,4.89,4.85,4.42,4,4.81,4.74,4.71,0.08000000000000007,-0.8099999999999996,0.7400000000000002,0.03000000000000025,0.8899999999999997,0.3985080968828113,0.0765791961325612,0.2484156304979624,0.5486005632676603,0.6014919031171887,60.14919031171887,0.0765791961325612,0.4513994367323398,0.7515843695020377,-0.1391986075171932,0.04681964631139974,-0.23096342805644027,-0.047433786977946146,0.002948264994008289,-5.2038688966254,1.9518172766748075e-7,TRUE,TRUE,TRUE,FALSE,-0.8099999999999996,0.29489599169328046,-0.00417595822551583,-0.519279966532235,0.5992799665322351,0.08000000000000018
2013-09-01,4.91,4.84,4.21,4,4.89,4.42,4.44,0.020000000000000462,-0.8899999999999997,0.41999999999999993,-0.020000000000000462,0.9100000000000001,0.39733010748881353,0.0766008270543516,0.24719524527630302,0.5474649697013241,0.6026698925111864,60.266989251118645,0.0766008270543516,0.4525350302986759,0.7528047547236969,-0.1391986075171932,0.04681964631139974,-0.23096342805644027,-0.047433786977946146,0.002948264994008289,-5.187021116715759,2.1368450931373954e-7,TRUE,TRUE,TRUE,FALSE,-0.8899999999999997,0.16687864514530165,0.0027839721503439283,-0.720337382704354,0.7403373827043546,0.020000000000000573
2013-10-01,4.71,4.72,4.15,4,4.91,4.21,4.51,-0.20000000000000018,-0.9100000000000001,0.20999999999999996,-0.2999999999999998,0.71,0.3955139775756342,0.07656492089994052,0.24544949013259276,0.5455784650186757,0.6044860224243658,60.44860224243658,0.07656492089994052,0.4544215349813243,0.7545505098674072,-0.1391986075171932,0.04681964631139974,-0.23096342805644027,-0.047433786977946146,0.002948264994008289,-5.1657335098995905,2.394978184851131e-7,TRUE,TRUE,TRUE,FALSE,-0.9100000000000001,0.08305793529088318,0.04175958225515794,-0.785182482453959,0.5851824824539589,-0.20000000000000018
2013-11-01,4.7,4.69,4.63,4,4.71,4.15,4.7,-0.009999999999999787,-0.71,0.15000000000000036,-0.5499999999999998,0.7000000000000002,0.39381886671026334,0.07649127733226821,0.24389871800755267,0.543739015412974,0.6061811332897367,60.618113328973664,0.07649127733226821,0.456260984587026,0.7561012819924473,-0.1391986075171932,0.04681964631139974,-0.23096342805644027,-0.047433786977946146,0.002948264994008289,-5.1485460884587555,2.6251328816139514e-7,TRUE,TRUE,TRUE,FALSE,-0.71,0.059072830006539644,0.07655923413445624,-0.5743679358590041,0.5643679358590041,-0.010000000000000009
2013-12-01,5.19,5.09,4.39,4,4.7,4.63,4.48,0.4900000000000002,-0.7000000000000002,0.6299999999999999,0.14999999999999947,1.1900000000000004,0.3924166222225567,0.07638267290631914,0.24270933428326782,0.5421239101618456,0.6075833777774433,60.75833777774433,0.07638267290631914,0.4578760898381544,0.7572906657167322,-0.1391986075171932,0.04681964631139974,-0.23096342805644027,-0.047433786977946146,0.002948264994008289,-5.137508381041377,2.784050553081072e-7,TRUE,TRUE,TRUE,FALSE,-0.7000000000000002,0.24722247200021066,-0.020879791127578907,-0.47365731912736847,0.9636573191273687,0.49000000000000027
2014-01-01,4.94,4.73,4.14,4,5.19,4.39,4.65,-0.25,-1.1900000000000004,0.3899999999999997,-0.2600000000000007,0.9400000000000004,0.3890798166145603,0.07630838604854578,0.23951812824103189,0.5386415049880887,0.6109201833854396,61.092018338543966,0.07630838604854578,0.4613584950119112,0.7604818717589681,-0.1391986075171932,0.04681964631139974,-0.23096342805644027,-0.047433786977946146,0.002948264994008289,-5.098781887052834,3.418461726350504e-7,TRUE,TRUE,TRUE,FALSE,-1.1900000000000004,0.1517411284796784,0.03619163795447033,-1.0020672335658518,0.7520672335658516,-0.2500000000000002
2014-02-01,4.68,4.56,3.5,4,4.94,4.14,4.53,-0.2600000000000007,-0.9400000000000004,0.13999999999999968,-0.39000000000000057,0.6799999999999997,0.38576293807339873,0.0762267172833001,0.2363613175384137,0.5351645586083837,0.6142370619266013,61.423706192660134,0.0762267172833001,0.46483544139161626,0.7636386824615864,-0.1391986075171932,0.04681964631139974,-0.23096342805644027,-0.047433786977946146,0.002948264994008289,-5.06073135275776,4.176513396140677e-7,TRUE,TRUE,TRUE,FALSE,-0.9400000000000004,0.0540068113302757,0.05428745693170543,-0.8317057317380192,0.5717057317380186,-0.26000000000000056
2014-03-01,4.54,4.46,3.25,4,4.68,3.5,4.41,-0.13999999999999968,-0.6799999999999997,-0.5,-0.9100000000000001,0.54,0.3825801512482295,0.07612856812575544,0.23337089952714496,0.5317894029693141,0.6174198487517705,61.741984875177046,0.07612856812575544,0.4682105970306859,0.766629100472855,-0.1391986075171932,0.04681964631139974,-0.23096342805644027,-0.047433786977946146,0.002948264994008289,-5.025447879385464,5.022589665097377e-7,TRUE,TRUE,TRUE,FALSE,-0.6799999999999997,-0.19129007562411476,0.12667073284064584,-0.7446193427834686,0.604619342783469,-0.13999999999999968
2014-04-01,4.66,4.51,3.27,4,4.54,3.25,4.59,0.1200000000000001,-0.54,-0.75,-1.3399999999999999,0.6600000000000001,0.3791446863188879,0.0760670317999511,0.2300560435801208,0.5282333290576551,0.6208553136811121,62.08553136811121,0.0760670317999511,0.47176667094234503,0.7699439564198792,-0.1391986075171932,0.04681964631139974,-0.23096342805644027,-0.047433786977946146,0.002948264994008289,-4.98434968931089,6.217055367233e-7,TRUE,TRUE,TRUE,FALSE,-0.54,-0.28435851473916596,0.1865261340730389,-0.6378323806661271,0.7578323806661271,0.12
2014-05-01,4.28,4.19,3.22,4,4.66,3.27,4.85,-0.3799999999999999,-0.6600000000000001,-0.73,-1.5799999999999996,0.28000000000000025,0.3778558251183572,0.07603045896508723,0.22883886381873578,0.5268727864179786,0.6221441748816428,62.21441748816427,0.07603045896508723,0.47312721358202137,0.7711611361812641,-0.1391986075171932,0.04681964631139974,-0.23096342805644027,-0.047433786977946146,0.002948264994008289,-4.969795398602902,6.702358827190955e-7,TRUE,TRUE,TRUE,FALSE,-0.6600000000000001,-0.27583475233640076,0.21993379987716521,-0.7159009524592357,0.3359009524592355,-0.38000000000000017
2014-06-01,4.36,4.24,3.13,4,4.28,3.22,4.71,0.08000000000000007,-0.28000000000000025,-0.7799999999999998,-1.4899999999999998,0.3600000000000003,0.37472324893622094,0.07590974827547584,0.22594287624078685,0.5235036216316551,0.6252767510637791,62.52767510637791,0.07590974827547584,0.476496378368345,0.7740571237592132,-0.1391986075171932,0.04681964631139974,-0.23096342805644027,-0.047433786977946146,0.002948264994008289,-4.936431189000303,7.956509201313925e-7,TRUE,TRUE,TRUE,FALSE,-0.28000000000000025,-0.2922841341702523,0.20740592520061785,-0.36487820896963463,0.4448782089696347,0.08000000000000007
2014-07-01,4.41,4.24,3.41,4,4.36,3.13,4.87,0.04999999999999982,-0.3600000000000003,-0.8700000000000001,-1.7400000000000002,0.41000000000000014,0.3718590567509634,0.07579171271853062,0.2233100294960371,0.5204080840058898,0.6281409432490366,62.81409432490366,0.07579171271853062,0.4795919159941102,0.7766899705039629,-0.1391986075171932,0.04681964631139974,-0.23096342805644027,-0.047433786977946146,0.002948264994008289,-4.9063287187076075,9.279695176076613e-7,TRUE,TRUE,TRUE,FALSE,-0.3600000000000003,-0.32351737937333824,0.24220557707991622,-0.4413118022934224,0.49131180229342203,0.049999999999999656
2014-08-01,4.06,4.09,3.7,4,4.41,3.41,4.88,-0.35000000000000053,-0.41000000000000014,-0.5899999999999999,-1.4699999999999998,0.05999999999999961,0.3709767531053292,0.07569255217902736,0.2226220769365168,0.5193314292741416,0.6290232468946708,62.90232468946708,0.07569255217902736,0.48066857072585845,0.7773779230634832,-0.1391986075171932,0.04681964631139974,-0.23096342805644027,-0.047433786977946146,0.002948264994008289,-4.901099810030163,9.53016196946325e-7,TRUE,TRUE,TRUE,FALSE,-0.41000000000000014,-0.21887628433214418,0.20462195305027397,-0.4242543312818703,0.07425433128186983,-0.3500000000000005
2014-09-01,4.13,4.24,3.45,4,4.06,3.7,4.85,0.07000000000000028,-0.05999999999999961,-0.2999999999999998,-1.1499999999999995,0.1299999999999999,0.36888125851622117,0.07556119041392219,0.22078404667596052,0.5169784703564818,0.6311187414837789,63.111874148377886,0.07556119041392219,0.48302152964351824,0.7792159533240395,-0.1391986075171932,0.04681964631139974,-0.23096342805644027,-0.047433786977946146,0.002948264994008289,-4.881887864596884,1.0507500529988742e-6,TRUE,TRUE,TRUE,FALSE,-0.05999999999999961,-0.11066437755486629,0.1600783986447721,-0.010585978910093802,0.080585978910094,0.0700000000000002
2014-10-01,4.17,4.08,3.64,4,4.13,3.45,4.84,0.040000000000000036,-0.1299999999999999,-0.5499999999999998,-1.3899999999999997,0.16999999999999993,0.36664776907437197,0.07536710151346551,0.2189309644888054,0.5143645736599385,0.6333522309256281,63.335223092562806,0.07536710151346551,0.4856354263400615,0.7810690355111947,-0.1391986075171932,0.04681964631139974,-0.23096342805644027,-0.047433786977946146,0.002948264994008289,-4.864825125441032,1.1455804954286412e-6,TRUE,TRUE,TRUE,FALSE,-0.1299999999999999,-0.20165627299090452,0.19348606444889851,-0.13817020854200587,0.17817020854200588,0.04000000000000001
2014-11-01,4.16,4.16,3.38,4,4.17,3.64,4.72,-0.009999999999999787,-0.16999999999999993,-0.3599999999999999,-1.0799999999999996,0.16000000000000014,0.3647679652921041,0.07518321401997681,0.21741157357098273,0.5121243570132255,0.6352320347078959,63.52320347078959,0.07518321401997681,0.48787564298677455,0.7825884264290173,-0.1391986075171932,0.04681964631139974,-0.23096342805644027,-0.047433786977946146,0.002948264994008289,-4.851720826874762,1.223948291618595e-6,TRUE,TRUE,TRUE,FALSE,-0.16999999999999993,-0.13131646750515744,0.1503344961185686,-0.15098197138658878,0.14098197138658888,-0.009999999999999898
2014-12-01,4.21,4.2,2.95,4,4.16,3.38,4.69,0.04999999999999982,-0.16000000000000014,-0.6200000000000001,-1.3100000000000005,0.20999999999999996,0.36262717523949223,0.07494090258559954,0.21574570520279254,0.5095086452761919,0.6373728247605077,63.73728247605077,0.07494090258559954,0.490491354723808,0.7842542947972074,-0.1391986075171932,0.04681964631139974,-0.23096342805644027,-0.047433786977946146,0.002948264994008289,-4.838841843748674,1.3059791664314393e-6,TRUE,TRUE,TRUE,FALSE,-0.16000000000000014,-0.2248288486484852,0.18235017584752317,-0.20247867280096216,0.2524786728009619,0.04999999999999977
2015-01-01,3.89,3.75,2.32,4,4.21,2.95,5.09,-0.31999999999999984,-0.20999999999999996,-1.0499999999999998,-2.1399999999999997,-0.10999999999999988,0.361659643350828,0.07468998554361686,0.2152699616795217,0.5080493250221343,0.638340356649172,63.8340356649172,0.07468998554361686,0.4919506749778657,0.7847300383204783,-0.1391986075171932,0.04681964631139974,-0.23096342805644027,-0.047433786977946146,0.002948264994008289,-4.842143705324845,1.2844581348991895e-6,TRUE,TRUE,TRUE,FALSE,-0.20999999999999996,-0.37974262551836935,0.2978850200867934,-0.2918576054315759,-0.028142394568424083,-0.32
2015-02-01,4.07,3.79,2.44,4,3.89,2.32,4.73,0.18000000000000016,0.10999999999999988,-1.6800000000000002,-2.4100000000000006,0.07000000000000028,0.35740259321522694,0.07424527727128571,0.21188452374131672,0.5029206626891372,0.6425974067847731,64.2597406784773,0.07424527727128571,0.49707933731086285,0.7881154762586833,-0.1391986075171932,0.04681964631139974,-0.23096342805644027,-0.047433786977946146,0.002948264994008289,-4.81380912498056,1.4808025236278966e-6,TRUE,TRUE,TRUE,FALSE,0.10999999999999988,-0.6004363566015813,0.33546864411643573,-0.15496771248514574,0.3349677124851457,0.17999999999999994
2015-03-01,4.11,3.82,2.43,4,4.07,2.44,4.56,0.040000000000000036,-0.07000000000000028,-1.56,-2.1199999999999997,0.11000000000000032,0.3558328973214282,0.07408219854106193,0.21063445628540112,0.5010313383574553,0.6441671026785718,64.41671026785718,0.07408219854106193,0.4989686616425447,0.7893655437145989,-0.1391986075171932,0.04681964631139974,-0.23096342805644027,-0.047433786977946146,0.002948264994008289,-4.803217295504517,1.5613628148270677e-6,TRUE,TRUE,TRUE,FALSE,-0.07000000000000028,-0.555099319821428,0.29510104793644953,-0.32999827188497877,0.3699982718849788,0.040000000000000036
2015-04-01,3.82,3.62,2.58,4,4.11,2.43,4.46,-0.2900000000000005,-0.11000000000000032,-1.5699999999999998,-2.03,-0.18000000000000016,0.3566158448038368,0.07387785472596248,0.21181791028586813,0.5014137793218054,0.6433841551961632,64.33841551961632,0.07387785472596248,0.4985862206781946,0.7881820897141318,-0.1391986075171932,0.04681964631139974,-0.23096342805644027,-0.047433786977946146,0.002948264994008289,-4.8271007073316285,1.3853507611398463e-6,TRUE,TRUE,TRUE,FALSE,-0.11000000000000032,-0.5598868763420237,0.28257317325990217,-0.3873137030821219,0.09731370308212152,-0.29000000000000037
2015-05-01,3.57,3.46,2.55,4,3.82,2.58,4.51,-0.25,0.18000000000000016,-1.42,-1.9299999999999997,-0.43000000000000016,0.35748740181422006,0.07374123844340116,0.21295723028977334,0.5020175733386668,0.64251259818578,64.251259818578,0.07374123844340116,0.4979824266613333,0.7870427697102267,-0.1391986075171932,0.04681964631139974,-0.23096342805644027,-0.047433786977946146,0.002948264994008289,-4.847862734073871,1.2479870145092685e-6,TRUE,TRUE,TRUE,FALSE,0.18000000000000016,-0.5076321105761925,0.26865331250818286,-0.058978798068009486,-0.19102120193199043,-0.24999999999999992
2015-06-01,3.67,3.25,2.39,4,3.57,2.55,4.19,0.10000000000000009,0.43000000000000016,-1.4500000000000002,-1.6400000000000006,-0.33000000000000007,0.35528382808558934,0.07345112238345165,0.21132227358998032,0.4992453825811983,0.6447161719144107,64.47161719144107,0.07345112238345165,0.5007546174188017,0.7886777264100197,-0.1391986075171932,0.04681964631139974,-0.23096342805644027,-0.047433786977946146,0.002948264994008289,-4.837010198848015,1.318066676086218e-6,TRUE,TRUE,TRUE,FALSE,0.43000000000000016,-0.5151615507241046,0.22828571632819694,0.14312416560409247,-0.04312416560409239,0.10000000000000007
2015-07-01,3.56,3.16,2.32,4,3.67,2.39,4.24,-0.10999999999999988,0.33000000000000007,-1.6099999999999999,-1.85,-0.43999999999999995,0.3546275423043017,0.07319061642509755,0.21117657010482482,0.4980785145037786,0.6453724576956983,64.53724576956984,0.07319061642509755,0.5019214854962214,0.7888234298951752,-0.1391986075171932,0.04681964631139974,-0.23096342805644027,-0.047433786977946146,0.002948264994008289,-4.84525967433576,1.2644618711229847e-6,TRUE,TRUE,TRUE,FALSE,0.33000000000000007,-0.5709503431099258,0.25751742390680743,0.01656708079688174,-0.12656708079688156,-0.10999999999999982
2015-08-01,3.31,3.04,1.96,4,3.56,2.32,4.24,-0.25,0.43999999999999995,-1.6800000000000002,-1.9200000000000004,-0.69,0.35504224033832177,0.07292945229765953,0.21210314042267722,0.49798134025396634,0.6449577596616782,64.49577596616783,0.07292945229765953,0.5020186597460337,0.7878968595773228,-0.1391986075171932,0.04681964631139974,-0.23096342805644027,-0.047433786977946146,0.002948264994008289,-4.868297089209264,1.1256402025145916e-6,TRUE,TRUE,TRUE,FALSE,0.43999999999999995,-0.5964709637683806,0.267261326433011,0.11079036266463033,-0.3607903626646301,-0.24999999999999978
2015-09-01,3.4,3.06,1.88,4,3.31,1.96,4.09,0.08999999999999986,0.69,-2.04,-2.13,-0.6000000000000001,0.3519271189017744,0.0725230899993382,0.20978447445551462,0.4940697633480342,0.6480728810982256,64.80728810982257,0.0725230899993382,0.5059302366519658,0.7902155255444854,-0.1391986075171932,0.04681964631139974,-0.23096342805644027,-0.047433786977946146,0.002948264994008289,-4.852621680970652,1.2183998058353937e-6,TRUE,TRUE,TRUE,FALSE,0.69,-0.7179313225596198,0.2964930340116215,0.2685617114520017,-0.17856171145200173,0.08999999999999997
2015-10-01,3.28,2.94,2.23,4,3.4,1.88,4.24,-0.1200000000000001,0.6000000000000001,-2.12,-2.3600000000000003,-0.7200000000000002,0.3516768004834253,0.07231468663932367,0.20994261911705112,0.4934109818497995,0.6483231995165747,64.83231995165747,0.07231468663932367,0.5065890181502005,0.7900573808829489,-0.1391986075171932,0.04681964631139974,-0.23096342805644027,-0.047433786977946146,0.002948264994008289,-4.863144913251807,1.1553519645454907e-6,TRUE,TRUE,TRUE,FALSE,0.6000000000000001,-0.7455548170248617,0.328508713740576,0.18295389671571438,-0.3029538967157143,-0.11999999999999994
2015-11-01,3.37,3.02,2.51,4,3.28,2.23,4.08,0.0900000000000003,0.7200000000000002,-1.77,-1.85,-0.6299999999999999,0.3496190074925541,0.0721642322811231,0.20817971124957008,0.4910583037355381,0.650380992507446,65.0380992507446,0.0721642322811231,0.508941696264462,0.79182028875043,-0.1391986075171932,0.04681964631139974,-0.23096342805644027,-0.047433786977946146,0.002948264994008289,-4.844768612386503,1.267593187290177e-6,TRUE,TRUE,TRUE,FALSE,0.7200000000000002,-0.6188256432618208,0.25751742390680743,0.35869178064498686,-0.26869178064498644,0.09000000000000041
2015-12-01,3.65,3.17,3.07,4,3.37,2.51,4.16,0.2799999999999998,0.6299999999999999,-1.4900000000000002,-1.6500000000000004,-0.3500000000000001,0.345964557554228,0.07204352060176379,0.2047618518553016,0.4871672632531544,0.6540354424457719,65.40354424457719,0.07204352060176379,0.5128327367468455,0.7952381481446984,-0.1391986075171932,0.04681964631139974,-0.23096342805644027,-0.047433786977946146,0.002948264994008289,-4.802160619920594,1.5696270513960726e-6,TRUE,TRUE,TRUE,FALSE,0.6299999999999999,-0.5154871907557999,0.22967770240336885,0.34419051164756886,-0.06419051164756916,0.2799999999999997
2016-01-01,3.8,3.62,4.38,4,3.65,3.07,4.2,0.1499999999999999,0.3500000000000001,-0.9300000000000002,-1.1300000000000003,-0.20000000000000018,0.34351372658241025,0.07196824436558776,0.2024585595952806,0.4845688935695399,0.6564862734175898,65.64862734175898,0.07196824436558776,0.5154311064304602,0.7975414404047194,-0.1391986075171932,0.04681964631139974,-0.23096342805644027,-0.047433786977946146,0.002948264994008289,-4.773129171213523,1.813853715567325e-6,TRUE,TRUE,TRUE,FALSE,0.3500000000000001,-0.3194677657216416,0.15729442649442837,0.18782666077278687,-0.03782666077278699,0.14999999999999988
2016-02-01,4.09,3.94,4.27,4,3.8,4.38,3.75,0.29000000000000004,0.20000000000000018,0.3799999999999999,0.6299999999999999,0.08999999999999986,0.3407563910442958,0.07191748002151492,0.1998007203432477,0.48171206174534387,0.6592436089557042,65.92436089557042,0.07191748002151492,0.5182879382546561,0.8001992796567523,-0.1391986075171932,0.04681964631139974,-0.23096342805644027,-0.047433786977946146,0.002948264994008289,-4.738158107630505,2.1566951831249666e-6,TRUE,TRUE,TRUE,FALSE,0.20000000000000018,0.12948742859683235,-0.0876951227358317,0.24179230586100087,0.04820769413899913,0.29
2016-03-01,3.99,3.99,4.26,4,4.09,4.27,3.79,-0.09999999999999964,-0.08999999999999986,0.2699999999999996,0.47999999999999954,-0.009999999999999787,0.3377018148699383,0.07190161590587407,0.19677723726419283,0.4786263924756837,0.6622981851300618,66.22981851300618,0.07190161590587407,0.5213736075243163,0.8032227627358073,-0.1391986075171932,0.04681964631139974,-0.23096342805644027,-0.047433786977946146,0.002948264994008289,-4.6967207984869415,2.64371430320185e-6,TRUE,TRUE,TRUE,FALSE,-0.08999999999999986,0.0911794900148832,-0.06681533160825268,-0.06563584159336934,-0.0343641584066303,-0.09999999999999964
2016-04-01,4.19,4.18,4.09,4,3.99,4.26,3.82,0.20000000000000018,0.009999999999999787,0.2599999999999998,0.43999999999999995,0.1900000000000004,0.335023157717668,0.0718458697565205,0.19420784055693233,0.4758384748784037,0.664976842282332,66.4976842282332,0.0718458697565205,0.5241615251215963,0.8057921594430677,-0.1391986075171932,0.04681964631139974,-0.23096342805644027,-0.047433786977946146,0.002948264994008289,-4.6630816615211534,3.1150906768813976e-6,TRUE,TRUE,TRUE,FALSE,0.009999999999999787,0.0871060210065936,-0.061247387307565,0.03585863369902839,0.16414136630097179,0.20000000000000018
2016-05-01,4.16,4.15,4.36,4,4.19,4.09,3.62,-0.03000000000000025,-0.1900000000000004,0.08999999999999986,0.46999999999999975,0.16000000000000014,0.33213757195643523,0.07177198039803766,0.19146707527716672,0.47280806863570374,0.6678624280435648,66.78624280435648,0.07177198039803766,0.5271919313642963,0.8085329247228332,-0.1391986075171932,0.04681964631139974,-0.23096342805644027,-0.047433786977946146,0.002948264994008289,-4.627677404391593,3.6978943013339654e-6,TRUE,TRUE,TRUE,FALSE,-0.1900000000000004,0.029892381476079123,-0.06542334553308077,-0.22553096405700204,0.19553096405700182,-0.03000000000000022
2016-06-01,4.39,4.33,4.43,4,4.16,4.36,3.46,0.22999999999999954,-0.16000000000000014,0.3600000000000003,0.9000000000000004,0.3899999999999997,0.3293254781007649,0.07165432862491472,0.18888557465953462,0.4697653815419952,0.6706745218992352,67.06745218992351,0.07165432862491472,0.5302346184580049,0.8111144253404654,-0.1391986075171932,0.04681964631139974,-0.23096342805644027,-0.047433786977946146,0.002948264994008289,-4.59603047604658,4.306157432283232e-6,TRUE,TRUE,TRUE,FALSE,-0.16000000000000014,0.11855717211627546,-0.12527874676547393,-0.16672157464919862,0.3967215746491982,0.2299999999999996
2016-07-01,4.41,4.28,4.62,4,4.39,4.43,3.25,0.020000000000000462,-0.3899999999999997,0.4299999999999997,1.1799999999999997,0.41000000000000014,0.3262173341779006,0.07151681476777799,0.1860469529440335,0.4663877154117677,0.6737826658220993,67.37826658220993,0.07151681476777799,0.5336122845882323,0.8139530470559664,-0.1391986075171932,0.04681964631139974,-0.23096342805644027,-0.047433786977946146,0.002948264994008289,-4.561407484899319,5.081186344266e-6,TRUE,TRUE,TRUE,FALSE,-0.3899999999999997,0.14027345369649716,-0.16425435687028794,-0.41398090317379044,0.43398090317379084,0.020000000000000406
2016-08-01,4.45,4.4,4.74,4,4.41,4.62,3.16,0.040000000000000036,-0.41000000000000014,0.6200000000000001,1.46,0.4500000000000002,0.323053438989679,0.07132502197889916,0.1832589647145089,0.4628479132648491,0.676946561010321,67.69465610103211,0.07132502197889916,0.5371520867351509,0.8167410352854911,-0.1391986075171932,0.04681964631139974,-0.23096342805644027,-0.047433786977946146,0.002948264994008289,-4.529314257838593,5.9175429134613075e-6,TRUE,TRUE,TRUE,FALSE,-0.41000000000000014,0.200293132173601,-0.20322996697510207,-0.41293683480150123,0.4529368348015012,0.03999999999999998
2016-09-01,4.42,4.43,4.56,4,4.45,4.74,3.04,-0.03000000000000025,-0.4500000000000002,0.7400000000000002,1.7000000000000002,0.41999999999999993,0.31970719176231965,0.07110760950933655,0.18033883809728218,0.4590755454273571,0.6802928082376803,68.02928082376803,0.07110760950933655,0.5409244545726428,0.8196611619027179,-0.1391986075171932,0.04681964631139974,-0.23096342805644027,-0.047433786977946146,0.002948264994008289,-4.49610377803998,6.920996634392366e-6,TRUE,TRUE,TRUE,FALSE,-0.4500000000000002,0.2365833219041166,-0.23663763277922847,-0.45005431087511205,0.4200543108751118,-0.03000000000000025
2016-10-01,4.43,4.42,4.76,4,4.42,4.56,3.06,0.009999999999999787,-0.41999999999999993,0.5599999999999996,1.4999999999999996,0.4299999999999997,0.3165960753971134,0.07087704180281758,0.1776796261328511,0.45551252466137565,0.6834039246028867,68.34039246028867,0.07087704180281758,0.5444874753386244,0.822320373867149,-0.1391986075171932,0.04681964631139974,-0.23096342805644027,-0.047433786977946146,0.002948264994008289,-4.466835343917071,7.938518216911888e-6,TRUE,TRUE,TRUE,FALSE,-0.41999999999999993,0.17729380222238336,-0.20879791127578975,-0.4515041090534063,0.46150410905340605,0.009999999999999731
2016-11-01,4.6,4.67,4.67,4,4.43,4.76,2.94,0.16999999999999993,-0.4299999999999997,0.7599999999999998,1.8199999999999998,0.5999999999999996,0.31375984507772603,0.07058250777200675,0.17542067190607438,0.4520990182493777,0.686240154922274,68.6240154922274,0.07058250777200675,0.5479009817506223,0.8245793280939256,-0.1391986075171932,0.04681964631139974,-0.23096342805644027,-0.047433786977946146,0.002948264994008289,-4.445291829120362,8.777263710886498e-6,TRUE,TRUE,TRUE,FALSE,-0.4299999999999997,0.2384574822590717,-0.2533414656812916,-0.44488398342221963,0.6148839834222194,0.16999999999999976
2016-12-01,4.66,4.68,4.23,4,4.6,4.67,3.02,0.0600000000000005,-0.5999999999999996,0.6699999999999999,1.65,0.6600000000000001,0.31055089665484803,0.07026512359721236,0.17283378503505634,0.44826800827463975,0.689449103345152,68.9449103345152,0.07026512359721236,0.5517319917253602,0.8271662149649437,-0.1391986075171932,0.04681964631139974,-0.23096342805644027,-0.047433786977946146,0.002948264994008289,-4.419701848602008,9.883716732398554e-6,TRUE,TRUE,TRUE,FALSE,-0.5999999999999996,0.20806910075874815,-0.22967770240336877,-0.6216086016446203,0.6816086016446208,0.0600000000000005
2017-01-01,4.4,4.42,3.83,4,4.66,4.23,3.17,-0.2599999999999998,-0.6600000000000001,0.23000000000000043,1.0600000000000005,0.40000000000000036,0.30641132966697404,0.06994243296941272,0.16932668005581827,0.4434959792781298,0.693588670333026,69.3588670333026,0.06994243296941272,0.5565040207218702,0.8306733199441817,-0.1391986075171932,0.04681964631139974,-0.23096342805644027,-0.047433786977946146,0.002948264994008289,-4.380907507192009,1.1818603550916926e-5,TRUE,TRUE,TRUE,FALSE,-0.6600000000000001,0.07047460582340416,-0.14755052396822488,-0.7370759181448209,0.477075918144821,-0.2599999999999999
2017-02-01,4.46,4.4,3.96,4,4.4,3.83,3.62,0.05999999999999961,-0.40000000000000036,-0.16999999999999993,0.20999999999999996,0.45999999999999996,0.3025565512811984,0.06956726475320428,0.1662072178619553,0.4389058847004415,0.6974434487188016,69.74434487188016,0.06956726475320428,0.5610941152995585,0.8337927821380446,-0.1391986075171932,0.04681964631139974,-0.23096342805644027,-0.047433786977946146,0.002948264994008289,-4.349122426396139,1.3668339554510008e-5,TRUE,TRUE,TRUE,FALSE,-0.40000000000000036,-0.05143461371780371,-0.02923170757861057,-0.4806663212964146,0.5406663212964142,0.05999999999999961
2017-03-01,4.28,4.22,4,4,4.46,3.96,3.94,-0.17999999999999972,-0.45999999999999996,-0.040000000000000036,0.020000000000000018,0.28000000000000025,0.2989648310249473,0.06916552939279423,0.16340288444342413,0.4345267776064705,0.7010351689750527,70.10351689750527,0.06916552939279423,0.5654732223935295,0.8365971155565759,-0.1391986075171932,0.04681964631139974,-0.23096342805644027,-0.047433786977946146,0.002948264994008289,-4.322454171168303,1.5430314174248784e-5,TRUE,TRUE,TRUE,FALSE,-0.45999999999999996,-0.011958593240997902,-0.0027839721503438667,-0.47474256539134174,0.29474256539134214,-0.1799999999999996
2017-04-01,4.51,4.38,4.09,4,4.28,4,3.99,0.22999999999999954,-0.28000000000000025,0,0.009999999999999787,0.5099999999999998,0.29528491723276395,0.06872133118690052,0.16059358313678976,0.4299762513287382,0.704715082767236,70.47150827672361,0.06872133118690052,0.5700237486712618,0.8394064168632103,-0.1391986075171932,0.04681964631139974,-0.23096342805644027,-0.047433786977946146,0.002948264994008289,-4.296845129930347,1.7324614354941528e-5,TRUE,TRUE,TRUE,FALSE,-0.28000000000000025,0,-0.0013919860751719023,-0.28139198607517213,0.5113919860751717,0.22999999999999954
2017-05-01,4.17,4.2,3.93,4,4.51,4.09,4.18,-0.33999999999999986,-0.5099999999999998,0.08999999999999986,-0.08999999999999986,0.16999999999999993,0.29160500344058066,0.0682362200109236,0.1578644697780191,0.4253455371031422,0.7083949965594194,70.83949965594194,0.0682362200109236,0.5746544628968578,0.842135530221981,-0.1391986075171932,0.04681964631139974,-0.23096342805644027,-0.047433786977946146,0.002948264994008289,-4.273463614981882,1.924597026066417e-5,TRUE,TRUE,TRUE,FALSE,-0.5099999999999998,0.026244450309652216,0.012527874676547368,-0.4712276750138002,0.13122767501380034,-0.33999999999999986
2017-06-01,4.26,4.17,4.36,4,4.17,3.93,4.15,0.08999999999999986,-0.16999999999999993,-0.06999999999999984,-0.2200000000000002,0.2599999999999998,0.28814169004770723,0.06771638924692137,0.15542000596064598,0.4208633741347685,0.7118583099522928,71.18583099522928,0.06771638924692137,0.5791366258652315,0.8445799940393541,-0.1391986075171932,0.04681964631139974,-0.23096342805644027,-0.047433786977946146,0.002948264994008289,-4.25512484129988,2.089324076543152e-5,TRUE,TRUE,TRUE,FALSE,-0.16999999999999993,-0.02016991830333946,0.030623693653782532,-0.15954622464955687,0.2495462246495567,0.08999999999999983
2017-07-01,4.48,4.33,5.22,4,4.26,4.36,4.33,0.22000000000000064,-0.2599999999999998,0.3600000000000003,0.03000000000000025,0.4800000000000004,0.2846743311782213,0.06716284107982351,0.15303758156237998,0.41631108079406254,0.7153256688217787,71.53256688217787,0.06716284107982351,0.5836889192059375,0.84696241843762,-0.1391986075171932,0.04681964631139974,-0.23096342805644027,-0.047433786977946146,0.002948264994008289,-4.2385689259315855,2.2494912170897e-5,TRUE,TRUE,TRUE,FALSE,-0.2599999999999998,0.10248275922415975,-0.00417595822551583,-0.16169319900135587,0.3816931990013565,0.22000000000000064
2017-08-01,4.51,4.48,4.72,4,4.48,5.22,4.28,0.02999999999999936,-0.4800000000000004,1.2199999999999998,0.9399999999999995,0.5099999999999998,0.28082256636017683,0.06655695966805711,0.15037332249029997,0.41127181023005366,0.7191774336398231,71.91774336398231,0.06655695966805711,0.5887281897699462,0.8496266775097,-0.1391986075171932,0.04681964631139974,-0.23096342805644027,-0.047433786977946146,0.002948264994008289,-4.219281766485992,2.450818238406622e-5,TRUE,TRUE,TRUE,FALSE,-0.4800000000000004,0.34260353095941565,-0.13084669106616154,-0.2682431601067463,0.29824316010674573,0.029999999999999416
2017-09-01,4.75,4.6,4.36,4,4.51,4.72,4.4,0.2400000000000002,-0.5099999999999998,0.7199999999999998,0.3199999999999994,0.75,0.27916879127499117,0.06614398386945293,0.14952896509686517,0.40880861745311714,0.7208312087250088,72.08312087250088,0.06614398386945293,0.5911913825468829,0.8504710349031348,-0.1391986075171932,0.04681964631139974,-0.23096342805644027,-0.047433786977946146,0.002948264994008289,-4.220622571298111,2.4362854515813216e-5,TRUE,TRUE,TRUE,FALSE,-0.5099999999999998,0.20100152971799357,-0.04454355440550174,-0.35354202468750795,0.5935420246875083,0.24000000000000032
2017-10-01,4.53,4.5,4.2,4,4.75,4.36,4.43,-0.21999999999999975,-0.75,0.3600000000000003,-0.0699999999999994,0.5300000000000002,0.2758464019038583,0.06568210599539331,0.14711183972414507,0.40458096408357147,0.7241535980961418,72.41535980961417,0.06568210599539331,0.5954190359164285,0.852888160275855,-0.1391986075171932,0.04681964631139974,-0.23096342805644027,-0.047433786977946146,0.002948264994008289,-4.199719203936686,2.6724619521115974e-5,TRUE,TRUE,TRUE,FALSE,-0.75,0.09930470468538907,0.00974390252620344,-0.6409513927884074,0.4209513927884077,-0.2199999999999997
2017-11-01,4.63,4.49,4.69,4,4.53,4.2,4.42,0.09999999999999964,-0.5300000000000002,0.20000000000000018,-0.21999999999999975,0.6299999999999999,0.2730223065097284,0.06516447169241091,0.1453022889210232,0.40074232409843363,0.7269776934902716,72.69776934902717,0.06516447169241091,0.5992576759015664,0.8546977110789769,-0.1391986075171932,0.04681964631139974,-0.23096342805644027,-0.047433786977946146,0.002948264994008289,-4.1897417322501624,2.7927213211626948e-5,TRUE,TRUE,TRUE,FALSE,-0.5300000000000002,0.05460446130194573,0.03062369365378247,-0.44477184504427203,0.5447718450442717,0.09999999999999964
2017-12-01,4.56,4.53,5.68,4,4.63,4.69,4.67,-0.07000000000000028,-0.6299999999999999,0.6900000000000004,0.020000000000000462,0.5599999999999996,0.2699053650218688,0.06457035742023959,0.1433497900093206,0.396460940034417,0.7300946349781312,73.00946349781312,0.06457035742023959,0.603539059965583,0.8566502099906794,-0.1391986075171932,0.04681964631139974,-0.23096342805644027,-0.047433786977946146,0.002948264994008289,-4.180019684036423,2.914838637461085e-5,TRUE,TRUE,TRUE,FALSE,-0.6299999999999999,0.18623470186508959,-0.0027839721503439283,-0.4465492702852542,0.3765492702852538,-0.0700000000000004
2018-01-01,4.71,4.88,4.71,4,4.56,5.68,4.68,0.15000000000000036,-0.5599999999999996,1.6799999999999997,1,0.71,0.2674017865109874,0.06391166425263306,0.1421372263838106,0.3926663466381642,0.7325982134890126,73.25982134890126,0.06391166425263306,0.6073336533618358,0.8578627736161893,-0.1391986075171932,0.04681964631139974,-0.23096342805644027,-0.047433786977946146,0.002948264994008289,-4.183927764014859,2.865151867954869e-5,TRUE,TRUE,TRUE,FALSE,-0.5599999999999996,0.44923500133845873,-0.1391986075171932,-0.2499636061787341,0.39996360617873433,0.15000000000000024
2018-02-01,4.56,4.67,4.15,4,4.71,4.71,4.42,-0.15000000000000036,-0.71,0.71,0.29000000000000004,0.5599999999999996,0.26474972150691906,0.06376035664346205,0.1397817188443043,0.3897177241695338,0.735250278493081,73.5250278493081,0.06376035664346205,0.6102822758304662,0.8602182811556958,-0.1391986075171932,0.04681964631139974,-0.23096342805644027,-0.047433786977946146,0.002948264994008289,-4.152262243251839,3.2920470356347834e-5,TRUE,TRUE,TRUE,FALSE,-0.71,0.18797230226991252,-0.04036759617998603,-0.5623952939100736,0.4123952939100732,-0.1500000000000004
2018-03-01,4.62,4.55,4.14,4,4.56,4.15,4.4,0.0600000000000005,-0.5599999999999996,0.15000000000000036,-0.25,0.6200000000000001,0.26248336600933847,0.06348838172613097,0.13804842438939088,0.38691830762928603,0.7375166339906616,73.75166339906616,0.06348838172613097,0.613081692370714,0.8619515756106092,-0.1391986075171932,0.04681964631139974,-0.23096342805644027,-0.047433786977946146,0.002948264994008289,-4.134352756723421,3.55956378820022e-5,TRUE,TRUE,TRUE,FALSE,-0.5599999999999996,0.039372504901400866,0.0347996518792983,-0.48582784321930045,0.5458278432193009,0.06000000000000044
2018-04-01,4.46,4.42,3.92,4,4.62,4.14,4.22,-0.16000000000000014,-0.6200000000000001,0.13999999999999968,-0.08000000000000007,0.45999999999999996,0.2600155336168509,0.06315325418514184,0.1362374299074695,0.38379363732623234,0.7399844663831491,73.9984466383149,0.06315325418514184,0.6162063626737677,0.8637625700925304,-0.1391986075171932,0.04681964631139974,-0.23096342805644027,-0.047433786977946146,0.002948264994008289,-4.117215129636585,3.834780838053702e-5,TRUE,TRUE,TRUE,FALSE,-0.6200000000000001,0.03640217470635904,0.011135888601375467,-0.5724619366922655,0.4124619366922654,-0.16000000000000014
2018-05-01,4.48,4.31,4.09,4,4.46,3.92,4.38,0.020000000000000462,-0.45999999999999996,-0.08000000000000007,-0.45999999999999996,0.4800000000000004,0.25764828546881763,0.06275749342929504,0.13464585858739028,0.38065071235024495,0.7423517145311824,74.23517145311824,0.06275749342929504,0.619349287649755,0.8653541414126098,-0.1391986075171932,0.04681964631139974,-0.23096342805644027,-0.047433786977946146,0.002948264994008289,-4.105458510051773,4.0351370666272036e-5,TRUE,TRUE,TRUE,FALSE,-0.45999999999999996,-0.020611862837505428,0.06403135945790887,-0.4165805033795965,0.436580503379597,0.020000000000000462
2018-06-01,4.43,4.35,3.79,4,4.48,4.09,4.2,-0.05000000000000071,-0.4800000000000004,0.08999999999999986,-0.11000000000000032,0.4299999999999997,0.2553109209852955,0.06230307583629625,0.13319913622008717,0.37742270575050385,0.7446890790147045,74.46890790147044,0.06230307583629625,0.6225772942494961,0.8668008637799128,-0.1391986075171932,0.04681964631139974,-0.23096342805644027,-0.047433786977946146,0.002948264994008289,-4.09788630108945,4.169399787594203e-5,TRUE,TRUE,TRUE,FALSE,-0.4800000000000004,0.02297798288867656,0.015311846826891297,-0.44171017028443255,0.3917101702844319,-0.050000000000000655
2018-07-01,4.36,4.26,2.61,4,4.43,3.79,4.17,-0.0699999999999994,-0.4299999999999997,-0.20999999999999996,-0.3799999999999999,0.3600000000000003,0.2529762699657917,0.06179254252001896,0.13186511211339466,0.3740874278181887,0.7470237300342083,74.70237300342083,0.06179254252001896,0.6259125721818113,0.8681348878866053,-0.1391986075171932,0.04681964631139974,-0.23096342805644027,-0.047433786977946146,0.002948264994008289,-4.093961174745883,4.240653516029834e-5,TRUE,TRUE,TRUE,FALSE,-0.4299999999999997,-0.053125016692816246,0.05289547085653341,-0.43022954583628253,0.3602295458362832,-0.06999999999999934
2018-08-01,4.33,4.07,3.36,4,4.36,2.61,4.33,-0.03000000000000025,-0.3600000000000003,-1.3900000000000001,-1.7200000000000002,0.33000000000000007,0.25053658713395244,0.061205199113478756,0.13057660120493125,0.3704965730629736,0.7494634128660476,74.94634128660476,0.061205199113478756,0.6295034269370263,0.8694233987950688,-0.1391986075171932,0.04681964631139974,-0.23096342805644027,-0.047433786977946146,0.002948264994008289,-4.093387339030462,4.2511667804086904e-5,TRUE,TRUE,TRUE,FALSE,-0.3600000000000003,-0.3482458561161939,0.23942160492957235,-0.46882425118662185,0.4388242511866215,-0.03000000000000036
2018-09-01,4.32,4.12,4.55,4,4.33,3.36,4.48,-0.009999999999999787,-0.33000000000000007,-0.6400000000000001,-1.1200000000000006,0.3200000000000003,0.24944905155212094,0.06088980836272124,0.13010722013564152,0.36879088296860035,0.7505509484478791,75.0550948447879,0.06088980836272124,0.6312091170313997,0.8698927798643584,-0.1391986075171932,0.04681964631139974,-0.23096342805644027,-0.047433786977946146,0.002948264994008289,-4.096729128562045,4.1902872541229874e-5,TRUE,TRUE,TRUE,FALSE,-0.33000000000000007,-0.15964739299335742,0.15590244041925647,-0.333744952574101,0.3237449525741012,-0.009999999999999787
2018-10-01,4.32,4.3,4.34,4,4.32,4.55,4.6,0,-0.3200000000000003,0.5499999999999998,-0.04999999999999982,0.3200000000000003,0.24847480251561563,0.06053532824644757,0.1298277393602682,0.36712186567096305,0.7515251974843844,75.15251974843844,0.06053532824644757,0.632878134329037,0.8701722606397319,-0.1391986075171932,0.04681964631139974,-0.23096342805644027,-0.047433786977946146,0.002948264994008289,-4.1046246830287405,4.04971810601e-5,TRUE,TRUE,TRUE,FALSE,-0.3200000000000003,0.13666114138358856,0.0069599303758596355,-0.1763789282405521,0.1763789282405521,0
2018-11-01,4.47,4.44,3.15,4,4.32,4.34,4.5,0.14999999999999947,-0.3200000000000003,0.33999999999999986,-0.16000000000000014,0.46999999999999975,0.24838598501338396,0.06022816018957123,0.13034096018671532,0.3664310098400526,0.7516140149866161,75.1614014986616,0.06022816018957123,0.6335689901599474,0.8696590398132847,-0.1391986075171932,0.04681964631139974,-0.23096342805644027,-0.047433786977946146,0.002948264994008289,-4.124083887529958,3.722132306927976e-5,TRUE,TRUE,TRUE,FALSE,-0.3200000000000003,0.08445123490455052,0.022271777202750934,-0.21327698789269883,0.3632769878926983,0.14999999999999947
2018-12-01,4.38,4.24,2.31,4,4.47,3.15,4.49,-0.08999999999999986,-0.46999999999999975,-0.8500000000000001,-1.3400000000000003,0.3799999999999999,0.24804911673649052,0.05988431313266667,0.1306780197575449,0.36542021371543615,0.7519508832635095,75.19508832635094,0.05988431313266667,0.6345797862845638,0.8693219802424551,-0.1391986075171932,0.04681964631139974,-0.23096342805644027,-0.047433786977946146,0.002948264994008289,-4.142138462654933,3.440825008015788e-5,TRUE,TRUE,TRUE,FALSE,-0.46999999999999975,-0.21084174922601698,0.18652613407303895,-0.4943156151529777,0.40431561515297787,-0.08999999999999986
2019-01-01,4.07,4.03,4.1,4,4.38,2.31,4.53,-0.3099999999999996,-0.3799999999999999,-1.69,-2.22,0.07000000000000028,0.24882038483238933,0.059512727749946114,0.1321775818207575,0.36546318784402115,0.7511796151676107,75.11796151676107,0.059512727749946114,0.6345368121559789,0.8678224181792424,-0.1391986075171932,0.04681964631139974,-0.23096342805644027,-0.047433786977946146,0.002948264994008289,-4.180960850557125,2.9027984490401946e-5,TRUE,TRUE,TRUE,FALSE,-0.3799999999999999,-0.42050645036673795,0.30902090868816895,-0.4914855416785689,0.18148554167856917,-0.3099999999999997
2019-02-01,4.25,4.23,4.46,4,4.07,4.1,4.88,0.17999999999999972,-0.07000000000000028,0.09999999999999964,-0.7800000000000002,0.25,0.24830365031534182,0.05966311156351663,0.13136610044525404,0.3652412001854296,0.7516963496846581,75.16963496846581,0.05966311156351663,0.6347587998145704,0.8686338995547459,-0.1391986075171932,0.04681964631139974,-0.23096342805644027,-0.047433786977946146,0.002948264994008289,-4.161761661575441,3.15801863700439e-5,TRUE,TRUE,TRUE,FALSE,-0.07000000000000028,0.024830365031534095,0.10857491386341074,0.06340527889494454,0.11659472110505516,0.17999999999999972
2019-03-01,4.35,4.34,4.17,4,4.25,4.46,4.67,0.09999999999999964,-0.25,0.45999999999999996,-0.20999999999999996,0.34999999999999964,0.2478629057301082,0.059765100785874804,0.1307254606573871,0.3650003508028293,0.7521370942698918,75.21370942698918,0.059765100785874804,0.6349996491971708,0.8692745393426129,-0.1391986075171932,0.04681964631139974,-0.23096342805644027,-0.047433786977946146,0.002948264994008289,-4.147284995270842,3.364411650414461e-5,TRUE,TRUE,TRUE,FALSE,-0.25,0.11401693663584976,0.02923170757861057,-0.10675135578553965,0.2067513557855393,0.09999999999999964
2019-04-01,4.3,4.32,4.75,4,4.35,4.17,4.55,-0.04999999999999982,-0.34999999999999964,0.16999999999999993,-0.3799999999999999,0.2999999999999998,0.24721885760569376,0.05982295031566485,0.12996802953806164,0.3644696856733259,0.7527811423943063,75.27811423943062,0.05982295031566485,0.6355303143266742,0.8700319704619384,-0.1391986075171932,0.04681964631139974,-0.23096342805644027,-0.047433786977946146,0.002948264994008289,-4.132508615860736,3.5882531184232396e-5,TRUE,TRUE,TRUE,FALSE,-0.34999999999999964,0.04202720579296792,0.05289547085653341,-0.2550773233504983,0.2050773233504985,-0.04999999999999982
2019-05-01,4.39,4.42,4.54,4,4.3,4.75,4.42,0.08999999999999986,-0.2999999999999998,0.75,0.33000000000000007,0.3899999999999997,0.24661354214634865,0.059790771642561205,0.12942578311906994,0.36380130117362736,0.7533864578536513,75.33864578536513,0.059790771642561205,0.6361986988263726,0.8705742168809301,-0.1391986075171932,0.04681964631139974,-0.23096342805644027,-0.047433786977946146,0.002948264994008289,-4.124608787801634,3.7136543376730694e-5,TRUE,TRUE,TRUE,FALSE,-0.2999999999999998,0.18496015660976148,-0.04593554048067377,-0.16097538387091212,0.250975383870912,0.08999999999999989
2019-06-01,4.36,4.4,4.8,4,4.39,4.54,4.31,-0.02999999999999936,-0.3899999999999997,0.54,0.23000000000000043,0.3600000000000003,0.24586604239710036,0.05975474553400009,0.12874889324510458,0.36298319154909614,0.7541339576028996,75.41339576028996,0.05975474553400009,0.6370168084509038,0.8712511067548954,-0.1391986075171932,0.04681964631139974,-0.23096342805644027,-0.047433786977946146,0.002948264994008289,-4.1145860500268405,3.8787484687522966e-5,TRUE,TRUE,TRUE,FALSE,-0.3899999999999997,0.1327676628944342,-0.0320156797289545,-0.28924801683451995,0.25924801683452064,-0.029999999999999305
2019-07-01,4.6,4.57,4.37,4,4.36,4.8,4.35,0.23999999999999932,-0.3600000000000003,0.7999999999999998,0.4500000000000002,0.5999999999999996,0.24562804418850176,0.059603959573501855,0.12880643008845677,0.36244965828854675,0.7543719558114983,75.43719558114984,0.059603959573501855,0.6375503417114533,0.8711935699115433,-0.1391986075171932,0.04681964631139974,-0.23096342805644027,-0.047433786977946146,0.002948264994008289,-4.121002127142248,3.772279422987837e-5,TRUE,TRUE,TRUE,FALSE,-0.3600000000000003,0.19650243535080136,-0.06263937338273697,-0.2261369380319359,0.46613693803193523,0.23999999999999932
2019-08-01,4.53,4.6,3.01,4,4.6,4.37,4.26,-0.0699999999999994,-0.5999999999999996,0.3700000000000001,0.11000000000000032,0.5300000000000002,0.24451373622571926,0.05946358836802678,0.1279672446328719,0.3610602278185666,0.7554862637742807,75.54862637742808,0.05946358836802678,0.6389397721814334,0.8720327553671281,-0.1391986075171932,0.04681964631139974,-0.23096342805644027,-0.047433786977946146,0.002948264994008289,-4.111990933214398,3.922617077507093e-5,TRUE,TRUE,TRUE,FALSE,-0.5999999999999996,0.09047008240351616,-0.015311846826891297,-0.5248417644233748,0.45484176442337537,-0.06999999999999945
2019-09-01,4.34,4.33,1.8,4,4.53,3.01,4.07,-0.1900000000000004,-0.5300000000000002,-0.9900000000000002,-1.0600000000000005,0.33999999999999986,0.24336452940700568,0.05929332671766317,0.12715174451681935,0.359577314297192,0.7566354705929943,75.66354705929943,0.05929332671766317,0.6404226857028079,0.8728482554831807,-0.1391986075171932,0.04681964631139974,-0.23096342805644027,-0.047433786977946146,0.002948264994008289,-4.104416852267941,4.053360195651779e-5,TRUE,TRUE,TRUE,FALSE,-0.5300000000000002,-0.24093088411293567,0.14755052396822488,-0.623380360144711,0.4333803601447107,-0.19000000000000028
2019-10-01,4.22,4.18,2.17,4,4.34,1.8,4.12,-0.1200000000000001,-0.33999999999999986,-2.2,-2.3200000000000003,0.21999999999999975,0.24217135774950402,0.059110388027605015,0.1263171261032106,0.35802558939579743,0.757828642250496,75.7828642250496,0.059110388027605015,0.6419744106042026,0.8736828738967893,-0.1391986075171932,0.04681964631139974,-0.23096342805644027,-0.047433786977946146,0.002948264994008289,-4.096933987921178,4.186582236025584e-5,TRUE,TRUE,TRUE,FALSE,-0.33999999999999986,-0.5327769870489089,0.32294076943988825,-0.5498362176090205,0.4298362176090204,-0.12000000000000005
2019-11-01,4.25,4.05,2.92,4,4.22,2.17,4.3,0.03000000000000025,-0.21999999999999975,-1.83,-2.13,0.25,0.24139625402478715,0.05929556575717028,0.12517908069780692,0.3576134273517674,0.7586037459752129,75.86037459752129,0.05929556575717028,0.6423865726482326,0.8748209193021931,-0.1391986075171932,0.04681964631139974,-0.23096342805644027,-0.047433786977946146,0.002948264994008289,-4.07106755694622,4.679817383141847e-5,TRUE,TRUE,TRUE,FALSE,-0.21999999999999975,-0.4417551448653605,0.2964930340116215,-0.3652621108537387,0.39526211085373897,0.03000000000000025
2019-12-01,4.1,3.89,3.41,4,4.25,2.92,4.44,-0.15000000000000036,-0.25,-1.08,-1.5200000000000005,0.09999999999999964,0.24253341649812218,0.05948047845692747,0.1259538209393338,0.3591130120569106,0.7574665835018778,75.74665835018777,0.05948047845692747,0.6408869879430894,0.8740461790606662,-0.1391986075171932,0.04681964631139974,-0.23096342805644027,-0.047433786977946146,0.002948264994008289,-4.07752968352048,4.551672043382961e-5,TRUE,TRUE,TRUE,FALSE,-0.25,-0.26193608981797195,0.21158188342613374,-0.3003542063918382,0.15035420639183775,-0.15000000000000044
2020-01-01,4.11,4.07,1.78,4,4.1,3.41,4.24,0.010000000000000675,-0.09999999999999964,-0.5899999999999999,-0.8300000000000001,0.11000000000000032,0.2424569395106141,0.05949696045416277,0.1258450398308512,0.35906883919037696,0.7575430604893859,75.75430604893859,0.05949696045416277,0.6409311608096231,0.8741549601691487,-0.1391986075171932,0.04681964631139974,-0.23096342805644027,-0.047433786977946146,0.002948264994008289,-4.075114722833716,4.5991668116521174e-5,TRUE,TRUE,TRUE,FALSE,-0.09999999999999964,-0.14304959431126227,0.11553484423927037,-0.12751475007199153,0.13751475007199218,0.010000000000000647
2020-02-01,3.85,3.92,1.24,4,4.11,1.78,4.03,-0.26000000000000023,-0.11000000000000032,-2.2199999999999998,-2.25,-0.1499999999999999,0.24251391251320634,0.05929703167819317,0.1262938660338171,0.3587339589925956,0.7574860874867937,75.74860874867937,0.05929703167819317,0.6412660410074045,0.8737061339661829,-0.1391986075171932,0.04681964631139974,-0.23096342805644027,-0.047433786977946146,0.002948264994008289,-4.089815386195667,4.317166736987926e-5,TRUE,TRUE,TRUE,FALSE,-0.11000000000000032,-0.538380885779318,0.3131968669136847,-0.3351840188656336,0.07518401886563329,-0.2600000000000003
2020-03-01,3.99,3.86,1.77,4,3.85,1.24,4.23,0.14000000000000012,0.1499999999999999,-2.76,-2.99,-0.009999999999999787,0.24013525790754475,0.05946147363700566,0.12359291111133579,0.3566776047037537,0.7598647420924552,75.98647420924553,0.05946147363700566,0.6433223952962462,0.8764070888886643,-0.1391986075171932,0.04681964631139974,-0.23096342805644027,-0.047433786977946146,0.002948264994008289,-4.038501624993319,5.37937208281895e-5,TRUE,TRUE,TRUE,FALSE,0.1499999999999999,-0.6627733118248235,0.41620383647640774,-0.09656947534841581,0.23656947534841594,0.14000000000000012
2020-04-01,3.97,3.55,1.88,4,3.99,1.77,4.34,-0.020000000000000018,0.009999999999999787,-2.23,-2.57,-0.029999999999999805,0.24106293782991703,0.05985860450384951,0.12374222883754495,0.3583836468222891,0.7589370621700829,75.8937062170083,0.05985860450384951,0.6416163531777108,0.8762577711624551,-0.1391986075171932,0.04681964631139974,-0.23096342805644027,-0.047433786977946146,0.002948264994008289,-4.027206110600428,5.644355113137652e-5,TRUE,TRUE,TRUE,FALSE,0.009999999999999787,-0.537570351360715,0.35774042131918654,-0.16982993004152863,0.14982993004152872,-0.019999999999999907
2020-05-01,3.96,3.78,1.8,4,3.97,1.88,4.32,-0.010000000000000231,0.029999999999999805,-2.12,-2.4400000000000004,-0.040000000000000036,0.24123432361064168,0.06004955292110837,0.1235393625975373,0.35892928462374607,0.7587656763893583,75.87656763893584,0.06004955292110837,0.6410707153762539,0.8764606374024627,-0.1391986075171932,0.04681964631139974,-0.23096342805644027,-0.047433786977946146,0.002948264994008289,-4.01725428210214,5.888017881682617e-5,TRUE,TRUE,TRUE,FALSE,0.029999999999999805,-0.5114167660545604,0.3396446023419515,-0.14177216371260914,0.13177216371260883,-0.010000000000000314
2020-06-01,3.77,3.5,2.39,4,3.96,1.8,4.42,-0.18999999999999995,0.040000000000000036,-2.2,-2.62,-0.22999999999999998,0.24314559089461146,0.06018178583258248,0.12519145813744698,0.36109972365177595,0.7568544091053886,75.68544091053886,0.06018178583258248,0.6389002763482241,0.8748085418625531,-0.1391986075171932,0.04681964631139974,-0.23096342805644027,-0.047433786977946146,0.002948264994008289,-4.040185706203689,5.340889434864299e-5,TRUE,TRUE,TRUE,FALSE,0.040000000000000036,-0.5349202999681453,0.3647003516950462,-0.13021994827309902,-0.05978005172690081,-0.18999999999999984
2020-07-01,3.9,3.49,2.88,4,3.77,2.39,4.4,0.1299999999999999,0.22999999999999998,-1.6099999999999999,-2.0100000000000002,-0.10000000000000009,0.24219093394863675,0.060382780586747085,0.12384285871222814,0.36053900918504533,0.7578090660513632,75.78090660513632,0.060382780586747085,0.6394609908149547,0.8761571412877718,-0.1391986075171932,0.04681964631139974,-0.23096342805644027,-0.047433786977946146,0.002948264994008289,-4.010927148356484,6.0480772045864966e-5,TRUE,TRUE,TRUE,FALSE,0.22999999999999998,-0.38992740365730516,0.2797892011095584,0.11986179745225323,0.010138202547746765,0.13
2020-08-01,3.92,3.61,4.19,4,3.9,2.88,4.57,0.020000000000000018,0.10000000000000009,-1.12,-1.6900000000000004,-0.08000000000000007,0.24214053172533628,0.06055557308482674,0.12345378941589284,0.3608272740347797,0.7578594682746638,75.78594682746638,0.06055557308482674,0.6391727259652203,0.8765462105841072,-0.1391986075171932,0.04681964631139974,-0.23096342805644027,-0.047433786977946146,0.002948264994008289,-3.99864982511426,6.370484960986887e-5,TRUE,TRUE,TRUE,FALSE,0.10000000000000009,-0.27119739553237665,0.23524564670405657,0.06404825117168,-0.04404825117167992,0.020000000000000087
2020-09-01,3.99,3.81,4.97,4,3.92,4.19,4.6,0.07000000000000028,0.08000000000000007,0.1900000000000004,-0.40999999999999925,-0.009999999999999787,0.24212054172516193,0.06074279289488236,0.12306685533081704,0.36117422811950683,0.757879458274838,75.78794582748381,0.06074279289488236,0.6388257718804932,0.8769331446691829,-0.1391986075171932,0.04681964631139974,-0.23096342805644027,-0.047433786977946146,0.002948264994008289,-3.9859962011322145,6.719758678590356e-5,TRUE,TRUE,TRUE,FALSE,0.08000000000000007,0.04600290292778086,0.05707142908204911,0.18307433200983003,-0.11307433200982975,0.07000000000000028
2020-10-01,4.15,4.19,5.34,4,3.99,4.97,4.33,0.16000000000000014,0.009999999999999787,0.9699999999999998,0.6399999999999997,0.15000000000000036,0.24228117462592128,0.06088227378841123,0.12295411070372833,0.3616082385481142,0.7577188253740788,75.77188253740788,0.06088227378841123,0.6383917614518858,0.8770458892962717,-0.1391986075171932,0.04681964631139974,-0.23096342805644027,-0.047433786977946146,0.002948264994008289,-3.979502727968724,6.90595677072885e-5,TRUE,TRUE,TRUE,FALSE,0.009999999999999787,0.23501273938714357,-0.08908710881100361,0.15592563057613973,0.004074369423860397,0.16000000000000011
2020-11-01,4.27,4.49,5.46,4,4.15,5.34,4.18,0.11999999999999922,-0.15000000000000036,1.3399999999999999,1.1600000000000001,0.2699999999999996,0.24240829417627133,0.06098637700083718,0.12287719170704861,0.361939396645494,0.7575917058237287,75.75917058237287,0.06098637700083718,0.638060603354506,0.8771228082929514,-0.1391986075171932,0.04681964631139974,-0.23096342805644027,-0.047433786977946146,0.002948264994008289,-3.9747941441568777,7.044015634777735e-5,TRUE,TRUE,TRUE,FALSE,-0.15000000000000036,0.3248271141962035,-0.16147038471994413,0.013356729476259044,0.10664327052374012,0.11999999999999916
2020-12-01,4.26,4.49,4.82,4,4.27,5.46,4.05,-0.009999999999999787,-0.2699999999999996,1.46,1.4100000000000001,0.2599999999999998,0.2418755718422273,0.06106776699979987,0.12218494790633595,0.36156619577811866,0.7581244281577727,75.81244281577727,0.06106776699979987,0.6384338042218813,0.8778150520936641,-0.1391986075171932,0.04681964631139974,-0.23096342805644027,-0.047433786977946146,0.002948264994008289,-3.960773149655529,7.470748049116908e-5,TRUE,TRUE,TRUE,FALSE,-0.2699999999999996,0.35313833488965185,-0.19627003659924244,-0.11313170170959017,0.10313170170959036,-0.0099999999999998
2021-01-01,4.12,4.33,5.24,4,4.26,4.82,3.89,-0.13999999999999968,-0.2599999999999998,0.8200000000000003,0.9300000000000002,0.1200000000000001,0.24103340338838697,0.061234497916476505,0.12101599286070007,0.36105081391607385,0.758966596611613,75.89665966116131,0.061234497916476505,0.6389491860839261,0.8789840071392999,-0.1391986075171932,0.04681964631139974,-0.23096342805644027,-0.047433786977946146,0.002948264994008289,-3.9362354814626737,8.276975875331051e-5,TRUE,TRUE,TRUE,FALSE,-0.2599999999999998,0.19764739077847737,-0.1294547049909897,-0.19180731421251213,0.05180731421251243,-0.13999999999999968
2021-02-01,4.39,4.56,6,4,4.12,5.24,4.07,0.2699999999999996,-0.1200000000000001,1.2400000000000002,1.17,0.3899999999999997,0.24121074436285192,0.0611827321722956,0.12129479282939251,0.3611266958963113,0.758789255637148,75.8789255637148,0.0611827321722956,0.6388733041036887,0.8787052071706074,-0.1391986075171932,0.04681964631139974,-0.23096342805644027,-0.047433786977946146,0.002948264994008289,-3.9424644143642142,8.064861929275934e-5,TRUE,TRUE,TRUE,FALSE,-0.1200000000000001,0.2991013230099364,-0.16286237079511603,0.016238952214820274,0.2537610477851793,0.2699999999999996
2021-03-01,4.34,4.6,5.84,4,4.39,6,3.92,-0.04999999999999982,-0.3899999999999997,2,2.08,0.33999999999999986,0.23955831811404316,0.06109023697704888,0.11982365383201032,0.359292982396076,0.7604416818859568,76.04416818859569,0.06109023697704888,0.640707017603924,0.8801763461679897,-0.1391986075171932,0.04681964631139974,-0.23096342805644027,-0.047433786977946146,0.002948264994008289,-3.9213846592875936,8.804158859397389e-5,TRUE,TRUE,TRUE,FALSE,-0.3899999999999997,0.4791166362280863,-0.2895331036357619,-0.20041646740767527,0.1504164674076753,-0.04999999999999996
2021-04-01,4.39,4.54,5.2,4,4.34,5.84,3.86,0.04999999999999982,-0.33999999999999986,1.8399999999999999,1.98,0.3899999999999997,0.23963037041532861,0.061139920189349,0.11979832882655128,0.35946241200410595,0.7603696295846714,76.03696295846714,0.061139920189349,0.640537587995894,0.8802016711734487,-0.1391986075171932,0.04681964631139974,-0.23096342805644027,-0.047433786977946146,0.002948264994008289,-3.9193765656415414,8.877831410624624e-5,TRUE,TRUE,TRUE,FALSE,-0.33999999999999986,0.44091988156420464,-0.27561324288404254,-0.17469336131983776,0.22469336131983744,0.049999999999999684
2021-05-01,4.41,4.54,5.17,4,4.39,5.2,3.55,0.020000000000000462,-0.3899999999999997,1.2000000000000002,1.6500000000000004,0.41000000000000014,0.24015885953551674,0.06132192165608273,0.11997010162680784,0.36034761744422567,0.7598411404644833,75.98411404644833,0.06132192165608273,0.6396523825557744,0.8800298983731921,-0.1391986075171932,0.04681964631139974,-0.23096342805644027,-0.047433786977946146,0.002948264994008289,-3.916362257569509,8.989513851010754e-5,TRUE,TRUE,TRUE,FALSE,-0.3899999999999997,0.28819063144262014,-0.22967770240336885,-0.33148707096074836,0.35148707096074877,0.020000000000000406
2021-06-01,4.23,4.28,3.91,4,4.41,5.17,3.78,-0.17999999999999972,-0.41000000000000014,1.17,1.3900000000000001,0.23000000000000043,0.23872950477872407,0.0612410232428039,0.1186993048464481,0.35875970471100005,0.7612704952212759,76.12704952212759,0.0612410232428039,0.641240295289,0.8813006951535518,-0.1391986075171932,0.04681964631139974,-0.23096342805644027,-0.047433786977946146,0.002948264994008289,-3.898195884680551,9.691201002925105e-5,TRUE,TRUE,TRUE,FALSE,-0.41000000000000014,0.27931352059110715,-0.19348606444889857,-0.3241725438577916,0.14417254385779166,-0.17999999999999994
2021-07-01,4.12,4.3,3.82,4,4.23,3.91,3.5,-0.11000000000000032,-0.23000000000000043,-0.08999999999999986,0.41000000000000014,0.1200000000000001,0.23878274960809986,0.0613756525733882,0.11848868103661593,0.3590768181795838,0.7612172503919001,76.12172503919001,0.0613756525733882,0.6409231818204162,0.8815113189633841,-0.1391986075171932,0.04681964631139974,-0.23096342805644027,-0.047433786977946146,0.002948264994008289,-3.8905125989916303,1.000326826726759e-4,TRUE,TRUE,TRUE,FALSE,-0.23000000000000043,-0.021490447464728953,-0.057071429082049235,-0.3085618765467786,0.19856187654677826,-0.11000000000000032
2021-08-01,4.14,4.22,3.62,4,4.12,3.82,3.49,0.019999999999999574,-0.1200000000000001,-0.18000000000000016,0.3299999999999996,0.13999999999999968,0.2388463298805,0.06145997862259765,0.11838698528960699,0.359305674471393,0.7611536701195,76.11536701195,0.06145997862259765,0.640694325528607,0.881613014710393,-0.1391986075171932,0.04681964631139974,-0.23096342805644027,-0.047433786977946146,0.002948264994008289,-3.886209127197464,1.0182179897439683e-4,TRUE,TRUE,TRUE,FALSE,-0.1200000000000001,-0.042992339378490035,-0.045935540480673706,-0.20892787985916383,0.2289278798591634,0.019999999999999574
2021-09-01,4.2,4.21,3.67,4,4.14,3.62,3.61,0.0600000000000005,-0.13999999999999968,-0.3799999999999999,0.010000000000000231,0.20000000000000018,0.2388823769134127,0.06147916540183441,0.11838542692623631,0.35937932690058905,0.7611176230865873,76.11176230865873,0.06147916540183441,0.6406206730994108,0.8816145730737637,-0.1391986075171932,0.04681964631139974,-0.23096342805644027,-0.047433786977946146,0.002948264994008289,-3.8855826254642847,1.0208476433555328e-4,TRUE,TRUE,TRUE,FALSE,-0.13999999999999968,-0.0907753032270968,-0.0013919860751719641,-0.23216728930226846,0.2921672893022689,0.060000000000000414
2021-10-01,3.89,4.22,2.96,4,4.2,3.67,3.81,-0.31000000000000005,-0.20000000000000018,-0.33000000000000007,-0.14000000000000012,-0.10999999999999988,0.23966520594541407,0.061449605409017026,0.11922619247954303,0.3601042194112851,0.7603347940545859,76.03347940545859,0.061449605409017026,0.6398957805887149,0.880773807520457,-0.1391986075171932,0.04681964631139974,-0.23096342805644027,-0.047433786977946146,0.002948264994008289,-3.9001911297911436,9.611677837343454e-5,TRUE,TRUE,TRUE,FALSE,-0.20000000000000018,-0.07908951796198666,0.019487805052407065,-0.2596017129095798,-0.05039828709042019,-0.31
2021-11-01,4.08,4.17,2.89,4,3.89,2.96,4.19,0.18999999999999995,0.10999999999999988,-1.04,-1.2300000000000004,0.08000000000000007,0.23956000563593535,0.06133322849855322,0.1193490867232054,0.3597709245486653,0.7604399943640646,76.04399943640647,0.06133322849855322,0.6402290754513347,0.8806509132767946,-0.1391986075171932,0.04681964631139974,-0.23096342805644027,-0.047433786977946146,0.002948264994008289,-3.9058763332764443,9.388451985754855e-5,TRUE,TRUE,TRUE,FALSE,0.10999999999999988,-0.24914240586137276,0.1712142872461477,0.03207188138477482,0.15792811861522518,0.19
2021-12-01,4.02,4.22,3.07,4,4.08,2.89,4.49,-0.0600000000000005,-0.08000000000000007,-1.1099999999999999,-1.6,0.019999999999999574,0.2409526489966935,0.06121971879317233,0.12096420501840585,0.3609410929749811,0.7590473510033064,75.90473510033064,0.06121971879317233,0.6390589070250188,0.8790357949815941,-0.1391986075171932,0.04681964631139974,-0.23096342805644027,-0.047433786977946146,0.002948264994008289,-3.9358666414450494,8.289699912941653e-5,TRUE,TRUE,TRUE,FALSE,-0.08000000000000007,-0.26745744038632974,0.22271777202750914,-0.12473966835882067,0.06473966835882032,-0.060000000000000345
2022-01-01,4.09,4.2,2.87,4,4.02,3.07,4.49,0.07000000000000028,-0.019999999999999574,-0.9300000000000002,-1.4200000000000004,0.08999999999999986,0.24154278034059593,0.06101498317273427,0.12195561080471934,0.3611299498764725,0.758457219659404,75.8457219659404,0.06101498317273427,0.6388700501235275,0.8780443891952806,-0.1391986075171932,0.04681964631139974,-0.23096342805644027,-0.047433786977946146,0.002948264994008289,-3.9587453405794597,7.534451958032713e-5,TRUE,TRUE,TRUE,FALSE,-0.019999999999999574,-0.22463478571675424,0.1976620226744144,-0.04697276304233941,0.11697276304233983,0.07000000000000042
2022-02-01,3.92,3.84,2.98,4,4.09,2.87,4.33,-0.16999999999999993,-0.08999999999999986,-1.13,-1.46,-0.08000000000000007,0.24291356089121788,0.06067359177720345,0.12399550619521356,0.3618316155872222,0.7570864391087821,75.70864391087821,0.06067359177720345,0.6381683844127778,0.8760044938047865,-0.1391986075171932,0.04681964631139974,-0.23096342805644027,-0.047433786977946146,0.002948264994008289,-4.003612671938212,6.238246949828191e-5,TRUE,TRUE,TRUE,FALSE,-0.08999999999999986,-0.27449232380707617,0.20322996697510207,-0.16126235683197396,-0.008737643168025873,-0.16999999999999982
2022-03-01,3.8,3.79,4.17,4,3.92,2.98,4.56,-0.1200000000000001,0.08000000000000007,-1.02,-1.5799999999999996,-0.20000000000000018,0.24443789301071844,0.06038187210411163,0.1260915983675559,0.362784187653881,0.7555621069892815,75.55621069892815,0.06038187210411163,0.6372158123461189,0.8739084016324441,-0.1391986075171932,0.04681964631139974,-0.23096342805644027,-0.047433786977946146,0.002948264994008289,-4.048199972820548,5.161304077214098e-5,TRUE,TRUE,TRUE,FALSE,0.08000000000000007,-0.2493266508709328,0.21993379987716521,0.05060714900623248,-0.17060714900623244,-0.11999999999999997
2022-04-01,3.94,4.14,4.62,4,3.8,4.17,4.6,0.14000000000000012,0.20000000000000018,0.16999999999999993,-0.4299999999999997,-0.06000000000000005,0.24505654911245284,0.06010590652439292,0.1272511370665117,0.362861961158394,0.7549434508875472,75.49434508875473,0.06010590652439292,0.637138038841606,0.8727488629334884,-0.1391986075171932,0.04681964631139974,-0.23096342805644027,-0.047433786977946146,0.002948264994008289,-4.077079330181983,4.56049366240626e-5,TRUE,TRUE,TRUE,FALSE,0.20000000000000018,0.04165961334911696,0.05985540123239304,0.3015150145815102,-0.16151501458151005,0.14000000000000015
2022-05-01,4.01,4.29,5.82,4,3.94,4.62,4.54,0.06999999999999984,0.06000000000000005,0.6200000000000001,0.08000000000000007,0.009999999999999787,0.2457036189937017,0.059771350685906395,0.12855392434201174,0.36285331364539164,0.7542963810062984,75.42963810062983,0.059771350685906395,0.6371466863546084,0.8714460756579884,-0.1391986075171932,0.04681964631139974,-0.23096342805644027,-0.047433786977946146,0.002948264994008289,-4.11072555955535,3.9441777151196366e-5,TRUE,TRUE,TRUE,FALSE,0.06000000000000005,0.1523362437760951,-0.011135888601375467,0.20120035517471968,-0.13120035517471978,0.0699999999999999
2022-06-01,4.16,4.61,7.55,4,4.01,5.82,4.54,0.15000000000000036,-0.009999999999999787,1.8200000000000003,1.2800000000000002,0.16000000000000014,0.2463600088118544,0.05930842217358022,0.13011763737174045,0.36260238025196834,0.7536399911881456,75.36399911881456,0.05930842217358022,0.6373976197480317,0.8698823626282596,-0.1391986075171932,0.04681964631139974,-0.23096342805644027,-0.047433786977946146,0.002948264994008289,-4.153878990252399,3.268860906583083e-5,TRUE,TRUE,TRUE,FALSE,-0.009999999999999787,0.4483752160375751,-0.17817421762200733,0.260200998415568,-0.11020099841556766,0.15000000000000033
2022-07-01,4.51,4.88,8.36,4,4.16,7.55,4.28,0.34999999999999964,-0.16000000000000014,3.55,3.2699999999999996,0.5099999999999998,0.24861982063998725,0.05878806217341638,0.1333973360591897,0.3638423052207848,0.7513801793600128,75.13801793600128,0.05878806217341638,0.6361576947792152,0.8666026639408103,-0.1391986075171932,0.04681964631139974,-0.23096342805644027,-0.047433786977946146,0.002948264994008289,-4.229086849411608,2.346417581529177e-5,TRUE,TRUE,TRUE,FALSE,-0.16000000000000014,0.8826003632719547,-0.4551794465812217,0.2674209166907328,0.08257908330926667,0.3499999999999995
2022-08-01,4.55,5.44,8.87,4,4.51,8.36,4.3,0.040000000000000036,-0.5099999999999998,4.359999999999999,4.06,0.5499999999999998,0.24691857627520583,0.05840052052965626,0.13245565935868753,0.36138149319172413,0.7530814237247941,75.30814237247941,0.05840052052965626,0.6386185068082758,0.8675443406413125,-0.1391986075171932,0.04681964631139974,-0.23096342805644027,-0.047433786977946146,0.002948264994008289,-4.2280201278312,2.3575670587530492e-5,TRUE,TRUE,TRUE,FALSE,-0.5099999999999998,1.0765649925598972,-0.5651463465198043,0.001418646040093119,0.03858135395990654,0.03999999999999966
2022-09-01,4.61,5.6,9.03,4,4.55,8.87,4.22,0.0600000000000005,-0.5499999999999998,4.869999999999999,4.6499999999999995,0.6100000000000003,0.24663442759308746,0.05820234278486149,0.1325599319189043,0.3607089232672706,0.7533655724069126,75.33655724069126,0.05820234278486149,0.6392910767327294,0.8674400680810957,-0.1391986075171932,0.04681964631139974,-0.23096342805644027,-0.047433786977946146,0.002948264994008289,-4.237534363603613,2.2598783982237943e-5,TRUE,TRUE,TRUE,FALSE,-0.5499999999999998,1.2011096623783357,-0.6472735249549484,0.003836137423387509,0.05616386257661261,0.060000000000000116
2022-10-01,4.67,5.64,9.7,4,4.61,9.03,4.21,0.05999999999999961,-0.6100000000000003,5.029999999999999,4.819999999999999,0.6699999999999999,0.24705105311158038,0.058098166945184326,0.13318073833122368,0.3609213678919371,0.7529489468884196,75.29489468884196,0.058098166945184326,0.6390786321080629,0.8668192616687763,-0.1391986075171932,0.04681964631139974,-0.23096342805644027,-0.047433786977946146,0.002948264994008289,-4.252303749009384,2.115826104995621e-5,TRUE,TRUE,TRUE,FALSE,-0.6100000000000003,1.242666797151249,-0.6709372882328711,-0.03827049108162239,0.0982704910816216,0.05999999999999921
2022-11-01,4.8,6.27,9.17,4,4.67,9.7,4.22,0.1299999999999999,-0.6699999999999999,5.699999999999999,5.4799999999999995,0.7999999999999998,0.2478016473557566,0.05777288430230203,0.1345688748402452,0.361034419871268,0.7521983526442434,75.21983526442433,0.05777288430230203,0.638965580128732,0.8654311251597548,-0.1391986075171932,0.04681964631139974,-0.23096342805644027,-0.047433786977946146,0.002948264994008289,-4.2892379417844415,1.7928721773607047e-5,TRUE,TRUE,TRUE,FALSE,-0.6699999999999999,1.4124693899278125,-0.7628083691942187,-0.020338979266406154,0.15033897926640571,0.12999999999999956
2022-12-01,4.71,6.15,9.24,4,4.8,9.17,4.17,-0.08999999999999986,-0.7999999999999998,5.17,5,0.71,0.24664540874400906,0.05808098249694582,0.132808774863294,0.3604820426247241,0.7533545912559909,75.33545912559909,0.05808098249694582,0.6395179573752758,0.867191225136706,-0.1391986075171932,0.04681964631139974,-0.23096342805644027,-0.047433786977946146,0.002948264994008289,-4.246577763332066,2.1706046580844625e-5,TRUE,TRUE,TRUE,FALSE,-0.7999999999999998,1.2751567632065268,-0.695993037585966,-0.22083627437943898,0.13083627437943898,-0.09
2023-01-01,4.62,5.47,9.69,4,4.71,9.24,4.22,-0.08999999999999986,-0.71,5.24,5.0200000000000005,0.6200000000000001,0.2438133265429283,0.058057203562767,0.1300232985167945,0.3576033545690621,0.7561866734570717,75.61866734570717,0.058057203562767,0.6423966454309379,0.8699767014832055,-0.1391986075171932,0.04681964631139974,-0.23096342805644027,-0.047433786977946146,0.002948264994008289,-4.199536174341157,2.674622993774609e-5,TRUE,TRUE,TRUE,FALSE,-0.71,1.2775818310849445,-0.69877700973631,-0.13119517865136543,0.04119517865136545,-0.08999999999999998
2023-02-01,4.49,5.27,9.92,4,4.62,9.69,4.2,-0.1299999999999999,-0.6200000000000001,5.6899999999999995,5.489999999999999,0.4900000000000002,0.2396045213959318,0.05794109532008998,0.12604206134375318,0.35316698144811043,0.7603954786040682,76.03954786040681,0.05794109532008998,0.6468330185518896,0.8739579386562468,-0.1391986075171932,0.04681964631139974,-0.23096342805644027,-0.047433786977946146,0.002948264994008289,-4.135312252422219,3.5447231778878894e-5,TRUE,TRUE,TRUE,FALSE,-0.6200000000000001,1.3633497267428518,-0.7642003552693906,-0.02085062852653885,-0.10914937147346154,-0.1300000000000004
2023-03-01,4.43,5.19,8.71,4,4.49,9.92,3.84,-0.0600000000000005,-0.4900000000000002,5.92,6.08,0.4299999999999997,0.2390157077325253,0.05826148916353415,0.12482528728632776,0.3532061281787229,0.7609842922674747,76.09842922674747,0.05826148916353415,0.6467938718212771,0.8751747127136722,-0.1391986075171932,0.04681964631139974,-0.23096342805644027,-0.047433786977946146,0.002948264994008289,-4.10246478701621,4.0877208198176955e-5,TRUE,TRUE,TRUE,FALSE,-0.4900000000000002,1.4149729897765497,-0.8463275337045347,0.07864545607201479,-0.1386454560720157,-0.060000000000000914
2023-04-01,4.39,5.11,8.32,4,4.43,8.71,3.79,-0.040000000000000036,-0.4299999999999997,4.710000000000001,4.920000000000001,0.3899999999999997,0.2417550039280646,0.059016777519239776,0.12608424550674155,0.3574257623493876,0.7582449960719354,75.82449960719354,0.059016777519239776,0.6425742376506124,0.8739157544932584,-0.1391986075171932,0.04681964631139974,-0.23096342805644027,-0.047433786977946146,0.002948264994008289,-4.096377574144085,4.1966526011396405e-5,TRUE,TRUE,TRUE,FALSE,-0.4299999999999997,1.1386660685011845,-0.6848571489845907,0.02380891951659403,-0.06380891951659406,-0.040000000000000036
2023-05-01,4.3,5.03,6.54,4,4.39,8.32,4.14,-0.08999999999999986,-0.3899999999999997,4.32,4.180000000000001,0.2999999999999998,0.24087846908688196,0.05912823442833623,0.12498925913790171,0.3567676790358622,0.7591215309131181,75.91215309131181,0.05912823442833623,0.6432323209641378,0.8750107408620983,-0.1391986075171932,0.04681964631139974,-0.23096342805644027,-0.047433786977946146,0.002948264994008289,-4.073831586817091,4.624592919964759e-5,TRUE,TRUE,TRUE,FALSE,-0.3899999999999997,1.04059498645533,-0.5818501794218677,0.06874480703346275,-0.1587448070334625,-0.08999999999999975
2023-06-01,4.24,4.94,4.93,4,4.3,6.54,4.29,-0.05999999999999961,-0.2999999999999998,2.54,2.25,0.2400000000000002,0.24415553159595252,0.05996999272965452,0.1266165056927008,0.3616945574992042,0.7558444684040475,75.58444684040475,0.05996999272965452,0.6383054425007958,0.8733834943072992,-0.1391986075171932,0.04681964631139974,-0.23096342805644027,-0.047433786977946146,0.002948264994008289,-4.0712950007616096,4.6752496200573816e-5,TRUE,TRUE,TRUE,FALSE,-0.2999999999999998,0.6201550502537194,-0.3131968669136847,0.006958183340034896,-0.06695818334003448,-0.05999999999999958
2023-07-01,4.21,4.67,4.53,4,4.24,4.93,4.61,-0.03000000000000025,-0.2400000000000002,0.9299999999999997,0.3199999999999994,0.20999999999999996,0.24754893546040327,0.06069365993667927,0.12859154789459035,0.3665063230262162,0.7524510645395968,75.24510645395968,0.06069365993667927,0.6334936769737838,0.8714084521054097,-0.1391986075171932,0.04681964631139974,-0.23096342805644027,-0.047433786977946146,0.002948264994008289,-4.078662181827016,4.529559880526492e-5,TRUE,TRUE,TRUE,FALSE,-0.2400000000000002,0.23022050997817498,-0.04454355440550174,-0.05432304442732698,0.024323044427326784,-0.030000000000000197
2023-08-01,4.17,4.56,4.47,4,4.21,4.53,4.88,-0.040000000000000036,-0.20999999999999996,0.5300000000000002,-0.34999999999999964,0.16999999999999993,0.25040453399672274,0.061250560322319694,0.13035564173207814,0.37045342626136735,0.7495954660032773,74.95954660032773,0.061250560322319694,0.6295465737386327,0.869644358267922,-0.1391986075171932,0.04681964631139974,-0.23096342805644027,-0.047433786977946146,0.002948264994008289,-4.088199890401253,4.347334864652506e-5,TRUE,TRUE,TRUE,FALSE,-0.20999999999999996,0.13271440301826312,0.04871951263101757,-0.02856608435071927,-0.011433915649280767,-0.040000000000000036
2023-09-01,4.15,4.44,4.69,4,4.17,4.47,5.44,-0.019999999999999574,-0.16999999999999993,0.46999999999999975,-0.9700000000000006,0.15000000000000036,0.2531358157388845,0.06170085749812712,0.13220435722731722,0.3740672742504518,0.7468641842611154,74.68641842611154,0.06170085749812712,0.6259327257495482,0.8677956427726827,-0.1391986075171932,0.04681964631139974,-0.23096342805644027,-0.047433786977946146,0.002948264994008289,-4.102630433403106,4.084794382586034e-5,TRUE,TRUE,TRUE,FALSE,-0.16999999999999993,0.11897383339727564,0.1350226492916775,0.08399648268895323,-0.10399648268895277,-0.019999999999999546
2023-10-01,4.32,4.54,4.98,4,4.15,4.69,5.6,0.16999999999999993,-0.15000000000000036,0.6900000000000004,-0.9099999999999993,0.3200000000000003,0.2563736647584408,0.06211071169864219,0.13463890677495155,0.3781084227419301,0.7436263352415592,74.36263352415592,0.06211071169864219,0.6218915772580699,0.8653610932250485,-0.1391986075171932,0.04681964631139974,-0.23096342805644027,-0.047433786977946146,0.002948264994008289,-4.127688409083959,3.664281721309708e-5,TRUE,TRUE,TRUE,FALSE,-0.15000000000000036,0.17689782868332427,0.12667073284064573,0.15356856152396964,0.016431438476030385,0.17
2023-11-01,4.43,4.5,4.3,4,4.32,4.98,5.64,0.10999999999999943,-0.3200000000000003,0.9800000000000004,-0.6599999999999993,0.4299999999999997,0.2594588245921106,0.06247566111584386,0.13700877889472718,0.38190887028949405,0.7405411754078894,74.05411754078895,0.06247566111584386,0.6180911297105061,0.8629912211052728,-0.1391986075171932,0.04681964631139974,-0.23096342805644027,-0.047433786977946146,0.002948264994008289,-4.1529584474667,3.282043527442791e-5,TRUE,TRUE,TRUE,FALSE,-0.3200000000000003,0.25426964810026853,0.09187108096134741,0.02614072906161566,0.08385927093838379,0.10999999999999945
2023-12-01,4.32,4.48,4.18,4,4.43,4.3,6.27,-0.10999999999999943,-0.4299999999999997,0.2999999999999998,-1.9699999999999998,0.3200000000000003,0.26169860387348814,0.06281954689854484,0.13857455442721545,0.38482265331976084,0.7383013961265119,73.8301396126512,0.06281954689854484,0.6151773466802392,0.8614254455727847,-0.1391986075171932,0.04681964631139974,-0.23096342805644027,-0.047433786977946146,0.002948264994008289,-4.1658785647744,3.101557762457695e-5,TRUE,TRUE,TRUE,FALSE,-0.4299999999999997,0.0785095811620464,0.2742212568088706,-0.07726916202908268,-0.0327308379709166,-0.10999999999999929
2024-01-01,4.29,4.47,3.82,4,4.32,4.18,6.15,-0.03000000000000025,-0.3200000000000003,0.17999999999999972,-1.9700000000000006,0.29000000000000004,0.2641203850497329,0.06312816946386093,0.1403914464906243,0.3878493236088415,0.7358796149502671,73.5879614950267,0.06312816946386093,0.6121506763911585,0.8596085535093757,-0.1391986075171932,0.04681964631139974,-0.23096342805644027,-0.047433786977946146,0.002948264994008289,-4.183875238152347,2.8658143039197548e-5,TRUE,TRUE,TRUE,FALSE,-0.3200000000000003,0.047541669308951845,0.2742212568088707,0.0017629261178223055,-0.03176292611782242,-0.030000000000000117
2024-02-01,4.28,4.35,3.3,4,4.29,3.82,5.47,-0.009999999999999787,-0.29000000000000004,-0.18000000000000016,-1.65,0.28000000000000025,0.26666132797970277,0.06340577315329655,0.1423882961873249,0.39093435977208063,0.7333386720202972,73.33386720202972,0.06340577315329655,0.6090656402279193,0.8576117038126752,-0.1391986075171932,0.04681964631139974,-0.23096342805644027,-0.047433786977946146,0.002948264994008289,-4.20563167544687,2.6035395067961066e-5,TRUE,TRUE,TRUE,FALSE,-0.29000000000000004,-0.047999039036346544,0.22967770240336877,-0.10832133663297783,0.09832133663297811,-0.009999999999999717
2024-03-01,4.14,4.05,3.24,4,4.28,3.3,5.27,-0.14000000000000057,-0.28000000000000025,-0.7000000000000002,-1.9699999999999998,0.13999999999999968,0.2693494233094335,0.06363626049994113,0.14462464461874008,0.39407420200012694,0.7306505766905664,73.06505766905664,0.06363626049994113,0.605925797999873,0.8553753553812599,-0.1391986075171932,0.04681964631139974,-0.23096342805644027,-0.047433786977946146,0.002948264994008289,-4.232640654767619,2.3096337671420502e-5,TRUE,TRUE,TRUE,FALSE,-0.28000000000000025,-0.1885445963166035,0.2742212568088706,-0.19432333950773312,0.05432333950773274,-0.14000000000000037
2024-04-01,4.02,3.85,3.36,4,4.14,3.24,5.19,-0.1200000000000001,-0.13999999999999968,-0.7599999999999998,-1.9500000000000002,0.019999999999999574,0.2722035317858467,0.06386669708819566,0.1470271056814541,0.39737995789023933,0.7277964682141533,72.77964682141533,0.06386669708819566,0.6026200421097607,0.852972894318546,-0.1391986075171932,0.04681964631139974,-0.23096342805644027,-0.047433786977946146,0.002948264994008289,-4.262057444585739,2.025533558291696e-5,TRUE,TRUE,TRUE,FALSE,-0.13999999999999968,-0.20687468415724344,0.2714372846585268,-0.0754373994987163,-0.04456260050128367,-0.11999999999999997
2024-05-01,3.99,3.97,3.76,4,4.02,3.36,5.11,-0.02999999999999936,-0.019999999999999574,-0.6400000000000001,-1.7500000000000004,-0.009999999999999787,0.27478418918533887,0.06405969433845583,0.14922949542132105,0.4003388829493567,0.7252158108146611,72.52158108146611,0.06405969433845583,0.5996611170506433,0.850770504578679,-0.1391986075171932,0.04681964631139974,-0.23096342805644027,-0.047433786977946146,0.002948264994008289,-4.289502034360824,1.7907417317890646e-5,TRUE,TRUE,TRUE,FALSE,-0.019999999999999574,-0.17586188107861692,0.24359756315508818,0.04773568207647169,-0.077735682076471,-0.029999999999999305
2024-06-01,4.02,3.99,3.62,4,3.99,3.76,5.03,0.02999999999999936,0.009999999999999787,-0.2400000000000002,-1.2700000000000005,0.019999999999999574,0.27726920301740876,0.06422280649290814,0.1513948153052237,0.4031435907295938,0.7227307969825912,72.27307969825912,0.06422280649290814,0.5968564092704062,0.8486051846947763,-0.1391986075171932,0.04681964631139974,-0.23096342805644027,-0.047433786977946146,0.002948264994008289,-4.317301254158465,1.579485187691791e-5,TRUE,TRUE,TRUE,FALSE,0.009999999999999787,-0.06654460872417817,0.17678223154683545,0.12023762282265707,-0.09023762282265761,0.029999999999999458
2024-07-01,4.07,4.09,3.78,4,4.02,3.62,4.94,0.05000000000000071,-0.019999999999999574,-0.3799999999999999,-1.3200000000000003,0.07000000000000028,0.2796318406270253,0.06431279690644119,0.15358107494536158,0.405682606308689,0.7203681593729747,72.03681593729748,0.06431279690644119,0.594317393691311,0.8464189250546384,-0.1391986075171932,0.04681964631139974,-0.23096342805644027,-0.047433786977946146,0.002948264994008289,-4.347996885189408,1.3738655500675764e-5,TRUE,TRUE,TRUE,FALSE,-0.019999999999999574,-0.10626009943826958,0.18374216192269507,0.057482062484425916,-0.007482062484425126,0.050000000000000794
2024-08-01,4.02,3.99,3.07,4,4.07,3.78,4.67,-0.05000000000000071,-0.07000000000000028,-0.2200000000000002,-0.8900000000000001,0.019999999999999574,0.28219387760242953,0.06435383837522188,0.15606267212008304,0.408325083084776,0.7178061223975705,71.78061223975705,0.06435383837522188,0.591674916915224,0.8439373278799169,-0.1391986075171932,0.04681964631139974,-0.23096342805644027,-0.047433786977946146,0.002948264994008289,-4.385035682830109,1.1596676726008812e-5,TRUE,TRUE,TRUE,FALSE,-0.07000000000000028,-0.06208265307253455,0.12388676069030197,-0.008195892382232867,-0.041804107617767816,-0.05000000000000068
2024-09-01,3.97,4.04,2.11,4,4.02,3.07,4.56,-0.04999999999999938,-0.019999999999999574,-0.9300000000000002,-1.4899999999999998,-0.029999999999999805,0.2846370126012944,0.06431968965938392,0.15857273737210864,0.4107012878304802,0.7153629873987055,71.53629873987055,0.06431968965938392,0.5892987121695197,0.8414272626278914,-0.1391986075171932,0.04681964631139974,-0.23096342805644027,-0.047433786977946146,0.002948264994008289,-4.425348040524436,9.628691692458195e-6,TRUE,TRUE,TRUE,FALSE,-0.019999999999999574,-0.26471242171920384,0.20740592520061785,-0.07730649651858557,0.027306496518586316,-0.04999999999999925
2024-10-01,3.96,3.91,1.16,4,3.97,2.11,4.44,-0.010000000000000231,0.029999999999999805,-1.8900000000000001,-2.3300000000000005,-0.040000000000000036,0.2866888448609031,0.06420017939183244,0.16085880545190098,0.41251888426990524,0.7133111551390969,71.3311155139097,0.06420017939183244,0.5874811157300948,0.8391411945480991,-0.1391986075171932,0.04681964631139974,-0.23096342805644027,-0.047433786977946146,0.002948264994008289,-4.465545853246879,7.986486431605539e-6,TRUE,TRUE,TRUE,FALSE,0.029999999999999805,-0.5418419167871069,0.32433275551506024,-0.18750916127204686,0.17750916127204674,-0.01000000000000012
2024-11-01,3.66,3.59,1.66,4,3.96,1.16,4.54,-0.2999999999999998,0.040000000000000036,-2.84,-3.38,-0.33999999999999986,0.2915482576746445,0.06411473682665735,0.16588568261613224,0.41721083273315673,0.7084517423253556,70.84517423253556,0.06411473682665735,0.5827891672668433,0.8341143173838679,-0.1391986075171932,0.04681964631139974,-0.23096342805644027,-0.047433786977946146,0.002948264994008289,-4.547289314512569,5.434127425133316e-6,TRUE,TRUE,TRUE,FALSE,0.040000000000000036,-0.8279970517959903,0.470491293408113,-0.3175057583878772,0.017505758387877615,-0.2999999999999996
2024-12-01,3.95,3.89,1.7,4,3.66,1.66,4.5,0.29000000000000004,0.33999999999999986,-2.34,-2.84,-0.04999999999999982,0.2911516512967405,0.06452642492332353,0.16468218239589869,0.41762112019758224,0.7088483487032595,70.88483487032595,0.06452642492332353,0.5823788798024178,0.8353178176041013,-0.1391986075171932,0.04681964631139974,-0.23096342805644027,-0.047433786977946146,0.002948264994008289,-4.512130520832585,6.4179671855894656e-6,TRUE,TRUE,TRUE,FALSE,0.33999999999999986,-0.6812948640343727,0.3953240453488287,0.05402918131445589,0.2359708186855442,0.2900000000000001
2025-01-01,3.76,3.54,2.19,4,3.95,1.7,4.48,-0.1900000000000004,0.04999999999999982,-2.3,-2.7800000000000002,-0.2400000000000002,0.29528997735572354,0.06477101879125907,0.16834111328288873,0.4222388414285584,0.7047100226442764,70.47100226442764,0.06477101879125907,0.5777611585714416,0.8316588867171112,-0.1391986075171932,0.04681964631139974,-0.23096342805644027,-0.047433786977946146,0.002948264994008289,-4.558983058570839,5.140191718357433e-6,TRUE,TRUE,TRUE,FALSE,0.04999999999999982,-0.6791669479181641,0.38697212889779714,-0.24219481902036716,0.052194819020366934,-0.19000000000000022
2025-02-01,3.79,3.65,1.79,4,3.76,2.19,4.47,0.03000000000000025,0.2400000000000002,-1.81,-2.28,-0.20999999999999996,0.2977848099596884,0.06515026490670468,0.17009263715930348,0.4254769827600734,0.7022151900403115,70.22151900403115,0.06515026490670468,0.5745230172399266,0.8299073628406964,-0.1391986075171932,0.04681964631139974,-0.23096342805644027,-0.047433786977946146,0.002948264994008289,-4.570738283046384,4.860089464364057e-6,TRUE,TRUE,TRUE,FALSE,0.2400000000000002,-0.538990506027036,0.3173728251392005,0.018382319112164702,0.011617680887835756,0.030000000000000457
2025-03-01,3.71,3.46,1.57,4,3.79,1.79,4.35,-0.08000000000000007,0.20999999999999996,-2.21,-2.5599999999999996,-0.29000000000000004,0.2998247699892722,0.06522686565837883,0.17198246247441726,0.42766707750412714,0.7001752300107278,70.01752300107277,0.06522686565837883,0.5723329224958729,0.8280175375255827,-0.1391986075171932,0.04681964631139974,-0.23096342805644027,-0.047433786977946146,0.002948264994008289,-4.596645369403208,4.293474566363459e-6,TRUE,TRUE,TRUE,FALSE,0.20999999999999996,-0.6626127416762916,0.35634843524401455,-0.09626430643227707,0.01626430643227719,-0.07999999999999988
2025-04-01,3.62,3.53,1.47,4,3.71,1.57,4.05,-0.08999999999999986,0.29000000000000004,-2.4299999999999997,-2.4799999999999995,-0.3799999999999999,0.30192331685832446,0.06527991777939962,0.1739770290969653,0.4298696046196836,0.6980766831416756,69.80766831416756,0.06527991777939962,0.5701303953803164,0.8260229709030348,-0.1391986075171932,0.04681964631139974,-0.23096342805644027,-0.047433786977946146,0.002948264994008289,-4.625056635007012,3.7449605933723347e-6,TRUE,TRUE,TRUE,FALSE,0.29000000000000004,-0.7336736599657283,0.34521254664263906,-0.09846111332308921,0.00846111332308966,-0.08999999999999955
2025-05-01,3.55,3.35,1.69,4,3.62,1.47,3.85,-0.07000000000000028,0.3799999999999999,-2.5300000000000002,-2.38,-0.4500000000000002,0.30408481642115587,0.06540464153673473,0.1758940745874034,0.4322755582549084,0.6959151835788442,69.59151835788442,0.06540464153673473,0.5677244417450917,0.8241059254125966,-0.1391986075171932,0.04681964631139974,-0.23096342805644027,-0.047433786977946146,0.002948264994008289,-4.649284963214202,3.3308775036385214e-6,TRUE,TRUE,TRUE,FALSE,0.3799999999999999,-0.7693345855455245,0.3312926858909198,-0.05804189965460477,-0.011958100345395543,-0.07000000000000031
2025-06-01,3.53,3.17,1.79,4,3.55,1.69,3.97,-0.020000000000000018,0.4500000000000002,-2.31,-2.2800000000000002,-0.4700000000000002,0.3067141226721309,0.06577431212944712,0.17779883979051853,0.43562940555374324,0.6932858773278692,69.32858773278691,0.06577431212944712,0.5643705944462568,0.8222011602094815,-0.1391986075171932,0.04681964631139974,-0.23096342805644027,-0.047433786977946146,0.002948264994008289,-4.663129309030282,3.1143692195928807e-6,TRUE,TRUE,TRUE,FALSE,0.4500000000000002,-0.7085096233726224,0.31737282513920057,0.05886320176657839,-0.07886320176657818,-0.019999999999999796
2025-07-01,3.54,3.26,1.17,4,3.53,1.79,3.99,0.010000000000000231,0.4700000000000002,-2.21,-2.2,-0.45999999999999996,0.3085457038973561,0.06605776560133275,0.17907486241955506,0.4380165453751571,0.691454296102644,69.1454296102644,0.06605776560133275,0.561983454624843,0.8209251375804449,-0.1391986075171932,0.04681964631139974,-0.23096342805644027,-0.047433786977946146,0.002948264994008289,-4.670846812462136,2.9996057851346666e-6,TRUE,TRUE,TRUE,FALSE,0.4700000000000002,-0.6818860056131569,0.3062369365378251,0.09435093092466834,-0.08435093092466797,0.01000000000000037
2025-08-01,3.49,3.21,1.17,4,3.54,1.17,4.09,-0.04999999999999982,0.45999999999999996,-2.83,-2.92,-0.5099999999999998,0.3097338869552255,0.06610510269509925,0.18017026647850934,0.43929750743194174,0.6902661130447745,69.02661130447744,0.06610510269509925,0.5607024925680583,0.8198297335214907,-0.1391986075171932,0.04681964631139974,-0.23096342805644027,-0.047433786977946146,0.002948264994008289,-4.685476223882908,2.7930972326407488e-6,TRUE,TRUE,TRUE,FALSE,0.45999999999999996,-0.8765469000832883,0.40645993395020413,-0.010086966133084185,-0.03991303386691544,-0.04999999999999963
2025-09-01,3.42,3.16,1.47,4,3.49,1.17,3.99,-0.07000000000000028,0.5099999999999998,-2.83,-2.8200000000000003,-0.5800000000000001,0.31207544967053136,0.06634744385136336,0.18203684925556574,0.442114050085497,0.6879245503294686,68.79245503294686,0.06634744385136336,0.557885949914503,0.8179631507444343,-0.1391986075171932,0.04681964631139974,-0.23096342805644027,-0.047433786977946146,0.002948264994008289,-4.703654452305152,2.555456111213041e-6,TRUE,TRUE,TRUE,FALSE,0.5099999999999998,-0.8831735225676037,0.3925400731984849,0.01936655063088094,-0.08936655063088114,-0.0700000000000002
2025-10-01,3.37,3.1,1.26,4,3.42,1.47,4.04,-0.04999999999999982,0.5800000000000001,-2.5300000000000002,-2.5700000000000003,-0.6299999999999999,0.31497629808484356,0.06680069056814916,0.18404935042886675,0.4459032457408204,0.6850237019151564,68.50237019151564,0.06680069056814916,0.5540967542591796,0.8159506495711332,-0.1391986075171932,0.04681964631139974,-0.23096342805644027,-0.047433786977946146,0.002948264994008289,-4.715165298530994,2.4151459824326353e-6,TRUE,TRUE,TRUE,FALSE,0.5800000000000001,-0.7968900341546543,0.3577404213191866,0.14085038716453235,-0.19085038716453198,-0.04999999999999963
2025-11-01,3.3,3,1.73,4,3.37,1.26,3.91,-0.07000000000000028,0.6299999999999999,-2.74,-2.6500000000000004,-0.7000000000000002,0.31659401087784483,0.06698044658632069,0.18531474790024752,0.4478732738554422,0.6834059891221551,68.34059891221551,0.06698044658632069,0.5521267261445578,0.8146852520997524,-0.1391986075171932,0.04681964631139974,-0.23096342805644027,-0.047433786977946146,0.002948264994008289,-4.726663183259552,2.282393825788032e-6,TRUE,TRUE,TRUE,FALSE,0.6299999999999999,-0.8674675898052949,0.36887630992056203,0.131408720115267,-0.20140872011526723,-0.07000000000000023
2025-12-01,3.72,3.48,1.65,4,3.3,1.73,3.59,0.4200000000000004,0.7000000000000002,-2.27,-1.8599999999999999,-0.2799999999999998,0.3129669197667487,0.06740653284522898,0.1808525430673837,0.44508129646611366,0.6870330802332514,68.70330802332514,0.06740653284522898,0.5549187035338864,0.8191474569326164,-0.1391986075171932,0.04681964631139974,-0.23096342805644027,-0.047433786977946146,0.002948264994008289,-4.6429760819377375,3.4342612023267976e-6,TRUE,TRUE,TRUE,FALSE,0.7000000000000002,-0.7104349078705195,0.25890940998197937,0.24847450211146,0.17152549788854046,0.4200000000000005
2026-01-01,3.64,3.44,0.96,4,3.72,1.65,3.89,-0.08000000000000007,0.2799999999999998,-2.35,-2.24,-0.3599999999999999,0.3145291664529278,0.06783532312371851,0.18157437625080242,0.44748395665505314,0.6854708335470723,68.54708335470723,0.06783532312371851,0.552516043344947,0.8184256237491976,-0.1391986075171932,0.04681964631139974,-0.23096342805644027,-0.047433786977946146,0.002948264994008289,-4.636657599157998,3.5408823961625583e-6,TRUE,TRUE,TRUE,FALSE,0.2799999999999998,-0.7391435411643803,0.3118048808385128,-0.14733866032586768,0.06733866032586786,-0.07999999999999982
2026-02-01,3.62,3.41,1.56,4,3.64,0.96,3.54,-0.020000000000000018,0.3599999999999999,-3.04,-2.58,-0.3799999999999999,0.3132144687632826,0.06779843651539669,0.18033197498497988,0.4460969625415854,0.6867855312367174,68.67855312367173,0.06779843651539669,0.5539030374584146,0.8196680250150201,-0.1391986075171932,0.04681964631139974,-0.23096342805644027,-0.047433786977946146,0.002948264994008289,-4.619788963601737,3.841305534801355e-6,TRUE,TRUE,TRUE,FALSE,0.3599999999999999,-0.9521719850403793,0.3591324073943585,-0.2330395776460209,0.21303957764602105,-0.01999999999999985
2026-03-01,3.61,3.37,2.5,4,3.62,1.56,3.65,-0.010000000000000231,0.3799999999999999,-2.44,-2.09,-0.3900000000000001,0.3158339087886857,0.0686709366798506,0.18124134611154805,0.4504264714658234,0.6841660912113143,68.41660912113143,0.0686709366798506,0.5495735285341766,0.818758653888452,-0.1391986075171932,0.04681964631139974,-0.23096342805644027,-0.047433786977946146,0.002948264994008289,-4.599236941548193,4.240412722194825e-6,TRUE,TRUE,TRUE,FALSE,0.3799999999999999,-0.7706347374443931,0.2909250897109338,-0.09970964773345947,0.08970964773345942,-0.01000000000000005
2026-04-01,3.71,3.53,3.24,4,3.61,2.5,3.46,0.10000000000000009,0.3900000000000001,-1.5,-0.96,-0.29000000000000004,0.31739556929644674,0.06962694634383465,0.18092926210902807,0.45386187648386545,0.6826044307035533,68.26044307035532,0.06962694634383465,0.5461381235161346,0.819070737890972,-0.1391986075171932,0.04681964631139974,-0.23096342805644027,-0.047433786977946146,0.002948264994008289,-4.558516292371504,5.151626883767316e-6,TRUE,TRUE,TRUE,FALSE,0.3900000000000001,-0.4760933539446701,0.13363066321650546,0.04753730927183547,0.05246269072816467,0.10000000000000014
2026-05-01,3.74,3.66,2.86,4,3.71,3.24,3.53,0.03000000000000025,0.29000000000000004,-0.7599999999999998,-0.2899999999999996,-0.2599999999999998,0.31944156472564156,0.0705952279314345,0.1810774604996339,0.4578056689516492,0.6805584352743584,68.05584352743584,0.0705952279314345,0.5421943310483508,0.8189225395003661,-0.1391986075171932,0.04681964631139974,-0.23096342805644027,-0.047433786977946146,0.002948264994008289,-4.524973912342895,6.040295602907457e-6,TRUE,TRUE,TRUE,FALSE,0.29000000000000004,-0.2427755891914875,0.040367596179985976,0.0875920069884985,-0.05759200698849821,0.030000000000000297
2026-06-01,3.71,3.68,2.27,4,3.74,2.86,3.35,-0.03000000000000025,0.2599999999999998,-1.1400000000000001,-0.4900000000000002,-0.29000000000000004,0.3208128248252646,0.0713559898700571,0.18095765459874774,0.4606679950517814,0.6791871751747354,67.91871751747354,0.0713559898700571,0.5393320049482185,0.8190423454012522,-0.1391986075171932,0.04681964631139974,-0.23096342805644027,-0.047433786977946146,0.002948264994008289,-4.495948068402963,6.926064057199565e-6,TRUE,TRUE,TRUE,FALSE,0.2599999999999998,-0.36572662030080166,0.0682073176834247,-0.03751930261737718,0.007519302617376991,-0.03000000000000019
2026-07-01,3.28,2.94,NA,4,3.71,2.27,3.17,-0.43000000000000016,0.29000000000000004,-1.73,-0.8999999999999999,-0.7200000000000002,0.32410011857204724,0.07205664637415045,0.18287168683197372,0.4653285503121207,0.6758998814279528,67.58998814279528,0.07205664637415045,0.5346714496878793,0.8171283131680263,-0.1391986075171932,0.04681964631139974,-0.23096342805644027,-0.047433786977946146,0.002948264994008289,-4.497851827424412,6.864350853813061e-6,TRUE,TRUE,TRUE,FALSE,0.29000000000000004,-0.5606932051296417,0.12527874676547388,-0.1454144583641678,-0.2845855416358322,-0.43000000000000005
