fecha,codigo_modelo,descripcion,c0_t,c_t,d_t,lambda_t,lambda_se,lambda_li_95,lambda_ls_95,pi_estrella_t,pi_estrella_se,pi_estrella_li_95,pi_estrella_ls_95,expectativa,inflacion,meta_inflacion
2011-02-01,S0,M3 base AR(1),0.3191892371739977,0.030135756437907005,0.8967556276465373,0.7081123575943142,0.07570091810163866,0.5597412845184863,0.8564834306701422,4.365959239916099,0.1874661478262064,3.9985323418562726,4.733386137975925,5.81,5.24,5
2011-03-01,S0,M3 base AR(1),0.3191892371739978,0.030135756437907012,0.8967556276465373,0.7081123575943141,0.07570091809647643,0.5597412845286039,0.8564834306600243,4.3659592399161005,0.18746614798585884,3.998532341543361,4.733386138288839,6.13,4.99,5
2011-04-01,S0,M3 base AR(1),0.3191892371740268,0.030135756438026136,0.8967556276464338,0.7081123575934529,0.07570091824347071,0.5597412842396392,0.8564834309472666,4.365959239917432,0.18746614751222704,3.998532342472994,4.73338613736187,6.19,5.76114812916453,5
2011-05-01,S0,M3 base AR(1),0.3191892371722595,0.030135756438065497,0.8967556276466979,0.7081123575923249,0.07570092960536313,0.5597412619696113,0.8564834532150386,4.3659592399113825,0.18746615063394673,3.9985323363484864,4.733386143474279,5.74,6.3930220625962,5
2011-06-01,S0,M3 base AR(1),0.3191892371722287,0.03013575643810084,0.8967556276466766,0.7081123575920428,0.07570092874166442,0.5597412636621475,0.8564834515219382,4.365959239911799,0.18746617312218422,3.9985322922727673,4.73338618755083,6.16,6.42229936695938,5
2011-07-01,S0,M3 base AR(1),0.3191892371720841,0.03013575643809733,0.8967556276466979,0.7081123575920165,0.07570092901615118,0.5597412631241371,0.856483452059896,4.365959239910883,0.18746617513030508,3.998532288336007,4.73338619148576,5.88,7.03967446592064,5
2011-08-01,S0,M3 base AR(1),0.31918923717242764,0.030135756438091944,0.8967556276466517,0.7081123575921993,0.07570092901761248,0.5597412631214558,0.8564834520629427,4.3659592399125025,0.18746617484966097,3.9985322888876786,4.733386190937327,5.95,7.6258261311642,5
2011-09-01,S0,M3 base AR(1),0.3191892371723836,0.030135756438090914,0.8967556276466553,0.7081123575921993,0.0757009290195277,0.559741263117702,0.8564834520666965,4.365959239912051,0.1874661746629713,3.9985322892531325,4.73338619057097,6.43,7.24931562404949,5
2011-10-01,S0,M3 base AR(1),0.31918923717233993,0.030135756438091583,0.8967556276466624,0.7081123575921726,0.07570092908896973,0.5597412629815715,0.8564834522027738,4.365959239911918,0.18746617617283862,3.9985322862937136,4.733386193530123,6.51,6.65,5
2011-11-01,S0,M3 base AR(1),0.3191892371724114,0.03013575643809264,0.8967556276466446,0.7081123575922126,0.07570092907446796,0.5597412630100344,0.8564834521743908,4.3659592399118985,0.18746617578476363,3.998532287054307,4.73338619276949,6.06,6.05484387510006,5
2011-12-01,S0,M3 base AR(1),0.31918923717235104,0.030135756438090945,0.8967556276466553,0.7081123575921989,0.07570092907548656,0.5597412630080243,0.8564834521763736,4.365959239911607,0.1874661757714029,3.9985322870802023,4.733386192743012,5.62,6.2,5
2012-01-01,S0,M3 base AR(1),0.3191892371723641,0.03013575643809072,0.8967556276466517,0.7081123575922111,0.07570092907610014,0.5597412630068339,0.8564834521775884,4.365959239911561,0.18746617578093275,3.998532287061478,4.733386192761644,5.95,5.44,4.5
2012-02-01,S0,M3 base AR(1),0.31918923717234104,0.030135756438089904,0.8967556276466571,0.7081123575922039,0.07570092907641156,0.5597412630062163,0.8564834521781916,4.365959239911516,0.18746617578702385,3.9985322870494944,4.733386192773537,6.11,5.17,4.5
2012-03-01,S0,M3 base AR(1),0.3191892371723278,0.030135756438089814,0.8967556276466606,0.7081123575921948,0.07570092907635202,0.5597412630063239,0.8564834521780658,4.365959239911541,0.18746617579960773,3.9985322870248554,4.733386192798226,5.47,4.55,4.5
2012-04-01,S0,M3 base AR(1),0.3191892371723432,0.03013575643808977,0.8967556276466553,0.7081123575922104,0.07570092907624627,0.5597412630065467,0.856483452177874,4.365959239911431,0.1874661757973615,3.9985322870291484,4.733386192793714,5.54,4.27,4.5
2012-05-01,S0,M3 base AR(1),0.31918923717232744,0.030135756438089627,0.8967556276466624,0.7081123575921916,0.07570092907629862,0.5597412630064253,0.8564834521779578,4.365959239911631,0.18746617578986033,3.9985322870440503,4.733386192779212,5.28,3.9,4.5
2012-06-01,S0,M3 base AR(1),0.3191892371723483,0.03013575643808997,0.8967556276466588,0.7081123575921984,0.07570092907626186,0.5597412630065042,0.8564834521778926,4.365959239911724,0.18746617579525374,3.998532287033573,4.733386192789876,5.11,3.47,4.5
2012-07-01,S0,M3 base AR(1),0.31918923717235326,0.03013575643809002,0.896755627646658,0.7081123575922004,0.07570092907626677,0.5597412630064965,0.8564834521779042,4.365959239911742,0.18746617579531172,3.998532287033477,4.733386192790007,4.9,2.86,4.5
2012-08-01,S0,M3 base AR(1),0.3191892371723581,0.030135756438090057,0.8967556276466562,0.708112357592205,0.07570092907634553,0.5597412630063469,0.8564834521780632,4.365959239911704,0.18746617580264244,3.9985322870190707,4.733386192804337,4.55,2.71,4.5
2012-09-01,S0,M3 base AR(1),0.31918923717236447,0.03013575643809036,0.8967556276466553,0.7081123575922046,0.07570092907636816,0.5597412630063021,0.8564834521781071,4.365959239911756,0.18746617580412253,3.9985322870162223,4.7333861928072904,5.17,3.28,4.5
2012-10-01,S0,M3 base AR(1),0.3191892371723684,0.03013575643809055,0.8967556276466535,0.7081123575922078,0.07570092907634624,0.5597412630063483,0.8564834521780673,4.3659592399117155,0.18746617580417813,3.998532287016072,4.733386192807359,4.76,3.35,4.5
2012-11-01,S0,M3 base AR(1),0.319189237172372,0.03013575643809046,0.8967556276466535,0.7081123575922086,0.07570092907635846,0.5597412630063251,0.8564834521780921,4.36595923991176,0.18746617580481464,3.998532287014869,4.73338619280865,4.82,3.11,4.5
2012-12-01,S0,M3 base AR(1),0.319189237172368,0.03013575643809039,0.8967556276466535,0.7081123575922093,0.07570092907637495,0.5597412630062935,0.856483452178125,4.3659592399117,0.18746617580655833,3.9985322870113924,4.7333861928120085,4.93,3.45,4.5
2013-01-01,S0,M3 base AR(1),0.31918923717236863,0.03013575643809021,0.8967556276466535,0.708112357592211,0.07570092907633741,0.5597412630063687,0.8564834521780533,4.365959239911699,0.18746617580234068,3.998532287019657,4.73338619280374,4.83,3.86,4
2013-02-01,S0,M3 base AR(1),0.31918923717236863,0.03013575643809025,0.8967556276466544,0.7081123575922081,0.0757009290763561,0.5597412630063292,0.8564834521780871,4.365959239911754,0.18746617580497205,3.9985322870145543,4.733386192808953,4.61,4.18,4
2013-03-01,S0,M3 base AR(1),0.31918923717237085,0.030135756438090633,0.8967556276466526,0.7081123575922095,0.07570092907637453,0.5597412630062945,0.8564834521781245,4.365959239911701,0.1874661758093204,3.9985322870059794,4.733386192817423,4.66,4.34,4
2013-04-01,S0,M3 base AR(1),0.31918923717236664,0.030135756438090345,0.896755627646654,0.7081123575922086,0.07570092907638425,0.5597412630062746,0.8564834521781426,4.365959239911706,0.18746617580973202,3.9985322870051774,4.733386192818235,4.93,4.13,4
2013-05-01,S0,M3 base AR(1),0.3191892371723683,0.030135756438090612,0.8967556276466531,0.7081123575922084,0.07570092907637457,0.5597412630062932,0.8564834521781235,4.3659592399116915,0.18746617580915514,3.9985322870062934,4.73338619281709,4.83,4.27,4
2013-06-01,S0,M3 base AR(1),0.3191892371723713,0.030135756438090744,0.8967556276466526,0.7081123575922084,0.07570092907634891,0.5597412630063435,0.8564834521780732,4.365959239911714,0.18746617580518823,3.9985322870140907,4.733386192809337,5.21,4.79,4
2013-07-01,S0,M3 base AR(1),0.31918923717237513,0.03013575643809092,0.8967556276466526,0.7081123575922067,0.07570092907636017,0.5597412630063199,0.8564834521780935,4.365959239911777,0.18746617580678382,3.9985322870110265,4.733386192812527,4.81,4.74,4
2013-08-01,S0,M3 base AR(1),0.31918923717237324,0.030135756438090903,0.8967556276466522,0.7081123575922081,0.07570092907636528,0.5597412630063112,0.8564834521781051,4.365959239911724,0.18746617580709396,3.9985322870103666,4.733386192813082,4.89,4.42,4
2013-09-01,S0,M3 base AR(1),0.3191892371723736,0.030135756438090976,0.8967556276466531,0.7081123575922049,0.07570092907635653,0.5597412630063252,0.8564834521780846,4.365959239911786,0.18746617580589628,3.998532287012775,4.733386192810796,4.91,4.21,4
2013-10-01,S0,M3 base AR(1),0.3191892371723748,0.03013575643809107,0.8967556276466526,0.7081123575922053,0.07570092907636458,0.5597412630063097,0.8564834521781008,4.365959239911782,0.18746617580697647,3.9985322870106543,4.73338619281291,4.71,4.15,4
2013-11-01,S0,M3 base AR(1),0.31918923717237413,0.03013575643809091,0.8967556276466528,0.7081123575922061,0.07570092907636737,0.5597412630063051,0.8564834521781072,4.365959239911776,0.18746617580729047,3.9985322870100326,4.733386192813519,4.7,4.63,4
2013-12-01,S0,M3 base AR(1),0.31918923717237513,0.030135756438091132,0.8967556276466522,0.7081123575922059,0.07570092907636099,0.5597412630063174,0.8564834521780944,4.3659592399117635,0.18746617580660432,3.998532287011365,4.733386192812162,5.19,4.39,4
2014-01-01,S0,M3 base AR(1),0.3191892371723736,0.030135756438091,0.8967556276466522,0.7081123575922073,0.07570092907636229,0.5597412630063162,0.8564834521780983,4.365959239911733,0.18746617580656594,3.99853228701141,4.733386192812056,4.94,4.14,4
2014-02-01,S0,M3 base AR(1),0.3191892371723748,0.030135756438090834,0.8967556276466526,0.7081123575922075,0.07570092907636228,0.5597412630063164,0.8564834521780985,4.365959239911767,0.1874661758067616,3.9985322870110602,4.733386192812474,4.68,3.5,4
2014-03-01,S0,M3 base AR(1),0.3191892371723746,0.030135756438090987,0.8967556276466517,0.7081123575922086,0.0757009290763592,0.5597412630063237,0.8564834521780935,4.365959239911721,0.1874661758062776,3.9985322870119626,4.733386192811479,4.54,3.25,4
2014-04-01,S0,M3 base AR(1),0.31918923717237324,0.030135756438091067,0.8967556276466517,0.7081123575922078,0.07570092907636333,0.5597412630063148,0.8564834521781008,4.365959239911707,0.18746617580720407,3.998532287010133,4.73338619281328,4.66,3.27,4
2014-05-01,S0,M3 base AR(1),0.31918923717237485,0.03013575643809116,0.8967556276466513,0.7081123575922081,0.07570092907636217,0.5597412630063173,0.856483452178099,4.3659592399117075,0.1874661758072049,3.998532287010132,4.733386192813283,4.28,3.22,4
2014-06-01,S0,M3 base AR(1),0.3191892371723764,0.030135756438091302,0.8967556276466511,0.7081123575922075,0.07570092907635848,0.5597412630063239,0.8564834521780911,4.365959239911724,0.18746617580651345,3.9985322870115043,4.7333861928119445,4.36,3.13,4
2014-07-01,S0,M3 base AR(1),0.3191892371723783,0.03013575643809133,0.8967556276466511,0.7081123575922071,0.07570092907636201,0.5597412630063167,0.8564834521780976,4.365959239911752,0.18746617580701597,3.998532287010547,4.733386192812957,4.41,3.41,4
2014-08-01,S0,M3 base AR(1),0.3191892371723762,0.030135756438091247,0.8967556276466513,0.7081123575922073,0.07570092907636028,0.5597412630063201,0.8564834521780944,4.365959239911731,0.1874661758066328,3.9985322870112765,4.733386192812185,4.06,3.7,4
2014-09-01,S0,M3 base AR(1),0.3191892371723752,0.03013575643809122,0.8967556276466517,0.7081123575922064,0.07570092907636039,0.559741263006319,0.8564834521780937,4.365959239911742,0.1874661758065286,3.9985322870114923,4.7333861928119925,4.13,3.45,4
2014-10-01,S0,M3 base AR(1),0.31918923717237596,0.030135756438091188,0.8967556276466518,0.7081123575922064,0.07570092907636064,0.5597412630063185,0.8564834521780942,4.365959239911758,0.18746617580682048,3.998532287010936,4.73338619281258,4.17,3.64,4
2014-11-01,S0,M3 base AR(1),0.3191892371723747,0.030135756438091178,0.8967556276466518,0.7081123575922064,0.07570092907635877,0.5597412630063222,0.8564834521780905,4.3659592399117395,0.18746617580690877,3.9985322870107445,4.733386192812735,4.16,3.38,4
2014-12-01,S0,M3 base AR(1),0.31918923717237546,0.03013575643809125,0.8967556276466515,0.7081123575922066,0.0757009290763631,0.559741263006314,0.8564834521780992,4.365959239911734,0.18746617580706523,3.9985322870104323,4.733386192813036,4.21,2.95,4
2015-01-01,S0,M3 base AR(1),0.3191892371723762,0.030135756438091292,0.8967556276466513,0.7081123575922068,0.07570092907636725,0.5597412630063061,0.8564834521781075,4.365959239911734,0.18746617580755845,3.998532287009466,4.733386192814002,3.89,2.32,4
2015-02-01,S0,M3 base AR(1),0.31918923717237635,0.03013575643809113,0.8967556276466513,0.7081123575922085,0.07570092907635956,0.5597412630063228,0.8564834521780942,4.365959239911727,0.18746617580657182,3.9985322870113924,4.733386192812062,4.07,2.44,4
2015-03-01,S0,M3 base AR(1),0.31918923717237624,0.03013575643809126,0.8967556276466513,0.7081123575922073,0.07570092907636065,0.5597412630063194,0.8564834521780951,4.365959239911732,0.18746617580663072,3.9985322870112823,4.7333861928121825,4.11,2.43,4
2015-04-01,S0,M3 base AR(1),0.31918923717237613,0.030135756438091157,0.8967556276466513,0.7081123575922081,0.07570092907635745,0.5597412630063265,0.8564834521780897,4.365959239911725,0.18746617580659833,3.9985322870113387,4.733386192812112,3.82,2.58,4
2015-05-01,S0,M3 base AR(1),0.3191892371723753,0.030135756438091077,0.8967556276466514,0.7081123575922086,0.07570092907635566,0.5597412630063305,0.8564834521780866,4.3659592399117155,0.18746617580653105,3.998532287011461,4.73338619281197,3.57,2.55,4
2015-06-01,S0,M3 base AR(1),0.31918923717237546,0.03013575643809113,0.8967556276466515,0.7081123575922078,0.075700929076359,0.5597412630063232,0.8564834521780924,4.365959239911728,0.18746617580697114,3.998532287010611,4.733386192812845,3.67,2.39,4
2015-07-01,S0,M3 base AR(1),0.31918923717237496,0.030135756438090983,0.8967556276466514,0.7081123575922095,0.0757009290763636,0.5597412630063159,0.8564834521781031,4.365959239911705,0.18746617580713257,3.998532287010271,4.733386192813138,3.56,2.32,4
2015-08-01,S0,M3 base AR(1),0.3191892371723748,0.03013575643809091,0.8967556276466516,0.7081123575922097,0.07570092907635977,0.5597412630063237,0.8564834521780957,4.365959239911712,0.18746617580658806,3.9985322870113453,4.733386192812079,3.31,1.96,4
2015-09-01,S0,M3 base AR(1),0.3191892371723742,0.030135756438090876,0.8967556276466515,0.7081123575922103,0.07570092907635995,0.5597412630063239,0.8564834521780966,4.365959239911695,0.18746617580655026,3.9985322870114026,4.733386192811987,3.4,1.88,4
2015-10-01,S0,M3 base AR(1),0.3191892371723743,0.030135756438090824,0.8967556276466515,0.7081123575922108,0.07570092907635917,0.5597412630063259,0.8564834521780957,4.365959239911693,0.18746617580638064,3.9985322870117335,4.733386192811653,3.28,2.23,4
2015-11-01,S0,M3 base AR(1),0.31918923717237396,0.03013575643809075,0.8967556276466516,0.70811235759221125,0.0757009290763593,0.5597412630063261,0.8564834521780964,4.365959239911691,0.18746617580655334,3.9985322870113924,4.733386192811989,3.37,2.51,4
2015-12-01,S0,M3 base AR(1),0.3191892371723737,0.030135756438090855,0.8967556276466516,0.7081123575922101,0.07570092907636188,0.5597412630063199,0.8564834521781004,4.365959239911693,0.18746617580664218,3.9985322870112205,4.733386192812166,3.65,3.07,4
2016-01-01,S0,M3 base AR(1),0.31918923717237374,0.030135756438090782,0.8967556276466515,0.70811235759221125,0.07570092907636398,0.5597412630063169,0.8564834521781056,4.3659592399116836,0.1874661758070438,3.998532287010424,4.733386192812944,3.8,4.38,4
2016-02-01,S0,M3 base AR(1),0.31918923717237385,0.030135756438090754,0.8967556276466516,0.7081123575922111,0.07570092907636038,0.5597412630063239,0.8564834521780984,4.36595923991169,0.18746617580675531,3.9985322870109954,4.733386192812384,4.09,4.27,4
2016-03-01,S0,M3 base AR(1),0.31918923717237374,0.03013575643809083,0.8967556276466515,0.7081123575922107,0.07570092907636028,0.5597412630063237,0.8564834521780977,4.365959239911686,0.1874661758068813,3.998532287010745,4.7333861928126275,3.99,4.26,4
2016-04-01,S0,M3 base AR(1),0.31918923717237363,0.030135756438090845,0.8967556276466515,0.7081123575922106,0.07570092907635946,0.5597412630063251,0.8564834521780961,4.365959239911685,0.1874661758067913,3.9985322870109203,4.73338619281245,4.19,4.09,4
2016-05-01,S0,M3 base AR(1),0.3191892371723733,0.030135756438090796,0.8967556276466515,0.708112357592211,0.07570092907635916,0.5597412630063261,0.856483452178096,4.365959239911678,0.1874661758065776,3.998532287011332,4.733386192812024,4.16,4.36,4
2016-06-01,S0,M3 base AR(1),0.31918923717237335,0.030135756438090865,0.8967556276466515,0.7081123575922104,0.07570092907635897,0.5597412630063259,0.8564834521780949,4.3659592399116836,0.18746617580677186,3.9985322870109568,4.73338619281241,4.39,4.43,4
2016-07-01,S0,M3 base AR(1),0.31918923717237335,0.0301357564380909,0.8967556276466514,0.7081123575922104,0.07570092907635874,0.5597412630063263,0.8564834521780944,4.365959239911678,0.18746617580658925,3.9985322870113094,4.733386192812047,4.41,4.62,4
2016-08-01,S0,M3 base AR(1),0.3191892371723732,0.030135756438090824,0.8967556276466516,0.7081123575922105,0.07570092907635995,0.5597412630063241,0.8564834521780968,4.365959239911685,0.18746617580668298,3.9985322870111326,4.733386192812238,4.45,4.74,4
2016-09-01,S0,M3 base AR(1),0.3191892371723733,0.03013575643809071,0.8967556276466516,0.7081123575922116,0.07570092907635921,0.5597412630063265,0.8564834521780966,4.36595923991168,0.18746617580661123,3.998532287011268,4.733386192812092,4.42,4.56,4
2016-10-01,S0,M3 base AR(1),0.3191892371723737,0.030135756438090786,0.8967556276466516,0.7081123575922108,0.07570092907636018,0.5597412630063239,0.8564834521780977,4.36595923991169,0.18746617580687336,3.998532287010764,4.733386192812615,4.43,4.76,4
2016-11-01,S0,M3 base AR(1),0.3191892371723736,0.030135756438090775,0.8967556276466515,0.70811235759221125,0.07570092907636067,0.5597412630063234,0.8564834521780991,4.365959239911681,0.1874661758068449,3.998532287010811,4.733386192812551,4.6,4.67,4
2016-12-01,S0,M3 base AR(1),0.3191892371723737,0.03013575643809073,0.8967556276466515,0.7081123575922117,0.07570092907636036,0.5597412630063244,0.856483452178099,4.365959239911679,0.1874661758068691,3.998532287010762,4.733386192812596,4.66,4.23,4
2017-01-01,S0,M3 base AR(1),0.3191892371723739,0.03013575643809078,0.8967556276466514,0.7081123575922115,0.07570092907635975,0.5597412630063254,0.8564834521780975,4.365959239911678,0.18746617580683322,3.998532287010831,4.733386192812525,4.4,3.83,4
2017-02-01,S0,M3 base AR(1),0.3191892371723737,0.030135756438090758,0.8967556276466515,0.7081123575922115,0.07570092907636115,0.5597412630063227,0.8564834521781003,4.365959239911681,0.18746617580683442,3.9985322870108315,4.73338619281253,4.46,3.96,4
2017-03-01,S0,M3 base AR(1),0.31918923717237396,0.030135756438090803,0.8967556276466514,0.70811235759221125,0.07570092907636045,0.5597412630063239,0.8564834521780986,4.365959239911681,0.18746617580671684,3.998532287011062,4.7333861928123,4.28,4,4
2017-04-01,S0,M3 base AR(1),0.31918923717237396,0.030135756438090813,0.8967556276466513,0.7081123575922115,0.07570092907636246,0.5597412630063201,0.8564834521781028,4.365959239911675,0.18746617580697134,3.998532287010557,4.733386192812793,4.51,4.09,4
2017-05-01,S0,M3 base AR(1),0.31918923717237413,0.030135756438090782,0.8967556276466513,0.7081123575922118,0.0757009290763588,0.5597412630063276,0.856483452178096,4.365959239911676,0.18746617580664524,3.998532287011197,4.733386192812154,4.17,3.93,4
2017-06-01,S0,M3 base AR(1),0.319189237172374,0.03013575643809079,0.8967556276466513,0.7081123575922117,0.07570092907636028,0.5597412630063245,0.8564834521780988,4.365959239911674,0.1874661758068719,3.998532287010751,4.733386192812596,4.26,4.36,4
2017-07-01,S0,M3 base AR(1),0.31918923717237413,0.030135756438090706,0.8967556276466512,0.7081123575922128,0.07570092907635942,0.5597412630063274,0.8564834521780982,4.365959239911664,0.18746617580678915,3.9985322870109035,4.733386192812425,4.48,5.22,4
2017-08-01,S0,M3 base AR(1),0.31918923717237396,0.030135756438090758,0.8967556276466511,0.7081123575922127,0.07570092907635947,0.5597412630063272,0.8564834521780982,4.365959239911659,0.18746617580670827,3.9985322870110567,4.733386192812261,4.51,4.72,4
2017-09-01,S0,M3 base AR(1),0.3191892371723738,0.03013575643809067,0.8967556276466511,0.7081123575922135,0.07570092907635824,0.5597412630063303,0.8564834521780966,4.365959239911652,0.18746617580663041,3.998532287011202,4.733386192812101,4.75,4.36,4
2017-10-01,S0,M3 base AR(1),0.3191892371723741,0.030135756438090737,0.8967556276466511,0.7081123575922128,0.07570092907635885,0.5597412630063285,0.8564834521780971,4.365959239911659,0.18746617580686284,3.998532287010754,4.733386192812564,4.53,4.2,4
2017-11-01,S0,M3 base AR(1),0.31918923717237446,0.030135756438090723,0.8967556276466511,0.708112357592213,0.07570092907635922,0.559741263006328,0.8564834521780981,4.365959239911663,0.18746617580689848,3.998532287010688,4.733386192812638,4.63,4.69,4
2017-12-01,S0,M3 base AR(1),0.31918923717237463,0.030135756438090813,0.896755627646651,0.7081123575922125,0.07570092907635957,0.5597412630063268,0.8564834521780982,4.365959239911664,0.18746617580678668,3.9985322870109083,4.73338619281242,4.56,5.68,4
2018-01-01,S0,M3 base AR(1),0.31918923717237435,0.030135756438090817,0.8967556276466508,0.7081123575922128,0.0757009290763603,0.5597412630063257,0.8564834521781,4.365959239911653,0.18746617580685251,3.9985322870107685,4.733386192812538,4.71,4.71,4
2018-02-01,S0,M3 base AR(1),0.3191892371723743,0.030135756438090886,0.896755627646651,0.7081123575922117,0.07570092907635949,0.5597412630063261,0.8564834521780973,4.365959239911664,0.18746617580681674,3.9985322870108493,4.733386192812478,4.56,4.15,4
2018-03-01,S0,M3 base AR(1),0.3191892371723744,0.030135756438090848,0.896755627646651,0.7081123575922121,0.0757009290763599,0.5597412630063258,0.8564834521780985,4.365959239911664,0.18746617580671893,3.998532287011041,4.733386192812287,4.62,4.14,4
2018-04-01,S0,M3 base AR(1),0.31918923717237474,0.030135756438090945,0.8967556276466508,0.7081123575922115,0.07570092907635939,0.5597412630063261,0.8564834521780968,4.365959239911667,0.18746617580681996,3.9985322870108457,4.733386192812488,4.46,3.92,4
2018-05-01,S0,M3 base AR(1),0.3191892371723748,0.030135756438090938,0.8967556276466506,0.7081123575922121,0.07570092907635978,0.559741263006326,0.8564834521780983,4.365959239911654,0.1874661758068108,3.998532287010851,4.733386192812457,4.48,4.09,4
2018-06-01,S0,M3 base AR(1),0.31918923717237435,0.030135756438090924,0.8967556276466508,0.7081123575922117,0.07570092907635947,0.5597412630063262,0.8564834521780972,4.3659592399116605,0.18746617580679248,3.9985322870108932,4.733386192812428,4.43,3.79,4
2018-07-01,S0,M3 base AR(1),0.3191892371723746,0.030135756438090945,0.8967556276466508,0.7081123575922115,0.07570092907636035,0.5597412630063242,0.8564834521780987,4.365959239911664,0.18746617580683997,3.9985322870108035,4.7333861928125245,4.36,2.61,4
2018-08-01,S0,M3 base AR(1),0.3191892371723743,0.03013575643809087,0.8967556276466512,0.70811235759221125,0.07570092907636083,0.5597412630063231,0.8564834521780994,4.3659592399116764,0.18746617580685884,3.998532287010779,4.733386192812573,4.33,3.36,4
2018-09-01,S0,M3 base AR(1),0.3191892371723746,0.030135756438090827,0.8967556276466512,0.7081123575922117,0.07570092907636,0.5597412630063252,0.8564834521780982,4.365959239911677,0.1874661758067235,3.998532287011045,4.7333861928123095,4.32,4.55,4
2018-10-01,S0,M3 base AR(1),0.3191892371723745,0.030135756438090824,0.8967556276466511,0.708112357592212,0.07570092907636002,0.5597412630063254,0.8564834521780986,4.36595923991167,0.18746617580671365,3.9985322870110576,4.733386192812283,4.32,4.34,4
2018-11-01,S0,M3 base AR(1),0.3191892371723747,0.03013575643809082,0.8967556276466511,0.7081123575922121,0.07570092907636143,0.5597412630063228,0.8564834521781015,4.365959239911672,0.1874661758068133,3.998532287010864,4.73338619281248,4.47,3.15,4
2018-12-01,S0,M3 base AR(1),0.3191892371723751,0.03013575643809085,0.896755627646651,0.7081123575922121,0.07570092907636047,0.5597412630063247,0.8564834521780996,4.365959239911673,0.18746617580680455,3.998532287010882,4.733386192812464,4.38,2.31,4
2019-01-01,S0,M3 base AR(1),0.3191892371723752,0.03013575643809081,0.8967556276466511,0.7081123575922121,0.07570092907635967,0.5597412630063262,0.8564834521780981,4.365959239911678,0.18746617580675548,3.9985322870109834,4.733386192812373,4.07,4.1,4
2019-02-01,S0,M3 base AR(1),0.3191892371723752,0.030135756438090792,0.896755627646651,0.7081123575922126,0.07570092907635985,0.5597412630063263,0.8564834521780988,4.365959239911671,0.18746617580672423,3.9985322870110376,4.733386192812304,4.25,4.46,4
2019-03-01,S0,M3 base AR(1),0.3191892371723754,0.03013575643809081,0.8967556276466511,0.7081123575922121,0.07570092907635988,0.5597412630063259,0.8564834521780984,4.365959239911682,0.18746617580675487,3.9985322870109883,4.733386192812375,4.35,4.17,4
2019-04-01,S0,M3 base AR(1),0.3191892371723757,0.030135756438090827,0.8967556276466511,0.708112357592212,0.07570092907636032,0.5597412630063249,0.8564834521780992,4.365959239911686,0.18746617580678587,3.998532287010932,4.73338619281244,4.3,4.75,4
2019-05-01,S0,M3 base AR(1),0.31918923717237574,0.030135756438090862,0.8967556276466511,0.7081123575922117,0.07570092907635978,0.5597412630063255,0.8564834521780978,4.365959239911689,0.18746617580669755,3.9985322870111077,4.7333861928122705,4.39,4.54,4
2019-06-01,S0,M3 base AR(1),0.31918923717237546,0.030135756438090838,0.8967556276466511,0.7081123575922119,0.07570092907636,0.5597412630063254,0.8564834521780984,4.3659592399116836,0.18746617580678576,3.9985322870109297,4.7333861928124374,4.36,4.8,4
2019-07-01,S0,M3 base AR(1),0.31918923717237546,0.03013575643809076,0.8967556276466511,0.7081123575922126,0.07570092907636009,0.5597412630063259,0.8564834521780993,4.365959239911679,0.18746617580680888,3.99853228701088,4.733386192812478,4.6,4.37,4
2019-08-01,S0,M3 base AR(1),0.31918923717237574,0.030135756438090702,0.8967556276466513,0.7081123575922126,0.07570092907635913,0.5597412630063278,0.8564834521780974,4.365959239911692,0.18746617580671032,3.9985322870110864,4.733386192812299,4.53,3.01,4
2019-09-01,S0,M3 base AR(1),0.3191892371723758,0.030135756438090702,0.8967556276466513,0.7081123575922126,0.07570092907635946,0.5597412630063271,0.8564834521780981,4.365959239911693,0.18746617580672642,3.998532287011056,4.733386192812331,4.34,1.8,4
2019-10-01,S0,M3 base AR(1),0.319189237172376,0.03013575643809074,0.8967556276466513,0.7081123575922121,0.07570092907635974,0.5597412630063261,0.8564834521780982,4.365959239911699,0.1874661758068133,3.9985322870108906,4.733386192812507,4.22,2.17,4
2019-11-01,S0,M3 base AR(1),0.3191892371723763,0.030135756438090775,0.8967556276466513,0.7081123575922119,0.07570092907635936,0.5597412630063267,0.8564834521780972,4.365959239911704,0.18746617580676547,3.9985322870109896,4.733386192812418,4.25,2.92,4
2019-12-01,S0,M3 base AR(1),0.3191892371723763,0.03013575643809078,0.8967556276466513,0.7081123575922119,0.07570092907635946,0.5597412630063264,0.8564834521780974,4.365959239911704,0.18746617580681235,3.9985322870108977,4.73338619281251,4.1,3.41,4
2020-01-01,S0,M3 base AR(1),0.3191892371723763,0.030135756438090782,0.8967556276466515,0.70811235759221125,0.07570092907636002,0.5597412630063247,0.8564834521780978,4.365959239911718,0.1874661758068102,3.9985322870109163,4.73338619281252,4.11,1.78,4
2020-02-01,S0,M3 base AR(1),0.3191892371723765,0.030135756438090803,0.8967556276466515,0.708112357592211,0.07570092907635975,0.559741263006325,0.8564834521780971,4.365959239911723,0.18746617580678826,3.998532287010964,4.733386192812482,3.85,1.24,4
2020-03-01,S0,M3 base AR(1),0.3191892371723765,0.030135756438090806,0.8967556276466514,0.70811235759221125,0.07570092907636018,0.5597412630063243,0.8564834521780982,4.3659592399117155,0.18746617580679964,3.998532287010934,4.733386192812497,3.99,1.77,4
2020-04-01,S0,M3 base AR(1),0.31918923717237657,0.030135756438090817,0.8967556276466513,0.7081123575922115,0.07570092907636006,0.5597412630063248,0.8564834521780982,4.365959239911711,0.1874661758067895,3.9985322870109496,4.733386192812472,3.97,1.88,4
2020-05-01,S0,M3 base AR(1),0.3191892371723769,0.03013575643809086,0.8967556276466513,0.708112357592211,0.07570092907636009,0.5597412630063243,0.8564834521780977,4.365959239911717,0.187466175806769,3.9985322870109963,4.733386192812438,3.96,1.8,4
2020-06-01,S0,M3 base AR(1),0.31918923717237735,0.030135756438090845,0.8967556276466513,0.70811235759221125,0.0757009290763599,0.5597412630063249,0.8564834521780976,4.365959239911723,0.18746617580675942,3.9985322870110203,4.733386192812425,3.77,2.39,4
2020-07-01,S0,M3 base AR(1),0.31918923717237746,0.030135756438090917,0.8967556276466513,0.7081123575922105,0.07570092907636028,0.5597412630063234,0.8564834521780975,4.365959239911729,0.1874661758068007,3.9985322870109457,4.733386192812512,3.9,2.88,4
2020-08-01,S0,M3 base AR(1),0.31918923717237746,0.03013575643809088,0.8967556276466513,0.7081123575922108,0.07570092907636058,0.5597412630063231,0.8564834521780985,4.365959239911727,0.18746617580680744,3.9985322870109306,4.733386192812524,3.92,4.19,4
2020-09-01,S0,M3 base AR(1),0.3191892371723772,0.030135756438090886,0.8967556276466513,0.7081123575922108,0.07570092907636077,0.5597412630063228,0.8564834521780988,4.3659592399117235,0.1874661758068392,3.998532287010865,4.733386192812582,3.99,4.97,4
2020-10-01,S0,M3 base AR(1),0.3191892371723771,0.030135756438090876,0.8967556276466515,0.7081123575922103,0.07570092907636045,0.5597412630063228,0.8564834521780977,4.365959239911736,0.1874661758067365,3.9985322870110784,4.733386192812393,4.15,5.34,4
2020-11-01,S0,M3 base AR(1),0.3191892371723774,0.03013575643809088,0.8967556276466513,0.7081123575922108,0.07570092907635993,0.5597412630063244,0.8564834521780972,4.365959239911726,0.18746617580673522,3.9985322870110713,4.7333861928123815,4.27,5.46,4
2020-12-01,S0,M3 base AR(1),0.3191892371723775,0.03013575643809087,0.8967556276466513,0.708112357592211,0.07570092907636036,0.5597412630063238,0.8564834521780983,4.365959239911727,0.18746617580680058,3.998532287010944,4.73338619281251,4.26,4.82,4
2021-01-01,S0,M3 base AR(1),0.3191892371723777,0.030135756438090872,0.8967556276466513,0.7081123575922109,0.07570092907636057,0.5597412630063232,0.8564834521780986,4.365959239911729,0.18746617580682318,3.9985322870109017,4.7333861928125565,4.12,5.24,4
2021-02-01,S0,M3 base AR(1),0.31918923717237746,0.030135756438090855,0.8967556276466513,0.708112357592211,0.07570092907636036,0.5597412630063238,0.8564834521780983,4.365959239911725,0.18746617580678335,3.998532287010976,4.733386192812475,4.39,6,4
2021-03-01,S0,M3 base AR(1),0.3191892371723777,0.030135756438090907,0.8967556276466513,0.7081123575922106,0.07570092907636035,0.5597412630063233,0.8564834521780978,4.3659592399117315,0.18746617580678418,3.9985322870109807,4.733386192812483,4.34,5.84,4
2021-04-01,S0,M3 base AR(1),0.31918923717237774,0.030135756438090917,0.8967556276466513,0.7081123575922105,0.07570092907636017,0.5597412630063237,0.8564834521780973,4.365959239911732,0.18746617580677047,3.9985322870110083,4.733386192812456,4.39,5.2,4
2021-05-01,S0,M3 base AR(1),0.3191892371723777,0.03013575643809087,0.8967556276466514,0.7081123575922106,0.07570092907636011,0.5597412630063239,0.8564834521780973,4.365959239911736,0.1874661758067706,3.998532287011012,4.7333861928124605,4.41,5.17,4
2021-06-01,S0,M3 base AR(1),0.31918923717237757,0.030135756438090876,0.8967556276466514,0.7081123575922106,0.07570092907636035,0.5597412630063233,0.8564834521780978,4.365959239911735,0.18746617580680994,3.9985322870109337,4.733386192812537,4.23,3.91,4
2021-07-01,S0,M3 base AR(1),0.3191892371723777,0.030135756438090883,0.8967556276466513,0.7081123575922108,0.07570092907636009,0.5597412630063241,0.8564834521780975,4.36595923991173,0.1874661758067904,3.9985322870109665,4.7333861928124925,4.12,3.82,4
2021-08-01,S0,M3 base AR(1),0.31918923717237746,0.030135756438090886,0.8967556276466514,0.7081123575922105,0.07570092907636025,0.5597412630063234,0.8564834521780975,4.365959239911733,0.18746617580677286,3.9985322870110047,4.733386192812462,4.14,3.62,4
2021-09-01,S0,M3 base AR(1),0.31918923717237757,0.030135756438090893,0.8967556276466515,0.7081123575922101,0.07570092907636047,0.5597412630063227,0.8564834521780976,4.365959239911742,0.1874661758067864,3.998532287010987,4.733386192812498,4.2,3.67,4
2021-10-01,S0,M3 base AR(1),0.3191892371723775,0.030135756438090886,0.8967556276466515,0.7081123575922101,0.07570092907636027,0.5597412630063231,0.8564834521780972,4.365959239911741,0.18746617580680058,3.998532287010958,4.7333861928125245,3.89,2.96,4
2021-11-01,S0,M3 base AR(1),0.3191892371723774,0.03013575643809088,0.8967556276466515,0.7081123575922103,0.07570092907636067,0.5597412630063224,0.8564834521780981,4.3659592399117395,0.18746617580682554,3.9985322870109075,4.733386192812572,4.08,2.89,4
2021-12-01,S0,M3 base AR(1),0.31918923717237735,0.030135756438090862,0.8967556276466515,0.7081123575922104,0.0757009290763603,0.5597412630063232,0.8564834521780975,4.365959239911737,0.18746617580677635,3.998532287011001,4.733386192812472,4.02,3.07,4
2022-01-01,S0,M3 base AR(1),0.3191892371723775,0.03013575643809087,0.8967556276466515,0.7081123575922104,0.07570092907636056,0.5597412630063228,0.856483452178098,4.36595923991174,0.18746617580679917,3.99853228701096,4.733386192812521,4.09,2.87,4
2022-02-01,S0,M3 base AR(1),0.3191892371723774,0.030135756438090876,0.8967556276466515,0.7081123575922103,0.07570092907636064,0.5597412630063224,0.8564834521780981,4.3659592399117395,0.187466175806807,3.998532287010944,4.733386192812535,3.92,2.98,4
2022-03-01,S0,M3 base AR(1),0.3191892371723774,0.03013575643809087,0.8967556276466516,0.70811235759221,0.07570092907636071,0.5597412630063221,0.856483452178098,4.365959239911746,0.18746617580681024,3.998532287010944,4.733386192812548,3.8,4.17,4
2022-04-01,S0,M3 base AR(1),0.31918923717237735,0.030135756438090872,0.8967556276466515,0.7081123575922104,0.07570092907636064,0.5597412630063225,0.8564834521780982,4.365959239911738,0.18746617580679392,3.998532287010968,4.733386192812508,3.94,4.62,4
2022-05-01,S0,M3 base AR(1),0.3191892371723774,0.03013575643809087,0.8967556276466515,0.7081123575922104,0.07570092907636031,0.5597412630063232,0.8564834521780975,4.365959239911739,0.18746617580679292,3.9985322870109705,4.733386192812507,4.01,5.82,4
2022-06-01,S0,M3 base AR(1),0.31918923717237746,0.030135756438090872,0.8967556276466514,0.7081123575922106,0.07570092907636079,0.5597412630063225,0.8564834521780986,4.365959239911732,0.18746617580681138,3.9985322870109283,4.733386192812537,4.16,7.55,4
2022-07-01,S0,M3 base AR(1),0.31918923717237735,0.030135756438090886,0.8967556276466515,0.7081123575922101,0.07570092907636047,0.5597412630063227,0.8564834521780976,4.365959239911739,0.1874661758067953,3.998532287010966,4.733386192812511,4.51,8.36,4
2022-08-01,S0,M3 base AR(1),0.3191892371723773,0.030135756438090872,0.8967556276466515,0.7081123575922104,0.07570092907636061,0.5597412630063227,0.8564834521780981,4.365959239911737,0.18746617580681035,3.9985322870109345,4.733386192812539,4.55,8.87,4
2022-09-01,S0,M3 base AR(1),0.3191892371723773,0.030135756438090862,0.8967556276466515,0.7081123575922104,0.07570092907636054,0.5597412630063228,0.856483452178098,4.365959239911736,0.18746617580678893,3.998532287010976,4.733386192812496,4.61,9.03,4
2022-10-01,S0,M3 base AR(1),0.31918923717237735,0.030135756438090886,0.8967556276466515,0.7081123575922101,0.0757009290763605,0.5597412630063225,0.8564834521780977,4.365959239911739,0.18746617580677116,3.998532287011013,4.733386192812464,4.67,9.7,4
2022-11-01,S0,M3 base AR(1),0.31918923717237735,0.030135756438090876,0.8967556276466516,0.7081123575922099,0.07570092907636072,0.559741263006322,0.8564834521780978,4.365959239911746,0.18746617580678274,3.9985322870109976,4.733386192812494,4.8,9.17,4
2022-12-01,S0,M3 base AR(1),0.31918923717237757,0.030135756438090883,0.8967556276466515,0.7081123575922101,0.07570092907636071,0.5597412630063222,0.8564834521780981,4.365959239911742,0.1874661758067984,3.9985322870109634,4.733386192812521,4.71,9.24,4
2023-01-01,S0,M3 base AR(1),0.3191892371723776,0.030135756438090883,0.8967556276466515,0.7081123575922101,0.07570092907636068,0.5597412630063223,0.856483452178098,4.365959239911742,0.18746617580678956,3.9985322870109807,4.733386192812504,4.62,9.69,4
2023-02-01,S0,M3 base AR(1),0.3191892371723776,0.03013575643809088,0.8967556276466515,0.7081123575922103,0.07570092907636082,0.5597412630063221,0.8564834521780984,4.365959239911742,0.18746617580680247,3.9985322870109554,4.733386192812529,4.49,9.92,4
2023-03-01,S0,M3 base AR(1),0.31918923717237757,0.030135756438090886,0.8967556276466516,0.7081123575922099,0.07570092907636089,0.5597412630063217,0.8564834521780982,4.365959239911748,0.18746617580678432,3.998532287010997,4.7333861928125,4.43,8.71,4
2023-04-01,S0,M3 base AR(1),0.31918923717237757,0.030135756438090893,0.8967556276466516,0.7081123575922098,0.07570092907636083,0.5597412630063217,0.856483452178098,4.365959239911749,0.1874661758067876,3.998532287010992,4.733386192812507,4.39,8.32,4
2023-05-01,S0,M3 base AR(1),0.3191892371723776,0.030135756438090893,0.8967556276466517,0.7081123575922095,0.07570092907636082,0.5597412630063213,0.8564834521780976,4.365959239911756,0.18746617580677136,3.9985322870110305,4.733386192812482,4.3,6.54,4
2023-06-01,S0,M3 base AR(1),0.3191892371723776,0.030135756438090893,0.8967556276466517,0.7081123575922095,0.07570092907636077,0.5597412630063214,0.8564834521780975,4.365959239911756,0.18746617580676453,3.998532287011044,4.7333861928124685,4.24,4.93,4
2023-07-01,S0,M3 base AR(1),0.3191892371723777,0.030135756438090893,0.8967556276466516,0.7081123575922098,0.07570092907636074,0.5597412630063219,0.8564834521780977,4.365959239911751,0.1874661758067836,3.998532287011001,4.7333861928125005,4.21,4.53,4
2023-08-01,S0,M3 base AR(1),0.3191892371723777,0.030135756438090897,0.8967556276466516,0.7081123575922097,0.07570092907636078,0.5597412630063217,0.8564834521780977,4.365959239911751,0.18746617580677827,3.998532287011012,4.733386192812491,4.17,4.47,4
2023-09-01,S0,M3 base AR(1),0.3191892371723777,0.030135756438090893,0.8967556276466517,0.7081123575922095,0.0757009290763609,0.5597412630063212,0.8564834521780977,4.365959239911757,0.18746617580678268,3.998532287011009,4.733386192812505,4.15,4.69,4
2023-10-01,S0,M3 base AR(1),0.31918923717237774,0.030135756438090893,0.8967556276466516,0.7081123575922098,0.07570092907636088,0.5597412630063215,0.8564834521780981,4.365959239911751,0.18746617580679548,3.998532287010978,4.7333861928125245,4.32,4.98,4
2023-11-01,S0,M3 base AR(1),0.31918923717237774,0.030135756438090897,0.8967556276466515,0.7081123575922101,0.07570092907636068,0.5597412630063223,0.856483452178098,4.365959239911745,0.18746617580679048,3.9985322870109816,4.7333861928125085,4.43,4.3,4
2023-12-01,S0,M3 base AR(1),0.31918923717237774,0.030135756438090893,0.8967556276466517,0.7081123575922095,0.07570092907636086,0.5597412630063212,0.8564834521780977,4.365959239911758,0.18746617580679006,3.998532287010996,4.733386192812521,4.32,4.18,4
2024-01-01,S0,M3 base AR(1),0.31918923717237774,0.030135756438090893,0.8967556276466516,0.7081123575922098,0.07570092907636077,0.5597412630063218,0.8564834521780978,4.365959239911751,0.18746617580678965,3.998532287010989,4.733386192812513,4.29,3.82,4
2024-02-01,S0,M3 base AR(1),0.31918923717237774,0.030135756438090897,0.8967556276466517,0.7081123575922095,0.07570092907636088,0.5597412630063212,0.8564834521780977,4.365959239911758,0.18746617580678834,3.998532287010999,4.733386192812517,4.28,3.3,4
2024-03-01,S0,M3 base AR(1),0.31918923717237774,0.030135756438090897,0.8967556276466516,0.7081123575922097,0.07570092907636071,0.5597412630063218,0.8564834521780976,4.365959239911751,0.1874661758067852,3.998532287010998,4.733386192812504,4.14,3.24,4
2024-04-01,S0,M3 base AR(1),0.31918923717237774,0.030135756438090897,0.8967556276466516,0.7081123575922097,0.07570092907636077,0.5597412630063217,0.8564834521780977,4.365959239911751,0.18746617580677874,3.998532287011011,4.733386192812492,4.02,3.36,4
2024-05-01,S0,M3 base AR(1),0.31918923717237774,0.030135756438090897,0.8967556276466516,0.7081123575922097,0.07570092907636071,0.5597412630063218,0.8564834521780976,4.365959239911751,0.18746617580678876,3.998532287010991,4.733386192812511,3.99,3.76,4
2024-06-01,S0,M3 base AR(1),0.31918923717237774,0.0301357564380909,0.8967556276466517,0.7081123575922095,0.07570092907636082,0.5597412630063213,0.8564834521780976,4.365959239911758,0.18746617580678404,3.9985322870110074,4.7333861928125085,4.02,3.62,4
2024-07-01,S0,M3 base AR(1),0.3191892371723778,0.030135756438090897,0.8967556276466517,0.7081123575922095,0.07570092907636088,0.5597412630063212,0.8564834521780977,4.365959239911759,0.18746617580679065,3.9985322870109954,4.733386192812523,4.07,3.78,4
2024-08-01,S0,M3 base AR(1),0.3191892371723777,0.030135756438090897,0.8967556276466516,0.7081123575922097,0.07570092907636072,0.5597412630063218,0.8564834521780976,4.365959239911751,0.18746617580678776,3.998532287010993,4.733386192812509,4.02,3.07,4
2024-09-01,S0,M3 base AR(1),0.3191892371723777,0.030135756438090893,0.8967556276466516,0.7081123575922098,0.07570092907636078,0.5597412630063218,0.8564834521780978,4.365959239911751,0.1874661758067948,3.9985322870109794,4.733386192812523,3.97,2.11,4
2024-10-01,S0,M3 base AR(1),0.3191892371723777,0.0301357564380909,0.8967556276466516,0.7081123575922097,0.07570092907636071,0.5597412630063218,0.8564834521780976,4.365959239911751,0.18746617580678,3.9985322870110083,4.733386192812493,3.96,1.16,4
2024-11-01,S0,M3 base AR(1),0.3191892371723777,0.0301357564380909,0.8967556276466516,0.7081123575922097,0.07570092907636074,0.5597412630063217,0.8564834521780977,4.365959239911751,0.18746617580679312,3.9985322870109825,4.733386192812519,3.66,1.66,4
2024-12-01,S0,M3 base AR(1),0.3191892371723777,0.0301357564380909,0.8967556276466517,0.7081123575922095,0.07570092907636079,0.5597412630063214,0.8564834521780975,4.365959239911757,0.18746617580678487,3.998532287011005,4.733386192812509,3.95,1.7,4
2025-01-01,S0,M3 base AR(1),0.31918923717237774,0.030135756438090897,0.8967556276466516,0.7081123575922097,0.0757009290763607,0.5597412630063218,0.8564834521780976,4.365959239911751,0.1874661758067921,3.9985322870109847,4.733386192812517,3.76,2.19,4
2025-02-01,S0,M3 base AR(1),0.31918923717237774,0.030135756438090897,0.8967556276466517,0.7081123575922095,0.0757009290763608,0.5597412630063213,0.8564834521780976,4.365959239911758,0.18746617580679573,3.9985322870109847,4.733386192812532,3.79,1.79,4
2025-03-01,S0,M3 base AR(1),0.31918923717237774,0.030135756438090897,0.8967556276466517,0.7081123575922095,0.07570092907636078,0.5597412630063214,0.8564834521780975,4.365959239911758,0.1874661758067896,3.9985322870109967,4.73338619281252,3.71,1.57,4
2025-04-01,S0,M3 base AR(1),0.3191892371723777,0.030135756438090897,0.8967556276466517,0.7081123575922095,0.07570092907636082,0.5597412630063213,0.8564834521780976,4.365959239911757,0.18746617580679587,3.9985322870109834,4.733386192812531,3.62,1.47,4
2025-05-01,S0,M3 base AR(1),0.31918923717237774,0.030135756438090897,0.8967556276466517,0.7081123575922095,0.07570092907636079,0.5597412630063214,0.8564834521780975,4.365959239911758,0.18746617580678496,3.9985322870110056,4.73338619281251,3.55,1.69,4
2025-06-01,S0,M3 base AR(1),0.3191892371723777,0.030135756438090897,0.8967556276466517,0.7081123575922095,0.07570092907636082,0.5597412630063213,0.8564834521780976,4.365959239911757,0.18746617580679303,3.998532287010989,4.733386192812525,3.53,1.79,4
2025-07-01,S0,M3 base AR(1),0.3191892371723777,0.030135756438090897,0.8967556276466517,0.7081123575922095,0.07570092907636083,0.5597412630063213,0.8564834521780976,4.365959239911757,0.187466175806791,3.9985322870109927,4.733386192812522,3.54,1.17,4
2025-08-01,S0,M3 base AR(1),0.31918923717237774,0.030135756438090897,0.8967556276466518,0.7081123575922091,0.07570092907636093,0.5597412630063208,0.8564834521780975,4.365959239911764,0.18746617580678837,3.998532287011005,4.733386192812524,3.49,1.17,4
2025-09-01,S0,M3 base AR(1),0.3191892371723777,0.030135756438090903,0.8967556276466517,0.7081123575922094,0.07570092907636082,0.5597412630063212,0.8564834521780975,4.365959239911758,0.18746617580679034,3.9985322870109954,4.733386192812521,3.42,1.47,4
2025-10-01,S0,M3 base AR(1),0.31918923717237774,0.030135756438090897,0.8967556276466517,0.7081123575922095,0.07570092907636082,0.5597412630063213,0.8564834521780976,4.365959239911758,0.1874661758067877,3.9985322870110003,4.733386192812516,3.37,1.26,4
2025-11-01,S0,M3 base AR(1),0.3191892371723777,0.030135756438090903,0.8967556276466518,0.708112357592209,0.07570092907636095,0.5597412630063207,0.8564834521780974,4.365959239911765,0.18746617580679192,3.998532287010999,4.733386192812532,3.3,1.73,4
2025-12-01,S0,M3 base AR(1),0.31918923717237774,0.0301357564380909,0.8967556276466518,0.708112357592209,0.07570092907636096,0.5597412630063205,0.8564834521780975,4.365959239911764,0.18746617580679176,3.9985322870109985,4.73338619281253,3.72,1.65,4
2026-01-01,S0,M3 base AR(1),0.31918923717237774,0.0301357564380909,0.8967556276466518,0.708112357592209,0.07570092907636093,0.5597412630063207,0.8564834521780974,4.365959239911764,0.18746617580679084,3.9985322870110003,4.733386192812528,3.64,0.96,4
2026-02-01,S0,M3 base AR(1),0.3191892371723777,0.0301357564380909,0.896755627646652,0.7081123575922088,0.07570092907636104,0.5597412630063202,0.8564834521780974,4.365959239911771,0.18746617580679137,3.9985322870110056,4.733386192812535,3.62,1.56,4
2026-03-01,S0,M3 base AR(1),0.3191892371723776,0.0301357564380909,0.8967556276466518,0.708112357592209,0.07570092907636093,0.5597412630063207,0.8564834521780974,4.3659592399117635,0.1874661758067886,3.998532287011004,4.733386192812523,3.61,2.5,4
2026-04-01,S0,M3 base AR(1),0.3191892371723777,0.0301357564380909,0.8967556276466518,0.708112357592209,0.07570092907636095,0.5597412630063207,0.8564834521780974,4.365959239911764,0.18746617580679076,3.9985322870110007,4.733386192812528,3.71,3.24,4
2026-05-01,S0,M3 base AR(1),0.3191892371723777,0.0301357564380909,0.8967556276466518,0.708112357592209,0.07570092907636093,0.5597412630063207,0.8564834521780974,4.365959239911764,0.18746617580678956,3.998532287011003,4.733386192812526,3.74,2.86,4
2026-06-01,S0,M3 base AR(1),0.3191892371723777,0.030135756438090903,0.8967556276466518,0.708112357592209,0.07570092907636093,0.5597412630063207,0.8564834521780974,4.365959239911765,0.18746617580678887,3.998532287011005,4.733386192812525,3.71,2.27,4
2011-02-01,S1,M3 AR(1) + inflación rezagada 12 meses,0.3191892371766698,0.03013575643801224,0.8967556276460581,0.7081123575946495,0.0757009248476491,0.559741271296884,0.856483443892415,4.3659592399303175,0.18746615379970183,3.9985323301626554,4.73338614969798,5.81,5.24,5
2011-03-01,S1,M3 AR(1) + inflación rezagada 12 meses,0.3191892371766698,0.030135756438012244,0.8967556276460581,0.7081123575946495,0.07570092485198034,0.559741271288395,0.856483443900904,4.365959239930318,0.18746615372862807,3.998532330301958,4.733386149558679,6.13,4.99,5
2011-04-01,S1,M3 AR(1) + inflación rezagada 12 meses,0.3191892371766499,0.03013575643800657,0.896755627646062,0.7081123575946935,0.07570092469686132,0.5597412715924666,0.8564834435969204,4.365959239929939,0.1874661537308148,3.998532330297293,4.733386149562585,6.19,5.76114812916453,5
2011-05-01,S1,M3 AR(1) + inflación rezagada 12 meses,0.3191892371729096,0.030135756438094095,0.89675562764657,0.7081123575924095,0.07570093165510744,0.5597412579522709,0.8564834572325482,4.3659592399143445,0.18746615996729865,3.9985323180584147,4.733386161770274,5.74,6.3930220625962,5
2011-06-01,S1,M3 AR(1) + inflación rezagada 12 meses,0.3191892371728156,0.03013575643809894,0.8967556276465558,0.7081123575924028,0.075700928477917,0.5597412641794429,0.8564834510053626,4.365959239912499,0.18746617605285817,3.9985322865294517,4.733386193295546,6.16,6.42229936695938,5
2011-07-01,S1,M3 AR(1) + inflación rezagada 12 meses,0.31918923717277514,0.030135756438095695,0.8967556276465629,0.7081123575924141,0.07570092849172955,0.5597412641523822,0.8564834510324459,4.3659592399121765,0.18746617544887806,3.9985322877129086,4.733386192111444,5.88,7.03967446592064,5
2011-08-01,S1,M3 AR(1) + inflación rezagada 12 meses,0.31918923717274145,0.03013575643809538,0.89675562764657,0.7081123575923971,0.07570092848310381,0.5597412641692714,0.8564834510155228,4.3659592399121205,0.1874661756953851,3.998532287229708,4.7333861925945335,5.95,7.6258261311642,5
2011-09-01,S1,M3 AR(1) + inflación rezagada 12 meses,0.31918923717270964,0.030135756438095383,0.8967556276465807,0.7081123575923669,0.07570092848957785,0.5597412641565522,0.8564834510281816,4.365959239912322,0.18746617555884817,3.998532287497517,4.733386192327128,6.43,7.24931562404949,5
2011-10-01,S1,M3 AR(1) + inflación rezagada 12 meses,0.3191892371728277,0.030135756438095726,0.89675562764657,0.7081123575923937,0.07570092841453122,0.5597412643036677,0.8564834508811197,4.365959239913321,0.18746617403238489,3.998532290490329,4.733386189336313,6.51,6.65,5
2011-11-01,S1,M3 AR(1) + inflación rezagada 12 meses,0.31918923717249886,0.03013575643809766,0.8967556276466198,0.7081123575922343,0.07570092841765513,0.5597412642973856,0.8564834508870831,4.365959239911909,0.1874661740933372,3.9985322903694525,4.733386189454365,6.06,6.05484387510006,5
2011-12-01,S1,M3 AR(1) + inflación rezagada 12 meses,0.31918923717249714,0.030135756438098068,0.8967556276466162,0.7081123575922404,0.07570092841844885,0.559741264295836,0.8564834508886449,4.365959239911699,0.1874661741552565,3.9985322902478826,4.733386189575515,5.62,6.2,5
2012-01-01,S1,M3 AR(1) + inflación rezagada 12 meses,0.31918923717250297,0.030135756438098182,0.896755627646618,0.7081123575922343,0.07570092841812148,0.5597412642964716,0.856483450887997,4.3659592399118905,0.18746617417590805,3.998532290207598,4.733386189616183,5.95,5.44,4.5
2012-02-01,S1,M3 AR(1) + inflación rezagada 12 meses,0.31918923717249487,0.030135756438097825,0.8967556276466215,0.7081123575922277,0.07570092841818095,0.5597412642963484,0.856483450888107,4.36595923991197,0.18746617416958386,3.9985322902200733,4.733386189603868,6.11,5.17,4.5
2012-03-01,S1,M3 AR(1) + inflación rezagada 12 meses,0.3191892371724927,0.03013575643809731,0.8967556276466198,0.7081123575922377,0.07570092841785223,0.5597412642970027,0.8564834508874727,4.365959239911804,0.1874661741758259,3.998532290207673,4.733386189615936,5.47,4.55,4.5
2012-04-01,S1,M3 AR(1) + inflación rezagada 12 meses,0.3191892371724771,0.030135756438097093,0.8967556276466215,0.7081123575922348,0.07570092841788952,0.5597412642969266,0.856483450887543,4.365959239911684,0.18746617418045214,3.9985322901984857,4.733386189624883,5.54,4.27,4.5
2012-05-01,S1,M3 AR(1) + inflación rezagada 12 meses,0.31918923717250997,0.030135756438097242,0.8967556276466162,0.7081123575922484,0.07570092841789945,0.5597412642969208,0.856483450887576,4.365959239911824,0.1874661741638332,3.9985322902311977,4.73338618959245,5.28,3.9,4.5
2012-06-01,S1,M3 AR(1) + inflación rezagada 12 meses,0.31918923717250786,0.030135756438097093,0.8967556276466153,0.7081123575922523,0.0757009284177761,0.5597412642971665,0.8564834508873381,4.365959239911733,0.18746617416320294,3.9985322902323426,4.7333861895911244,5.11,3.47,4.5
2012-07-01,S1,M3 AR(1) + inflación rezagada 12 meses,0.31918923717250414,0.0301357564380967,0.896755627646618,0.7081123575922487,0.07570092841785324,0.5597412642970117,0.8564834508874857,4.365959239911818,0.18746617417491415,3.9985322902094733,4.733386189614162,4.9,2.86,4.5
2012-08-01,S1,M3 AR(1) + inflación rezagada 12 meses,0.3191892371724937,0.030135756438096545,0.8967556276466198,0.7081123575922451,0.07570092841787429,0.5597412642969668,0.8564834508875234,4.365959239911772,0.18746617417354502,3.998532290212111,4.7333861896114335,4.55,2.71,4.5
2012-09-01,S1,M3 AR(1) + inflación rezagada 12 meses,0.3191892371724922,0.030135756438096295,0.8967556276466206,0.708112357592245,0.07570092841788302,0.5597412642969496,0.8564834508875404,4.36595923991179,0.18746617417470463,3.998532290209856,4.733386189613724,5.17,3.28,4.5
2012-10-01,S1,M3 AR(1) + inflación rezagada 12 meses,0.31918923717249564,0.030135756438096656,0.8967556276466198,0.7081123575922441,0.07570092841787593,0.5597412642969626,0.8564834508875256,4.365959239911805,0.18746617417562172,3.998532290208074,4.733386189615537,4.76,3.35,4.5
2012-11-01,S1,M3 AR(1) + inflación rezagada 12 meses,0.3191892371724948,0.030135756438096597,0.8967556276466198,0.7081123575922446,0.07570092841787511,0.5597412642969647,0.8564834508875244,4.365959239911791,0.18746617417551084,3.998532290208277,4.733386189615305,4.82,3.11,4.5
2012-12-01,S1,M3 AR(1) + inflación rezagada 12 meses,0.319189237172503,0.030135756438096763,0.8967556276466189,0.7081123575922456,0.07570092841787474,0.5597412642969664,0.8564834508875248,4.36595923991186,0.18746617417503744,3.9985322902092744,4.733386189614446,4.93,3.45,4.5
2013-01-01,S1,M3 AR(1) + inflación rezagada 12 meses,0.31918923717249614,0.03013575643809658,0.8967556276466189,0.7081123575922473,0.07570092841789507,0.5597412642969284,0.8564834508875663,4.365959239911754,0.18746617417781547,3.998532290203723,4.733386189619784,4.83,3.86,4
2013-02-01,S1,M3 AR(1) + inflación rezagada 12 meses,0.3191892371724898,0.03013575643809607,0.8967556276466206,0.7081123575922472,0.07570092841786807,0.5597412642969811,0.8564834508875133,4.365959239911744,0.1874661741739128,3.998532290211362,4.733386189612125,4.61,4.18,4
2013-03-01,S1,M3 AR(1) + inflación rezagada 12 meses,0.3191892371724909,0.030135756438096434,0.8967556276466198,0.7081123575922462,0.0757009284178628,0.5597412642969904,0.856483450887502,4.365959239911728,0.18746617417535597,3.9985322902085176,4.733386189614938,4.66,4.34,4
2013-04-01,S1,M3 AR(1) + inflación rezagada 12 meses,0.3191892371724881,0.030135756438096302,0.8967556276466202,0.7081123575922462,0.07570092841788596,0.559741264296945,0.8564834508875474,4.365959239911707,0.1874661741771489,3.9985322902049822,4.7333861896184315,4.93,4.13,4
2013-05-01,S1,M3 AR(1) + inflación rezagada 12 meses,0.3191892371724877,0.03013575643809613,0.8967556276466202,0.7081123575922479,0.0757009284179005,0.5597412642969182,0.8564834508875776,4.3659592399116915,0.18746617417874362,3.9985322902018416,4.733386189621542,4.83,4.27,4
2013-06-01,S1,M3 AR(1) + inflación rezagada 12 meses,0.31918923717249076,0.030135756438096236,0.8967556276466202,0.7081123575922469,0.07570092841788426,0.559741264296949,0.8564834508875447,4.36595923991174,0.18746617417680164,3.998532290205697,4.733386189617784,5.21,4.79,4
2013-07-01,S1,M3 AR(1) + inflación rezagada 12 meses,0.31918923717248954,0.03013575643809628,0.8967556276466193,0.708112357592249,0.07570092841788473,0.5597412642969503,0.8564834508875477,4.365959239911673,0.18746617417646474,3.998532290206289,4.733386189617057,4.81,4.74,4
2013-08-01,S1,M3 AR(1) + inflación rezagada 12 meses,0.3191892371724854,0.03013575643809596,0.8967556276466211,0.708112357592247,0.07570092841788724,0.5597412642969434,0.8564834508875506,4.365959239911703,0.18746617417724135,3.9985322902047975,4.733386189618609,4.89,4.42,4
2013-09-01,S1,M3 AR(1) + inflación rezagada 12 meses,0.3191892371724886,0.030135756438096156,0.8967556276466206,0.7081123575922463,0.07570092841788637,0.5597412642969444,0.8564834508875483,4.365959239911732,0.18746617417708386,3.9985322902051355,4.733386189618329,4.91,4.21,4
2013-10-01,S1,M3 AR(1) + inflación rezagada 12 meses,0.31918923717249,0.0301357564380963,0.8967556276466206,0.708112357592245,0.07570092841788124,0.559741264296953,0.856483450887537,4.365959239911759,0.18746617417574962,3.998532290207777,4.733386189615741,4.71,4.15,4
2013-11-01,S1,M3 AR(1) + inflación rezagada 12 meses,0.31918923717248615,0.030135756438096104,0.8967556276466215,0.7081123575922443,0.07570092841788685,0.5597412642969415,0.8564834508875472,4.365959239911748,0.1874661741766348,3.9985322902060316,4.733386189617465,4.7,4.63,4
2013-12-01,S1,M3 AR(1) + inflación rezagada 12 meses,0.31918923717248526,0.030135756438096125,0.8967556276466213,0.7081123575922448,0.07570092841788867,0.5597412642969384,0.8564834508875512,4.365959239911724,0.18746617417706674,3.998532290205161,4.733386189618288,5.19,4.39,4
2014-01-01,S1,M3 AR(1) + inflación rezagada 12 meses,0.31918923717249015,0.030135756438096212,0.8967556276466206,0.7081123575922459,0.07570092841788287,0.5597412642969508,0.856483450887541,4.365959239911756,0.1874661741760603,3.9985322902071654,4.733386189616347,4.94,4.14,4
2014-02-01,S1,M3 AR(1) + inflación rezagada 12 meses,0.3191892371724892,0.030135756438096146,0.8967556276466206,0.7081123575922466,0.07570092841788932,0.5597412642969388,0.8564834508875543,4.3659592399117395,0.18746617417675918,3.998532290205779,4.7333861896177005,4.68,3.5,4
2014-03-01,S1,M3 AR(1) + inflación rezagada 12 meses,0.31918923717248737,0.030135756438096323,0.8967556276466209,0.7081123575922441,0.07570092841788416,0.5597412642969465,0.8564834508875417,4.365959239911739,0.18746617417626724,3.998532290206742,4.733386189616735,4.54,3.25,4
2014-04-01,S1,M3 AR(1) + inflación rezagada 12 meses,0.3191892371724873,0.030135756438096222,0.8967556276466209,0.7081123575922451,0.07570092841788666,0.5597412642969426,0.8564834508875476,4.365959239911732,0.1874661741762921,3.998532290206687,4.733386189616778,4.66,3.27,4
2014-05-01,S1,M3 AR(1) + inflación rezagada 12 meses,0.31918923717248593,0.030135756438096153,0.8967556276466213,0.7081123575922446,0.07570092841788573,0.5597412642969439,0.8564834508875452,4.365959239911735,0.18746617417641745,3.998532290206444,4.7333861896170255,4.28,3.22,4
2014-06-01,S1,M3 AR(1) + inflación rezagada 12 meses,0.31918923717248626,0.030135756438096115,0.8967556276466209,0.7081123575922461,0.07570092841788707,0.5597412642969428,0.8564834508875494,4.365959239911711,0.18746617417640415,3.9985322902064464,4.733386189616976,4.36,3.13,4
2014-07-01,S1,M3 AR(1) + inflación rezagada 12 meses,0.3191892371724863,0.030135756438096198,0.8967556276466209,0.7081123575922453,0.07570092841788044,0.559741264296955,0.8564834508875356,4.365959239911716,0.1874661741757576,3.9985322902077187,4.733386189615714,4.41,3.41,4
2014-08-01,S1,M3 AR(1) + inflación rezagada 12 meses,0.3191892371724879,0.030135756438096212,0.89675562764662,0.7081123575922477,0.07570092841788635,0.5597412642969457,0.8564834508875496,4.365959239911686,0.18746617417680866,3.9985322902056284,4.733386189617744,4.06,3.7,4
2014-09-01,S1,M3 AR(1) + inflación rezagada 12 meses,0.31918923717248654,0.030135756438096115,0.8967556276466209,0.7081123575922461,0.07570092841788491,0.559741264296947,0.8564834508875452,4.365959239911715,0.1874661741765172,3.9985322902062284,4.733386189617201,4.13,3.45,4
2014-10-01,S1,M3 AR(1) + inflación rezagada 12 meses,0.31918923717248565,0.030135756438096146,0.8967556276466208,0.7081123575922461,0.07570092841788414,0.5597412642969486,0.8564834508875436,4.365959239911698,0.18746617417623718,3.9985322902067604,4.733386189616636,4.17,3.64,4
2014-11-01,S1,M3 AR(1) + inflación rezagada 12 meses,0.3191892371724871,0.030135756438096205,0.8967556276466203,0.7081123575922468,0.07570092841788513,0.5597412642969473,0.8564834508875463,4.365959239911695,0.18746617417644387,3.9985322902063523,4.733386189617038,4.16,3.38,4
2014-12-01,S1,M3 AR(1) + inflación rezagada 12 meses,0.31918923717248665,0.03013575643809623,0.8967556276466204,0.7081123575922463,0.0757009284178819,0.5597412642969531,0.8564834508875395,4.365959239911696,0.18746617417603129,3.998532290207162,4.73338618961623,4.21,2.95,4
2015-01-01,S1,M3 AR(1) + inflación rezagada 12 meses,0.31918923717248615,0.03013575643809605,0.8967556276466206,0.7081123575922474,0.07570092841788408,0.55974126429695,0.8564834508875449,4.365959239911692,0.1874661741761606,3.998532290206905,4.73338618961648,3.89,2.32,4
2015-02-01,S1,M3 AR(1) + inflación rezagada 12 meses,0.31918923717248604,0.030135756438096212,0.8967556276466208,0.7081123575922456,0.0757009284178869,0.5597412642969426,0.8564834508875485,4.3659592399117075,0.18746617417653622,3.998532290206184,4.733386189617232,4.07,2.44,4
2015-03-01,S1,M3 AR(1) + inflación rezagada 12 meses,0.319189237172486,0.030135756438096236,0.8967556276466209,0.708112357592245,0.07570092841788256,0.5597412642969505,0.8564834508875395,4.365959239911715,0.18746617417603476,3.998532290207174,4.7333861896162555,4.11,2.43,4
2015-04-01,S1,M3 AR(1) + inflación rezagada 12 meses,0.31918923717248593,0.030135756438096156,0.8967556276466209,0.7081123575922458,0.07570092841788255,0.5597412642969513,0.8564834508875403,4.365959239911709,0.187466174176037,3.998532290207164,4.733386189616255,3.82,2.58,4
2015-05-01,S1,M3 AR(1) + inflación rezagada 12 meses,0.31918923717248526,0.030135756438096156,0.8967556276466212,0.7081123575922448,0.07570092841788367,0.5597412642969481,0.8564834508875414,4.36595923991172,0.187466174176167,3.99853229020692,4.73338618961652,3.57,2.55,4
2015-06-01,S1,M3 AR(1) + inflación rezagada 12 meses,0.31918923717248493,0.0301357564380961,0.8967556276466212,0.7081123575922453,0.07570092841788369,0.5597412642969486,0.8564834508875421,4.365959239911712,0.1874661741761726,3.998532290206901,4.733386189616523,3.67,2.39,4
2015-07-01,S1,M3 AR(1) + inflación rezagada 12 meses,0.31918923717248526,0.030135756438096184,0.8967556276466211,0.7081123575922449,0.07570092841788309,0.5597412642969494,0.8564834508875404,4.365959239911715,0.18746617417608227,3.9985322902070806,4.733386189616349,3.56,2.32,4
2015-08-01,S1,M3 AR(1) + inflación rezagada 12 meses,0.3191892371724853,0.030135756438096163,0.8967556276466209,0.7081123575922457,0.07570092841788076,0.5597412642969547,0.8564834508875366,4.3659592399117,0.18746617417582248,3.9985322902075757,4.733386189615825,3.31,1.96,4
2015-09-01,S1,M3 AR(1) + inflación rezagada 12 meses,0.3191892371724856,0.030135756438096156,0.8967556276466209,0.7081123575922458,0.07570092841788331,0.5597412642969498,0.8564834508875417,4.365959239911704,0.18746617417620545,3.9985322902068288,4.73338618961658,3.4,1.88,4
2015-10-01,S1,M3 AR(1) + inflación rezagada 12 meses,0.3191892371724854,0.03013575643809607,0.8967556276466209,0.7081123575922466,0.07570092841788531,0.5597412642969467,0.8564834508875464,4.365959239911696,0.1874661741763276,3.9985322902065814,4.733386189616811,3.28,2.23,4
2015-11-01,S1,M3 AR(1) + inflación rezagada 12 meses,0.31918923717248493,0.03013575643809601,0.896755627646621,0.7081123575922468,0.07570092841788639,0.5597412642969448,0.8564834508875487,4.365959239911693,0.18746617417581674,3.9985322902075797,4.733386189615807,3.37,2.51,4
2015-12-01,S1,M3 AR(1) + inflación rezagada 12 meses,0.31918923717248526,0.030135756438095948,0.896755627646621,0.7081123575922474,0.0757009284178853,0.5597412642969476,0.8564834508875473,4.365959239911694,0.18746617417601474,3.9985322902071925,4.733386189616196,3.65,3.07,4
2016-01-01,S1,M3 AR(1) + inflación rezagada 12 meses,0.3191892371724849,0.030135756438095858,0.896755627646621,0.7081123575922483,0.07570092841788538,0.5597412642969484,0.8564834508875483,4.365959239911683,0.18746617417613543,3.9985322902069447,4.733386189616421,3.8,4.38,4
2016-02-01,S1,M3 AR(1) + inflación rezagada 12 meses,0.3191892371724848,0.030135756438095865,0.896755627646621,0.7081123575922483,0.07570092841788534,0.5597412642969484,0.8564834508875483,4.365959239911683,0.18746617417611794,3.998532290206979,4.733386189616386,4.09,4.27,4
2016-03-01,S1,M3 AR(1) + inflación rezagada 12 meses,0.3191892371724844,0.030135756438095785,0.8967556276466212,0.7081123575922483,0.07570092841788338,0.5597412642969523,0.8564834508875444,4.365959239911685,0.18746617417601955,3.9985322902071743,4.733386189616196,3.99,4.26,4
2016-04-01,S1,M3 AR(1) + inflación rezagada 12 meses,0.3191892371724845,0.03013575643809581,0.8967556276466211,0.7081123575922486,0.0757009284178832,0.5597412642969528,0.8564834508875443,4.365959239911682,0.18746617417607878,3.998532290207055,4.733386189616309,4.19,4.09,4
2016-05-01,S1,M3 AR(1) + inflación rezagada 12 meses,0.3191892371724842,0.03013575643809578,0.8967556276466213,0.7081123575922481,0.0757009284178823,0.5597412642969541,0.8564834508875421,4.36595923991169,0.1874661741761841,3.9985322902068563,4.733386189616524,4.16,4.36,4
2016-06-01,S1,M3 AR(1) + inflación rezagada 12 meses,0.3191892371724843,0.030135756438095802,0.8967556276466212,0.7081123575922482,0.07570092841788126,0.5597412642969563,0.8564834508875402,4.365959239911685,0.18746617417622302,3.9985322902067755,4.733386189616595,4.39,4.43,4
2016-07-01,S1,M3 AR(1) + inflación rezagada 12 meses,0.31918923717248443,0.030135756438095754,0.8967556276466212,0.7081123575922488,0.07570092841788166,0.559741264296956,0.8564834508875415,4.365959239911684,0.18746617417598269,3.9985322902072458,4.733386189616123,4.41,4.62,4
2016-08-01,S1,M3 AR(1) + inflación rezagada 12 meses,0.3191892371724845,0.030135756438095768,0.8967556276466212,0.7081123575922486,0.07570092841788169,0.5597412642969558,0.8564834508875413,4.365959239911686,0.18746617417603362,3.9985322902071476,4.733386189616224,4.45,4.74,4
2016-09-01,S1,M3 AR(1) + inflación rezagada 12 meses,0.31918923717248443,0.030135756438095695,0.8967556276466212,0.7081123575922492,0.07570092841788086,0.5597412642969581,0.8564834508875403,4.365959239911681,0.18746617417602868,3.998532290207152,4.73338618961621,4.42,4.56,4
2016-10-01,S1,M3 AR(1) + inflación rezagada 12 meses,0.3191892371724842,0.03013575643809567,0.8967556276466213,0.7081123575922492,0.07570092841788077,0.5597412642969583,0.8564834508875402,4.365959239911683,0.18746617417610215,3.99853229020701,4.733386189616356,4.43,4.76,4
2016-11-01,S1,M3 AR(1) + inflación rezagada 12 meses,0.31918923717248426,0.03013575643809572,0.8967556276466213,0.7081123575922488,0.07570092841788092,0.5597412642969575,0.8564834508875401,4.365959239911686,0.1874661741759656,3.998532290207281,4.733386189616091,4.6,4.67,4
2016-12-01,S1,M3 AR(1) + inflación rezagada 12 meses,0.31918923717248443,0.030135756438095736,0.8967556276466213,0.7081123575922486,0.07570092841788031,0.5597412642969585,0.8564834508875386,4.36595923991169,0.18746617417610253,3.998532290207016,4.733386189616363,4.66,4.23,4
2017-01-01,S1,M3 AR(1) + inflación rezagada 12 meses,0.3191892371724845,0.030135756438095723,0.8967556276466213,0.7081123575922488,0.07570092841788129,0.5597412642969568,0.8564834508875407,4.36595923991169,0.18746617417623687,3.998532290206753,4.733386189616627,4.4,3.83,4
2017-02-01,S1,M3 AR(1) + inflación rezagada 12 meses,0.3191892371724844,0.03013575643809568,0.8967556276466212,0.7081123575922494,0.07570092841788009,0.5597412642969598,0.8564834508875391,4.365959239911679,0.18746617417597347,3.998532290207258,4.7333861896161,4.46,3.96,4
2017-03-01,S1,M3 AR(1) + inflación rezagada 12 meses,0.31918923717248443,0.03013575643809572,0.8967556276466212,0.708112357592249,0.0757009284178812,0.5597412642969571,0.8564834508875409,4.365959239911682,0.1874661741762186,3.998532290206781,4.733386189616583,4.28,4,4
2017-04-01,S1,M3 AR(1) + inflación rezagada 12 meses,0.31918923717248454,0.03013575643809571,0.8967556276466212,0.7081123575922492,0.07570092841788145,0.5597412642969569,0.8564834508875415,4.3659592399116836,0.1874661741761082,3.998532290206999,4.733386189616368,4.51,4.09,4
2017-05-01,S1,M3 AR(1) + inflación rezagada 12 meses,0.3191892371724845,0.030135756438095657,0.8967556276466212,0.7081123575922497,0.0757009284178828,0.5597412642969547,0.8564834508875446,4.365959239911679,0.18746617417627884,3.99853229020666,4.733386189616699,4.17,3.93,4
2017-06-01,S1,M3 AR(1) + inflación rezagada 12 meses,0.31918923717248476,0.03013575643809574,0.8967556276466211,0.7081123575922492,0.07570092841788054,0.5597412642969587,0.8564834508875397,4.365959239911682,0.18746617417599956,3.99853229020721,4.733386189616153,4.26,4.36,4
2017-07-01,S1,M3 AR(1) + inflación rezagada 12 meses,0.3191892371724846,0.03013575643809574,0.8967556276466211,0.7081123575922492,0.0757009284178809,0.559741264296958,0.8564834508875404,4.365959239911679,0.18746617417613445,3.998532290206943,4.733386189616415,4.48,5.22,4
2017-08-01,S1,M3 AR(1) + inflación rezagada 12 meses,0.3191892371724846,0.030135756438095792,0.8967556276466211,0.7081123575922487,0.07570092841788177,0.5597412642969557,0.8564834508875416,4.365959239911683,0.18746617417620967,3.998532290206799,4.733386189616566,4.51,4.72,4
2017-09-01,S1,M3 AR(1) + inflación rezagada 12 meses,0.3191892371724849,0.03013575643809581,0.8967556276466209,0.7081123575922491,0.07570092841788244,0.5597412642969548,0.8564834508875434,4.365959239911674,0.18746617417620468,3.9985322902068,4.733386189616548,4.75,4.36,4
2017-10-01,S1,M3 AR(1) + inflación rezagada 12 meses,0.3191892371724848,0.030135756438095792,0.8967556276466209,0.7081123575922492,0.07570092841788041,0.5597412642969589,0.8564834508875395,4.365959239911672,0.18746617417615657,3.9985322902068923,4.733386189616452,4.53,4.2,4
2017-11-01,S1,M3 AR(1) + inflación rezagada 12 meses,0.31918923717248493,0.03013575643809584,0.8967556276466209,0.7081123575922488,0.07570092841788024,0.5597412642969588,0.8564834508875387,4.3659592399116764,0.18746617417612285,3.998532290206963,4.73338618961639,4.63,4.69,4
2017-12-01,S1,M3 AR(1) + inflación rezagada 12 meses,0.3191892371724848,0.030135756438095837,0.8967556276466209,0.7081123575922488,0.07570092841788101,0.5597412642969574,0.8564834508875402,4.365959239911675,0.18746617417614986,3.9985322902069083,4.733386189616441,4.56,5.68,4
2018-01-01,S1,M3 AR(1) + inflación rezagada 12 meses,0.3191892371724844,0.030135756438095813,0.8967556276466209,0.7081123575922491,0.07570092841788001,0.5597412642969597,0.8564834508875385,4.365959239911667,0.18746617417599895,3.998532290207196,4.733386189616137,4.71,4.71,4
2018-02-01,S1,M3 AR(1) + inflación rezagada 12 meses,0.3191892371724843,0.03013575643809575,0.896755627646621,0.7081123575922494,0.07570092841788045,0.559741264296959,0.8564834508875399,4.365959239911669,0.18746617417609404,3.998532290207012,4.7333861896163265,4.56,4.15,4
2018-03-01,S1,M3 AR(1) + inflación rezagada 12 meses,0.3191892371724838,0.03013575643809572,0.8967556276466211,0.7081123575922494,0.0757009284178805,0.559741264296959,0.8564834508875399,4.365959239911667,0.1874661741760793,3.998532290207039,4.7333861896162945,4.62,4.14,4
2018-04-01,S1,M3 AR(1) + inflación rezagada 12 meses,0.31918923717248393,0.03013575643809575,0.8967556276466209,0.7081123575922497,0.07570092841787991,0.5597412642969604,0.856483450887539,4.365959239911658,0.18746617417607214,3.9985322902070437,4.7333861896162714,4.46,3.92,4
2018-05-01,S1,M3 AR(1) + inflación rezagada 12 meses,0.31918923717248365,0.03013575643809572,0.8967556276466209,0.70811235759225,0.07570092841787954,0.5597412642969615,0.8564834508875385,4.365959239911652,0.18746617417611644,3.998532290206951,4.733386189616352,4.48,4.09,4
2018-06-01,S1,M3 AR(1) + inflación rezagada 12 meses,0.31918923717248404,0.030135756438095705,0.8967556276466209,0.7081123575922501,0.07570092841787893,0.5597412642969628,0.8564834508875374,4.365959239911657,0.18746617417604178,3.9985322902071023,4.733386189616211,4.43,3.79,4
2018-07-01,S1,M3 AR(1) + inflación rezagada 12 meses,0.31918923717248393,0.030135756438095698,0.8967556276466208,0.7081123575922506,0.07570092841787986,0.5597412642969614,0.8564834508875397,4.365959239911648,0.18746617417614436,3.9985322902068923,4.733386189616404,4.36,2.61,4
2018-08-01,S1,M3 AR(1) + inflación rezagada 12 meses,0.31918923717248404,0.030135756438095726,0.8967556276466208,0.7081123575922502,0.07570092841787986,0.559741264296961,0.8564834508875394,4.365959239911651,0.18746617417617814,3.9985322902068288,4.733386189616472,4.33,3.36,4
2018-09-01,S1,M3 AR(1) + inflación rezagada 12 meses,0.31918923717248415,0.030135756438095736,0.8967556276466206,0.7081123575922504,0.07570092841787904,0.5597412642969628,0.8564834508875381,4.365959239911646,0.187466174176115,3.9985322902069482,4.733386189616344,4.32,4.55,4
2018-10-01,S1,M3 AR(1) + inflación rezagada 12 meses,0.319189237172484,0.030135756438095747,0.8967556276466205,0.7081123575922507,0.07570092841787925,0.5597412642969627,0.8564834508875386,4.365959239911637,0.18746617417620118,3.9985322902067706,4.733386189616504,4.32,4.34,4
2018-11-01,S1,M3 AR(1) + inflación rezagada 12 meses,0.3191892371724845,0.030135756438095816,0.8967556276466206,0.7081123575922497,0.07570092841787883,0.5597412642969625,0.8564834508875369,4.365959239911656,0.1874661741761493,3.9985322902068905,4.7333861896164215,4.47,3.15,4
2018-12-01,S1,M3 AR(1) + inflación rezagada 12 meses,0.3191892371724848,0.030135756438095854,0.8967556276466205,0.7081123575922497,0.07570092841787829,0.5597412642969636,0.8564834508875357,4.365959239911656,0.18746617417596712,3.998532290207248,4.7333861896160645,4.38,2.31,4
2019-01-01,S1,M3 AR(1) + inflación rezagada 12 meses,0.31918923717248476,0.030135756438095858,0.8967556276466204,0.7081123575922499,0.0757009284178777,0.5597412642969649,0.8564834508875349,4.365959239911648,0.18746617417601785,3.9985322902071405,4.733386189616156,4.07,4.1,4
2019-02-01,S1,M3 AR(1) + inflación rezagada 12 meses,0.31918923717248465,0.030135756438095882,0.8967556276466204,0.7081123575922497,0.07570092841787844,0.5597412642969632,0.8564834508875361,4.365959239911648,0.18746617417612924,3.998532290206922,4.733386189616374,4.25,4.46,4
2019-03-01,S1,M3 AR(1) + inflación rezagada 12 meses,0.3191892371724846,0.030135756438095882,0.8967556276466205,0.7081123575922493,0.07570092841787744,0.5597412642969649,0.8564834508875337,4.365959239911654,0.18746617417616523,3.9985322902068576,4.733386189616451,4.35,4.17,4
2019-04-01,S1,M3 AR(1) + inflación rezagada 12 meses,0.31918923717248443,0.030135756438095858,0.8967556276466204,0.7081123575922499,0.07570092841787669,0.5597412642969669,0.8564834508875329,4.365959239911644,0.1874661741760481,3.9985322902070766,4.73338618961621,4.3,4.75,4
2019-05-01,S1,M3 AR(1) + inflación rezagada 12 meses,0.31918923717248443,0.030135756438095844,0.8967556276466204,0.7081123575922501,0.0757009284178779,0.5597412642969648,0.8564834508875354,4.365959239911644,0.18746617417616837,3.9985322902068408,4.733386189616446,4.39,4.54,4
2019-06-01,S1,M3 AR(1) + inflación rezagada 12 meses,0.31918923717248404,0.030135756438095785,0.8967556276466206,0.70811235759225,0.07570092841787784,0.5597412642969648,0.8564834508875352,4.365959239911647,0.18746617417613975,3.9985322902069007,4.733386189616394,4.36,4.8,4
2019-07-01,S1,M3 AR(1) + inflación rezagada 12 meses,0.31918923717248393,0.030135756438095757,0.8967556276466206,0.7081123575922503,0.07570092841787807,0.5597412642969647,0.856483450887536,4.3659592399116445,0.18746617417618325,3.9985322902068128,4.733386189616477,4.6,4.37,4
2019-08-01,S1,M3 AR(1) + inflación rezagada 12 meses,0.3191892371724841,0.0301357564380958,0.8967556276466205,0.7081123575922501,0.07570092841787746,0.5597412642969657,0.8564834508875345,4.365959239911643,0.18746617417619257,3.998532290206793,4.733386189616493,4.53,3.01,4
2019-09-01,S1,M3 AR(1) + inflación rezagada 12 meses,0.3191892371724844,0.030135756438095868,0.8967556276466204,0.7081123575922499,0.07570092841787733,0.5597412642969657,0.8564834508875341,4.365959239911644,0.18746617417613146,3.998532290206913,4.733386189616374,4.34,1.8,4
2019-10-01,S1,M3 AR(1) + inflación rezagada 12 meses,0.31918923717248443,0.030135756438095854,0.8967556276466204,0.7081123575922499,0.07570092841787791,0.5597412642969646,0.8564834508875352,4.365959239911644,0.1874661741761703,3.998532290206837,4.73338618961645,4.22,2.17,4
2019-11-01,S1,M3 AR(1) + inflación rezagada 12 meses,0.3191892371724846,0.030135756438095792,0.8967556276466204,0.7081123575922506,0.0757009284178776,0.5597412642969658,0.8564834508875353,4.365959239911643,0.18746617417610087,3.998532290206972,4.733386189616313,4.25,2.92,4
2019-12-01,S1,M3 AR(1) + inflación rezagada 12 meses,0.31918923717248443,0.030135756438095795,0.8967556276466204,0.7081123575922506,0.07570092841787744,0.5597412642969661,0.856483450887535,4.36595923991164,0.18746617417609143,3.998532290206988,4.733386189616292,4.1,3.41,4
2020-01-01,S1,M3 AR(1) + inflación rezagada 12 meses,0.3191892371724843,0.030135756438095816,0.8967556276466204,0.7081123575922503,0.07570092841787834,0.5597412642969641,0.8564834508875365,4.365959239911641,0.18746617417618192,3.998532290206812,4.73338618961647,4.11,1.78,4
2020-02-01,S1,M3 AR(1) + inflación rezagada 12 meses,0.31918923717248454,0.030135756438095858,0.8967556276466204,0.7081123575922499,0.07570092841787769,0.5597412642969649,0.8564834508875349,4.365959239911645,0.1874661741761124,3.9985322902069527,4.733386189616338,3.85,1.24,4
2020-03-01,S1,M3 AR(1) + inflación rezagada 12 meses,0.31918923717248493,0.03013575643809585,0.8967556276466202,0.7081123575922506,0.0757009284178783,0.5597412642969644,0.8564834508875367,4.365959239911637,0.18746617417617262,3.9985322902068265,4.733386189616448,3.99,1.77,4
2020-04-01,S1,M3 AR(1) + inflación rezagada 12 meses,0.319189237172485,0.03013575643809591,0.8967556276466202,0.7081123575922501,0.07570092841787752,0.5597412642969655,0.8564834508875347,4.365959239911641,0.18746617417609732,3.9985322902069775,4.733386189616304,3.97,1.88,4
2020-05-01,S1,M3 AR(1) + inflación rezagada 12 meses,0.31918923717248493,0.030135756438095875,0.8967556276466203,0.7081123575922501,0.07570092841787768,0.5597412642969652,0.856483450887535,4.365959239911645,0.18746617417610403,3.9985322902069687,4.733386189616322,3.96,1.8,4
2020-06-01,S1,M3 AR(1) + inflación rezagada 12 meses,0.31918923717248493,0.030135756438095882,0.8967556276466203,0.70811235759225,0.07570092841787748,0.5597412642969655,0.8564834508875345,4.365959239911645,0.18746617417612316,3.9985322902069313,4.733386189616359,3.77,2.39,4
2020-07-01,S1,M3 AR(1) + inflación rezagada 12 meses,0.3191892371724852,0.030135756438095875,0.8967556276466203,0.7081123575922501,0.07570092841787775,0.559741264296965,0.8564834508875352,4.365959239911649,0.18746617417614403,3.998532290206894,4.733386189616404,3.9,2.88,4
2020-08-01,S1,M3 AR(1) + inflación rezagada 12 meses,0.3191892371724852,0.03013575643809588,0.8967556276466202,0.7081123575922503,0.07570092841787748,0.5597412642969658,0.8564834508875349,4.365959239911643,0.18746617417612094,3.998532290206933,4.733386189616352,3.92,4.19,4
2020-09-01,S1,M3 AR(1) + inflación rezagada 12 meses,0.3191892371724853,0.030135756438095854,0.8967556276466204,0.7081123575922499,0.07570092841787797,0.5597412642969644,0.8564834508875354,4.365959239911656,0.1874661741761473,3.9985322902068945,4.733386189616417,3.99,4.97,4
2020-10-01,S1,M3 AR(1) + inflación rezagada 12 meses,0.3191892371724851,0.030135756438095802,0.8967556276466204,0.7081123575922504,0.07570092841787722,0.5597412642969665,0.8564834508875344,4.36595923991165,0.18746617417610292,3.9985322902069753,4.733386189616324,4.15,5.34,4
2020-11-01,S1,M3 AR(1) + inflación rezagada 12 meses,0.31918923717248526,0.030135756438095802,0.8967556276466204,0.7081123575922504,0.07570092841787714,0.5597412642969666,0.8564834508875343,4.365959239911652,0.1874661741760552,3.998532290207071,4.733386189616232,4.27,5.46,4
2020-12-01,S1,M3 AR(1) + inflación rezagada 12 meses,0.3191892371724855,0.03013575643809584,0.8967556276466204,0.7081123575922501,0.07570092841787804,0.5597412642969645,0.8564834508875357,4.365959239911657,0.18746617417615996,3.998532290206871,4.733386189616443,4.26,4.82,4
2021-01-01,S1,M3 AR(1) + inflación rezagada 12 meses,0.31918923717248554,0.03013575643809588,0.8967556276466202,0.7081123575922503,0.07570092841787722,0.5597412642969664,0.8564834508875343,4.365959239911647,0.18746617417607933,3.998532290207019,4.733386189616275,4.12,5.24,4
2021-02-01,S1,M3 AR(1) + inflación rezagada 12 meses,0.3191892371724855,0.030135756438095903,0.8967556276466202,0.7081123575922501,0.07570092841787739,0.5597412642969658,0.8564834508875344,4.365959239911648,0.18746617417611122,3.9985322902069576,4.733386189616339,4.39,6,4
2021-03-01,S1,M3 AR(1) + inflación rezagada 12 meses,0.31918923717248565,0.030135756438095924,0.8967556276466201,0.7081123575922502,0.07570092841787733,0.559741264296966,0.8564834508875344,4.3659592399116445,0.1874661741760956,3.9985322902069846,4.733386189616304,4.34,5.84,4
2021-04-01,S1,M3 AR(1) + inflación rezagada 12 meses,0.31918923717248554,0.030135756438095917,0.8967556276466202,0.7081123575922499,0.07570092841787725,0.5597412642969658,0.856483450887534,4.36595923991165,0.18746617417610656,3.998532290206968,4.733386189616331,4.39,5.2,4
2021-05-01,S1,M3 AR(1) + inflación rezagada 12 meses,0.31918923717248576,0.030135756438095906,0.8967556276466201,0.7081123575922503,0.07570092841787693,0.5597412642969669,0.8564834508875337,4.365959239911645,0.18746617417608166,3.9985322902070126,4.733386189616278,4.41,5.17,4
2021-06-01,S1,M3 AR(1) + inflación rezagada 12 meses,0.3191892371724856,0.03013575643809591,0.8967556276466201,0.7081123575922503,0.07570092841787684,0.559741264296967,0.8564834508875336,4.365959239911643,0.18746617417612346,3.9985322902069282,4.733386189616358,4.23,3.91,4
2021-07-01,S1,M3 AR(1) + inflación rezagada 12 meses,0.3191892371724856,0.030135756438095896,0.8967556276466201,0.7081123575922506,0.0757009284178775,0.559741264296966,0.8564834508875351,4.365959239911642,0.18746617417617242,3.998532290206831,4.733386189616453,4.12,3.82,4
2021-08-01,S1,M3 AR(1) + inflación rezagada 12 meses,0.31918923717248543,0.030135756438095875,0.8967556276466202,0.7081123575922503,0.07570092841787704,0.5597412642969667,0.856483450887534,4.365959239911645,0.18746617417613393,3.99853229020691,4.733386189616381,4.14,3.62,4
2021-09-01,S1,M3 AR(1) + inflación rezagada 12 meses,0.3191892371724857,0.0301357564380959,0.8967556276466201,0.7081123575922504,0.07570092841787729,0.5597412642969664,0.8564834508875345,4.3659592399116445,0.1874661741761476,3.9985322902068825,4.7333861896164064,4.2,3.67,4
2021-10-01,S1,M3 AR(1) + inflación rezagada 12 meses,0.3191892371724857,0.030135756438095903,0.8967556276466202,0.7081123575922501,0.0757009284178771,0.5597412642969664,0.8564834508875339,4.365959239911652,0.18746617417613598,3.9985322902069123,4.7333861896163905,3.89,2.96,4
2021-11-01,S1,M3 AR(1) + inflación rezagada 12 meses,0.31918923717248554,0.03013575643809588,0.8967556276466202,0.7081123575922503,0.07570092841787705,0.5597412642969666,0.8564834508875341,4.365959239911647,0.18746617417611655,3.998532290206946,4.733386189616348,4.08,2.89,4
2021-12-01,S1,M3 AR(1) + inflación rezagada 12 meses,0.3191892371724858,0.0301357564380959,0.8967556276466202,0.7081123575922501,0.07570092841787701,0.5597412642969665,0.8564834508875337,4.3659592399116525,0.18746617417611253,3.9985322902069593,4.733386189616346,4.02,3.07,4
2022-01-01,S1,M3 AR(1) + inflación rezagada 12 meses,0.31918923717248576,0.030135756438095886,0.8967556276466202,0.7081123575922503,0.07570092841787722,0.5597412642969664,0.8564834508875343,4.365959239911651,0.18746617417612696,3.998532290206929,4.733386189616372,4.09,2.87,4
2022-02-01,S1,M3 AR(1) + inflación rezagada 12 meses,0.31918923717248565,0.030135756438095893,0.8967556276466202,0.7081123575922502,0.07570092841787719,0.5597412642969662,0.8564834508875342,4.36595923991165,0.18746617417613543,3.998532290206912,4.733386189616388,3.92,2.98,4
2022-03-01,S1,M3 AR(1) + inflación rezagada 12 meses,0.3191892371724858,0.03013575643809589,0.8967556276466201,0.7081123575922506,0.07570092841787704,0.5597412642969669,0.8564834508875342,4.365959239911645,0.18746617417613845,3.998532290206901,4.73338618961639,3.8,4.17,4
2022-04-01,S1,M3 AR(1) + inflación rezagada 12 meses,0.31918923717248576,0.030135756438095875,0.8967556276466202,0.7081123575922503,0.07570092841787729,0.5597412642969661,0.8564834508875345,4.365959239911651,0.1874661741761298,3.998532290206924,4.733386189616378,3.94,4.62,4
2022-05-01,S1,M3 AR(1) + inflación rezagada 12 meses,0.31918923717248593,0.030135756438095865,0.8967556276466202,0.7081123575922504,0.07570092841787697,0.5597412642969669,0.856483450887534,4.365959239911652,0.18746617417609363,3.9985322902069953,4.733386189616308,4.01,5.82,4
2022-06-01,S1,M3 AR(1) + inflación rezagada 12 meses,0.3191892371724858,0.030135756438095844,0.8967556276466202,0.7081123575922507,0.07570092841787703,0.559741264296967,0.8564834508875343,4.36595923991165,0.18746617417611014,3.998532290206961,4.733386189616338,4.16,7.55,4
2022-07-01,S1,M3 AR(1) + inflación rezagada 12 meses,0.31918923717248593,0.030135756438095858,0.8967556276466202,0.7081123575922506,0.07570092841787696,0.559741264296967,0.8564834508875341,4.365959239911651,0.1874661741761139,3.998532290206955,4.733386189616347,4.51,8.36,4
2022-08-01,S1,M3 AR(1) + inflación rezagada 12 meses,0.3191892371724857,0.030135756438095834,0.8967556276466202,0.7081123575922508,0.07570092841787687,0.5597412642969675,0.8564834508875341,4.365959239911647,0.1874661741760945,3.998532290206989,4.733386189616305,4.55,8.87,4
2022-09-01,S1,M3 AR(1) + inflación rezagada 12 meses,0.3191892371724859,0.030135756438095837,0.8967556276466202,0.7081123575922508,0.07570092841787712,0.5597412642969669,0.8564834508875346,4.365959239911649,0.1874661741761171,3.998532290206947,4.733386189616351,4.61,9.03,4
2022-10-01,S1,M3 AR(1) + inflación rezagada 12 meses,0.3191892371724859,0.03013575643809584,0.8967556276466202,0.7081123575922508,0.07570092841787694,0.5597412642969672,0.8564834508875343,4.365959239911649,0.18746617417610692,3.998532290206967,4.733386189616331,4.67,9.7,4
2022-11-01,S1,M3 AR(1) + inflación rezagada 12 meses,0.31918923717248593,0.030135756438095844,0.8967556276466202,0.7081123575922507,0.07570092841787684,0.5597412642969674,0.856483450887534,4.365959239911651,0.18746617417610376,3.998532290206975,4.7333861896163265,4.8,9.17,4
2022-12-01,S1,M3 AR(1) + inflación rezagada 12 meses,0.31918923717248576,0.030135756438095837,0.8967556276466202,0.7081123575922508,0.07570092841787691,0.5597412642969674,0.8564834508875342,4.365959239911648,0.18746617417610537,3.9985322902069687,4.733386189616327,4.71,9.24,4
2023-01-01,S1,M3 AR(1) + inflación rezagada 12 meses,0.31918923717248576,0.030135756438095837,0.8967556276466202,0.7081123575922508,0.0757009284178771,0.559741264296967,0.8564834508875345,4.365959239911648,0.18746617417613382,3.998532290206913,4.733386189616383,4.62,9.69,4
2023-02-01,S1,M3 AR(1) + inflación rezagada 12 meses,0.31918923717248565,0.03013575643809583,0.8967556276466202,0.7081123575922508,0.07570092841787697,0.5597412642969672,0.8564834508875343,4.365959239911645,0.18746617417611322,3.998532290206951,4.73338618961634,4.49,9.92,4
2023-03-01,S1,M3 AR(1) + inflación rezagada 12 meses,0.31918923717248576,0.030135756438095834,0.8967556276466202,0.7081123575922508,0.07570092841787715,0.5597412642969669,0.8564834508875346,4.365959239911648,0.1874661741761276,3.998532290206925,4.733386189616371,4.43,8.71,4
2023-04-01,S1,M3 AR(1) + inflación rezagada 12 meses,0.31918923717248565,0.03013575643809583,0.8967556276466202,0.7081123575922508,0.07570092841787715,0.5597412642969669,0.8564834508875346,4.365959239911645,0.18746617417613415,3.9985322902069096,4.733386189616381,4.39,8.32,4
2023-05-01,S1,M3 AR(1) + inflación rezagada 12 meses,0.3191892371724857,0.030135756438095834,0.8967556276466202,0.7081123575922508,0.0757009284178771,0.559741264296967,0.8564834508875345,4.365959239911647,0.18746617417610412,3.9985322902069704,4.733386189616324,4.3,6.54,4
2023-06-01,S1,M3 AR(1) + inflación rezagada 12 meses,0.31918923717248565,0.03013575643809583,0.8967556276466202,0.7081123575922508,0.07570092841787718,0.5597412642969668,0.8564834508875347,4.365959239911645,0.18746617417613826,3.9985322902069016,4.733386189616389,4.24,4.93,4
2023-07-01,S1,M3 AR(1) + inflación rezagada 12 meses,0.31918923717248565,0.030135756438095823,0.8967556276466202,0.7081123575922509,0.0757009284178771,0.5597412642969671,0.8564834508875346,4.365959239911645,0.1874661741761121,3.998532290206953,4.733386189616338,4.21,4.53,4
2023-08-01,S1,M3 AR(1) + inflación rezagada 12 meses,0.31918923717248565,0.030135756438095823,0.8967556276466202,0.7081123575922509,0.07570092841787711,0.559741264296967,0.8564834508875347,4.365959239911645,0.1874661741761306,3.9985322902069167,4.733386189616374,4.17,4.47,4
2023-09-01,S1,M3 AR(1) + inflación rezagada 12 meses,0.31918923717248565,0.030135756438095827,0.8967556276466203,0.7081123575922506,0.07570092841787712,0.5597412642969667,0.8564834508875344,4.3659592399116525,0.18746617417611564,3.998532290206953,4.733386189616351,4.15,4.69,4
2023-10-01,S1,M3 AR(1) + inflación rezagada 12 meses,0.31918923717248565,0.030135756438095827,0.8967556276466202,0.7081123575922508,0.07570092841787708,0.559741264296967,0.8564834508875345,4.365959239911645,0.1874661741761174,3.9985322902069425,4.733386189616348,4.32,4.98,4
2023-11-01,S1,M3 AR(1) + inflación rezagada 12 meses,0.3191892371724856,0.03013575643809582,0.8967556276466202,0.7081123575922509,0.07570092841787694,0.5597412642969675,0.8564834508875343,4.3659592399116445,0.1874661741761109,3.9985322902069544,4.7333861896163345,4.43,4.3,4
2023-12-01,S1,M3 AR(1) + inflación rezagada 12 meses,0.3191892371724857,0.030135756438095823,0.8967556276466202,0.7081123575922509,0.07570092841787708,0.5597412642969671,0.8564834508875346,4.365959239911646,0.18746617417612285,3.9985322902069327,4.733386189616359,4.32,4.18,4
2024-01-01,S1,M3 AR(1) + inflación rezagada 12 meses,0.31918923717248565,0.030135756438095823,0.8967556276466202,0.7081123575922509,0.07570092841787705,0.5597412642969672,0.8564834508875345,4.365959239911645,0.18746617417612133,3.998532290206935,4.733386189616356,4.29,3.82,4
2024-02-01,S1,M3 AR(1) + inflación rezagada 12 meses,0.31918923717248565,0.030135756438095827,0.8967556276466203,0.7081123575922506,0.07570092841787719,0.5597412642969666,0.8564834508875345,4.3659592399116525,0.18746617417612502,3.998532290206935,4.73338618961637,4.28,3.3,4
2024-03-01,S1,M3 AR(1) + inflación rezagada 12 meses,0.3191892371724857,0.030135756438095827,0.8967556276466203,0.7081123575922506,0.07570092841787714,0.5597412642969667,0.8564834508875344,4.3659592399116525,0.1874661741761236,3.9985322902069376,4.733386189616367,4.14,3.24,4
2024-04-01,S1,M3 AR(1) + inflación rezagada 12 meses,0.31918923717248565,0.030135756438095827,0.8967556276466202,0.7081123575922508,0.07570092841787703,0.5597412642969671,0.8564834508875344,4.365959239911645,0.18746617417612121,3.998532290206935,4.733386189616356,4.02,3.36,4
2024-05-01,S1,M3 AR(1) + inflación rezagada 12 meses,0.31918923717248565,0.030135756438095823,0.8967556276466202,0.7081123575922509,0.07570092841787693,0.5597412642969675,0.8564834508875343,4.365959239911645,0.18746617417611122,3.998532290206955,4.733386189616336,3.99,3.76,4
2024-06-01,S1,M3 AR(1) + inflación rezagada 12 meses,0.31918923717248565,0.030135756438095823,0.8967556276466203,0.7081123575922506,0.0757009284178771,0.5597412642969668,0.8564834508875343,4.3659592399116525,0.18746617417612163,3.9985322902069416,4.733386189616364,4.02,3.62,4
2024-07-01,S1,M3 AR(1) + inflación rezagada 12 meses,0.3191892371724857,0.030135756438095823,0.8967556276466203,0.7081123575922506,0.07570092841787707,0.5597412642969668,0.8564834508875343,4.3659592399116525,0.18746617417611855,3.9985322902069473,4.733386189616358,4.07,3.78,4
2024-08-01,S1,M3 AR(1) + inflación rezagada 12 meses,0.3191892371724857,0.03013575643809582,0.8967556276466203,0.7081123575922506,0.07570092841787707,0.5597412642969668,0.8564834508875343,4.3659592399116525,0.1874661741761213,3.998532290206942,4.733386189616363,4.02,3.07,4
2024-09-01,S1,M3 AR(1) + inflación rezagada 12 meses,0.3191892371724857,0.03013575643809582,0.8967556276466203,0.7081123575922506,0.07570092841787703,0.5597412642969669,0.8564834508875342,4.3659592399116525,0.18746617417611788,3.9985322902069487,4.733386189616356,3.97,2.11,4
2024-10-01,S1,M3 AR(1) + inflación rezagada 12 meses,0.31918923717248565,0.030135756438095827,0.8967556276466203,0.7081123575922506,0.07570092841787701,0.5597412642969669,0.8564834508875342,4.3659592399116525,0.18746617417611128,3.9985322902069615,4.733386189616343,3.96,1.16,4
2024-11-01,S1,M3 AR(1) + inflación rezagada 12 meses,0.31918923717248565,0.03013575643809582,0.8967556276466203,0.7081123575922506,0.07570092841787703,0.5597412642969669,0.8564834508875342,4.3659592399116525,0.187466174176121,3.998532290206943,4.733386189616362,3.66,1.66,4
2024-12-01,S1,M3 AR(1) + inflación rezagada 12 meses,0.31918923717248565,0.030135756438095823,0.8967556276466202,0.7081123575922509,0.07570092841787691,0.5597412642969675,0.8564834508875343,4.365959239911645,0.18746617417611755,3.9985322902069425,4.733386189616349,3.95,1.7,4
2025-01-01,S1,M3 AR(1) + inflación rezagada 12 meses,0.31918923717248565,0.030135756438095823,0.8967556276466203,0.7081123575922506,0.07570092841787703,0.5597412642969669,0.8564834508875342,4.3659592399116525,0.18746617417612316,3.9985322902069385,4.7333861896163665,3.76,2.19,4
2025-02-01,S1,M3 AR(1) + inflación rezagada 12 meses,0.31918923717248565,0.03013575643809582,0.8967556276466202,0.7081123575922509,0.0757009284178769,0.5597412642969675,0.8564834508875343,4.365959239911645,0.1874661741761186,3.9985322902069402,4.7333861896163505,3.79,1.79,4
2025-03-01,S1,M3 AR(1) + inflación rezagada 12 meses,0.31918923717248565,0.030135756438095827,0.8967556276466203,0.7081123575922506,0.07570092841787701,0.5597412642969669,0.8564834508875342,4.3659592399116525,0.1874661741761201,3.9985322902069442,4.73338618961636,3.71,1.57,4
2025-04-01,S1,M3 AR(1) + inflación rezagada 12 meses,0.31918923717248565,0.030135756438095827,0.8967556276466204,0.7081123575922502,0.07570092841787712,0.5597412642969664,0.8564834508875341,4.365959239911659,0.18746617417612124,3.9985322902069482,4.733386189616369,3.62,1.47,4
2025-05-01,S1,M3 AR(1) + inflación rezagada 12 meses,0.31918923717248565,0.030135756438095827,0.8967556276466203,0.7081123575922506,0.07570092841787703,0.5597412642969669,0.8564834508875342,4.3659592399116525,0.18746617417612424,3.9985322902069362,4.733386189616368,3.55,1.69,4
2025-06-01,S1,M3 AR(1) + inflación rezagada 12 meses,0.3191892371724856,0.030135756438095827,0.8967556276466204,0.7081123575922502,0.0757009284178771,0.5597412642969665,0.856483450887534,4.365959239911658,0.18746617417611477,3.99853229020696,4.733386189616356,3.53,1.79,4
2025-07-01,S1,M3 AR(1) + inflación rezagada 12 meses,0.31918923717248565,0.03013575643809583,0.8967556276466204,0.7081123575922501,0.07570092841787711,0.5597412642969664,0.8564834508875339,4.365959239911659,0.18746617417611944,3.9985322902069518,4.733386189616366,3.54,1.17,4
2025-08-01,S1,M3 AR(1) + inflación rezagada 12 meses,0.3191892371724856,0.03013575643809583,0.8967556276466203,0.7081123575922506,0.075700928417877,0.559741264296967,0.8564834508875341,4.365959239911652,0.18746617417611738,3.9985322902069487,4.733386189616354,3.49,1.17,4
2025-09-01,S1,M3 AR(1) + inflación rezagada 12 meses,0.3191892371724856,0.030135756438095827,0.8967556276466204,0.7081123575922502,0.07570092841787711,0.5597412642969664,0.8564834508875341,4.365959239911658,0.1874661741761201,3.9985322902069496,4.733386189616366,3.42,1.47,4
2025-10-01,S1,M3 AR(1) + inflación rezagada 12 meses,0.3191892371724856,0.030135756438095827,0.8967556276466204,0.7081123575922502,0.07570092841787707,0.5597412642969665,0.856483450887534,4.365959239911658,0.18746617417611386,3.998532290206962,4.733386189616354,3.37,1.26,4
2025-11-01,S1,M3 AR(1) + inflación rezagada 12 meses,0.31918923717248554,0.030135756438095823,0.8967556276466204,0.7081123575922502,0.0757009284178771,0.5597412642969665,0.856483450887534,4.365959239911657,0.1874661741761184,3.9985322902069522,4.733386189616362,3.3,1.73,4
2025-12-01,S1,M3 AR(1) + inflación rezagada 12 meses,0.31918923717248554,0.030135756438095827,0.8967556276466204,0.7081123575922502,0.0757009284178771,0.5597412642969665,0.856483450887534,4.365959239911657,0.18746617417611944,3.99853229020695,4.733386189616364,3.72,1.65,4
2026-01-01,S1,M3 AR(1) + inflación rezagada 12 meses,0.3191892371724856,0.030135756438095827,0.8967556276466204,0.7081123575922502,0.0757009284178771,0.5597412642969665,0.856483450887534,4.365959239911658,0.18746617417612144,3.9985322902069473,4.733386189616368,3.64,0.96,4
2026-02-01,S1,M3 AR(1) + inflación rezagada 12 meses,0.3191892371724856,0.030135756438095827,0.8967556276466205,0.7081123575922499,0.0757009284178772,0.5597412642969659,0.8564834508875339,4.365959239911665,0.18746617417612244,3.9985322902069522,4.733386189616377,3.62,1.56,4
2026-03-01,S1,M3 AR(1) + inflación rezagada 12 meses,0.31918923717248565,0.030135756438095827,0.8967556276466205,0.7081123575922499,0.0757009284178772,0.5597412642969659,0.8564834508875339,4.365959239911666,0.18746617417611972,3.9985322902069584,4.733386189616373,3.61,2.5,4
2026-04-01,S1,M3 AR(1) + inflación rezagada 12 meses,0.3191892371724856,0.030135756438095827,0.8967556276466206,0.7081123575922497,0.0757009284178773,0.5597412642969655,0.8564834508875339,4.365959239911671,0.1874661741761211,3.998532290206961,4.733386189616381,3.71,3.24,4
2026-05-01,S1,M3 AR(1) + inflación rezagada 12 meses,0.31918923717248565,0.030135756438095827,0.8967556276466206,0.7081123575922497,0.07570092841787729,0.5597412642969655,0.8564834508875339,4.365959239911672,0.187466174176122,3.99853229020696,4.733386189616383,3.74,2.86,4
2026-06-01,S1,M3 AR(1) + inflación rezagada 12 meses,0.3191892371724856,0.030135756438095827,0.8967556276466206,0.7081123575922497,0.07570092841787732,0.5597412642969655,0.8564834508875339,4.365959239911671,0.18746617417612316,3.998532290206957,4.733386189616385,3.71,2.27,4
2011-02-01,S2,M3 con cuatro rezagos de inflación y expectativas,0.3191892371724195,0.030135756438434934,0.896755627646404,0.7081123575895775,0.07570092720851206,0.5597412666646056,0.8564834485145494,4.365959239918083,0.1874661756168355,3.9985322873896245,4.733386192446542,5.81,5.24,5
2011-03-01,S2,M3 con cuatro rezagos de inflación y expectativas,0.3191892371724194,0.03013575643843494,0.8967556276464039,0.7081123575895777,0.07570092720851294,0.5597412666646041,0.8564834485145513,4.365959239918076,0.18746617561640846,3.9985322873904545,4.733386192445697,6.13,4.99,5
2011-04-01,S2,M3 con cuatro rezagos de inflación y expectativas,0.3191892371724183,0.03013575643838283,0.8967556276464375,0.7081123575899877,0.07570092723545621,0.5597412666122062,0.8564834485677691,4.365959239916951,0.1874661758210977,3.9985322869881466,4.733386192845757,6.19,5.76114812916453,5
2011-05-01,S2,M3 con cuatro rezagos de inflación y expectativas,0.31918923717078745,0.030135756438233293,0.8967556276467832,0.7081123575904587,0.07570092487917827,0.5597412712308971,0.8564834439500202,4.36595923990636,0.1874661725979555,3.9985322932947973,4.733386186517922,5.74,6.3930220625962,5
2011-06-01,S2,M3 con cuatro rezagos de inflación y expectativas,0.3191892371723247,0.030135756438089665,0.8967556276466553,0.70811235759221125,0.07570092391912213,0.5597412731143252,0.8564834420700973,4.365959239911171,0.18746616298103955,3.9985323121484178,4.733386167673925,6.16,6.42229936695938,5
2011-07-01,S2,M3 con cuatro rezagos de inflación y expectativas,0.31918923717251974,0.03013575643809511,0.8967556276466127,0.7081123575922792,0.07570092389844399,0.5597412731549216,0.8564834420296368,4.365959239911618,0.18746616228485516,3.998532313513361,4.733386166309875,5.88,7.03967446592064,5
2011-08-01,S2,M3 con cuatro rezagos de inflación y expectativas,0.319189237172404,0.03013575643809799,0.896755627646634,0.7081123575921909,0.07570092394443761,0.5597412730646875,0.8564834421196944,4.36595923991148,0.18746616283158613,3.9985323124416503,4.73338616738131,5.95,7.6258261311642,5
2011-09-01,S2,M3 con cuatro rezagos de inflación y expectativas,0.319189237172439,0.030135756438098505,0.8967556276466304,0.708112357592196,0.07570092394519376,0.5597412730632105,0.8564834421211815,4.365959239911778,0.18746616276474057,3.9985323125729626,4.733386167250593,6.43,7.24931562404949,5
2011-10-01,S2,M3 con cuatro rezagos de inflación y expectativas,0.31918923717249187,0.03013575643809862,0.8967556276466198,0.708112357592225,0.07570092394691202,0.5597412730598718,0.8564834421245783,4.365959239911871,0.1874661630241114,3.9985323120646985,4.733386167759043,6.51,6.65,5
2011-11-01,S2,M3 con cuatro rezagos de inflación y expectativas,0.3191892371725337,0.030135756438094626,0.8967556276466198,0.7081123575922637,0.07570092396145822,0.5597412730314004,0.8564834421531269,4.365959239912205,0.18746616319079623,3.998532311738336,4.733386168086074,6.06,6.05484387510006,5
2011-12-01,S2,M3 con cuatro rezagos de inflación y expectativas,0.31918923717241215,0.030135756438092895,0.8967556276466375,0.7081123575922303,0.07570092395905975,0.559741273036068,0.8564834421483927,4.3659592399115,0.18746616306462477,3.9985323119849223,4.733386167838077,5.62,6.2,5
2012-01-01,S2,M3 con cuatro rezagos de inflación y expectativas,0.3191892371723969,0.0301357564380929,0.8967556276466393,0.7081123575922252,0.07570092395942812,0.5597412730353408,0.8564834421491097,4.365959239911397,0.18746616309709457,3.9985323119211795,4.733386167901614,5.95,5.44,4.5
2012-02-01,S2,M3 con cuatro rezagos de inflación y expectativas,0.3191892371723829,0.030135756438092763,0.89675562764664285,0.7081123575922165,0.07570092395994986,0.5597412730343095,0.8564834421501234,4.36595923991141,0.18746616312632164,3.998532311863909,4.733386167958911,6.11,5.17,4.5
2012-03-01,S2,M3 con cuatro rezagos de inflación y expectativas,0.31918923717239656,0.030135756438092926,0.89675562764664285,0.7081123575922149,0.07570092395998258,0.5597412730342438,0.856483442150186,4.365959239911606,0.18746616313738917,3.998532311842413,4.733386167980799,5.47,4.55,4.5
2012-04-01,S2,M3 con cuatro rezagos de inflación y expectativas,0.3191892371724039,0.030135756438092704,0.89675562764664285,0.708112357592217,0.07570092395999949,0.5597412730342128,0.8564834421502212,4.365959239911693,0.1874661631170158,3.9985323118824314,4.733386167940955,5.54,4.27,4.5
2012-05-01,S2,M3 con cuatro rezagos de inflación y expectativas,0.3191892371724169,0.030135756438092593,0.8967556276466411,0.7081123575922231,0.075700923960312555,0.5597412730336053,0.8564834421508409,4.365959239911758,0.18746616313313075,3.9985323118509113,4.733386167972605,5.28,3.9,4.5
2012-06-01,S2,M3 con cuatro rezagos de inflación y expectativas,0.31918923717241177,0.030135756438092732,0.8967556276466393,0.7081123575922268,0.07570092396048918,0.5597412730332628,0.8564834421511908,4.36595923991159,0.18746616314061704,3.9985323118360707,4.73338616798711,5.11,3.47,4.5
2012-07-01,S2,M3 con cuatro rezagos de inflación y expectativas,0.31918923717241304,0.03013575643809286,0.8967556276466411,0.7081123575922206,0.07570092396052996,0.5597412730331767,0.8564834421512645,4.365959239911722,0.187466163143171,3.9985323118311964,4.733386167992247,4.9,2.86,4.5
2012-08-01,S2,M3 con cuatro rezagos de inflación y expectativas,0.31918923717241476,0.03013575643809294,0.8967556276466402,0.7081123575922224,0.07570092396050683,0.5597412730332237,0.856483442151221,4.365959239911697,0.18746616314161377,3.9985323118342238,4.73338616798917,4.55,2.71,4.5
2012-09-01,S2,M3 con cuatro rezagos de inflación y expectativas,0.31918923717241704,0.03013575643809298,0.8967556276466393,0.7081123575922244,0.07570092396046946,0.559741273033299,0.8564834421511497,4.365959239911677,0.1874661631344012,3.9985323118483405,4.733386167975014,5.17,3.28,4.5
2012-10-01,S2,M3 con cuatro rezagos de inflación y expectativas,0.31918923717242137,0.03013575643809313,0.8967556276466384,0.7081123575922255,0.07570092396046914,0.5597412730333008,0.8564834421511501,4.365959239911692,0.18746616313547299,3.998532311846255,4.733386167977129,4.76,3.35,4.5
2012-11-01,S2,M3 con cuatro rezagos de inflación y expectativas,0.3191892371724231,0.030135756438093297,0.8967556276466384,0.7081123575922239,0.07570092396049459,0.5597412730332493,0.8564834421511985,4.365959239911726,0.187466163136774,3.998532311843739,4.733386167979713,4.82,3.11,4.5
2012-12-01,S2,M3 con cuatro rezagos de inflación y expectativas,0.3191892371724253,0.030135756438093377,0.8967556276466375,0.7081123575922256,0.07570092396051548,0.5597412730332101,0.8564834421512411,4.365959239911708,0.18746616314169218,3.9985323118340816,4.733386167989335,4.93,3.45,4.5
2013-01-01,S2,M3 con cuatro rezagos de inflación y expectativas,0.3191892371724233,0.030135756438093145,0.8967556276466375,0.7081123575922279,0.07570092396047393,0.5597412730332938,0.856483442151162,4.365959239911667,0.18746616313615172,3.998532311844899,4.733386167978434,4.83,3.86,4
2013-02-01,S2,M3 con cuatro rezagos de inflación y expectativas,0.3191892371724302,0.03013575643809375,0.8967556276466366,0.7081123575922246,0.07570092396050469,0.5597412730332302,0.856483442151219,4.365959239911744,0.18746616313877593,3.998532311839833,4.733386167983655,4.61,4.18,4
2013-03-01,S2,M3 con cuatro rezagos de inflación y expectativas,0.31918923717243086,0.030135756438093565,0.8967556276466362,0.7081123575922276,0.0757009239604965,0.5597412730332492,0.856483442151206,4.3659592399117155,0.18746616313766987,3.998532311841972,4.733386167981458,4.66,4.34,4
2013-04-01,S2,M3 con cuatro rezagos de inflación y expectativas,0.31918923717243086,0.030135756438093485,0.8967556276466366,0.708112357592227,0.07570092396050192,0.5597412730332381,0.856483442151216,4.365959239911738,0.18746616313836745,3.9985323118406275,4.733386167982848,4.93,4.13,4
2013-05-01,S2,M3 con cuatro rezagos de inflación y expectativas,0.31918923717243086,0.030135756438093273,0.8967556276466362,0.7081123575922303,0.0757009239604945,0.5597412730332559,0.8564834421512048,4.365959239911699,0.18746616313741835,3.9985323118424483,4.733386167980949,4.83,4.27,4
2013-06-01,S2,M3 con cuatro rezagos de inflación y expectativas,0.31918923717242775,0.03013575643809328,0.8967556276466366,0.708112357592229,0.0757009239605028,0.5597412730332383,0.8564834421512197,4.365959239911683,0.1874661631381514,3.9985323118409957,4.73338616798237,5.21,4.79,4
2013-07-01,S2,M3 con cuatro rezagos de inflación y expectativas,0.319189237172428,0.030135756438093308,0.8967556276466357,0.7081123575922312,0.07570092396048106,0.5597412730332831,0.8564834421511793,4.365959239911635,0.18746616313558023,3.9985323118459872,4.733386167977282,4.81,4.74,4
2013-08-01,S2,M3 con cuatro rezagos de inflación y expectativas,0.3191892371724306,0.030135756438093346,0.8967556276466357,0.7081123575922309,0.07570092396049566,0.5597412730332543,0.8564834421512075,4.365959239911673,0.18746616313755599,3.998532311842153,4.733386167981193,4.89,4.42,4
2013-09-01,S2,M3 con cuatro rezagos de inflación y expectativas,0.31918923717243003,0.03013575643809351,0.8967556276466357,0.7081123575922293,0.07570092396049558,0.5597412730332528,0.8564834421512059,4.365959239911675,0.18746616313827927,3.998532311840737,4.733386167982612,4.91,4.21,4
2013-10-01,S2,M3 con cuatro rezagos de inflación y expectativas,0.3191892371724295,0.03013575643809357,0.8967556276466357,0.7081123575922288,0.07570092396048314,0.5597412730332767,0.8564834421511809,4.365959239911671,0.1874661631359487,3.9985323118453016,4.733386167978041,4.71,4.15,4
2013-11-01,S2,M3 con cuatro rezagos de inflación y expectativas,0.3191892371724306,0.030135756438093585,0.8967556276466357,0.7081123575922286,0.07570092396049287,0.5597412730332574,0.8564834421511998,4.365959239911687,0.18746616313748807,3.9985323118423004,4.733386167981074,4.7,4.63,4
2013-12-01,S2,M3 con cuatro rezagos de inflación y expectativas,0.31918923717243003,0.030135756438093474,0.896755627646636,0.708112357592229,0.07570092396049793,0.5597412730332478,0.8564834421512102,4.365959239911686,0.18746616313777276,3.9985323118417413,4.733386167981631,5.19,4.39,4
2014-01-01,S2,M3 con cuatro rezagos de inflación y expectativas,0.3191892371724299,0.030135756438093225,0.8967556276466353,0.7081123575922333,0.07570092396049675,0.5597412730332545,0.8564834421512122,4.36595923991163,0.18746616313822528,3.9985323118407985,4.733386167982462,4.94,4.14,4
2014-02-01,S2,M3 con cuatro rezagos de inflación y expectativas,0.3191892371724285,0.03013575643809333,0.8967556276466362,0.7081123575922299,0.07570092396049077,0.5597412730332628,0.856483442151197,4.365959239911669,0.18746616313716327,3.998532311842919,4.733386167980419,4.68,3.5,4
2014-03-01,S2,M3 con cuatro rezagos de inflación y expectativas,0.31918923717243086,0.03013575643809353,0.8967556276466349,0.7081123575922317,0.07570092396049291,0.5597412730332604,0.856483442151203,4.365959239911635,0.18746616313784542,3.9985323118415472,4.733386167981722,4.54,3.25,4
2014-04-01,S2,M3 con cuatro rezagos de inflación y expectativas,0.3191892371724317,0.030135756438093762,0.8967556276466344,0.7081123575922307,0.07570092396049362,0.559741273033258,0.8564834421512033,4.365959239911634,0.18746616313761227,3.9985323118420038,4.733386167981264,4.66,3.27,4
2014-05-01,S2,M3 con cuatro rezagos de inflación y expectativas,0.31918923717243153,0.030135756438093783,0.8967556276466353,0.7081123575922279,0.07570092396049727,0.559741273033248,0.8564834421512078,4.365959239911685,0.18746616313793388,3.9985323118414247,4.733386167981946,4.28,3.22,4
2014-06-01,S2,M3 con cuatro rezagos de inflación y expectativas,0.31918923717243247,0.03013575643809391,0.8967556276466349,0.7081123575922279,0.07570092396049309,0.5597412730332563,0.8564834421511995,4.365959239911679,0.18746616313779724,3.9985323118416862,4.7333861679816716,4.36,3.13,4
2014-07-01,S2,M3 con cuatro rezagos de inflación y expectativas,0.31918923717243347,0.030135756438094116,0.8967556276466349,0.7081123575922259,0.07570092396049555,0.5597412730332494,0.8564834421512024,4.365959239911705,0.18746616313801473,3.9985323118412857,4.733386167982124,4.41,3.41,4
2014-08-01,S2,M3 con cuatro rezagos de inflación y expectativas,0.319189237172433,0.030135756438093995,0.8967556276466351,0.7081123575922266,0.07570092396049545,0.5597412730332503,0.8564834421512029,4.365959239911705,0.18746616313790465,3.9985323118415015,4.733386167981908,4.06,3.7,4
2014-09-01,S2,M3 con cuatro rezagos de inflación y expectativas,0.3191892371724345,0.03013575643809408,0.8967556276466349,0.7081123575922263,0.07570092396049502,0.5597412730332509,0.8564834421512018,4.365959239911717,0.1874661631378108,3.9985323118416978,4.733386167981736,4.13,3.45,4
2014-10-01,S2,M3 con cuatro rezagos de inflación y expectativas,0.31918923717243486,0.030135756438094113,0.8967556276466344,0.7081123575922272,0.07570092396049144,0.5597412730332588,0.8564834421511957,4.365959239911698,0.18746616313753617,3.9985323118422165,4.733386167981179,4.17,3.64,4
2014-11-01,S2,M3 con cuatro rezagos de inflación y expectativas,0.3191892371724346,0.030135756438094095,0.8967556276466344,0.7081123575922275,0.07570092396049018,0.5597412730332615,0.8564834421511934,4.365959239911692,0.18746616313727346,3.9985323118427263,4.733386167980659,4.16,3.38,4
2014-12-01,S2,M3 con cuatro rezagos de inflación y expectativas,0.31918923717243486,0.03013575643809418,0.8967556276466343,0.708112357592227,0.07570092396049502,0.5597412730332516,0.8564834421512024,4.365959239911695,0.18746616313781758,3.9985323118416622,4.7333861679817275,4.21,2.95,4
2015-01-01,S2,M3 con cuatro rezagos de inflación y expectativas,0.31918923717243614,0.03013575643809426,0.896755627646634,0.7081123575922271,0.07570092396049452,0.5597412730332527,0.8564834421512015,4.365959239911697,0.1874661631377203,3.998532311841855,4.733386167981539,3.89,2.32,4
2015-02-01,S2,M3 con cuatro rezagos de inflación y expectativas,0.31918923717243497,0.03013575643809423,0.8967556276466341,0.708112357592227,0.07570092396049807,0.5597412730332456,0.8564834421512084,4.365959239911685,0.18746616313808093,3.9985323118411364,4.733386167982234,4.07,2.44,4
2015-03-01,S2,M3 con cuatro rezagos de inflación y expectativas,0.3191892371724338,0.030135756438094137,0.8967556276466341,0.7081123575922279,0.0757009239604981,0.5597412730332464,0.8564834421512094,4.365959239911664,0.18746616313782818,3.9985323118416107,4.733386167981718,4.11,2.43,4
2015-04-01,S2,M3 con cuatro rezagos de inflación y expectativas,0.3191892371724346,0.03013575643809417,0.896755627646634,0.7081123575922279,0.07570092396049471,0.559741273033253,0.8564834421512028,4.36595923991167,0.1874661631373742,3.9985323118425065,4.733386167980834,3.82,2.58,4
2015-05-01,S2,M3 con cuatro rezagos de inflación y expectativas,0.3191892371724339,0.030135756438094147,0.8967556276466342,0.7081123575922276,0.07570092396049662,0.5597412730332489,0.8564834421512062,4.365959239911673,0.18746616313787365,3.9985323118415304,4.733386167981815,3.57,2.55,4
2015-06-01,S2,M3 con cuatro rezagos de inflación y expectativas,0.3191892371724342,0.03013575643809427,0.8967556276466341,0.7081123575922267,0.07570092396049567,0.5597412730332499,0.8564834421512034,4.365959239911677,0.18746616313756,3.9985323118421494,4.733386167981205,3.67,2.39,4
2015-07-01,S2,M3 con cuatro rezagos de inflación y expectativas,0.31918923717243425,0.030135756438094293,0.896755627646634,0.7081123575922268,0.07570092396049824,0.5597412730332451,0.8564834421512085,4.365959239911673,0.18746616313798706,3.9985323118413083,4.7333861679820375,3.56,2.32,4
2015-08-01,S2,M3 con cuatro rezagos de inflación y expectativas,0.31918923717243475,0.03013575643809424,0.8967556276466339,0.7081123575922276,0.07570092396049777,0.5597412730332467,0.8564834421512084,4.36595923991167,0.18746616313792808,3.998532311841421,4.733386167981919,3.31,1.96,4
2015-09-01,S2,M3 con cuatro rezagos de inflación y expectativas,0.31918923717243386,0.03013575643809413,0.896755627646634,0.7081123575922283,0.07570092396049662,0.5597412730332498,0.8564834421512069,4.365959239911658,0.1874661631377982,3.998532311841663,4.733386167981653,3.4,1.88,4
2015-10-01,S2,M3 con cuatro rezagos de inflación y expectativas,0.31918923717243414,0.030135756438094127,0.896755627646634,0.7081123575922283,0.07570092396049216,0.5597412730332585,0.8564834421511982,4.365959239911662,0.18746616313757028,3.9985323118421143,4.733386167981211,3.28,2.23,4
2015-11-01,S2,M3 con cuatro rezagos de inflación y expectativas,0.31918923717243386,0.03013575643809411,0.896755627646634,0.7081123575922286,0.07570092396049358,0.5597412730332559,0.8564834421512012,4.365959239911656,0.1874661631379026,3.9985323118414566,4.733386167981855,3.37,2.51,4
2015-12-01,S2,M3 con cuatro rezagos de inflación y expectativas,0.31918923717243375,0.03013575643809409,0.896755627646634,0.7081123575922288,0.07570092396049245,0.5597412730332584,0.8564834421511992,4.365959239911654,0.1874661631376677,3.9985323118419154,4.7333861679813936,3.65,3.07,4
2016-01-01,S2,M3 con cuatro rezagos de inflación y expectativas,0.319189237172434,0.03013575643809404,0.896755627646634,0.7081123575922292,0.07570092396049231,0.5597412730332592,0.8564834421511993,4.365959239911655,0.18746616313785783,3.9985323118415437,4.733386167981767,3.8,4.38,4
2016-02-01,S2,M3 con cuatro rezagos de inflación y expectativas,0.31918923717243375,0.030135756438094005,0.8967556276466341,0.7081123575922292,0.07570092396049258,0.5597412730332586,0.8564834421511999,4.365959239911656,0.1874661631379152,3.998532311841432,4.73338616798188,4.09,4.27,4
2016-03-01,S2,M3 con cuatro rezagos de inflación y expectativas,0.3191892371724344,0.030135756438094116,0.896755627646634,0.7081123575922285,0.07570092396049252,0.5597412730332579,0.856483442151199,4.365959239911665,0.18746616313805947,3.998532311841158,4.733386167982172,3.99,4.26,4
2016-04-01,S2,M3 con cuatro rezagos de inflación y expectativas,0.3191892371724342,0.030135756438094095,0.896755627646634,0.7081123575922287,0.07570092396049256,0.559741273033258,0.8564834421511993,4.365959239911661,0.18746616313781544,3.998532311841633,4.73338616798169,4.19,4.09,4
2016-05-01,S2,M3 con cuatro rezagos de inflación y expectativas,0.31918923717243425,0.03013575643809406,0.8967556276466341,0.7081123575922287,0.07570092396049073,0.5597412730332616,0.8564834421511958,4.365959239911666,0.18746616313745446,3.998532311842345,4.733386167980987,4.16,4.36,4
2016-06-01,S2,M3 con cuatro rezagos de inflación y expectativas,0.31918923717243425,0.03013575643809413,0.8967556276466341,0.708112357592228,0.07570092396049241,0.5597412730332577,0.8564834421511983,4.36595923991167,0.18746616313778305,3.9985323118417053,4.733386167981635,4.39,4.43,4
2016-07-01,S2,M3 con cuatro rezagos de inflación y expectativas,0.31918923717243464,0.030135756438094182,0.8967556276466341,0.7081123575922275,0.07570092396049277,0.5597412730332565,0.8564834421511984,4.365959239911678,0.18746616313783757,3.9985323118416063,4.73338616798175,4.41,4.62,4
2016-08-01,S2,M3 con cuatro rezagos de inflación y expectativas,0.31918923717243425,0.030135756438094186,0.8967556276466341,0.7081123575922275,0.07570092396049388,0.5597412730332543,0.8564834421512006,4.365959239911673,0.18746616313789455,3.9985323118414895,4.733386167981856,4.45,4.74,4
2016-09-01,S2,M3 con cuatro rezagos de inflación y expectativas,0.3191892371724346,0.030135756438094154,0.8967556276466341,0.7081123575922278,0.07570092396049309,0.5597412730332562,0.8564834421511994,4.3659592399116764,0.187466163137812,3.9985323118416547,4.733386167981698,4.42,4.56,4
2016-10-01,S2,M3 con cuatro rezagos de inflación y expectativas,0.3191892371724347,0.030135756438094196,0.8967556276466342,0.708112357592227,0.07570092396049269,0.5597412730332562,0.8564834421511979,4.365959239911687,0.18746616313784498,3.9985323118416005,4.733386167981774,4.43,4.76,4
2016-11-01,S2,M3 con cuatro rezagos de inflación y expectativas,0.31918923717243475,0.03013575643809424,0.8967556276466341,0.708112357592227,0.07570092396049388,0.5597412730332538,0.8564834421512002,4.3659592399116836,0.18746616313789702,3.9985323118414953,4.733386167981872,4.6,4.67,4
2016-12-01,S2,M3 con cuatro rezagos de inflación y expectativas,0.31918923717243447,0.030135756438094248,0.8967556276466342,0.7081123575922266,0.07570092396049329,0.5597412730332545,0.8564834421511986,4.365959239911686,0.18746616313787015,3.9985323118415503,4.733386167981822,4.66,4.23,4
2017-01-01,S2,M3 con cuatro rezagos de inflación y expectativas,0.31918923717243464,0.030135756438094227,0.8967556276466342,0.7081123575922268,0.07570092396049326,0.5597412730332548,0.8564834421511988,4.365959239911688,0.18746616313779843,3.998532311841693,4.733386167981683,4.4,3.83,4
2017-02-01,S2,M3 con cuatro rezagos de inflación y expectativas,0.31918923717243464,0.030135756438094193,0.8967556276466342,0.7081123575922271,0.07570092396049344,0.5597412730332548,0.8564834421511994,4.365959239911685,0.18746616313801273,3.99853231184127,4.7333861679821005,4.46,3.96,4
2017-03-01,S2,M3 con cuatro rezagos de inflación y expectativas,0.31918923717243447,0.03013575643809418,0.8967556276466345,0.7081123575922263,0.07570092396049347,0.5597412730332539,0.8564834421511988,4.365959239911703,0.1874661631377092,3.998532311841883,4.733386167981523,4.28,4,4
2017-04-01,S2,M3 con cuatro rezagos de inflación y expectativas,0.31918923717243464,0.030135756438094255,0.8967556276466343,0.7081123575922261,0.07570092396049295,0.5597412730332547,0.8564834421511975,4.365959239911696,0.18746616313774075,3.9985323118418137,4.733386167981578,4.51,4.09,4
2017-05-01,S2,M3 con cuatro rezagos de inflación y expectativas,0.31918923717243464,0.03013575643809424,0.8967556276466343,0.7081123575922263,0.07570092396049298,0.5597412730332549,0.8564834421511978,4.365959239911695,0.18746616313781478,3.998532311841668,4.733386167981722,4.17,3.93,4
2017-06-01,S2,M3 con cuatro rezagos de inflación y expectativas,0.3191892371724345,0.030135756438094283,0.8967556276466343,0.7081123575922259,0.07570092396049435,0.5597412730332518,0.8564834421512,4.365959239911696,0.18746616313785697,3.9985323118415863,4.733386167981806,4.26,4.36,4
2017-07-01,S2,M3 con cuatro rezagos de inflación y expectativas,0.31918923717243425,0.03013575643809422,0.8967556276466344,0.7081123575922262,0.07570092396049335,0.559741273033254,0.8564834421511984,4.365959239911695,0.18746616313788397,3.998532311841532,4.733386167981858,4.48,5.22,4
2017-08-01,S2,M3 con cuatro rezagos de inflación y expectativas,0.3191892371724346,0.030135756438094272,0.8967556276466344,0.7081123575922257,0.07570092396049129,0.5597412730332576,0.8564834421511938,4.365959239911703,0.1874661631375772,3.9985323118421414,4.733386167981265,4.51,4.72,4
2017-09-01,S2,M3 con cuatro rezagos de inflación y expectativas,0.31918923717243486,0.030135756438094324,0.8967556276466343,0.7081123575922255,0.07570092396049444,0.5597412730332512,0.8564834421511998,4.365959239911703,0.18746616313795406,3.998532311841403,4.733386167982003,4.75,4.36,4
2017-10-01,S2,M3 con cuatro rezagos de inflación y expectativas,0.31918923717243486,0.03013575643809433,0.8967556276466345,0.7081123575922248,0.07570092396049335,0.5597412730332526,0.856483442151197,4.365959239911716,0.18746616313770176,3.998532311841911,4.733386167981522,4.53,4.2,4
2017-11-01,S2,M3 con cuatro rezagos de inflación y expectativas,0.31918923717243486,0.030135756438094363,0.8967556276466344,0.7081123575922248,0.07570092396049419,0.5597412730332509,0.8564834421511986,4.365959239911712,0.18746616313790213,3.9985323118415135,4.7333861679819105,4.63,4.69,4
2017-12-01,S2,M3 con cuatro rezagos de inflación y expectativas,0.3191892371724346,0.030135756438094255,0.8967556276466345,0.7081123575922256,0.07570092396049366,0.5597412730332528,0.8564834421511983,4.365959239911708,0.18746616313775297,3.9985323118418026,4.733386167981615,4.56,5.68,4
2018-01-01,S2,M3 con cuatro rezagos de inflación y expectativas,0.31918923717243464,0.030135756438094255,0.8967556276466346,0.7081123575922252,0.07570092396049347,0.5597412730332528,0.8564834421511976,4.3659592399117155,0.18746616313771117,3.9985323118418914,4.733386167981539,4.71,4.71,4
2018-02-01,S2,M3 con cuatro rezagos de inflación y expectativas,0.3191892371724344,0.030135756438094224,0.8967556276466346,0.7081123575922256,0.07570092396049272,0.5597412730332547,0.8564834421511964,4.365959239911711,0.18746616313773828,3.9985323118418337,4.733386167981588,4.56,4.15,4
2018-03-01,S2,M3 con cuatro rezagos de inflación y expectativas,0.3191892371724347,0.030135756438094255,0.8967556276466344,0.7081123575922259,0.07570092396049254,0.5597412730332554,0.8564834421511964,4.365959239911703,0.18746616313779657,3.9985323118417115,4.733386167981695,4.62,4.14,4
2018-04-01,S2,M3 con cuatro rezagos de inflación y expectativas,0.3191892371724346,0.030135756438094193,0.8967556276466345,0.7081123575922261,0.0757009239604927,0.5597412730332553,0.856483442151197,4.365959239911704,0.18746616313778566,3.9985323118417337,4.733386167981674,4.46,3.92,4
2018-05-01,S2,M3 con cuatro rezagos de inflación y expectativas,0.31918923717243397,0.030135756438094085,0.8967556276466347,0.7081123575922266,0.07570092396049377,0.5597412730332536,0.8564834421511995,4.365959239911703,0.18746616313787165,3.9985323118415645,4.733386167981842,4.48,4.09,4
2018-06-01,S2,M3 con cuatro rezagos de inflación y expectativas,0.31918923717243386,0.030135756438094047,0.8967556276466349,0.7081123575922266,0.07570092396049419,0.5597412730332527,0.8564834421512004,4.365959239911706,0.18746616313790912,3.9985323118414935,4.733386167981918,4.43,3.79,4
2018-07-01,S2,M3 con cuatro rezagos de inflación y expectativas,0.3191892371724339,0.0301357564380941,0.8967556276466347,0.7081123575922265,0.07570092396049403,0.5597412730332529,0.8564834421512,4.365959239911704,0.18746616313786882,3.9985323118415708,4.733386167981837,4.36,2.61,4
2018-08-01,S2,M3 con cuatro rezagos de inflación y expectativas,0.31918923717243364,0.030135756438094078,0.8967556276466349,0.7081123575922263,0.07570092396049478,0.5597412730332514,0.8564834421512013,4.365959239911705,0.18746616313785322,3.9985323118416023,4.7333861679818074,4.33,3.36,4
2018-09-01,S2,M3 con cuatro rezagos de inflación y expectativas,0.31918923717243386,0.030135756438094147,0.8967556276466347,0.7081123575922259,0.07570092396049419,0.559741273033252,0.8564834421511998,4.365959239911705,0.18746616313778489,3.9985323118417364,4.733386167981673,4.32,4.55,4
2018-10-01,S2,M3 con cuatro rezagos de inflación y expectativas,0.3191892371724337,0.030135756438094144,0.8967556276466346,0.7081123575922263,0.075700923960494,0.5597412730332529,0.8564834421511998,4.365959239911696,0.18746616313779083,3.998532311841716,4.733386167981676,4.32,4.34,4
2018-11-01,S2,M3 con cuatro rezagos de inflación y expectativas,0.31918923717243375,0.030135756438094217,0.8967556276466347,0.7081123575922252,0.07570092396049317,0.5597412730332534,0.8564834421511971,4.3659592399117075,0.1874661631377431,3.998532311841821,4.733386167981594,4.47,3.15,4
2018-12-01,S2,M3 con cuatro rezagos de inflación y expectativas,0.319189237172434,0.03013575643809427,0.8967556276466346,0.7081123575922251,0.07570092396049324,0.5597412730332532,0.8564834421511971,4.365959239911708,0.18746616313777267,3.998532311841764,4.733386167981653,4.38,2.31,4
2019-01-01,S2,M3 con cuatro rezagos de inflación y expectativas,0.31918923717243347,0.03013575643809427,0.8967556276466346,0.7081123575922251,0.07570092396049308,0.5597412730332535,0.8564834421511968,4.3659592399117,0.187466163137791,3.99853231184172,4.733386167981681,4.07,4.1,4
2019-02-01,S2,M3 con cuatro rezagos de inflación y expectativas,0.3191892371724334,0.030135756438094245,0.8967556276466346,0.70811235759222535,0.07570092396049401,0.5597412730332519,0.8564834421511988,4.365959239911699,0.1874661631379002,3.998532311841504,4.733386167981894,4.25,4.46,4
2019-03-01,S2,M3 con cuatro rezagos de inflación y expectativas,0.319189237172433,0.030135756438094234,0.8967556276466347,0.7081123575922251,0.07570092396049344,0.5597412730332528,0.8564834421511974,4.3659592399116995,0.18746616313783968,3.9985323118416236,4.7333861679817755,4.35,4.17,4
2019-04-01,S2,M3 con cuatro rezagos de inflación y expectativas,0.31918923717243286,0.030135756438094276,0.8967556276466346,0.708112357592225,0.07570092396049355,0.5597412730332525,0.8564834421511975,4.365959239911692,0.18746616313784967,3.998532311841597,4.733386167981788,4.3,4.75,4
2019-05-01,S2,M3 con cuatro rezagos de inflación y expectativas,0.31918923717243264,0.030135756438094224,0.8967556276466349,0.7081123575922249,0.07570092396049331,0.5597412730332528,0.856483442151197,4.3659592399117,0.1874661631378019,3.9985323118416987,4.733386167981703,4.39,4.54,4
2019-06-01,S2,M3 con cuatro rezagos de inflación y expectativas,0.3191892371724325,0.03013575643809426,0.8967556276466349,0.7081123575922246,0.07570092396049298,0.5597412730332532,0.856483442151196,4.3659592399117,0.18746616313781372,3.998532311841675,4.733386167981726,4.36,4.8,4
2019-07-01,S2,M3 con cuatro rezagos de inflación y expectativas,0.31918923717243236,0.030135756438094238,0.8967556276466349,0.7081123575922248,0.07570092396049284,0.5597412730332536,0.856483442151196,4.365959239911697,0.18746616313777817,3.9985323118417413,4.733386167981652,4.6,4.37,4
2019-08-01,S2,M3 con cuatro rezagos de inflación y expectativas,0.3191892371724323,0.030135756438094147,0.8967556276466349,0.7081123575922257,0.07570092396049333,0.5597412730332536,0.8564834421511978,4.365959239911691,0.18746616313783704,3.99853231184162,4.733386167981761,4.53,3.01,4
2019-09-01,S2,M3 con cuatro rezagos de inflación y expectativas,0.3191892371724324,0.03013575643809417,0.8967556276466349,0.7081123575922255,0.0757009239604949,0.5597412730332503,0.8564834421512006,4.365959239911694,0.18746616313791242,3.9985323118414757,4.733386167981913,4.34,1.8,4
2019-10-01,S2,M3 con cuatro rezagos de inflación y expectativas,0.31918923717243214,0.03013575643809414,0.896755627646635,0.7081123575922255,0.07570092396049416,0.5597412730332517,0.8564834421511992,4.365959239911695,0.1874661631378371,3.998532311841624,4.733386167981766,4.22,2.17,4
2019-11-01,S2,M3 con cuatro rezagos de inflación y expectativas,0.3191892371724319,0.030135756438094113,0.8967556276466351,0.70811235759222535,0.07570092396049426,0.5597412730332514,0.8564834421511993,4.365959239911697,0.18746616313779885,3.998532311841701,4.733386167981693,4.25,2.92,4
2019-12-01,S2,M3 con cuatro rezagos de inflación y expectativas,0.31918923717243175,0.03013575643809409,0.896755627646635,0.7081123575922259,0.07570092396049422,0.559741273033252,0.8564834421511998,4.365959239911686,0.18746616313788073,3.99853231184153,4.733386167981843,4.1,3.41,4
2020-01-01,S2,M3 con cuatro rezagos de inflación y expectativas,0.3191892371724316,0.030135756438094057,0.8967556276466351,0.7081123575922259,0.07570092396049462,0.5597412730332513,0.8564834421512005,4.365959239911689,0.18746616313786427,3.9985323118415645,4.733386167981813,4.11,1.78,4
2020-02-01,S2,M3 con cuatro rezagos de inflación y expectativas,0.31918923717243164,0.030135756438094005,0.8967556276466352,0.7081123575922261,0.07570092396049416,0.5597412730332524,0.8564834421511999,4.365959239911693,0.18746616313785325,3.9985323118415907,4.733386167981796,3.85,1.24,4
2020-03-01,S2,M3 con cuatro rezagos de inflación y expectativas,0.3191892371724312,0.030135756438093984,0.8967556276466353,0.708112357592226,0.07570092396049458,0.5597412730332514,0.8564834421512006,4.365959239911693,0.18746616313785255,3.998532311841592,4.733386167981794,3.99,1.77,4
2020-04-01,S2,M3 con cuatro rezagos de inflación y expectativas,0.3191892371724313,0.030135756438093964,0.8967556276466353,0.7081123575922261,0.07570092396049372,0.5597412730332533,0.856483442151199,4.365959239911692,0.18746616313776696,3.998532311841759,4.733386167981626,3.97,1.88,4
2020-05-01,S2,M3 con cuatro rezagos de inflación y expectativas,0.3191892371724315,0.030135756438093974,0.8967556276466353,0.7081123575922261,0.0757009239604941,0.5597412730332525,0.8564834421511998,4.365959239911696,0.18746616313782746,3.998532311841644,4.733386167981748,3.96,1.8,4
2020-06-01,S2,M3 con cuatro rezagos de inflación y expectativas,0.31918923717243153,0.030135756438093974,0.8967556276466354,0.7081123575922258,0.07570092396049406,0.5597412730332523,0.8564834421511993,4.365959239911703,0.18746616313780545,3.998532311841694,4.7333861679817115,3.77,2.39,4
2020-07-01,S2,M3 con cuatro rezagos de inflación y expectativas,0.31918923717243153,0.030135756438094016,0.8967556276466355,0.708112357592225,0.07570092396049498,0.5597412730332496,0.8564834421512004,4.365959239911712,0.18746616313786751,3.9985323118415814,4.733386167981843,3.9,2.88,4
2020-08-01,S2,M3 con cuatro rezagos de inflación y expectativas,0.3191892371724314,0.030135756438093943,0.8967556276466355,0.7081123575922258,0.07570092396049484,0.5597412730332507,0.8564834421512009,4.365959239911706,0.1874661631378514,3.9985323118416067,4.733386167981805,3.92,4.19,4
2020-09-01,S2,M3 con cuatro rezagos de inflación y expectativas,0.31918923717243125,0.03013575643809395,0.8967556276466355,0.7081123575922257,0.07570092396049423,0.5597412730332518,0.8564834421511995,4.365959239911704,0.18746616313777262,3.9985323118417595,4.7333861679816485,3.99,4.97,4
2020-10-01,S2,M3 con cuatro rezagos de inflación y expectativas,0.31918923717243164,0.030135756438094005,0.8967556276466355,0.7081123575922252,0.0757009239604948,0.5597412730332503,0.8564834421512002,4.365959239911713,0.18746616313782466,3.9985323118416662,4.7333861679817595,4.15,5.34,4
2020-11-01,S2,M3 con cuatro rezagos de inflación y expectativas,0.3191892371724316,0.030135756438093953,0.8967556276466355,0.7081123575922257,0.0757009239604949,0.5597412730332505,0.8564834421512009,4.365959239911709,0.18746616313784462,3.9985323118416236,4.733386167981795,4.27,5.46,4
2020-12-01,S2,M3 con cuatro rezagos de inflación y expectativas,0.3191892371724313,0.030135756438093957,0.8967556276466356,0.7081123575922252,0.07570092396049505,0.5597412730332497,0.8564834421512008,4.365959239911713,0.1874661631378081,3.9985323118416987,4.733386167981727,4.26,4.82,4
2021-01-01,S2,M3 con cuatro rezagos de inflación y expectativas,0.31918923717243153,0.03013575643809402,0.8967556276466354,0.70811235759222535,0.07570092396049458,0.5597412730332507,0.8564834421512,4.365959239911706,0.18746616313780834,3.998532311841691,4.73338616798172,4.12,5.24,4
2021-02-01,S2,M3 con cuatro rezagos de inflación y expectativas,0.31918923717243164,0.030135756438094033,0.8967556276466355,0.7081123575922249,0.07570092396049506,0.5597412730332494,0.8564834421512004,4.365959239911715,0.18746616313786263,3.998532311841594,4.733386167981836,4.39,6,4
2021-03-01,S2,M3 con cuatro rezagos de inflación y expectativas,0.31918923717243153,0.030135756438094012,0.8967556276466355,0.708112357592225,0.07570092396049494,0.5597412730332497,0.8564834421512003,4.365959239911712,0.18746616313782838,3.9985323118416582,4.733386167981766,4.34,5.84,4
2021-04-01,S2,M3 con cuatro rezagos de inflación y expectativas,0.31918923717243175,0.030135756438094036,0.8967556276466354,0.7081123575922252,0.07570092396049521,0.5597412730332494,0.8564834421512011,4.365959239911709,0.18746616313785394,3.9985323118416054,4.733386167981813,4.39,5.2,4
2021-05-01,S2,M3 con cuatro rezagos de inflación y expectativas,0.3191892371724318,0.030135756438094023,0.8967556276466354,0.7081123575922252,0.07570092396049481,0.5597412730332503,0.8564834421512002,4.365959239911709,0.18746616313785777,3.998532311841598,4.733386167981821,4.41,5.17,4
2021-06-01,S2,M3 con cuatro rezagos de inflación y expectativas,0.31918923717243175,0.03013575643809398,0.8967556276466354,0.7081123575922257,0.07570092396049462,0.559741273033251,0.8564834421512003,4.365959239911707,0.18746616313785883,3.998532311841593,4.73338616798182,4.23,3.91,4
2021-07-01,S2,M3 con cuatro rezagos de inflación y expectativas,0.31918923717243175,0.03013575643809398,0.8967556276466355,0.7081123575922255,0.07570092396049465,0.5597412730332507,0.8564834421512002,4.365959239911713,0.18746616313782127,3.998532311841673,4.733386167981752,4.12,3.82,4
2021-08-01,S2,M3 con cuatro rezagos de inflación y expectativas,0.31918923717243164,0.030135756438093988,0.8967556276466355,0.70811235759222535,0.07570092396049433,0.5597412730332513,0.8564834421511994,4.365959239911712,0.1874661631377861,3.998532311841741,4.733386167981683,4.14,3.62,4
2021-09-01,S2,M3 con cuatro rezagos de inflación y expectativas,0.3191892371724319,0.03013575643809401,0.8967556276466353,0.7081123575922257,0.07570092396049449,0.5597412730332513,0.8564834421512001,4.365959239911704,0.18746616313784398,3.9985323118416196,4.733386167981789,4.2,3.67,4
2021-10-01,S2,M3 con cuatro rezagos de inflación y expectativas,0.31918923717243197,0.03013575643809396,0.8967556276466354,0.7081123575922259,0.07570092396049467,0.5597412730332512,0.8564834421512006,4.365959239911708,0.18746616313785439,3.9985323118416036,4.733386167981813,3.89,2.96,4
2021-11-01,S2,M3 con cuatro rezagos de inflación y expectativas,0.31918923717243203,0.030135756438093957,0.8967556276466354,0.7081123575922259,0.07570092396049456,0.5597412730332514,0.8564834421512004,4.365959239911709,0.187466163137842,3.998532311841629,4.73338616798179,4.08,2.89,4
2021-12-01,S2,M3 con cuatro rezagos de inflación y expectativas,0.31918923717243214,0.03013575643809393,0.8967556276466354,0.7081123575922262,0.07570092396049441,0.559741273033252,0.8564834421512004,4.365959239911709,0.18746616313782716,3.998532311841658,4.73338616798176,4.02,3.07,4
2022-01-01,S2,M3 con cuatro rezagos de inflación y expectativas,0.31918923717243203,0.030135756438093936,0.8967556276466353,0.7081123575922265,0.07570092396049433,0.5597412730332524,0.8564834421512005,4.365959239911701,0.18746616313783449,3.9985323118416356,4.7333861679817675,4.09,2.87,4
2022-02-01,S2,M3 con cuatro rezagos de inflación y expectativas,0.3191892371724321,0.03013575643809393,0.8967556276466353,0.7081123575922266,0.07570092396049428,0.5597412730332526,0.8564834421512005,4.365959239911701,0.18746616313782782,3.9985323118416485,4.733386167981754,3.92,2.98,4
2022-03-01,S2,M3 con cuatro rezagos de inflación y expectativas,0.3191892371724321,0.03013575643809398,0.8967556276466353,0.708112357592226,0.07570092396049433,0.5597412730332519,0.8564834421512001,4.365959239911704,0.18746616313782677,3.9985323118416534,4.733386167981755,3.8,4.17,4
2022-04-01,S2,M3 con cuatro rezagos de inflación y expectativas,0.3191892371724321,0.03013575643809397,0.8967556276466353,0.7081123575922261,0.07570092396049445,0.5597412730332518,0.8564834421512004,4.365959239911703,0.18746616313783698,3.9985323118416325,4.733386167981774,3.94,4.62,4
2022-05-01,S2,M3 con cuatro rezagos de inflación y expectativas,0.31918923717243197,0.030135756438093974,0.8967556276466354,0.7081123575922258,0.07570092396049452,0.5597412730332514,0.8564834421512002,4.365959239911709,0.1874661631378555,3.9985323118416023,4.733386167981816,4.01,5.82,4
2022-06-01,S2,M3 con cuatro rezagos de inflación y expectativas,0.31918923717243197,0.030135756438093977,0.8967556276466353,0.7081123575922261,0.07570092396049433,0.559741273033252,0.8564834421512002,4.365959239911703,0.1874661631378211,3.9985323118416636,4.733386167981743,4.16,7.55,4
2022-07-01,S2,M3 con cuatro rezagos de inflación y expectativas,0.31918923717243197,0.03013575643809396,0.8967556276466353,0.7081123575922262,0.07570092396049456,0.5597412730332517,0.8564834421512008,4.365959239911702,0.18746616313786943,3.998532311841568,4.733386167981837,4.51,8.36,4
2022-08-01,S2,M3 con cuatro rezagos de inflación y expectativas,0.31918923717243203,0.030135756438093953,0.8967556276466353,0.7081123575922263,0.07570092396049455,0.5597412730332518,0.8564834421512009,4.365959239911702,0.187466163137866,3.9985323118415748,4.73338616798183,4.55,8.87,4
2022-09-01,S2,M3 con cuatro rezagos de inflación y expectativas,0.31918923717243186,0.03013575643809397,0.8967556276466353,0.7081123575922261,0.07570092396049452,0.5597412730332516,0.8564834421512006,4.3659592399117,0.18746616313785755,3.9985323118415894,4.733386167981811,4.61,9.03,4
2022-10-01,S2,M3 con cuatro rezagos de inflación y expectativas,0.31918923717243186,0.030135756438093967,0.8967556276466353,0.7081123575922261,0.07570092396049447,0.5597412730332518,0.8564834421512004,4.3659592399117,0.18746616313782735,3.9985323118416485,4.733386167981752,4.67,9.7,4
2022-11-01,S2,M3 con cuatro rezagos de inflación y expectativas,0.31918923717243186,0.030135756438093957,0.8967556276466352,0.7081123575922266,0.07570092396049426,0.5597412730332526,0.8564834421512005,4.365959239911693,0.18746616313782583,3.9985323118416445,4.733386167981742,4.8,9.17,4
2022-12-01,S2,M3 con cuatro rezagos de inflación y expectativas,0.31918923717243186,0.030135756438093957,0.8967556276466353,0.7081123575922262,0.07570092396049442,0.5597412730332519,0.8564834421512005,4.3659592399117,0.18746616313783937,3.998532311841625,4.7333861679817755,4.71,9.24,4
2023-01-01,S2,M3 con cuatro rezagos de inflación y expectativas,0.31918923717243186,0.030135756438093957,0.8967556276466353,0.7081123575922262,0.0757009239604946,0.5597412730332516,0.8564834421512009,4.3659592399117,0.18746616313784953,3.998532311841605,4.733386167981796,4.62,9.69,4
2023-02-01,S2,M3 con cuatro rezagos de inflación y expectativas,0.31918923717243197,0.03013575643809396,0.8967556276466353,0.7081123575922262,0.07570092396049442,0.5597412730332519,0.8564834421512005,4.365959239911702,0.18746616313783726,3.998532311841631,4.733386167981774,4.49,9.92,4
2023-03-01,S2,M3 con cuatro rezagos de inflación y expectativas,0.3191892371724319,0.030135756438093964,0.8967556276466353,0.7081123575922261,0.0757009239604943,0.559741273033252,0.8564834421512002,4.365959239911701,0.18746616313782244,3.998532311841659,4.7333861679817435,4.43,8.71,4
2023-04-01,S2,M3 con cuatro rezagos de inflación y expectativas,0.3191892371724319,0.030135756438093964,0.8967556276466353,0.7081123575922261,0.0757009239604944,0.5597412730332519,0.8564834421512003,4.365959239911701,0.18746616313781178,3.99853231184168,4.733386167981722,4.39,8.32,4
2023-05-01,S2,M3 con cuatro rezagos de inflación y expectativas,0.3191892371724319,0.030135756438093964,0.8967556276466353,0.7081123575922261,0.07570092396049447,0.5597412730332518,0.8564834421512004,4.365959239911701,0.1874661631378403,3.998532311841624,4.733386167981778,4.3,6.54,4
2023-06-01,S2,M3 con cuatro rezagos de inflación y expectativas,0.3191892371724319,0.030135756438093967,0.8967556276466353,0.7081123575922261,0.07570092396049448,0.5597412730332517,0.8564834421512005,4.365959239911701,0.18746616313783057,3.998532311841643,4.7333861679817595,4.24,4.93,4
2023-07-01,S2,M3 con cuatro rezagos de inflación y expectativas,0.3191892371724319,0.030135756438093967,0.8967556276466353,0.7081123575922261,0.07570092396049445,0.5597412730332518,0.8564834421512004,4.365959239911701,0.18746616313784403,3.998532311841617,4.733386167981786,4.21,4.53,4
2023-08-01,S2,M3 con cuatro rezagos de inflación y expectativas,0.3191892371724319,0.030135756438093967,0.8967556276466353,0.7081123575922261,0.07570092396049441,0.5597412730332518,0.8564834421512004,4.365959239911701,0.18746616313783349,3.9985323118416374,4.733386167981765,4.17,4.47,4
2023-09-01,S2,M3 con cuatro rezagos de inflación y expectativas,0.31918923717243186,0.030135756438093967,0.8967556276466353,0.7081123575922261,0.07570092396049438,0.5597412730332519,0.8564834421512003,4.3659592399117,0.18746616313783154,3.9985323118416405,4.73338616798176,4.15,4.69,4
2023-10-01,S2,M3 con cuatro rezagos de inflación y expectativas,0.31918923717243186,0.030135756438093967,0.8967556276466353,0.7081123575922261,0.07570092396049442,0.5597412730332518,0.8564834421512004,4.3659592399117,0.1874661631378408,3.9985323118416223,4.733386167981779,4.32,4.98,4
2023-11-01,S2,M3 con cuatro rezagos de inflación y expectativas,0.31918923717243186,0.030135756438093964,0.8967556276466353,0.7081123575922261,0.07570092396049442,0.5597412730332518,0.8564834421512004,4.3659592399117,0.1874661631378385,3.9985323118416267,4.733386167981774,4.43,4.3,4
2023-12-01,S2,M3 con cuatro rezagos de inflación y expectativas,0.3191892371724319,0.030135756438093964,0.8967556276466352,0.7081123575922266,0.07570092396049431,0.5597412730332525,0.8564834421512006,4.365959239911694,0.18746616313782516,3.9985323118416467,4.733386167981742,4.32,4.18,4
2024-01-01,S2,M3 con cuatro rezagos de inflación y expectativas,0.31918923717243186,0.03013575643809396,0.8967556276466353,0.7081123575922262,0.07570092396049435,0.559741273033252,0.8564834421512004,4.3659592399117,0.1874661631378243,3.9985323118416547,4.733386167981746,4.29,3.82,4
2024-02-01,S2,M3 con cuatro rezagos de inflación y expectativas,0.31918923717243186,0.03013575643809396,0.8967556276466352,0.7081123575922266,0.07570092396049433,0.5597412730332525,0.8564834421512006,4.365959239911693,0.18746616313782904,3.9985323118416383,4.733386167981749,4.28,3.3,4
2024-03-01,S2,M3 con cuatro rezagos de inflación y expectativas,0.31918923717243186,0.03013575643809396,0.8967556276466352,0.7081123575922266,0.07570092396049433,0.5597412730332525,0.8564834421512006,4.365959239911693,0.18746616313783931,3.9985323118416183,4.733386167981768,4.14,3.24,4
2024-04-01,S2,M3 con cuatro rezagos de inflación y expectativas,0.31918923717243186,0.03013575643809396,0.8967556276466352,0.7081123575922266,0.07570092396049433,0.5597412730332525,0.8564834421512006,4.365959239911693,0.18746616313783873,3.998532311841619,4.7333861679817675,4.02,3.36,4
2024-05-01,S2,M3 con cuatro rezagos de inflación y expectativas,0.31918923717243186,0.03013575643809396,0.8967556276466352,0.7081123575922266,0.0757009239604943,0.5597412730332525,0.8564834421512006,4.365959239911693,0.18746616313783435,3.9985323118416276,4.733386167981759,3.99,3.76,4
2024-06-01,S2,M3 con cuatro rezagos de inflación y expectativas,0.3191892371724318,0.030135756438093964,0.8967556276466353,0.7081123575922261,0.07570092396049445,0.5597412730332518,0.8564834421512004,4.3659592399116995,0.18746616313783984,3.998532311841623,4.7333861679817755,4.02,3.62,4
2024-07-01,S2,M3 con cuatro rezagos de inflación y expectativas,0.31918923717243186,0.030135756438093964,0.8967556276466353,0.7081123575922261,0.07570092396049447,0.5597412730332518,0.8564834421512004,4.3659592399117,0.18746616313783734,3.998532311841629,4.733386167981772,4.07,3.78,4
2024-08-01,S2,M3 con cuatro rezagos de inflación y expectativas,0.3191892371724318,0.03013575643809396,0.8967556276466353,0.7081123575922262,0.07570092396049444,0.5597412730332519,0.8564834421512005,4.3659592399116995,0.1874661631378283,3.998532311841646,4.733386167981753,4.02,3.07,4
2024-09-01,S2,M3 con cuatro rezagos de inflación y expectativas,0.31918923717243186,0.03013575643809396,0.8967556276466353,0.7081123575922262,0.07570092396049445,0.5597412730332519,0.8564834421512005,4.3659592399117,0.18746616313784262,3.9985323118416187,4.733386167981783,3.97,2.11,4
2024-10-01,S2,M3 con cuatro rezagos de inflación y expectativas,0.31918923717243186,0.03013575643809396,0.8967556276466353,0.7081123575922262,0.07570092396049442,0.5597412730332519,0.8564834421512005,4.3659592399117,0.18746616313783243,3.9985323118416387,4.733386167981762,3.96,1.16,4
2024-11-01,S2,M3 con cuatro rezagos de inflación y expectativas,0.31918923717243186,0.03013575643809396,0.8967556276466353,0.7081123575922262,0.07570092396049441,0.559741273033252,0.8564834421512004,4.3659592399117,0.18746616313783426,3.998532311841635,4.733386167981766,3.66,1.66,4
2024-12-01,S2,M3 con cuatro rezagos de inflación y expectativas,0.31918923717243186,0.030135756438093964,0.8967556276466354,0.7081123575922259,0.07570092396049448,0.5597412730332515,0.8564834421512003,4.365959239911707,0.18746616313783038,3.998532311841649,4.733386167981765,3.95,1.7,4
2025-01-01,S2,M3 con cuatro rezagos de inflación y expectativas,0.31918923717243186,0.03013575643809396,0.8967556276466354,0.7081123575922259,0.07570092396049442,0.5597412730332516,0.8564834421512002,4.365959239911707,0.18746616313782566,3.9985323118416582,4.733386167981755,3.76,2.19,4
2025-02-01,S2,M3 con cuatro rezagos de inflación y expectativas,0.31918923717243186,0.03013575643809396,0.8967556276466354,0.7081123575922259,0.07570092396049442,0.5597412730332516,0.8564834421512002,4.365959239911707,0.1874661631378332,3.998532311841643,4.73338616798177,3.79,1.79,4
2025-03-01,S2,M3 con cuatro rezagos de inflación y expectativas,0.3191892371724319,0.03013575643809396,0.8967556276466354,0.7081123575922259,0.07570092396049442,0.5597412730332516,0.8564834421512002,4.3659592399117075,0.18746616313783615,3.9985323118416387,4.733386167981776,3.71,1.57,4
2025-04-01,S2,M3 con cuatro rezagos de inflación y expectativas,0.3191892371724318,0.03013575643809396,0.8967556276466354,0.7081123575922259,0.07570092396049445,0.5597412730332516,0.8564834421512002,4.365959239911707,0.1874661631378323,3.998532311841645,4.733386167981768,3.62,1.47,4
2025-05-01,S2,M3 con cuatro rezagos de inflación y expectativas,0.31918923717243186,0.03013575643809396,0.8967556276466354,0.7081123575922259,0.07570092396049444,0.5597412730332516,0.8564834421512002,4.365959239911707,0.18746616313783573,3.9985323118416383,4.733386167981775,3.55,1.69,4
2025-06-01,S2,M3 con cuatro rezagos de inflación y expectativas,0.3191892371724319,0.03013575643809396,0.8967556276466353,0.7081123575922262,0.07570092396049435,0.559741273033252,0.8564834421512004,4.365959239911701,0.18746616313783626,3.998532311841632,4.73338616798177,3.53,1.79,4
2025-07-01,S2,M3 con cuatro rezagos de inflación y expectativas,0.31918923717243186,0.03013575643809396,0.8967556276466353,0.7081123575922262,0.07570092396049433,0.5597412730332522,0.8564834421512003,4.3659592399117,0.18746616313783482,3.998532311841634,4.733386167981767,3.54,1.17,4
2025-08-01,S2,M3 con cuatro rezagos de inflación y expectativas,0.3191892371724318,0.03013575643809396,0.8967556276466353,0.7081123575922262,0.07570092396049437,0.559741273033252,0.8564834421512004,4.3659592399116995,0.18746616313783415,3.9985323118416343,4.733386167981765,3.49,1.17,4
2025-09-01,S2,M3 con cuatro rezagos de inflación y expectativas,0.3191892371724318,0.030135756438093964,0.8967556276466354,0.7081123575922259,0.07570092396049448,0.5597412730332515,0.8564834421512003,4.365959239911707,0.18746616313783815,3.998532311841634,4.73338616798178,3.42,1.47,4
2025-10-01,S2,M3 con cuatro rezagos de inflación y expectativas,0.3191892371724318,0.030135756438093964,0.8967556276466353,0.7081123575922261,0.07570092396049438,0.5597412730332519,0.8564834421512003,4.3659592399116995,0.1874661631378382,3.9985323118416263,4.733386167981773,3.37,1.26,4
2025-11-01,S2,M3 con cuatro rezagos de inflación y expectativas,0.31918923717243186,0.03013575643809396,0.8967556276466354,0.7081123575922259,0.07570092396049447,0.5597412730332516,0.8564834421512002,4.365959239911707,0.18746616313783382,3.9985323118416423,4.733386167981771,3.3,1.73,4
2025-12-01,S2,M3 con cuatro rezagos de inflación y expectativas,0.31918923717243186,0.03013575643809396,0.8967556276466354,0.7081123575922259,0.07570092396049449,0.5597412730332515,0.8564834421512003,4.365959239911707,0.18746616313783776,3.9985323118416343,4.733386167981779,3.72,1.65,4
2026-01-01,S2,M3 con cuatro rezagos de inflación y expectativas,0.3191892371724318,0.03013575643809396,0.8967556276466354,0.7081123575922259,0.07570092396049448,0.5597412730332515,0.8564834421512003,4.365959239911707,0.1874661631378326,3.9985323118416445,4.733386167981768,3.64,0.96,4
2026-02-01,S2,M3 con cuatro rezagos de inflación y expectativas,0.31918923717243186,0.030135756438093964,0.8967556276466354,0.7081123575922259,0.07570092396049447,0.5597412730332516,0.8564834421512002,4.365959239911707,0.18746616313783446,3.998532311841641,4.733386167981772,3.62,1.56,4
2026-03-01,S2,M3 con cuatro rezagos de inflación y expectativas,0.31918923717243186,0.03013575643809396,0.8967556276466355,0.7081123575922257,0.07570092396049459,0.559741273033251,0.8564834421512003,4.365959239911714,0.1874661631378335,3.99853231184165,4.733386167981777,3.61,2.5,4
2026-04-01,S2,M3 con cuatro rezagos de inflación y expectativas,0.31918923717243186,0.030135756438093964,0.8967556276466354,0.7081123575922259,0.07570092396049447,0.5597412730332516,0.8564834421512002,4.365959239911707,0.18746616313783163,3.9985323118416467,4.733386167981767,3.71,3.24,4
2026-05-01,S2,M3 con cuatro rezagos de inflación y expectativas,0.31918923717243186,0.03013575643809396,0.8967556276466354,0.7081123575922259,0.07570092396049447,0.5597412730332516,0.8564834421512002,4.365959239911707,0.1874661631378316,3.9985323118416467,4.733386167981767,3.74,2.86,4
2026-06-01,S2,M3 con cuatro rezagos de inflación y expectativas,0.31918923717243186,0.030135756438093957,0.8967556276466354,0.7081123575922259,0.07570092396049448,0.5597412730332515,0.8564834421512003,4.365959239911707,0.18746616313783476,3.9985323118416405,4.733386167981773,3.71,2.27,4
2011-02-01,S3,"M3 AR(1) + controles externos: z_tc_lag, z_petroleo_lag, z_infl_ext_lag",0.3191892371733442,0.030135756437994248,0.8967556276465409,0.7081123575934588,0.07570092402768071,0.5597412729028018,0.8564834422841158,4.3659592399125895,0.18746616067147467,3.9985323166765,4.733386163148679,5.81,5.24,5
2011-03-01,S3,"M3 AR(1) + controles externos: z_tc_lag, z_petroleo_lag, z_infl_ext_lag",0.3191892371733441,0.030135756437994248,0.8967556276465408,0.7081123575934591,0.07570092402769538,0.5597412729027734,0.8564834422841449,4.365959239912581,0.1874661606742234,3.998532316671104,4.733386163154058,6.13,4.99,5
2011-04-01,S3,"M3 AR(1) + controles externos: z_tc_lag, z_petroleo_lag, z_infl_ext_lag",0.31918923717334124,0.030135756437964015,0.896755627646562,0.7081123575936921,0.07570092419118986,0.559741272582563,0.8564834426048211,4.365959239912002,0.1874661611428749,3.9985323157519854,4.733386164072019,6.19,5.76114812916453,5
2011-05-01,S3,"M3 AR(1) + controles externos: z_tc_lag, z_petroleo_lag, z_infl_ext_lag",0.31918923717213316,0.030135756438055956,0.8967556276467121,0.7081123575923771,0.07570092882226555,0.5597412635045065,0.8564834516802478,4.365959239909933,0.18746619060200898,3.9985322580110743,4.733386221808791,5.74,6.3930220625962,5
2011-06-01,S3,"M3 AR(1) + controles externos: z_tc_lag, z_petroleo_lag, z_infl_ext_lag",0.31918923717223624,0.03013575643808318,0.8967556276466837,0.7081123575921937,0.07570092944176424,0.559741262290128,0.8564834528942594,4.365959239911271,0.18746617640786817,3.9985322858324177,4.733386193990126,6.16,6.42229936695938,5
2011-07-01,S3,"M3 AR(1) + controles externos: z_tc_lag, z_petroleo_lag, z_infl_ext_lag",0.31918923717228664,0.030135756438088537,0.8967556276466695,0.708112357592182,0.07570092945032399,0.5597412622733395,0.8564834529110246,4.365959239911432,0.18746617566926135,3.998532287280221,4.7333861925426435,5.88,7.03967446592064,5
2011-08-01,S3,"M3 AR(1) + controles externos: z_tc_lag, z_petroleo_lag, z_infl_ext_lag",0.31918923717221775,0.030135756438090175,0.8967556276466837,0.708112357592126,0.07570092943820769,0.559741262297031,0.8564834528872209,4.365959239911437,0.18746617599135804,3.9985322866489277,4.733386193173946,5.95,7.6258261311642,5
2011-09-01,S3,"M3 AR(1) + controles externos: z_tc_lag, z_petroleo_lag, z_infl_ext_lag",0.3191892371722941,0.030135756438090112,0.8967556276466659,0.7081123575921768,0.07570092942947455,0.5597412623141985,0.8564834528701551,4.365959239911415,0.1874661757651738,3.9985322870922193,4.733386192730611,6.43,7.24931562404949,5
2011-10-01,S3,"M3 AR(1) + controles externos: z_tc_lag, z_petroleo_lag, z_infl_ext_lag",0.31918923717233244,0.030135756438089533,0.8967556276466624,0.7081123575921926,0.07570092948247807,0.5597412622103293,0.8564834529740559,4.365959239911694,0.18746617644170568,3.99853228576652,4.733386194056869,6.51,6.65,5
2011-11-01,S3,"M3 AR(1) + controles externos: z_tc_lag, z_petroleo_lag, z_infl_ext_lag",0.31918923717245323,0.030135756438088843,0.8967556276466553,0.7081123575922192,0.07570092949211728,0.5597412621914635,0.856483452992975,4.36595923991288,0.1874661769124385,3.998532284845086,4.733386194980674,6.06,6.05484387510006,5
2011-12-01,S3,"M3 AR(1) + controles externos: z_tc_lag, z_petroleo_lag, z_infl_ext_lag",0.3191892371722791,0.03013575643808858,0.8967556276466837,0.7081123575921415,0.07570092949195283,0.55974126219170794,0.8564834529925751,4.36595923991218,0.18746617686597583,3.9985322849354517,4.733386194888908,5.62,6.2,5
2012-01-01,S3,"M3 AR(1) + controles externos: z_tc_lag, z_petroleo_lag, z_infl_ext_lag",0.31918923717227227,0.030135756438088232,0.8967556276466837,0.7081123575921449,0.07570092949213643,0.5597412621913515,0.8564834529929383,4.3659592399120655,0.18746617683399236,3.9985322849980234,4.733386194826108,5.95,5.44,4.5
2012-02-01,S3,"M3 AR(1) + controles externos: z_tc_lag, z_petroleo_lag, z_infl_ext_lag",0.3191892371722844,0.030135756438088468,0.8967556276466819,0.7081123575921475,0.07570092949238867,0.5597412621908597,0.8564834529934353,4.36595923991214,0.18746617688974335,3.998532284888828,4.733386194935452,6.11,5.17,4.5
2012-03-01,S3,"M3 AR(1) + controles externos: z_tc_lag, z_petroleo_lag, z_infl_ext_lag",0.3191892371722728,0.030135756438088683,0.8967556276466802,0.7081123575921505,0.07570092949261181,0.5597412621904254,0.8564834529938756,4.365959239911889,0.1874661768816855,3.99853228490437,4.733386194919407,5.47,4.55,4.5
2012-04-01,S3,"M3 AR(1) + controles externos: z_tc_lag, z_petroleo_lag, z_infl_ext_lag",0.31918923717228825,0.030135756438088315,0.8967556276466802,0.7081123575921541,0.07570092949191362,0.5597412621917974,0.8564834529925107,4.365959239912077,0.18746617683522515,3.998532284995619,4.733386194828535,5.54,4.27,4.5
2012-05-01,S3,"M3 AR(1) + controles externos: z_tc_lag, z_petroleo_lag, z_infl_ext_lag",0.3191892371722699,0.030135756438088048,0.8967556276466837,0.7081123575921466,0.07570092949164346,0.5597412621923195,0.8564834529919738,4.365959239912022,0.1874661768413428,3.9985322849835736,4.73338619484047,5.28,3.9,4.5
2012-06-01,S3,"M3 AR(1) + controles externos: z_tc_lag, z_petroleo_lag, z_infl_ext_lag",0.31918923717227554,0.030135756438087993,0.8967556276466793,0.7081123575921597,0.07570092949164349,0.5597412621923326,0.8564834529919869,4.365959239911831,0.18746617684781777,3.998532284970692,4.7333861948529705,5.11,3.47,4.5
2012-07-01,S3,"M3 AR(1) + controles externos: z_tc_lag, z_petroleo_lag, z_infl_ext_lag",0.3191892371722671,0.030135756438087337,0.8967556276466828,0.708112357592156,0.07570092949159155,0.5597412621924305,0.8564834529918814,4.365959239911889,0.18746617684055436,3.9985322849849854,4.733386194838792,4.9,2.86,4.5
2012-08-01,S3,"M3 AR(1) + controles externos: z_tc_lag, z_petroleo_lag, z_infl_ext_lag",0.3191892371722737,0.030135756438087642,0.896755627646681,0.7081123575921582,0.07570092949157868,0.559741262192458,0.8564834529918584,4.3659592399118905,0.1874661768304392,3.9985322850048126,4.733386194818968,4.55,2.71,4.5
2012-09-01,S3,"M3 AR(1) + controles externos: z_tc_lag, z_petroleo_lag, z_infl_ext_lag",0.3191892371722726,0.03013575643808764,0.896755627646681,0.7081123575921582,0.07570092949160111,0.559741262192414,0.8564834529919023,4.365959239911875,0.18746617683405517,3.9985322849977103,4.73338619482604,5.17,3.28,4.5
2012-10-01,S3,"M3 AR(1) + controles externos: z_tc_lag, z_petroleo_lag, z_infl_ext_lag",0.31918923717227166,0.03013575643808779,0.896755627646681,0.7081123575921566,0.07570092949159817,0.5597412621924183,0.856483452991895,4.365959239911872,0.18746617683549235,3.99853228499489,4.733386194828854,4.76,3.35,4.5
2012-11-01,S3,"M3 AR(1) + controles externos: z_tc_lag, z_petroleo_lag, z_infl_ext_lag",0.31918923717226994,0.030135756438087847,0.896755627646681,0.7081123575921562,0.07570092949158787,0.559741262192438,0.8564834529918743,4.365959239911851,0.1874661768335648,3.9985322849986473,4.733386194825055,4.82,3.11,4.5
2012-12-01,S3,"M3 AR(1) + controles externos: z_tc_lag, z_petroleo_lag, z_infl_ext_lag",0.31918923717226927,0.03013575643808799,0.8967556276466802,0.7081123575921573,0.07570092949159893,0.5597412621924174,0.8564834529918972,4.365959239911798,0.18746617683577713,3.998532284994258,4.733386194829338,4.93,3.45,4.5
2013-01-01,S3,"M3 AR(1) + controles externos: z_tc_lag, z_petroleo_lag, z_infl_ext_lag",0.3191892371722679,0.030135756438088013,0.8967556276466802,0.7081123575921571,0.07570092949162079,0.5597412621923743,0.8564834529919398,4.36595923991178,0.1874661768400318,3.9985322849859015,4.733386194837659,4.83,3.86,4
2013-02-01,S3,"M3 AR(1) + controles externos: z_tc_lag, z_petroleo_lag, z_infl_ext_lag",0.31918923717226677,0.030135756438087982,0.896755627646681,0.7081123575921549,0.0757009294915971,0.5597412621924185,0.8564834529918912,4.365959239911817,0.18746617683410996,3.998532284997544,4.733386194826089,4.61,4.18,4
2013-03-01,S3,"M3 AR(1) + controles externos: z_tc_lag, z_petroleo_lag, z_infl_ext_lag",0.31918923717226133,0.03013575643808777,0.8967556276466819,0.7081123575921544,0.07570092949159914,0.559741262192414,0.8564834529918948,4.365959239911783,0.18746617683573513,3.9985322849943254,4.733386194829241,4.66,4.34,4
2013-04-01,S3,"M3 AR(1) + controles externos: z_tc_lag, z_petroleo_lag, z_infl_ext_lag",0.31918923717226555,0.03013575643808826,0.8967556276466806,0.7081123575921533,0.07570092949159254,0.5597412621924259,0.8564834529918807,4.36595923991179,0.18746617683465572,3.998532284996448,4.7333861948271325,4.93,4.13,4
2013-05-01,S3,"M3 AR(1) + controles externos: z_tc_lag, z_petroleo_lag, z_infl_ext_lag",0.31918923717226694,0.03013575643808855,0.8967556276466802,0.7081123575921517,0.07570092949159388,0.5597412621924218,0.8564834529918817,4.3659592399118,0.18746617683503017,3.998532284995724,4.733386194827876,4.83,4.27,4
2013-06-01,S3,"M3 AR(1) + controles externos: z_tc_lag, z_petroleo_lag, z_infl_ext_lag",0.319189237172267,0.030135756438088447,0.8967556276466797,0.7081123575921541,0.07570092949159007,0.5597412621924316,0.8564834529918766,4.365959239911767,0.18746617683462388,3.9985322849964873,4.733386194827046,5.21,4.79,4
2013-07-01,S3,"M3 AR(1) + controles externos: z_tc_lag, z_petroleo_lag, z_infl_ext_lag",0.319189237172265,0.03013575643808813,0.8967556276466806,0.7081123575921546,0.07570092949159184,0.5597412621924287,0.8564834529918806,4.365959239911775,0.18746617683467554,3.998532284996394,4.733386194827156,4.81,4.74,4
2013-08-01,S3,"M3 AR(1) + controles externos: z_tc_lag, z_petroleo_lag, z_infl_ext_lag",0.319189237172267,0.03013575643808813,0.8967556276466806,0.7081123575921546,0.07570092949159243,0.5597412621924275,0.8564834529918818,4.365959239911803,0.18746617683454445,3.9985322849966787,4.7333861948269265,4.89,4.42,4
2013-09-01,S3,"M3 AR(1) + controles externos: z_tc_lag, z_petroleo_lag, z_infl_ext_lag",0.3191892371722658,0.03013575643808799,0.8967556276466806,0.708112357592156,0.07570092949159211,0.5597412621924294,0.8564834529918826,4.365959239911778,0.18746617683484867,3.9985322849960574,4.733386194827498,4.91,4.21,4
2013-10-01,S3,"M3 AR(1) + controles externos: z_tc_lag, z_petroleo_lag, z_infl_ext_lag",0.3191892371722659,0.030135756438088086,0.8967556276466802,0.7081123575921563,0.07570092949159105,0.5597412621924318,0.8564834529918808,4.365959239911757,0.18746617683474198,3.998532284996246,4.733386194827268,4.71,4.15,4
2013-11-01,S3,"M3 AR(1) + controles externos: z_tc_lag, z_petroleo_lag, z_infl_ext_lag",0.31918923717226533,0.030135756438088045,0.8967556276466799,0.7081123575921573,0.07570092949159579,0.5597412621924236,0.856483452991891,4.365959239911735,0.18746617683533887,3.998532284995054,4.733386194828416,4.7,4.63,4
2013-12-01,S3,"M3 AR(1) + controles externos: z_tc_lag, z_petroleo_lag, z_infl_ext_lag",0.31918923717226605,0.030135756438088,0.8967556276466797,0.7081123575921584,0.0757009294916041,0.5597412621924084,0.8564834529919084,4.365959239911728,0.1874661768357924,3.998532284994158,4.733386194829298,5.19,4.39,4
2014-01-01,S3,"M3 AR(1) + controles externos: z_tc_lag, z_petroleo_lag, z_infl_ext_lag",0.31918923717226466,0.030135756438087774,0.8967556276466802,0.7081123575921593,0.07570092949159343,0.5597412621924301,0.8564834529918884,4.365959239911723,0.1874661768350031,3.9985322849956995,4.733386194827745,4.94,4.14,4
2014-02-01,S3,"M3 AR(1) + controles externos: z_tc_lag, z_petroleo_lag, z_infl_ext_lag",0.31918923717226694,0.030135756438088166,0.8967556276466797,0.7081123575921568,0.07570092949159438,0.5597412621924258,0.8564834529918879,4.36595923991175,0.18746617683476627,3.9985322849961915,4.733386194827309,4.68,3.5,4
2014-03-01,S3,"M3 AR(1) + controles externos: z_tc_lag, z_petroleo_lag, z_infl_ext_lag",0.3191892371722674,0.03013575643808819,0.8967556276466795,0.7081123575921572,0.0757009294915994,0.5597412621924164,0.856483452991898,4.365959239911745,0.18746617683586755,3.9985322849940275,4.733386194829462,4.54,3.25,4
2014-04-01,S3,"M3 AR(1) + controles externos: z_tc_lag, z_petroleo_lag, z_infl_ext_lag",0.3191892371722689,0.030135756438088277,0.8967556276466795,0.7081123575921564,0.07570092949159352,0.5597412621924271,0.8564834529918857,4.36595923991177,0.18746617683494093,3.9985322849958687,4.733386194827671,4.66,3.27,4
2014-05-01,S3,"M3 AR(1) + controles externos: z_tc_lag, z_petroleo_lag, z_infl_ext_lag",0.31918923717226794,0.030135756438088284,0.8967556276466804,0.7081123575921537,0.07570092949159316,0.5597412621924251,0.8564834529918823,4.365959239911811,0.18746617683502054,3.998532284995753,4.733386194827868,4.28,3.22,4
2014-06-01,S3,"M3 AR(1) + controles externos: z_tc_lag, z_petroleo_lag, z_infl_ext_lag",0.3191892371722698,0.030135756438088416,0.8967556276466804,0.7081123575921525,0.07570092949158973,0.5597412621924307,0.8564834529918743,4.365959239911844,0.18746617683455594,3.9985322849966978,4.733386194826991,4.36,3.13,4
2014-07-01,S3,"M3 AR(1) + controles externos: z_tc_lag, z_petroleo_lag, z_infl_ext_lag",0.3191892371722701,0.030135756438088537,0.8967556276466799,0.7081123575921526,0.07570092949159711,0.5597412621924163,0.856483452991889,4.365959239911829,0.1874661768353101,3.9985322849952043,4.733386194828454,4.41,3.41,4
2014-08-01,S3,"M3 AR(1) + controles externos: z_tc_lag, z_petroleo_lag, z_infl_ext_lag",0.31918923717227043,0.03013575643808855,0.8967556276466799,0.7081123575921524,0.07570092949158846,0.559741262192433,0.8564834529918718,4.3659592399118345,0.1874661768343436,3.998532284997104,4.733386194826565,4.06,3.7,4
2014-09-01,S3,"M3 AR(1) + controles externos: z_tc_lag, z_petroleo_lag, z_infl_ext_lag",0.31918923717227005,0.030135756438088426,0.8967556276466797,0.7081123575921543,0.0757009294915928,0.5597412621924265,0.8564834529918821,4.365959239911809,0.1874661768348984,3.9985322849959912,4.733386194827626,4.13,3.45,4
2014-10-01,S3,"M3 AR(1) + controles externos: z_tc_lag, z_petroleo_lag, z_infl_ext_lag",0.31918923717226877,0.030135756438088284,0.8967556276466799,0.7081123575921551,0.07570092949159479,0.5597412621924233,0.8564834529918869,4.3659592399117955,0.18746617683488942,3.9985322849959952,4.733386194827595,4.17,3.64,4
2014-11-01,S3,"M3 AR(1) + controles externos: z_tc_lag, z_petroleo_lag, z_infl_ext_lag",0.319189237172268,0.030135756438088124,0.8967556276466805,0.7081123575921551,0.075700929491595,0.5597412621924229,0.8564834529918872,4.365959239911809,0.18746617683526673,3.998532284995269,4.733386194828348,4.16,3.38,4
2014-12-01,S3,"M3 AR(1) + controles externos: z_tc_lag, z_petroleo_lag, z_infl_ext_lag",0.31918923717226766,0.030135756438088065,0.8967556276466803,0.7081123575921562,0.07570092949159167,0.5597412621924305,0.8564834529918819,4.3659592399117875,0.18746617683487168,3.9985322849960223,4.733386194827553,4.21,2.95,4
2015-01-01,S3,"M3 AR(1) + controles externos: z_tc_lag, z_petroleo_lag, z_infl_ext_lag",0.3191892371722677,0.030135756438087958,0.8967556276466805,0.7081123575921566,0.07570092949159095,0.5597412621924324,0.8564834529918809,4.365959239911795,0.1874661768346688,3.998532284996427,4.733386194827163,3.89,2.32,4
2015-02-01,S3,"M3 AR(1) + controles externos: z_tc_lag, z_petroleo_lag, z_infl_ext_lag",0.3191892371722667,0.03013575643808797,0.8967556276466806,0.7081123575921562,0.07570092949159314,0.5597412621924276,0.8564834529918848,4.365959239911788,0.18746617683499,3.998532284995791,4.733386194827785,4.07,2.44,4
2015-03-01,S3,"M3 AR(1) + controles externos: z_tc_lag, z_petroleo_lag, z_infl_ext_lag",0.31918923717226616,0.030135756438087795,0.8967556276466807,0.7081123575921575,0.07570092949159443,0.5597412621924265,0.8564834529918885,4.365959239911778,0.18746617683501993,3.9985322849957217,4.733386194827833,4.11,2.43,4
2015-04-01,S3,"M3 AR(1) + controles externos: z_tc_lag, z_petroleo_lag, z_infl_ext_lag",0.31918923717226577,0.030135756438087868,0.8967556276466807,0.7081123575921568,0.0757009294915975,0.5597412621924198,0.8564834529918939,4.365959239911777,0.1874661768351944,3.998532284995379,4.733386194828174,3.82,2.58,4
2015-05-01,S3,"M3 AR(1) + controles externos: z_tc_lag, z_petroleo_lag, z_infl_ext_lag",0.31918923717226594,0.03013575643808788,0.8967556276466806,0.7081123575921571,0.07570092949159431,0.5597412621924263,0.8564834529918879,4.365959239911773,0.18746617683493952,3.998532284995875,4.733386194827672,3.57,2.55,4
2015-06-01,S3,"M3 AR(1) + controles externos: z_tc_lag, z_petroleo_lag, z_infl_ext_lag",0.3191892371722659,0.030135756438087778,0.8967556276466807,0.7081123575921577,0.0757009294915952,0.5597412621924251,0.8564834529918903,4.365959239911772,0.18746617683485065,3.998532284996048,4.733386194827497,3.67,2.39,4
2015-07-01,S3,"M3 AR(1) + controles externos: z_tc_lag, z_petroleo_lag, z_infl_ext_lag",0.31918923717226516,0.030135756438087732,0.8967556276466806,0.7081123575921584,0.07570092949159513,0.5597412621924259,0.8564834529918909,4.365959239911753,0.18746617683479927,3.9985322849961293,4.733386194827377,3.56,2.32,4
2015-08-01,S3,"M3 AR(1) + controles externos: z_tc_lag, z_petroleo_lag, z_infl_ext_lag",0.31918923717226577,0.03013575643808796,0.8967556276466805,0.7081123575921566,0.0757009294915922,0.5597412621924299,0.8564834529918833,4.365959239911769,0.18746617683470668,3.998532284996327,4.733386194827211,3.31,1.96,4
2015-09-01,S3,"M3 AR(1) + controles externos: z_tc_lag, z_petroleo_lag, z_infl_ext_lag",0.3191892371722662,0.03013575643808803,0.8967556276466806,0.7081123575921555,0.07570092949159371,0.5597412621924258,0.8564834529918852,4.365959239911785,0.18746617683494907,3.9985322849958678,4.733386194827702,3.4,1.88,4
2015-10-01,S3,"M3 AR(1) + controles externos: z_tc_lag, z_petroleo_lag, z_infl_ext_lag",0.319189237172266,0.030135756438087927,0.8967556276466805,0.7081123575921568,0.07570092949159424,0.5597412621924261,0.8564834529918876,4.36595923991177,0.1874661768351128,3.9985322849955316,4.733386194828007,3.28,2.23,4
2015-11-01,S3,"M3 AR(1) + controles externos: z_tc_lag, z_petroleo_lag, z_infl_ext_lag",0.31918923717226577,0.030135756438087996,0.8967556276466806,0.708112357592156,0.07570092949159661,0.5597412621924206,0.8564834529918913,4.365959239911777,0.18746617683512845,3.998532284995508,4.733386194828046,3.37,2.51,4
2015-12-01,S3,"M3 AR(1) + controles externos: z_tc_lag, z_petroleo_lag, z_infl_ext_lag",0.3191892371722658,0.030135756438087975,0.8967556276466806,0.7081123575921562,0.07570092949159844,0.5597412621924173,0.8564834529918951,4.365959239911776,0.18746617683517192,3.998532284995422,4.73338619482813,3.65,3.07,4
2016-01-01,S3,"M3 AR(1) + controles externos: z_tc_lag, z_petroleo_lag, z_infl_ext_lag",0.3191892371722659,0.030135756438087996,0.8967556276466806,0.708112357592156,0.07570092949159868,0.5597412621924166,0.8564834529918953,4.365959239911779,0.18746617683513522,3.9985322849954965,4.733386194828061,3.8,4.38,4
2016-02-01,S3,"M3 AR(1) + controles externos: z_tc_lag, z_petroleo_lag, z_infl_ext_lag",0.31918923717226594,0.030135756438087975,0.8967556276466807,0.7081123575921557,0.07570092949159947,0.5597412621924148,0.8564834529918967,4.365959239911785,0.18746617683500982,3.9985322849957488,4.733386194827821,4.09,4.27,4
2016-03-01,S3,"M3 AR(1) + controles externos: z_tc_lag, z_petroleo_lag, z_infl_ext_lag",0.3191892371722657,0.030135756438087958,0.8967556276466807,0.708112357592156,0.07570092949159883,0.5597412621924163,0.8564834529918957,4.36595923991178,0.1874661768352568,3.9985322849952603,4.7333861948283005,3.99,4.26,4
2016-04-01,S3,"M3 AR(1) + controles externos: z_tc_lag, z_petroleo_lag, z_infl_ext_lag",0.319189237172266,0.030135756438087986,0.8967556276466806,0.708112357592156,0.07570092949159905,0.5597412621924158,0.8564834529918961,4.3659592399117795,0.18746617683507924,3.998532284995607,4.733386194827951,4.19,4.09,4
2016-05-01,S3,"M3 AR(1) + controles externos: z_tc_lag, z_petroleo_lag, z_infl_ext_lag",0.3191892371722663,0.030135756438088083,0.8967556276466806,0.7081123575921551,0.07570092949159932,0.5597412621924145,0.8564834529918957,4.36595923991179,0.187466176835053,3.9985322849956693,4.733386194827911,4.16,4.36,4
2016-06-01,S3,"M3 AR(1) + controles externos: z_tc_lag, z_petroleo_lag, z_infl_ext_lag",0.3191892371722662,0.030135756438088128,0.8967556276466805,0.708112357592155,0.07570092949159674,0.5597412621924194,0.8564834529918905,4.365959239911785,0.1874661768349128,3.998532284995939,4.733386194827631,4.39,4.43,4
2016-07-01,S3,"M3 AR(1) + controles externos: z_tc_lag, z_petroleo_lag, z_infl_ext_lag",0.3191892371722665,0.03013575643808822,0.8967556276466805,0.7081123575921541,0.07570092949159819,0.5597412621924156,0.8564834529918925,4.365959239911794,0.187466176835153,3.998532284995477,4.73338619482811,4.41,4.62,4
2016-08-01,S3,"M3 AR(1) + controles externos: z_tc_lag, z_petroleo_lag, z_infl_ext_lag",0.31918923717226677,0.030135756438088246,0.8967556276466804,0.7081123575921542,0.07570092949159753,0.559741262192417,0.8564834529918913,4.365959239911793,0.18746617683515807,3.9985322849954663,4.733386194828119,4.45,4.74,4
2016-09-01,S3,"M3 AR(1) + controles externos: z_tc_lag, z_petroleo_lag, z_infl_ext_lag",0.31918923717226677,0.030135756438088284,0.8967556276466804,0.7081123575921537,0.07570092949159686,0.5597412621924179,0.8564834529918895,4.3659592399117955,0.18746617683497227,3.998532284995833,4.733386194827758,4.42,4.56,4
2016-10-01,S3,"M3 AR(1) + controles externos: z_tc_lag, z_petroleo_lag, z_infl_ext_lag",0.319189237172267,0.030135756438088294,0.8967556276466803,0.708112357592154,0.0757009294915975,0.5597412621924169,0.856483452991891,4.365959239911792,0.1874661768349393,3.998532284995894,4.733386194827689,4.43,4.76,4
2016-11-01,S3,"M3 AR(1) + controles externos: z_tc_lag, z_petroleo_lag, z_infl_ext_lag",0.31918923717226677,0.03013575643808828,0.8967556276466805,0.7081123575921535,0.07570092949159875,0.559741262192414,0.856483452991893,4.365959239911801,0.18746617683520203,3.998532284995388,4.733386194828213,4.6,4.67,4
2016-12-01,S3,"M3 AR(1) + controles externos: z_tc_lag, z_petroleo_lag, z_infl_ext_lag",0.3191892371722664,0.03013575643808826,0.8967556276466806,0.7081123575921533,0.0757009294915979,0.5597412621924154,0.8564834529918912,4.365959239911802,0.18746617683498332,3.9985322849958176,4.733386194827786,4.66,4.23,4
2017-01-01,S3,"M3 AR(1) + controles externos: z_tc_lag, z_petroleo_lag, z_infl_ext_lag",0.31918923717226644,0.03013575643808825,0.8967556276466805,0.7081123575921537,0.07570092949159897,0.5597412621924138,0.8564834529918937,4.365959239911795,0.18746617683509434,3.998532284995593,4.733386194827997,4.4,3.83,4
2017-02-01,S3,"M3 AR(1) + controles externos: z_tc_lag, z_petroleo_lag, z_infl_ext_lag",0.3191892371722664,0.030135756438088187,0.8967556276466805,0.7081123575921544,0.07570092949159811,0.5597412621924162,0.8564834529918927,4.36595923991179,0.18746617683511801,3.998532284995542,4.7333861948280385,4.46,3.96,4
2017-03-01,S3,"M3 AR(1) + controles externos: z_tc_lag, z_petroleo_lag, z_infl_ext_lag",0.3191892371722661,0.030135756438088183,0.8967556276466806,0.7081123575921542,0.07570092949159926,0.5597412621924136,0.8564834529918948,4.365959239911794,0.18746617683503966,3.998532284995699,4.733386194827888,4.28,4,4
2017-04-01,S3,"M3 AR(1) + controles externos: z_tc_lag, z_petroleo_lag, z_infl_ext_lag",0.31918923717226627,0.030135756438088194,0.8967556276466806,0.708112357592154,0.0757009294915985,0.5597412621924149,0.856483452991893,4.3659592399117955,0.18746617683516856,3.998532284995448,4.733386194828142,4.51,4.09,4
2017-05-01,S3,"M3 AR(1) + controles externos: z_tc_lag, z_petroleo_lag, z_infl_ext_lag",0.3191892371722663,0.03013575643808825,0.8967556276466806,0.7081123575921535,0.0757009294915982,0.559741262192415,0.856483452991892,4.3659592399118,0.18746617683516684,3.998532284995456,4.733386194828144,4.17,3.93,4
2017-06-01,S3,"M3 AR(1) + controles externos: z_tc_lag, z_petroleo_lag, z_infl_ext_lag",0.31918923717226594,0.030135756438088128,0.8967556276466806,0.7081123575921546,0.07570092949159822,0.5597412621924162,0.8564834529918931,4.3659592399117875,0.18746617683522485,3.99853228499533,4.733386194828245,4.26,4.36,4
2017-07-01,S3,"M3 AR(1) + controles externos: z_tc_lag, z_petroleo_lag, z_infl_ext_lag",0.31918923717226605,0.03013575643808813,0.8967556276466805,0.708112357592155,0.07570092949159822,0.5597412621924165,0.8564834529918934,4.365959239911783,0.1874661768351107,3.9985322849955494,4.733386194828017,4.48,5.22,4
2017-08-01,S3,"M3 AR(1) + controles externos: z_tc_lag, z_petroleo_lag, z_infl_ext_lag",0.3191892371722659,0.030135756438088152,0.8967556276466806,0.7081123575921544,0.07570092949159755,0.5597412621924172,0.8564834529918917,4.3659592399117875,0.187466176835013,3.998532284995745,4.73338619482783,4.51,4.72,4
2017-09-01,S3,"M3 AR(1) + controles externos: z_tc_lag, z_petroleo_lag, z_infl_ext_lag",0.3191892371722654,0.030135756438087975,0.8967556276466807,0.7081123575921557,0.07570092949159817,0.5597412621924174,0.8564834529918941,4.365959239911777,0.1874661768351422,3.9985322849954814,4.733386194828072,4.75,4.36,4
2017-10-01,S3,"M3 AR(1) + controles externos: z_tc_lag, z_petroleo_lag, z_infl_ext_lag",0.3191892371722657,0.030135756438088038,0.8967556276466807,0.7081123575921553,0.07570092949159865,0.5597412621924159,0.8564834529918947,4.365959239911786,0.18746617683515018,3.9985322849954743,4.733386194828097,4.53,4.2,4
2017-11-01,S3,"M3 AR(1) + controles externos: z_tc_lag, z_petroleo_lag, z_infl_ext_lag",0.31918923717226577,0.030135756438088062,0.8967556276466806,0.7081123575921553,0.07570092949159805,0.5597412621924172,0.8564834529918934,4.365959239911781,0.18746617683515662,3.9985322849954574,4.733386194828105,4.63,4.69,4
2017-12-01,S3,"M3 AR(1) + controles externos: z_tc_lag, z_petroleo_lag, z_infl_ext_lag",0.31918923717226577,0.03013575643808804,0.8967556276466806,0.7081123575921555,0.07570092949159857,0.5597412621924163,0.8564834529918948,4.3659592399117795,0.18746617683510536,3.998532284995556,4.733386194828003,4.56,5.68,4
2018-01-01,S3,"M3 AR(1) + controles externos: z_tc_lag, z_petroleo_lag, z_infl_ext_lag",0.319189237172266,0.030135756438088048,0.8967556276466805,0.7081123575921557,0.07570092949159836,0.5597412621924169,0.8564834529918945,4.365959239911777,0.18746617683513267,3.9985322849955,4.733386194828054,4.71,4.71,4
2018-02-01,S3,"M3 AR(1) + controles externos: z_tc_lag, z_petroleo_lag, z_infl_ext_lag",0.3191892371722659,0.030135756438088027,0.8967556276466805,0.708112357592156,0.07570092949159789,0.559741262192418,0.8564834529918939,4.365959239911774,0.18746617683504807,3.998532284995663,4.733386194827885,4.56,4.15,4
2018-03-01,S3,"M3 AR(1) + controles externos: z_tc_lag, z_petroleo_lag, z_infl_ext_lag",0.31918923717226577,0.030135756438088,0.8967556276466806,0.708112357592156,0.07570092949159919,0.5597412621924156,0.8564834529918963,4.365959239911777,0.1874661768351909,3.998532284995386,4.733386194828168,4.62,4.14,4
2018-04-01,S3,"M3 AR(1) + controles externos: z_tc_lag, z_petroleo_lag, z_infl_ext_lag",0.3191892371722655,0.030135756438087927,0.8967556276466807,0.7081123575921563,0.07570092949159822,0.5597412621924178,0.8564834529918948,4.365959239911776,0.18746617683496797,3.9985322849958216,4.73338619482773,4.46,3.92,4
2018-05-01,S3,"M3 AR(1) + controles externos: z_tc_lag, z_petroleo_lag, z_infl_ext_lag",0.31918923717226527,0.03013575643808792,0.8967556276466808,0.708112357592156,0.07570092949159844,0.559741262192417,0.8564834529918949,4.365959239911779,0.1874661768350525,3.9985322849956586,4.733386194827898,4.48,4.09,4
2018-06-01,S3,"M3 AR(1) + controles externos: z_tc_lag, z_petroleo_lag, z_infl_ext_lag",0.31918923717226555,0.03013575643808796,0.8967556276466807,0.708112357592156,0.07570092949160066,0.5597412621924127,0.8564834529918992,4.3659592399117795,0.18746617683526828,3.9985322849952367,4.733386194828322,4.43,3.79,4
2018-07-01,S3,"M3 AR(1) + controles externos: z_tc_lag, z_petroleo_lag, z_infl_ext_lag",0.31918923717226555,0.030135756438088048,0.8967556276466806,0.7081123575921554,0.07570092949159887,0.5597412621924156,0.8564834529918952,4.365959239911778,0.18746617683503317,3.998532284995696,4.73338619482786,4.36,2.61,4
2018-08-01,S3,"M3 AR(1) + controles externos: z_tc_lag, z_petroleo_lag, z_infl_ext_lag",0.31918923717226555,0.03013575643808803,0.8967556276466807,0.7081123575921553,0.07570092949159968,0.5597412621924139,0.8564834529918967,4.365959239911782,0.18746617683518013,3.998532284995412,4.733386194828152,4.33,3.36,4
2018-09-01,S3,"M3 AR(1) + controles externos: z_tc_lag, z_petroleo_lag, z_infl_ext_lag",0.3191892371722652,0.030135756438088027,0.8967556276466807,0.7081123575921553,0.07570092949160022,0.5597412621924129,0.8564834529918977,4.365959239911778,0.18746617683519473,3.9985322849953793,4.733386194828176,4.32,4.55,4
2018-10-01,S3,"M3 AR(1) + controles externos: z_tc_lag, z_petroleo_lag, z_infl_ext_lag",0.319189237172265,0.03013575643808801,0.8967556276466808,0.7081123575921552,0.0757009294915992,0.5597412621924147,0.8564834529918957,4.36595923991178,0.1874661768350991,3.9985322849955693,4.733386194827991,4.32,4.34,4
2018-11-01,S3,"M3 AR(1) + controles externos: z_tc_lag, z_petroleo_lag, z_infl_ext_lag",0.31918923717226483,0.03013575643808799,0.8967556276466808,0.7081123575921553,0.0757009294916002,0.5597412621924129,0.8564834529918977,4.365959239911778,0.1874661768350696,3.9985322849956244,4.733386194827931,4.47,3.15,4
2018-12-01,S3,"M3 AR(1) + controles externos: z_tc_lag, z_petroleo_lag, z_infl_ext_lag",0.3191892371722649,0.030135756438087993,0.8967556276466807,0.7081123575921556,0.0757009294916003,0.559741262192413,0.8564834529918982,4.3659592399117715,0.1874661768351277,3.9985322849955045,4.7333861948280385,4.38,2.31,4
2019-01-01,S3,"M3 AR(1) + controles externos: z_tc_lag, z_petroleo_lag, z_infl_ext_lag",0.3191892371722647,0.03013575643808803,0.8967556276466808,0.708112357592155,0.07570092949160191,0.5597412621924092,0.8564834529919008,4.365959239911778,0.18746617683519684,3.998532284995375,4.733386194828181,4.07,4.1,4
2019-02-01,S3,"M3 AR(1) + controles externos: z_tc_lag, z_petroleo_lag, z_infl_ext_lag",0.3191892371722648,0.030135756438088072,0.8967556276466808,0.7081123575921546,0.07570092949160134,0.55974126219241,0.8564834529918992,4.365959239911782,0.18746617683513714,3.9985322849954965,4.733386194828068,4.25,4.46,4
2019-03-01,S3,"M3 AR(1) + controles externos: z_tc_lag, z_petroleo_lag, z_infl_ext_lag",0.3191892371722651,0.030135756438088086,0.8967556276466806,0.7081123575921551,0.075700929491601,0.5597412621924112,0.856483452991899,4.365959239911773,0.1874661768351093,3.9985322849955423,4.733386194828005,4.35,4.17,4
2019-04-01,S3,"M3 AR(1) + controles externos: z_tc_lag, z_petroleo_lag, z_infl_ext_lag",0.31918923717226516,0.03013575643808812,0.8967556276466807,0.7081123575921544,0.07570092949160108,0.5597412621924103,0.8564834529918985,4.365959239911783,0.18746617683509698,3.998532284995576,4.73338619482799,4.3,4.75,4
2019-05-01,S3,"M3 AR(1) + controles externos: z_tc_lag, z_petroleo_lag, z_infl_ext_lag",0.3191892371722651,0.03013575643808813,0.8967556276466806,0.7081123575921546,0.07570092949160082,0.559741262192411,0.8564834529918982,4.365959239911777,0.18746617683509242,3.9985322849955787,4.7333861948279745,4.39,4.54,4
2019-06-01,S3,"M3 AR(1) + controles externos: z_tc_lag, z_petroleo_lag, z_infl_ext_lag",0.31918923717226483,0.030135756438088086,0.8967556276466808,0.7081123575921544,0.07570092949160101,0.5597412621924105,0.8564834529918983,4.365959239911782,0.1874661768350832,3.998532284995602,4.733386194827962,4.36,4.8,4
2019-07-01,S3,"M3 AR(1) + controles externos: z_tc_lag, z_petroleo_lag, z_infl_ext_lag",0.3191892371722648,0.03013575643808808,0.8967556276466808,0.7081123575921545,0.07570092949160233,0.5597412621924079,0.8564834529919011,4.365959239911782,0.18746617683515798,3.9985322849954557,4.733386194828109,4.6,4.37,4
2019-08-01,S3,"M3 AR(1) + controles externos: z_tc_lag, z_petroleo_lag, z_infl_ext_lag",0.3191892371722651,0.030135756438088145,0.8967556276466808,0.7081123575921539,0.07570092949160187,0.5597412621924082,0.8564834529918995,4.36595923991179,0.18746617683512115,3.9985322849955356,4.733386194828045,4.53,3.01,4
2019-09-01,S3,"M3 AR(1) + controles externos: z_tc_lag, z_petroleo_lag, z_infl_ext_lag",0.319189237172265,0.030135756438088093,0.8967556276466808,0.7081123575921544,0.07570092949160184,0.5597412621924088,0.8564834529919,4.365959239911786,0.18746617683508465,3.998532284995603,4.733386194827968,4.34,1.8,4
2019-10-01,S3,"M3 AR(1) + controles externos: z_tc_lag, z_petroleo_lag, z_infl_ext_lag",0.319189237172265,0.030135756438088086,0.8967556276466808,0.7081123575921544,0.07570092949160136,0.5597412621924097,0.8564834529918991,4.365959239911785,0.18746617683509473,3.998532284995582,4.733386194827987,4.22,2.17,4
2019-11-01,S3,"M3 AR(1) + controles externos: z_tc_lag, z_petroleo_lag, z_infl_ext_lag",0.319189237172265,0.030135756438088152,0.8967556276466808,0.7081123575921537,0.07570092949160187,0.559741262192408,0.8564834529918994,4.365959239911789,0.1874661768351015,3.9985322849955733,4.733386194828005,4.25,2.92,4
2019-12-01,S3,"M3 AR(1) + controles externos: z_tc_lag, z_petroleo_lag, z_infl_ext_lag",0.31918923717226516,0.030135756438088177,0.8967556276466809,0.7081123575921533,0.07570092949160177,0.5597412621924078,0.8564834529918988,4.3659592399118,0.18746617683509023,3.998532284995606,4.733386194827994,4.1,3.41,4
2020-01-01,S3,"M3 AR(1) + controles externos: z_tc_lag, z_petroleo_lag, z_infl_ext_lag",0.3191892371722651,0.030135756438088142,0.8967556276466808,0.708112357592154,0.07570092949160154,0.5597412621924089,0.856483452991899,4.365959239911789,0.18746617683512162,3.998532284995534,4.733386194828045,4.11,1.78,4
2020-02-01,S3,"M3 AR(1) + controles externos: z_tc_lag, z_petroleo_lag, z_infl_ext_lag",0.3191892371722651,0.030135756438088163,0.8967556276466808,0.7081123575921537,0.07570092949160187,0.559741262192408,0.8564834529918994,4.365959239911791,0.18746617683518463,3.998532284995412,4.73338619482817,3.85,1.24,4
2020-03-01,S3,"M3 AR(1) + controles externos: z_tc_lag, z_petroleo_lag, z_infl_ext_lag",0.3191892371722652,0.030135756438088156,0.8967556276466808,0.7081123575921537,0.07570092949160205,0.5597412621924077,0.8564834529918998,4.365959239911793,0.1874661768351669,3.998532284995449,4.733386194828137,3.99,1.77,4
2020-04-01,S3,"M3 AR(1) + controles externos: z_tc_lag, z_petroleo_lag, z_infl_ext_lag",0.31918923717226533,0.030135756438088183,0.8967556276466808,0.7081123575921535,0.07570092949160227,0.559741262192407,0.8564834529919,4.365959239911796,0.1874661768351659,3.9985322849954543,4.733386194828139,3.97,1.88,4
2020-05-01,S3,"M3 AR(1) + controles externos: z_tc_lag, z_petroleo_lag, z_infl_ext_lag",0.31918923717226516,0.030135756438088183,0.8967556276466809,0.7081123575921532,0.07570092949160118,0.5597412621924089,0.8564834529918974,4.365959239911801,0.18746617683509503,3.9985322849955978,4.733386194828004,3.96,1.8,4
2020-06-01,S3,"M3 AR(1) + controles externos: z_tc_lag, z_petroleo_lag, z_infl_ext_lag",0.3191892371722651,0.030135756438088218,0.896755627646681,0.7081123575921525,0.07570092949160236,0.5597412621924059,0.8564834529918991,4.365959239911808,0.18746617683510014,3.9985322849955947,4.733386194828021,3.77,2.39,4
2020-07-01,S3,"M3 AR(1) + controles externos: z_tc_lag, z_petroleo_lag, z_infl_ext_lag",0.3191892371722648,0.030135756438088187,0.896755627646681,0.7081123575921529,0.07570092949160168,0.5597412621924076,0.8564834529918981,4.365959239911802,0.18746617683504438,3.9985322849956977,4.733386194827905,3.9,2.88,4
2020-08-01,S3,"M3 AR(1) + controles externos: z_tc_lag, z_petroleo_lag, z_infl_ext_lag",0.3191892371722646,0.030135756438088135,0.896755627646681,0.7081123575921533,0.07570092949160172,0.5597412621924079,0.8564834529918987,4.365959239911796,0.18746617683510491,3.998532284995574,4.733386194828019,3.92,4.19,4
2020-09-01,S3,"M3 AR(1) + controles externos: z_tc_lag, z_petroleo_lag, z_infl_ext_lag",0.31918923717226466,0.030135756438088187,0.8967556276466809,0.7081123575921531,0.07570092949160204,0.559741262192407,0.8564834529918991,4.365959239911794,0.18746617683511152,3.9985322849955582,4.733386194828029,3.99,4.97,4
2020-10-01,S3,"M3 AR(1) + controles externos: z_tc_lag, z_petroleo_lag, z_infl_ext_lag",0.31918923717226455,0.03013575643808817,0.896755627646681,0.7081123575921531,0.07570092949160212,0.5597412621924069,0.8564834529918992,4.365959239911797,0.1874661768351218,3.998532284995542,4.733386194828053,4.15,5.34,4
2020-11-01,S3,"M3 AR(1) + controles externos: z_tc_lag, z_petroleo_lag, z_infl_ext_lag",0.31918923717226433,0.03013575643808813,0.8967556276466813,0.7081123575921527,0.07570092949160245,0.5597412621924059,0.8564834529918995,4.365959239911805,0.18746617683513112,3.998532284995531,4.733386194828079,4.27,5.46,4
2020-12-01,S3,"M3 AR(1) + controles externos: z_tc_lag, z_petroleo_lag, z_infl_ext_lag",0.3191892371722646,0.030135756438088166,0.896755627646681,0.7081123575921531,0.0757009294916016,0.5597412621924079,0.8564834529918982,4.365959239911798,0.18746617683510547,3.9985322849955747,4.733386194828022,4.26,4.82,4
2021-01-01,S3,"M3 AR(1) + controles externos: z_tc_lag, z_petroleo_lag, z_infl_ext_lag",0.3191892371722645,0.03013575643808816,0.896755627646681,0.7081123575921531,0.07570092949160206,0.559741262192407,0.8564834529918991,4.365959239911796,0.1874661768351089,3.998532284995566,4.733386194828027,4.12,5.24,4
2021-02-01,S3,"M3 AR(1) + controles externos: z_tc_lag, z_petroleo_lag, z_infl_ext_lag",0.31918923717226444,0.030135756438088145,0.8967556276466812,0.7081123575921529,0.07570092949160172,0.5597412621924075,0.8564834529918982,4.365959239911802,0.18746617683510464,3.9985322849955796,4.733386194828023,4.39,6,4
2021-03-01,S3,"M3 AR(1) + controles externos: z_tc_lag, z_petroleo_lag, z_infl_ext_lag",0.3191892371722646,0.030135756438088173,0.896755627646681,0.708112357592153,0.07570092949160195,0.5597412621924072,0.8564834529918988,4.365959239911799,0.1874661768351145,3.998532284995558,4.73338619482804,4.34,5.84,4
2021-04-01,S3,"M3 AR(1) + controles externos: z_tc_lag, z_petroleo_lag, z_infl_ext_lag",0.31918923717226483,0.030135756438088218,0.8967556276466809,0.7081123575921529,0.07570092949160206,0.5597412621924068,0.8564834529918989,4.365959239911797,0.1874661768351348,3.998532284995516,4.733386194828078,4.39,5.2,4
2021-05-01,S3,"M3 AR(1) + controles externos: z_tc_lag, z_petroleo_lag, z_infl_ext_lag",0.3191892371722646,0.030135756438088183,0.8967556276466809,0.7081123575921532,0.07570092949160216,0.5597412621924069,0.8564834529918994,4.365959239911793,0.18746617683514794,3.998532284995486,4.7333861948281,4.41,5.17,4
2021-06-01,S3,"M3 AR(1) + controles externos: z_tc_lag, z_petroleo_lag, z_infl_ext_lag",0.3191892371722646,0.030135756438088183,0.8967556276466809,0.7081123575921532,0.07570092949160166,0.5597412621924079,0.8564834529918984,4.365959239911793,0.18746617683508218,3.9985322849956146,4.733386194827971,4.23,3.91,4
2021-07-01,S3,"M3 AR(1) + controles externos: z_tc_lag, z_petroleo_lag, z_infl_ext_lag",0.31918923717226466,0.03013575643808818,0.8967556276466808,0.7081123575921535,0.075700929491602,0.5597412621924076,0.8564834529918994,4.365959239911786,0.18746617683513886,3.9985322849954965,4.733386194828075,4.12,3.82,4
2021-08-01,S3,"M3 AR(1) + controles externos: z_tc_lag, z_petroleo_lag, z_infl_ext_lag",0.3191892371722646,0.03013575643808817,0.8967556276466808,0.7081123575921536,0.07570092949160184,0.559741262192408,0.8564834529918992,4.365959239911785,0.1874661768350845,3.998532284995602,4.733386194827967,4.14,3.62,4
2021-09-01,S3,"M3 AR(1) + controles externos: z_tc_lag, z_petroleo_lag, z_infl_ext_lag",0.3191892371722644,0.030135756438088163,0.896755627646681,0.7081123575921531,0.07570092949160173,0.5597412621924077,0.8564834529918984,4.365959239911795,0.18746617683507324,3.998532284995634,4.733386194827955,4.2,3.67,4
2021-10-01,S3,"M3 AR(1) + controles externos: z_tc_lag, z_petroleo_lag, z_infl_ext_lag",0.3191892371722642,0.030135756438088166,0.896755627646681,0.7081123575921531,0.07570092949160176,0.5597412621924076,0.8564834529918985,4.365959239911793,0.18746617683510838,3.9985322849955636,4.7333861948280225,3.89,2.96,4
2021-11-01,S3,"M3 AR(1) + controles externos: z_tc_lag, z_petroleo_lag, z_infl_ext_lag",0.3191892371722643,0.03013575643808818,0.896755627646681,0.7081123575921529,0.07570092949160168,0.5597412621924076,0.8564834529918981,4.365959239911794,0.1874661768350739,3.998532284995632,4.733386194827956,4.08,2.89,4
2021-12-01,S3,"M3 AR(1) + controles externos: z_tc_lag, z_petroleo_lag, z_infl_ext_lag",0.3191892371722642,0.030135756438088208,0.896755627646681,0.7081123575921526,0.0757009294916017,0.5597412621924073,0.856483452991898,4.365959239911795,0.1874661768350908,3.9985322849955995,4.73338619482799,4.02,3.07,4
2022-01-01,S3,"M3 AR(1) + controles externos: z_tc_lag, z_petroleo_lag, z_infl_ext_lag",0.3191892371722643,0.030135756438088208,0.8967556276466808,0.7081123575921533,0.07570092949160165,0.559741262192408,0.8564834529918985,4.365959239911782,0.18746617683509514,3.9985322849955787,4.733386194827985,4.09,2.87,4
2022-02-01,S3,"M3 AR(1) + controles externos: z_tc_lag, z_petroleo_lag, z_infl_ext_lag",0.3191892371722644,0.030135756438088232,0.8967556276466808,0.7081123575921531,0.07570092949160212,0.5597412621924069,0.8564834529918992,4.365959239911786,0.1874661768351463,3.9985322849954823,4.733386194828089,3.92,2.98,4
2022-03-01,S3,"M3 AR(1) + controles externos: z_tc_lag, z_petroleo_lag, z_infl_ext_lag",0.31918923717226433,0.030135756438088225,0.8967556276466808,0.7081123575921531,0.07570092949160193,0.5597412621924073,0.8564834529918989,4.365959239911784,0.18746617683509595,3.998532284995579,4.733386194827989,3.8,4.17,4
2022-04-01,S3,"M3 AR(1) + controles externos: z_tc_lag, z_petroleo_lag, z_infl_ext_lag",0.3191892371722642,0.030135756438088242,0.8967556276466808,0.7081123575921529,0.07570092949160204,0.5597412621924068,0.8564834529918989,4.365959239911784,0.18746617683513833,3.998532284995496,4.733386194828072,3.94,4.62,4
2022-05-01,S3,"M3 AR(1) + controles externos: z_tc_lag, z_petroleo_lag, z_infl_ext_lag",0.31918923717226416,0.030135756438088256,0.896755627646681,0.7081123575921522,0.07570092949160234,0.5597412621924056,0.8564834529918988,4.365959239911797,0.18746617683510966,3.9985322849955653,4.733386194828029,4.01,5.82,4
2022-06-01,S3,"M3 AR(1) + controles externos: z_tc_lag, z_petroleo_lag, z_infl_ext_lag",0.3191892371722641,0.030135756438088218,0.896755627646681,0.7081123575921525,0.07570092949160208,0.5597412621924065,0.8564834529918985,4.365959239911795,0.18746617683510797,3.9985322849955662,4.733386194828023,4.16,7.55,4
2022-07-01,S3,"M3 AR(1) + controles externos: z_tc_lag, z_petroleo_lag, z_infl_ext_lag",0.3191892371722644,0.030135756438088242,0.896755627646681,0.7081123575921523,0.07570092949160177,0.5597412621924068,0.8564834529918978,4.3659592399118,0.18746617683508512,3.9985322849956164,4.733386194827983,4.51,8.36,4
2022-08-01,S3,"M3 AR(1) + controles externos: z_tc_lag, z_petroleo_lag, z_infl_ext_lag",0.3191892371722642,0.03013575643808823,0.896755627646681,0.7081123575921524,0.07570092949160191,0.5597412621924067,0.8564834529918981,4.365959239911796,0.18746617683510114,3.9985322849955813,4.733386194828012,4.55,8.87,4
2022-09-01,S3,"M3 AR(1) + controles externos: z_tc_lag, z_petroleo_lag, z_infl_ext_lag",0.3191892371722642,0.030135756438088263,0.896755627646681,0.7081123575921521,0.07570092949160223,0.5597412621924057,0.8564834529918984,4.365959239911798,0.18746617683511227,3.9985322849955613,4.733386194828035,4.61,9.03,4
2022-10-01,S3,"M3 AR(1) + controles externos: z_tc_lag, z_petroleo_lag, z_infl_ext_lag",0.3191892371722641,0.030135756438088263,0.896755627646681,0.7081123575921521,0.07570092949160206,0.559741262192406,0.8564834529918981,4.365959239911796,0.1874661768350962,3.998532284995591,4.733386194828002,4.67,9.7,4
2022-11-01,S3,"M3 AR(1) + controles externos: z_tc_lag, z_petroleo_lag, z_infl_ext_lag",0.319189237172264,0.030135756438088263,0.896755627646681,0.7081123575921521,0.07570092949160197,0.5597412621924063,0.8564834529918979,4.3659592399117955,0.1874661768351023,3.9985322849955782,4.733386194828013,4.8,9.17,4
2022-12-01,S3,"M3 AR(1) + controles externos: z_tc_lag, z_petroleo_lag, z_infl_ext_lag",0.31918923717226416,0.030135756438088277,0.896755627646681,0.708112357592152,0.07570092949160193,0.5597412621924062,0.8564834529918978,4.365959239911798,0.18746617683509392,3.9985322849955973,4.733386194827999,4.71,9.24,4
2023-01-01,S3,"M3 AR(1) + controles externos: z_tc_lag, z_petroleo_lag, z_infl_ext_lag",0.3191892371722642,0.03013575643808827,0.896755627646681,0.708112357592152,0.07570092949160201,0.559741262192406,0.8564834529918979,4.365959239911799,0.18746617683509628,3.9985322849955933,4.733386194828005,4.62,9.69,4
2023-02-01,S3,"M3 AR(1) + controles externos: z_tc_lag, z_petroleo_lag, z_infl_ext_lag",0.3191892371722642,0.030135756438088267,0.8967556276466812,0.7081123575921517,0.07570092949160219,0.5597412621924055,0.856483452991898,4.365959239911806,0.18746617683511235,3.998532284995569,4.733386194828043,4.49,9.92,4
2023-03-01,S3,"M3 AR(1) + controles externos: z_tc_lag, z_petroleo_lag, z_infl_ext_lag",0.3191892371722644,0.03013575643808828,0.896755627646681,0.708112357592152,0.07570092949160209,0.5597412621924058,0.8564834529918981,4.365959239911802,0.1874661768350972,3.998532284995594,4.733386194828009,4.43,8.71,4
2023-04-01,S3,"M3 AR(1) + controles externos: z_tc_lag, z_petroleo_lag, z_infl_ext_lag",0.31918923717226433,0.03013575643808828,0.896755627646681,0.708112357592152,0.07570092949160209,0.5597412621924058,0.8564834529918981,4.365959239911801,0.18746617683509284,3.9985322849956018,4.733386194827999,4.39,8.32,4
2023-05-01,S3,"M3 AR(1) + controles externos: z_tc_lag, z_petroleo_lag, z_infl_ext_lag",0.3191892371722643,0.030135756438088284,0.8967556276466812,0.7081123575921515,0.0757009294916022,0.5597412621924052,0.8564834529918979,4.365959239911807,0.18746617683509909,3.998532284995596,4.733386194828018,4.3,6.54,4
2023-06-01,S3,"M3 AR(1) + controles externos: z_tc_lag, z_petroleo_lag, z_infl_ext_lag",0.31918923717226433,0.030135756438088284,0.8967556276466812,0.7081123575921515,0.07570092949160219,0.5597412621924053,0.8564834529918978,4.365959239911808,0.1874661768350985,3.9985322849955978,4.733386194828018,4.24,4.93,4
2023-07-01,S3,"M3 AR(1) + controles externos: z_tc_lag, z_petroleo_lag, z_infl_ext_lag",0.31918923717226433,0.030135756438088284,0.896755627646681,0.708112357592152,0.07570092949160212,0.5597412621924058,0.8564834529918981,4.365959239911802,0.18746617683512012,3.9985322849955494,4.733386194828054,4.21,4.53,4
2023-08-01,S3,"M3 AR(1) + controles externos: z_tc_lag, z_petroleo_lag, z_infl_ext_lag",0.3191892371722643,0.030135756438088284,0.896755627646681,0.708112357592152,0.07570092949160195,0.5597412621924062,0.8564834529918978,4.365959239911801,0.1874661768350922,3.998532284995603,4.7333861948279985,4.17,4.47,4
2023-09-01,S3,"M3 AR(1) + controles externos: z_tc_lag, z_petroleo_lag, z_infl_ext_lag",0.3191892371722643,0.030135756438088284,0.896755627646681,0.708112357592152,0.07570092949160206,0.5597412621924059,0.856483452991898,4.365959239911801,0.18746617683510575,3.9985322849955764,4.733386194828025,4.15,4.69,4
2023-10-01,S3,"M3 AR(1) + controles externos: z_tc_lag, z_petroleo_lag, z_infl_ext_lag",0.31918923717226433,0.030135756438088288,0.896755627646681,0.7081123575921519,0.07570092949160209,0.5597412621924058,0.8564834529918979,4.365959239911802,0.18746617683510597,3.9985322849955773,4.733386194828026,4.32,4.98,4
2023-11-01,S3,"M3 AR(1) + controles externos: z_tc_lag, z_petroleo_lag, z_infl_ext_lag",0.31918923717226433,0.030135756438088288,0.8967556276466809,0.7081123575921522,0.075700929491602,0.5597412621924063,0.8564834529918981,4.365959239911795,0.1874661768351033,3.998532284995575,4.733386194828014,4.43,4.3,4
2023-12-01,S3,"M3 AR(1) + controles externos: z_tc_lag, z_petroleo_lag, z_infl_ext_lag",0.3191892371722642,0.03013575643808828,0.8967556276466809,0.7081123575921522,0.07570092949160202,0.5597412621924063,0.8564834529918981,4.365959239911793,0.1874661768351106,3.998532284995559,4.733386194828027,4.32,4.18,4
2024-01-01,S3,"M3 AR(1) + controles externos: z_tc_lag, z_petroleo_lag, z_infl_ext_lag",0.3191892371722642,0.03013575643808828,0.896755627646681,0.708112357592152,0.07570092949160215,0.5597412621924058,0.8564834529918981,4.365959239911799,0.18746617683510153,3.998532284995583,4.7333861948280145,4.29,3.82,4
2024-02-01,S3,"M3 AR(1) + controles externos: z_tc_lag, z_petroleo_lag, z_infl_ext_lag",0.3191892371722642,0.030135756438088284,0.8967556276466809,0.7081123575921522,0.07570092949160202,0.5597412621924063,0.8564834529918981,4.365959239911794,0.18746617683510006,3.998532284995581,4.7333861948280065,4.28,3.3,4
2024-03-01,S3,"M3 AR(1) + controles externos: z_tc_lag, z_petroleo_lag, z_infl_ext_lag",0.3191892371722643,0.03013575643808828,0.8967556276466809,0.7081123575921522,0.07570092949160206,0.5597412621924062,0.8564834529918982,4.365959239911793,0.18746617683511502,3.9985322849955507,4.733386194828035,4.14,3.24,4
2024-04-01,S3,"M3 AR(1) + controles externos: z_tc_lag, z_petroleo_lag, z_infl_ext_lag",0.3191892371722642,0.030135756438088284,0.8967556276466809,0.7081123575921522,0.0757009294916021,0.559741262192406,0.8564834529918983,4.365959239911794,0.1874661768351079,3.9985322849955653,4.7333861948280225,4.02,3.36,4
2024-05-01,S3,"M3 AR(1) + controles externos: z_tc_lag, z_petroleo_lag, z_infl_ext_lag",0.3191892371722642,0.03013575643808828,0.896755627646681,0.708112357592152,0.07570092949160219,0.5597412621924057,0.8564834529918982,4.365959239911799,0.18746617683510275,3.998532284995581,4.733386194828017,3.99,3.76,4
2024-06-01,S3,"M3 AR(1) + controles externos: z_tc_lag, z_petroleo_lag, z_infl_ext_lag",0.3191892371722642,0.03013575643808828,0.896755627646681,0.708112357592152,0.07570092949160212,0.5597412621924058,0.8564834529918981,4.365959239911799,0.18746617683509978,3.9985322849955867,4.733386194828012,4.02,3.62,4
2024-07-01,S3,"M3 AR(1) + controles externos: z_tc_lag, z_petroleo_lag, z_infl_ext_lag",0.3191892371722642,0.03013575643808828,0.896755627646681,0.708112357592152,0.07570092949160216,0.5597412621924057,0.8564834529918982,4.365959239911799,0.1874661768351051,3.998532284995576,4.733386194828022,4.07,3.78,4
2024-08-01,S3,"M3 AR(1) + controles externos: z_tc_lag, z_petroleo_lag, z_infl_ext_lag",0.31918923717226416,0.03013575643808828,0.896755627646681,0.708112357592152,0.07570092949160212,0.5597412621924058,0.8564834529918981,4.365959239911798,0.1874661768351042,3.998532284995577,4.733386194828019,4.02,3.07,4
2024-09-01,S3,"M3 AR(1) + controles externos: z_tc_lag, z_petroleo_lag, z_infl_ext_lag",0.31918923717226416,0.030135756438088284,0.896755627646681,0.708112357592152,0.07570092949160218,0.5597412621924057,0.8564834529918982,4.365959239911799,0.18746617683511652,3.998532284995554,4.733386194828045,3.97,2.11,4
2024-10-01,S3,"M3 AR(1) + controles externos: z_tc_lag, z_petroleo_lag, z_infl_ext_lag",0.31918923717226416,0.030135756438088284,0.896755627646681,0.708112357592152,0.07570092949160215,0.5597412621924058,0.8564834529918981,4.365959239911799,0.18746617683510564,3.998532284995575,4.733386194828023,3.96,1.16,4
2024-11-01,S3,"M3 AR(1) + controles externos: z_tc_lag, z_petroleo_lag, z_infl_ext_lag",0.31918923717226416,0.030135756438088284,0.896755627646681,0.708112357592152,0.07570092949160219,0.5597412621924057,0.8564834529918982,4.365959239911799,0.18746617683511158,3.9985322849955636,4.733386194828035,3.66,1.66,4
2024-12-01,S3,"M3 AR(1) + controles externos: z_tc_lag, z_petroleo_lag, z_infl_ext_lag",0.31918923717226416,0.030135756438088284,0.896755627646681,0.708112357592152,0.07570092949160216,0.5597412621924057,0.8564834529918982,4.365959239911799,0.18746617683511146,3.9985322849955636,4.733386194828034,3.95,1.7,4
2025-01-01,S3,"M3 AR(1) + controles externos: z_tc_lag, z_petroleo_lag, z_infl_ext_lag",0.3191892371722641,0.030135756438088284,0.896755627646681,0.708112357592152,0.07570092949160212,0.5597412621924058,0.8564834529918981,4.365959239911798,0.1874661768351033,3.9985322849955787,4.733386194828017,3.76,2.19,4
2025-02-01,S3,"M3 AR(1) + controles externos: z_tc_lag, z_petroleo_lag, z_infl_ext_lag",0.31918923717226405,0.030135756438088288,0.896755627646681,0.7081123575921519,0.07570092949160212,0.5597412621924057,0.856483452991898,4.365959239911797,0.1874661768351078,3.998532284995569,4.733386194828025,3.79,1.79,4
2025-03-01,S3,"M3 AR(1) + controles externos: z_tc_lag, z_petroleo_lag, z_infl_ext_lag",0.31918923717226405,0.030135756438088284,0.8967556276466809,0.7081123575921522,0.07570092949160198,0.5597412621924063,0.8564834529918981,4.365959239911791,0.18746617683510017,3.998532284995578,4.733386194828004,3.71,1.57,4
2025-04-01,S3,"M3 AR(1) + controles externos: z_tc_lag, z_petroleo_lag, z_infl_ext_lag",0.31918923717226416,0.030135756438088288,0.896755627646681,0.7081123575921519,0.07570092949160216,0.5597412621924056,0.8564834529918981,4.365959239911799,0.18746617683510577,3.9985322849955747,4.733386194828023,3.62,1.47,4
2025-05-01,S3,"M3 AR(1) + controles externos: z_tc_lag, z_petroleo_lag, z_infl_ext_lag",0.31918923717226405,0.030135756438088288,0.8967556276466809,0.7081123575921522,0.07570092949160202,0.5597412621924063,0.8564834529918981,4.365959239911791,0.18746617683510214,3.998532284995574,4.733386194828008,3.55,1.69,4
2025-06-01,S3,"M3 AR(1) + controles externos: z_tc_lag, z_petroleo_lag, z_infl_ext_lag",0.3191892371722641,0.030135756438088288,0.8967556276466809,0.7081123575921522,0.07570092949160206,0.5597412621924062,0.8564834529918982,4.365959239911792,0.18746617683510586,3.9985322849955676,4.733386194828016,3.53,1.79,4
2025-07-01,S3,"M3 AR(1) + controles externos: z_tc_lag, z_petroleo_lag, z_infl_ext_lag",0.3191892371722641,0.030135756438088288,0.8967556276466809,0.7081123575921522,0.07570092949160205,0.5597412621924062,0.8564834529918982,4.365959239911792,0.18746617683510056,3.998532284995578,4.733386194828006,3.54,1.17,4
2025-08-01,S3,"M3 AR(1) + controles externos: z_tc_lag, z_petroleo_lag, z_infl_ext_lag",0.3191892371722641,0.030135756438088288,0.896755627646681,0.7081123575921519,0.07570092949160216,0.5597412621924056,0.8564834529918981,4.365959239911798,0.18746617683510705,3.9985322849955716,4.733386194828025,3.49,1.17,4
2025-09-01,S3,"M3 AR(1) + controles externos: z_tc_lag, z_petroleo_lag, z_infl_ext_lag",0.3191892371722641,0.030135756438088284,0.896755627646681,0.708112357592152,0.07570092949160218,0.5597412621924057,0.8564834529918982,4.365959239911798,0.18746617683510416,3.998532284995577,4.733386194828019,3.42,1.47,4
2025-10-01,S3,"M3 AR(1) + controles externos: z_tc_lag, z_petroleo_lag, z_infl_ext_lag",0.31918923717226416,0.030135756438088288,0.896755627646681,0.7081123575921519,0.07570092949160218,0.5597412621924056,0.8564834529918981,4.365959239911799,0.1874661768351048,3.998532284995577,4.733386194828022,3.37,1.26,4
2025-11-01,S3,"M3 AR(1) + controles externos: z_tc_lag, z_petroleo_lag, z_infl_ext_lag",0.3191892371722641,0.03013575643808828,0.896755627646681,0.708112357592152,0.07570092949160218,0.5597412621924057,0.8564834529918982,4.365959239911797,0.1874661768351059,3.998532284995573,4.733386194828022,3.3,1.73,4
2025-12-01,S3,"M3 AR(1) + controles externos: z_tc_lag, z_petroleo_lag, z_infl_ext_lag",0.31918923717226405,0.030135756438088288,0.896755627646681,0.7081123575921519,0.07570092949160216,0.5597412621924056,0.8564834529918981,4.365959239911797,0.18746617683510647,3.9985322849955716,4.7333861948280225,3.72,1.65,4
2026-01-01,S3,"M3 AR(1) + controles externos: z_tc_lag, z_petroleo_lag, z_infl_ext_lag",0.31918923717226405,0.030135756438088288,0.896755627646681,0.7081123575921519,0.07570092949160215,0.5597412621924056,0.8564834529918981,4.365959239911797,0.18746617683510497,3.9985322849955747,4.73338619482802,3.64,0.96,4
2026-02-01,S3,"M3 AR(1) + controles externos: z_tc_lag, z_petroleo_lag, z_infl_ext_lag",0.319189237172264,0.030135756438088288,0.896755627646681,0.7081123575921519,0.07570092949160216,0.5597412621924056,0.8564834529918981,4.365959239911797,0.18746617683510403,3.9985322849955764,4.733386194828018,3.62,1.56,4
2026-03-01,S3,"M3 AR(1) + controles externos: z_tc_lag, z_petroleo_lag, z_infl_ext_lag",0.319189237172264,0.030135756438088288,0.896755627646681,0.7081123575921519,0.07570092949160216,0.5597412621924056,0.8564834529918981,4.365959239911797,0.18746617683510516,3.9985322849955742,4.73338619482802,3.61,2.5,4
2026-04-01,S3,"M3 AR(1) + controles externos: z_tc_lag, z_petroleo_lag, z_infl_ext_lag",0.3191892371722641,0.030135756438088288,0.896755627646681,0.7081123575921519,0.07570092949160216,0.5597412621924056,0.8564834529918981,4.365959239911798,0.18746617683510525,3.998532284995575,4.733386194828022,3.71,3.24,4
2026-05-01,S3,"M3 AR(1) + controles externos: z_tc_lag, z_petroleo_lag, z_infl_ext_lag",0.31918923717226405,0.030135756438088288,0.896755627646681,0.7081123575921519,0.07570092949160216,0.5597412621924056,0.8564834529918981,4.365959239911797,0.18746617683510233,3.99853228499558,4.7333861948280145,3.74,2.86,4
2026-06-01,S3,"M3 AR(1) + controles externos: z_tc_lag, z_petroleo_lag, z_infl_ext_lag",0.31918923717226405,0.030135756438088284,0.896755627646681,0.708112357592152,0.07570092949160216,0.5597412621924057,0.8564834529918982,4.365959239911797,0.18746617683510333,3.998532284995578,4.733386194828016,3.71,2.27,4
2011-02-01,S5,"M3 rezago 12 + controles externos: z_tc_lag, z_petroleo_lag, z_infl_ext_lag",0.31918923717178255,0.030135756438019627,0.896755627646916,0.7081123575921527,0.07570093097787167,0.5597412592793718,0.8564834559049337,4.365959239915141,0.18746617306128902,3.998532292395462,4.733386187434821,5.81,5.24,5
2011-03-01,S5,"M3 rezago 12 + controles externos: z_tc_lag, z_petroleo_lag, z_infl_ext_lag",0.31918923717178255,0.03013575643801963,0.896755627646916,0.7081123575921526,0.07570093097758673,0.5597412592799301,0.8564834559043751,4.365959239915141,0.18746617301083973,3.9985322924943407,4.733386187335942,6.13,4.99,5
2011-04-01,S5,"M3 rezago 12 + controles externos: z_tc_lag, z_petroleo_lag, z_infl_ext_lag",0.31918923717178604,0.030135756438073563,0.8967556276468698,0.7081123575917609,0.07570093101025392,0.559741259215512,0.8564834559680099,4.365959239915651,0.1874661732727719,3.9985322919814728,4.733386187849829,6.19,5.76114812916453,5
2011-05-01,S5,"M3 rezago 12 + controles externos: z_tc_lag, z_petroleo_lag, z_infl_ext_lag",0.31918923717480296,0.0301357564379344,0.8967556276463711,0.7081123575945187,0.07570092831465051,0.5597412645015554,0.8564834506874821,4.3659592399188245,0.1874661698629599,3.998532298667755,4.733386181169894,5.74,6.3930220625962,5
2011-06-01,S5,"M3 rezago 12 + controles externos: z_tc_lag, z_petroleo_lag, z_infl_ext_lag",0.31918923717288694,0.030135756438094297,0.8967556276465629,0.7081123575924276,0.07570092965139245,0.5597412618794981,0.8564834533053571,4.3659592399136224,0.18746617609501126,3.998532286447957,4.733386193379288,6.16,6.42229936695938,5
2011-07-01,S5,"M3 rezago 12 + controles externos: z_tc_lag, z_petroleo_lag, z_infl_ext_lag",0.31918923717273895,0.03013575643809231,0.8967556276465842,0.7081123575923867,0.07570092968221818,0.5597412618190399,0.8564834533657334,4.365959239912752,0.18746617767885534,3.998532283342809,4.733386196482695,5.88,7.03967446592064,5
2011-08-01,S5,"M3 rezago 12 + controles externos: z_tc_lag, z_petroleo_lag, z_infl_ext_lag",0.3191892371726956,0.030135756438094442,0.8967556276465878,0.7081123575923559,0.0757009296646104,0.5597412618535198,0.856483453331192,4.365959239912498,0.18746617631115103,3.998532286023206,4.73338619380179,5.95,7.6258261311642,5
2011-09-01,S5,"M3 rezago 12 + controles externos: z_tc_lag, z_petroleo_lag, z_infl_ext_lag",0.3191892371726817,0.03013575643809375,0.8967556276465842,0.7081123575923727,0.07570092966129953,0.5597412618600257,0.8564834533247196,4.365959239912055,0.18746617657589928,3.998532285503866,4.733386194320244,6.43,7.24931562404949,5
2011-10-01,S5,"M3 rezago 12 + controles externos: z_tc_lag, z_petroleo_lag, z_infl_ext_lag",0.31918923717272346,0.030135756438093297,0.8967556276465842,0.708112357592377,0.07570092969254119,0.5597412617987976,0.8564834533859564,4.365959239912599,0.1874661775363045,3.9985322836220507,4.733386196203147,6.51,6.65,5
2011-11-01,S5,"M3 rezago 12 + controles externos: z_tc_lag, z_petroleo_lag, z_infl_ext_lag",0.31918923717259234,0.030135756438095233,0.896755627646602,0.7081123575923081,0.07570092970017835,0.55974126178376,0.8564834534008561,4.365959239911983,0.18746617738135898,3.998532283925122,4.733386195898843,6.06,6.05484387510006,5
2011-12-01,S5,"M3 rezago 12 + controles externos: z_tc_lag, z_petroleo_lag, z_infl_ext_lag",0.3191892371725559,0.03013575643809575,0.8967556276466055,0.708112357592293,0.07570092970013857,0.5597412617838229,0.856483453400763,4.365959239911727,0.18746617735258592,3.9985322839812603,4.7333861958421934,5.62,6.2,5
2012-01-01,S5,"M3 rezago 12 + controles externos: z_tc_lag, z_petroleo_lag, z_infl_ext_lag",0.3191892371725446,0.030135756438095868,0.8967556276466055,0.7081123575922919,0.0757009296995468,0.5597412617849816,0.8564834533996021,4.365959239911579,0.1874661773313318,3.9985322840227693,4.733386195800388,5.95,5.44,4.5
2012-02-01,S5,"M3 rezago 12 + controles externos: z_tc_lag, z_petroleo_lag, z_infl_ext_lag",0.3191892371725372,0.030135756438095764,0.8967556276466055,0.7081123575922929,0.07570092969995225,0.5597412617841879,0.8564834534003978,4.365959239911472,0.18746617737104682,3.9985322839448227,4.733386195878121,6.11,5.17,4.5
2012-03-01,S5,"M3 rezago 12 + controles externos: z_tc_lag, z_petroleo_lag, z_infl_ext_lag",0.31918923717253017,0.030135756438095646,0.8967556276466038,0.708112357592299,0.07570092969974013,0.5597412617846098,0.8564834533999881,4.365959239911263,0.18746617734606602,3.998532283993575,4.733386195828951,5.47,4.55,4.5
2012-04-01,S5,"M3 rezago 12 + controles externos: z_tc_lag, z_petroleo_lag, z_infl_ext_lag",0.31918923717253006,0.030135756438095695,0.8967556276466055,0.7081123575922935,0.07570092969952967,0.5597412617850168,0.8564834533995702,4.36595923991137,0.18746617734206217,3.9985322840015294,4.73338619582121,5.54,4.27,4.5
2012-05-01,S5,"M3 rezago 12 + controles externos: z_tc_lag, z_petroleo_lag, z_infl_ext_lag",0.3191892371725435,0.030135756438095615,0.8967556276466038,0.7081123575922994,0.0757009296993508,0.5597412617853733,0.8564834533992255,4.365959239911443,0.18746617735427598,3.9985322839776636,4.733386195845222,5.28,3.9,4.5
2012-06-01,S5,"M3 rezago 12 + controles externos: z_tc_lag, z_petroleo_lag, z_infl_ext_lag",0.31918923717253594,0.030135756438095736,0.8967556276466064,0.7081123575922906,0.0757009296993293,0.5597412617854067,0.8564834533991745,4.365959239911506,0.18746617734886453,3.9985322839883333,4.733386195834679,5.11,3.47,4.5
2012-07-01,S5,"M3 rezago 12 + controles externos: z_tc_lag, z_petroleo_lag, z_infl_ext_lag",0.31918923717254716,0.03013575643809622,0.8967556276466038,0.7081123575922935,0.07570092969935464,0.5597412617853599,0.8564834533992272,4.365959239911529,0.18746617735426735,3.9985322839777666,4.733386195845291,4.9,2.86,4.5
2012-08-01,S5,"M3 rezago 12 + controles externos: z_tc_lag, z_petroleo_lag, z_infl_ext_lag",0.319189237172549,0.03013575643809632,0.8967556276466029,0.708112357592295,0.07570092969934115,0.5597412617853879,0.8564834533992021,4.365959239911508,0.18746617735442545,3.9985322839774358,4.73338619584558,4.55,2.71,4.5
2012-09-01,S5,"M3 rezago 12 + controles externos: z_tc_lag, z_petroleo_lag, z_infl_ext_lag",0.31918923717254527,0.030135756438096198,0.8967556276466033,0.708112357592295,0.07570092969936895,0.5597412617853333,0.8564834533992566,4.365959239911476,0.18746617735765406,3.9985322839710755,4.7333861958518755,5.17,3.28,4.5
2012-10-01,S5,"M3 rezago 12 + controles externos: z_tc_lag, z_petroleo_lag, z_infl_ext_lag",0.3191892371725425,0.0301357564380961,0.8967556276466038,0.7081123575922946,0.07570092969933706,0.5597412617853955,0.8564834533991937,4.365959239911458,0.1874661773503407,3.9985322839853916,4.733386195837524,4.76,3.35,4.5
2012-11-01,S5,"M3 rezago 12 + controles externos: z_tc_lag, z_petroleo_lag, z_infl_ext_lag",0.31918923717253705,0.030135756438095903,0.8967556276466055,0.7081123575922915,0.07570092969931054,0.5597412617854444,0.8564834533991387,4.365959239911478,0.18746617734856894,3.998532283988885,4.733386195834072,4.82,3.11,4.5
2012-12-01,S5,"M3 rezago 12 + controles externos: z_tc_lag, z_petroleo_lag, z_infl_ext_lag",0.3191892371725478,0.030135756438096413,0.8967556276466038,0.7081123575922916,0.07570092969935782,0.5597412617853518,0.8564834533992315,4.365959239911549,0.18746617735223545,3.9985322839817696,4.733386195841329,4.93,3.45,4.5
2013-01-01,S5,"M3 rezago 12 + controles externos: z_tc_lag, z_petroleo_lag, z_infl_ext_lag",0.3191892371725477,0.0301357564380965,0.896755627646602,0.7081123575922958,0.07570092969931613,0.5597412617854377,0.856483453399154,4.365959239911447,0.1874661773498637,3.998532283986316,4.733386195836578,4.83,3.86,4
2013-02-01,S5,"M3 rezago 12 + controles externos: z_tc_lag, z_petroleo_lag, z_infl_ext_lag",0.3191892371725558,0.030135756438097315,0.8967556276466011,0.7081123575922904,0.07570092969931803,0.5597412617854285,0.8564834533991523,4.365959239911555,0.18746617734819843,3.9985322839896873,4.733386195833422,4.61,4.18,4
2013-03-01,S5,"M3 rezago 12 + controles externos: z_tc_lag, z_petroleo_lag, z_infl_ext_lag",0.3191892371725583,0.030135756438097447,0.8967556276465998,0.708112357592293,0.07570092969930717,0.5597412617854525,0.8564834533991335,4.365959239911517,0.18746617734662324,3.9985322839927364,4.733386195830296,4.66,4.34,4
2013-04-01,S5,"M3 rezago 12 + controles externos: z_tc_lag, z_petroleo_lag, z_infl_ext_lag",0.31918923717255876,0.030135756438097835,0.8967556276465989,0.7081123575922916,0.07570092969929355,0.5597412617854778,0.8564834533991055,4.365959239911493,0.18746617734571908,3.998532283994485,4.7333861958285,4.93,4.13,4
2013-05-01,S5,"M3 rezago 12 + controles externos: z_tc_lag, z_petroleo_lag, z_infl_ext_lag",0.3191892371725568,0.03013575643809738,0.8967556276465998,0.7081123575922935,0.07570092969930609,0.5597412617854551,0.8564834533991319,4.365959239911492,0.18746617734660706,3.9985322839927435,4.73338619583024,4.83,4.27,4
2013-06-01,S5,"M3 rezago 12 + controles externos: z_tc_lag, z_petroleo_lag, z_infl_ext_lag",0.3191892371725596,0.03013575643809767,0.8967556276465998,0.7081123575922907,0.07570092969932052,0.559741261785424,0.8564834533991574,4.365959239911547,0.187466177349391,3.998532283987342,4.7333861958357515,5.21,4.79,4
2013-07-01,S5,"M3 rezago 12 + controles externos: z_tc_lag, z_petroleo_lag, z_infl_ext_lag",0.31918923717255915,0.03013575643809756,0.8967556276465993,0.708112357592293,0.07570092969931824,0.5597412617854307,0.8564834533991552,4.365959239911508,0.18746617734890675,3.998532283988252,4.733386195834763,4.81,4.74,4
2013-08-01,S5,"M3 rezago 12 + controles externos: z_tc_lag, z_petroleo_lag, z_infl_ext_lag",0.3191892371725628,0.030135756438097724,0.8967556276465989,0.7081123575922927,0.07570092969930867,0.5597412617854493,0.8564834533991362,4.3659592399115414,0.18746617734817766,3.998532283989715,4.7333861958333685,4.89,4.42,4
2013-09-01,S5,"M3 rezago 12 + controles externos: z_tc_lag, z_petroleo_lag, z_infl_ext_lag",0.31918923717256326,0.030135756438097752,0.8967556276465989,0.7081123575922925,0.07570092969931584,0.5597412617854349,0.8564834533991501,4.365959239911549,0.18746617734842586,3.9985322839892365,4.733386195833862,4.91,4.21,4
2013-10-01,S5,"M3 rezago 12 + controles externos: z_tc_lag, z_petroleo_lag, z_infl_ext_lag",0.319189237172564,0.03013575643809771,0.8967556276465984,0.7081123575922941,0.0757009296993199,0.5597412617854286,0.8564834533991595,4.36595923991153,0.18746617734910964,3.9985322839878767,4.733386195835183,4.71,4.15,4
2013-11-01,S5,"M3 rezago 12 + controles externos: z_tc_lag, z_petroleo_lag, z_infl_ext_lag",0.3191892371725649,0.030135756438097804,0.8967556276465987,0.7081123575922925,0.07570092969931906,0.5597412617854287,0.8564834533991563,4.365959239911562,0.1874661773489194,3.9985322839882813,4.733386195834842,4.7,4.63,4
2013-12-01,S5,"M3 rezago 12 + controles externos: z_tc_lag, z_petroleo_lag, z_infl_ext_lag",0.3191892371725649,0.030135756438097724,0.8967556276465984,0.708112357592294,0.07570092969931731,0.5597412617854335,0.8564834533991544,4.365959239911544,0.18746617734888663,3.998532283988328,4.73338619583476,5.19,4.39,4
2014-01-01,S5,"M3 rezago 12 + controles externos: z_tc_lag, z_petroleo_lag, z_infl_ext_lag",0.3191892371725656,0.03013575643809782,0.8967556276465989,0.7081123575922919,0.07570092969932445,0.5597412617854174,0.8564834533991663,4.365959239911585,0.18746617734973628,3.9985322839867035,4.7333861958364665,4.94,4.14,4
2014-02-01,S5,"M3 rezago 12 + controles externos: z_tc_lag, z_petroleo_lag, z_infl_ext_lag",0.3191892371725639,0.03013575643809757,0.8967556276465989,0.7081123575922943,0.07570092969931962,0.5597412617854294,0.8564834533991592,4.365959239911548,0.1874661773489766,3.998532283988155,4.733386195834941,4.68,3.5,4
2014-03-01,S5,"M3 rezago 12 + controles externos: z_tc_lag, z_petroleo_lag, z_infl_ext_lag",0.3191892371725629,0.030135756438097475,0.8967556276465991,0.7081123575922945,0.0757009296993187,0.5597412617854314,0.8564834533991577,4.3659592399115414,0.18746617734912116,3.9985322839878656,4.733386195835218,4.54,3.25,4
2014-04-01,S5,"M3 rezago 12 + controles externos: z_tc_lag, z_petroleo_lag, z_infl_ext_lag",0.3191892371725628,0.030135756438097544,0.8967556276465989,0.7081123575922945,0.07570092969932397,0.559741261785421,0.856483453399168,4.365959239911531,0.18746617734967316,3.998532283986773,4.733386195836289,4.66,3.27,4
2014-05-01,S5,"M3 rezago 12 + controles externos: z_tc_lag, z_petroleo_lag, z_infl_ext_lag",0.31918923717256437,0.03013575643809743,0.8967556276465984,0.7081123575922968,0.0757009296993218,0.5597412617854276,0.8564834533991661,4.365959239911518,0.18746617734932583,3.9985322839874415,4.733386195835595,4.28,3.22,4
2014-06-01,S5,"M3 rezago 12 + controles externos: z_tc_lag, z_petroleo_lag, z_infl_ext_lag",0.3191892371725627,0.030135756438097395,0.8967556276465987,0.7081123575922965,0.07570092969932699,0.5597412617854172,0.8564834533991759,4.365959239911507,0.18746617734991744,3.99853228398627,4.733386195836744,4.36,3.13,4
2014-07-01,S5,"M3 rezago 12 + controles externos: z_tc_lag, z_petroleo_lag, z_infl_ext_lag",0.3191892371725649,0.030135756438097662,0.8967556276465984,0.7081123575922945,0.07570092969932377,0.5597412617854214,0.8564834533991676,4.36595923991154,0.18746617734964316,3.9985322839868407,4.733386195836238,4.41,3.41,4
2014-08-01,S5,"M3 rezago 12 + controles externos: z_tc_lag, z_petroleo_lag, z_infl_ext_lag",0.31918923717256603,0.030135756438097804,0.8967556276465984,0.7081123575922932,0.07570092969931995,0.5597412617854276,0.8564834533991588,4.365959239911564,0.18746617734929671,3.9985322839875437,4.733386195835584,4.06,3.7,4
2014-09-01,S5,"M3 rezago 12 + controles externos: z_tc_lag, z_petroleo_lag, z_infl_ext_lag",0.3191892371725674,0.030135756438098002,0.896755627646598,0.7081123575922925,0.07570092969931808,0.5597412617854306,0.8564834533991544,4.365959239911568,0.18746617734882431,3.998532283988474,4.733386195834662,4.13,3.45,4
2014-10-01,S5,"M3 rezago 12 + controles externos: z_tc_lag, z_petroleo_lag, z_infl_ext_lag",0.319189237172568,0.030135756438097953,0.8967556276465983,0.7081123575922921,0.07570092969932081,0.5597412617854247,0.8564834533991594,4.365959239911593,0.18746617734926616,3.998532283987633,4.733386195835553,4.17,3.64,4
2014-11-01,S5,"M3 rezago 12 + controles externos: z_tc_lag, z_petroleo_lag, z_infl_ext_lag",0.31918923717256886,0.030135756438097832,0.8967556276465982,0.7081123575922936,0.0757009296993245,0.5597412617854192,0.8564834533991681,4.365959239911591,0.18746617734992171,3.9985322839863464,4.733386195836836,4.16,3.38,4
2014-12-01,S5,"M3 rezago 12 + controles externos: z_tc_lag, z_petroleo_lag, z_infl_ext_lag",0.3191892371725688,0.030135756438097794,0.8967556276465981,0.7081123575922943,0.0757009296993233,0.5597412617854222,0.8564834533991664,4.365959239911581,0.18746617734964,3.9985322839868886,4.733386195836275,4.21,2.95,4
2015-01-01,S5,"M3 rezago 12 + controles externos: z_tc_lag, z_petroleo_lag, z_infl_ext_lag",0.31918923717256936,0.030135756438097867,0.8967556276465981,0.7081123575922935,0.07570092969932178,0.5597412617854243,0.8564834533991628,4.365959239911593,0.18746617734937684,3.998532283987416,4.73338619583577,3.89,2.32,4
2015-02-01,S5,"M3 rezago 12 + controles externos: z_tc_lag, z_petroleo_lag, z_infl_ext_lag",0.31918923717256986,0.030135756438097884,0.8967556276465981,0.7081123575922934,0.07570092969932082,0.559741261785426,0.8564834533991608,4.365959239911601,0.18746617734922366,3.998532283987724,4.733386195835478,4.07,2.44,4
2015-03-01,S5,"M3 rezago 12 + controles externos: z_tc_lag, z_petroleo_lag, z_infl_ext_lag",0.31918923717256964,0.030135756438097995,0.8967556276465981,0.7081123575922923,0.075700929699323,0.5597412617854207,0.8564834533991639,4.3659592399116045,0.18746617734964188,3.998532283986908,4.733386195836301,4.11,2.43,4
2015-04-01,S5,"M3 rezago 12 + controles externos: z_tc_lag, z_petroleo_lag, z_infl_ext_lag",0.31918923717256953,0.030135756438097846,0.8967556276465979,0.7081123575922943,0.07570092969932178,0.5597412617854252,0.8564834533991634,4.365959239911581,0.18746617734942753,3.998532283987305,4.733386195835858,3.82,2.58,4
2015-05-01,S5,"M3 rezago 12 + controles externos: z_tc_lag, z_petroleo_lag, z_infl_ext_lag",0.31918923717256925,0.030135756438097867,0.8967556276465981,0.7081123575922935,0.07570092969932561,0.5597412617854168,0.8564834533991702,4.365959239911591,0.18746617734971538,3.9985322839867505,4.733386195836432,3.57,2.55,4
2015-06-01,S5,"M3 rezago 12 + controles externos: z_tc_lag, z_petroleo_lag, z_infl_ext_lag",0.31918923717256925,0.030135756438097856,0.8967556276465981,0.7081123575922936,0.07570092969932184,0.5597412617854243,0.856483453399163,4.36595923991159,0.1874661773492878,3.9985322839875876,4.7333861958355925,3.67,2.39,4
2015-07-01,S5,"M3 rezago 12 + controles externos: z_tc_lag, z_petroleo_lag, z_infl_ext_lag",0.3191892371725696,0.03013575643809794,0.8967556276465983,0.7081123575922922,0.07570092969932438,0.5597412617854178,0.8564834533991665,4.365959239911613,0.1874661773494839,3.9985322839872266,4.733386195836,3.56,2.32,4
2015-08-01,S5,"M3 rezago 12 + controles externos: z_tc_lag, z_petroleo_lag, z_infl_ext_lag",0.31918923717256875,0.03013575643809785,0.8967556276465984,0.7081123575922927,0.0757009296993262,0.559741261785415,0.8564834533991705,4.365959239911604,0.18746617734962245,3.998532283986945,4.733386195836262,3.31,1.96,4
2015-09-01,S5,"M3 rezago 12 + controles externos: z_tc_lag, z_petroleo_lag, z_infl_ext_lag",0.3191892371725688,0.030135756438097842,0.8967556276465984,0.7081123575922929,0.07570092969932529,0.5597412617854167,0.856483453399169,4.3659592399116045,0.18746617734938195,3.9985322839874176,4.7333861958357915,3.4,1.88,4
2015-10-01,S5,"M3 rezago 12 + controles externos: z_tc_lag, z_petroleo_lag, z_infl_ext_lag",0.3191892371725688,0.030135756438097842,0.8967556276465984,0.7081123575922929,0.07570092969932753,0.5597412617854124,0.8564834533991733,4.3659592399116045,0.18746617734954535,3.9985322839870974,4.733386195836112,3.28,2.23,4
2015-11-01,S5,"M3 rezago 12 + controles externos: z_tc_lag, z_petroleo_lag, z_infl_ext_lag",0.31918923717256903,0.0301357564380978,0.8967556276465986,0.708112357592293,0.0757009296993265,0.5597412617854145,0.8564834533991714,4.365959239911611,0.1874661773494935,3.9985322839872053,4.733386195836016,3.37,2.51,4
2015-12-01,S5,"M3 rezago 12 + controles externos: z_tc_lag, z_petroleo_lag, z_infl_ext_lag",0.3191892371725688,0.0301357564380978,0.8967556276465988,0.7081123575922923,0.07570092969932479,0.5597412617854172,0.8564834533991674,4.365959239911621,0.18746617734939502,3.9985322839874087,4.733386195835834,3.65,3.07,4
2016-01-01,S5,"M3 rezago 12 + controles externos: z_tc_lag, z_petroleo_lag, z_infl_ext_lag",0.319189237172569,0.03013575643809787,0.8967556276465987,0.7081123575922919,0.07570092969932943,0.5597412617854076,0.8564834533991761,4.365959239911621,0.1874661773500229,3.998532283986178,4.733386195837065,3.8,4.38,4
2016-02-01,S5,"M3 rezago 12 + controles externos: z_tc_lag, z_petroleo_lag, z_infl_ext_lag",0.3191892371725688,0.03013575643809784,0.8967556276465988,0.7081123575922919,0.07570092969932832,0.5597412617854098,0.8564834533991739,4.365959239911623,0.18746617734968465,3.998532283986843,4.733386195836403,4.09,4.27,4
2016-03-01,S5,"M3 rezago 12 + controles externos: z_tc_lag, z_petroleo_lag, z_infl_ext_lag",0.31918923717256886,0.030135756438097884,0.8967556276465987,0.7081123575922919,0.07570092969932832,0.5597412617854098,0.8564834533991739,4.3659592399116205,0.187466177349635,3.9985322839869375,4.733386195836303,3.99,4.26,4
2016-04-01,S5,"M3 rezago 12 + controles externos: z_tc_lag, z_petroleo_lag, z_infl_ext_lag",0.31918923717256936,0.030135756438097863,0.8967556276465986,0.7081123575922923,0.07570092969932868,0.5597412617854096,0.856483453399175,4.36595923991162,0.1874661773493958,3.9985322839874056,4.733386195835834,4.19,4.09,4
2016-05-01,S5,"M3 rezago 12 + controles externos: z_tc_lag, z_petroleo_lag, z_infl_ext_lag",0.3191892371725693,0.030135756438097905,0.8967556276465986,0.7081123575922919,0.07570092969933036,0.5597412617854058,0.8564834533991779,4.365959239911621,0.18746617734971394,3.998532283986784,4.733386195836459,4.16,4.36,4
2016-06-01,S5,"M3 rezago 12 + controles externos: z_tc_lag, z_petroleo_lag, z_infl_ext_lag",0.3191892371725696,0.030135756438097905,0.8967556276465986,0.7081123575922919,0.0757009296993287,0.5597412617854091,0.8564834533991746,4.365959239911625,0.18746617734953952,3.998532283987129,4.733386195836121,4.39,4.43,4
2016-07-01,S5,"M3 rezago 12 + controles externos: z_tc_lag, z_petroleo_lag, z_infl_ext_lag",0.3191892371725695,0.030135756438097874,0.8967556276465987,0.7081123575922919,0.07570092969932868,0.5597412617854092,0.8564834533991745,4.3659592399116285,0.18746617734949644,3.9985322839872173,4.73338619583604,4.41,4.62,4
2016-08-01,S5,"M3 rezago 12 + controles externos: z_tc_lag, z_petroleo_lag, z_infl_ext_lag",0.31918923717256925,0.03013575643809787,0.8967556276465987,0.7081123575922919,0.07570092969932773,0.559741261785411,0.8564834533991728,4.365959239911625,0.18746617734952892,3.9985322839871498,4.7333861958361,4.45,4.74,4
2016-09-01,S5,"M3 rezago 12 + controles externos: z_tc_lag, z_petroleo_lag, z_infl_ext_lag",0.31918923717256953,0.03013575643809785,0.8967556276465988,0.7081123575922919,0.07570092969932814,0.5597412617854102,0.8564834533991735,4.365959239911634,0.1874661773494579,3.998532283987298,4.73338619583597,4.42,4.56,4
2016-10-01,S5,"M3 rezago 12 + controles externos: z_tc_lag, z_petroleo_lag, z_infl_ext_lag",0.31918923717256964,0.03013575643809791,0.8967556276465987,0.7081123575922916,0.07570092969932833,0.5597412617854096,0.8564834533991736,4.365959239911632,0.1874661773495575,3.998532283987101,4.733386195836163,4.43,4.76,4
2016-11-01,S5,"M3 rezago 12 + controles externos: z_tc_lag, z_petroleo_lag, z_infl_ext_lag",0.3191892371725694,0.030135756438097804,0.8967556276465988,0.7081123575922923,0.07570092969932832,0.5597412617854103,0.8564834533991743,4.36595923991163,0.18746617734943466,3.99853228398734,4.73338619583592,4.6,4.67,4
2016-12-01,S5,"M3 rezago 12 + controles externos: z_tc_lag, z_petroleo_lag, z_infl_ext_lag",0.3191892371725697,0.030135756438097808,0.8967556276465987,0.7081123575922925,0.07570092969932772,0.5597412617854116,0.8564834533991734,4.365959239911628,0.1874661773493227,3.9985322839875566,4.733386195835698,4.66,4.23,4
2017-01-01,S5,"M3 rezago 12 + controles externos: z_tc_lag, z_petroleo_lag, z_infl_ext_lag",0.31918923717256936,0.030135756438097756,0.8967556276465989,0.7081123575922924,0.07570092969932986,0.5597412617854074,0.8564834533991774,4.365959239911633,0.1874661773495664,3.9985322839870845,4.733386195836181,4.4,3.83,4
2017-02-01,S5,"M3 rezago 12 + controles externos: z_tc_lag, z_petroleo_lag, z_infl_ext_lag",0.31918923717256953,0.030135756438097773,0.8967556276465989,0.7081123575922923,0.0757009296993318,0.5597412617854034,0.8564834533991812,4.365959239911636,0.18746617734970072,3.998532283986824,4.733386195836447,4.46,3.96,4
2017-03-01,S5,"M3 rezago 12 + controles externos: z_tc_lag, z_petroleo_lag, z_infl_ext_lag",0.319189237172569,0.030135756438097624,0.8967556276465989,0.7081123575922936,0.0757009296993323,0.5597412617854038,0.8564834533991834,4.36595923991162,0.18746617734965076,3.998532283986906,4.733386195836333,4.28,4,4
2017-04-01,S5,"M3 rezago 12 + controles externos: z_tc_lag, z_petroleo_lag, z_infl_ext_lag",0.3191892371725688,0.030135756438097606,0.896755627646599,0.7081123575922936,0.07570092969933158,0.5597412617854052,0.8564834533991821,4.365959239911622,0.187466177349675,3.998532283986861,4.733386195836384,4.51,4.09,4
2017-05-01,S5,"M3 rezago 12 + controles externos: z_tc_lag, z_petroleo_lag, z_infl_ext_lag",0.3191892371725686,0.03013575643809754,0.8967556276465989,0.7081123575922945,0.07570092969932932,0.5597412617854105,0.8564834533991785,4.36595923991161,0.1874661773494571,3.9985322839872754,4.733386195835944,4.17,3.93,4
2017-06-01,S5,"M3 rezago 12 + controles externos: z_tc_lag, z_petroleo_lag, z_infl_ext_lag",0.31918923717256864,0.03013575643809755,0.896755627646599,0.7081123575922941,0.07570092969932918,0.5597412617854104,0.8564834533991778,4.365959239911617,0.18746617734944138,3.9985322839873136,4.73338619583592,4.26,4.36,4
2017-07-01,S5,"M3 rezago 12 + controles externos: z_tc_lag, z_petroleo_lag, z_infl_ext_lag",0.31918923717256864,0.030135756438097547,0.8967556276465989,0.7081123575922944,0.07570092969932826,0.5597412617854125,0.8564834533991763,4.365959239911611,0.1874661773495304,3.998532283987133,4.733386195836089,4.48,5.22,4
2017-08-01,S5,"M3 rezago 12 + controles externos: z_tc_lag, z_petroleo_lag, z_infl_ext_lag",0.31918923717256864,0.030135756438097454,0.896755627646599,0.708112357592295,0.07570092969932879,0.5597412617854121,0.8564834533991779,4.365959239911612,0.18746617734951304,3.9985322839871675,4.733386195836055,4.51,4.72,4
2017-09-01,S5,"M3 rezago 12 + controles externos: z_tc_lag, z_petroleo_lag, z_infl_ext_lag",0.31918923717256803,0.030135756438097367,0.8967556276465991,0.7081123575922956,0.0757009296993278,0.5597412617854146,0.8564834533991766,4.3659592399116045,0.1874661773494159,3.998532283987351,4.733386195835858,4.75,4.36,4
2017-10-01,S5,"M3 rezago 12 + controles externos: z_tc_lag, z_petroleo_lag, z_infl_ext_lag",0.31918923717256803,0.030135756438097343,0.8967556276465993,0.7081123575922952,0.07570092969932715,0.5597412617854154,0.856483453399175,4.365959239911617,0.18746617734940785,3.9985322839873794,4.7333861958358545,4.53,4.2,4
2017-11-01,S5,"M3 rezago 12 + controles externos: z_tc_lag, z_petroleo_lag, z_infl_ext_lag",0.3191892371725682,0.03013575643809739,0.8967556276465993,0.7081123575922947,0.07570092969932626,0.5597412617854167,0.8564834533991728,4.365959239911621,0.18746617734939255,3.9985322839874136,4.733386195835829,4.63,4.69,4
2017-12-01,S5,"M3 rezago 12 + controles externos: z_tc_lag, z_petroleo_lag, z_infl_ext_lag",0.3191892371725678,0.030135756438097315,0.8967556276465994,0.7081123575922952,0.07570092969932733,0.5597412617854152,0.8564834533991752,4.365959239911619,0.1874661773494949,3.9985322839872106,4.733386195836027,4.56,5.68,4
2018-01-01,S5,"M3 rezago 12 + controles externos: z_tc_lag, z_petroleo_lag, z_infl_ext_lag",0.31918923717256803,0.03013575643809731,0.8967556276465994,0.7081123575922952,0.0757009296993276,0.5597412617854146,0.8564834533991758,4.365959239911621,0.18746617734960455,3.9985322839869983,4.733386195836244,4.71,4.71,4
2018-02-01,S5,"M3 rezago 12 + controles externos: z_tc_lag, z_petroleo_lag, z_infl_ext_lag",0.3191892371725678,0.03013575643809725,0.8967556276465994,0.7081123575922957,0.0757009296993275,0.5597412617854154,0.8564834533991761,4.365959239911615,0.1874661773496096,3.998532283986982,4.733386195836248,4.56,4.15,4
2018-03-01,S5,"M3 rezago 12 + controles externos: z_tc_lag, z_petroleo_lag, z_infl_ext_lag",0.31918923717256764,0.030135756438097294,0.8967556276465994,0.7081123575922953,0.0757009296993273,0.5597412617854153,0.8564834533991753,4.365959239911615,0.18746617734962212,3.9985322839869575,4.733386195836273,4.62,4.14,4
2018-04-01,S5,"M3 rezago 12 + controles externos: z_tc_lag, z_petroleo_lag, z_infl_ext_lag",0.3191892371725684,0.03013575643809737,0.8967556276465993,0.708112357592295,0.07570092969932696,0.5597412617854156,0.8564834533991743,4.365959239911624,0.1874661773495032,3.9985322839871995,4.733386195836049,4.46,3.92,4
2018-05-01,S5,"M3 rezago 12 + controles externos: z_tc_lag, z_petroleo_lag, z_infl_ext_lag",0.3191892371725683,0.030135756438097294,0.8967556276465994,0.7081123575922953,0.07570092969932737,0.5597412617854152,0.8564834533991754,4.365959239911624,0.1874661773496004,3.998532283987009,4.733386195836239,4.48,4.09,4
2018-06-01,S5,"M3 rezago 12 + controles externos: z_tc_lag, z_petroleo_lag, z_infl_ext_lag",0.3191892371725681,0.03013575643809726,0.8967556276465996,0.7081123575922954,0.0757009296993272,0.5597412617854156,0.8564834533991752,4.365959239911626,0.18746617734947257,3.9985322839872612,4.73338619583599,4.43,3.79,4
2018-07-01,S5,"M3 rezago 12 + controles externos: z_tc_lag, z_petroleo_lag, z_infl_ext_lag",0.3191892371725681,0.030135756438097204,0.8967556276465994,0.7081123575922962,0.07570092969932675,0.5597412617854173,0.8564834533991751,4.365959239911616,0.18746617734949264,3.998532283987212,4.73338619583602,4.36,2.61,4
2018-08-01,S5,"M3 rezago 12 + controles externos: z_tc_lag, z_petroleo_lag, z_infl_ext_lag",0.31918923717256825,0.03013575643809729,0.8967556276465993,0.7081123575922956,0.07570092969932721,0.5597412617854158,0.8564834533991754,4.365959239911617,0.18746617734946477,3.9985322839872675,4.733386195835966,4.33,3.36,4
2018-09-01,S5,"M3 rezago 12 + controles externos: z_tc_lag, z_petroleo_lag, z_infl_ext_lag",0.31918923717256836,0.03013575643809731,0.8967556276465994,0.7081123575922952,0.0757009296993276,0.5597412617854146,0.8564834533991758,4.365959239911626,0.1874661773495229,3.9985322839871626,4.733386195836089,4.32,4.55,4
2018-10-01,S5,"M3 rezago 12 + controles externos: z_tc_lag, z_petroleo_lag, z_infl_ext_lag",0.3191892371725684,0.030135756438097287,0.8967556276465994,0.7081123575922954,0.07570092969932739,0.5597412617854152,0.8564834533991756,4.365959239911626,0.18746617734952542,3.9985322839871578,4.733386195836094,4.32,4.34,4
2018-11-01,S5,"M3 rezago 12 + controles externos: z_tc_lag, z_petroleo_lag, z_infl_ext_lag",0.3191892371725685,0.030135756438097298,0.8967556276465993,0.7081123575922956,0.07570092969932692,0.5597412617854164,0.8564834533991749,4.36595923991162,0.18746617734941076,3.9985322839873763,4.733386195835863,4.47,3.15,4
2018-12-01,S5,"M3 rezago 12 + controles externos: z_tc_lag, z_petroleo_lag, z_infl_ext_lag",0.3191892371725682,0.03013575643809727,0.8967556276465994,0.7081123575922956,0.07570092969932676,0.5597412617854167,0.8564834533991745,4.3659592399116205,0.18746617734942986,3.9985322839873394,4.733386195835902,4.38,2.31,4
2019-01-01,S5,"M3 rezago 12 + controles externos: z_tc_lag, z_petroleo_lag, z_infl_ext_lag",0.31918923717256836,0.030135756438097256,0.8967556276465996,0.7081123575922954,0.07570092969932789,0.5597412617854143,0.8564834533991765,4.365959239911629,0.18746617734948767,3.998532283987235,4.733386195836023,4.07,4.1,4
2019-02-01,S5,"M3 rezago 12 + controles externos: z_tc_lag, z_petroleo_lag, z_infl_ext_lag",0.31918923717256853,0.030135756438097218,0.8967556276465996,0.7081123575922957,0.07570092969932841,0.5597412617854135,0.856483453399178,4.3659592399116285,0.18746617734954507,3.998532283987122,4.733386195836135,4.25,4.46,4
2019-03-01,S5,"M3 rezago 12 + controles externos: z_tc_lag, z_petroleo_lag, z_infl_ext_lag",0.3191892371725685,0.030135756438097256,0.8967556276465996,0.7081123575922954,0.07570092969932773,0.5597412617854145,0.8564834533991763,4.36595923991163,0.18746617734949148,3.9985322839872284,4.733386195836032,4.35,4.17,4
2019-04-01,S5,"M3 rezago 12 + controles externos: z_tc_lag, z_petroleo_lag, z_infl_ext_lag",0.3191892371725686,0.03013575643809723,0.8967556276465996,0.7081123575922956,0.07570092969932767,0.559741261785415,0.8564834533991763,4.36595923991163,0.1874661773495175,3.9985322839871777,4.733386195836083,4.3,4.75,4
2019-05-01,S5,"M3 rezago 12 + controles externos: z_tc_lag, z_petroleo_lag, z_infl_ext_lag",0.31918923717256886,0.030135756438097298,0.8967556276465993,0.7081123575922956,0.07570092969932722,0.5597412617854158,0.8564834533991754,4.365959239911625,0.187466177349444,3.9985322839873163,4.733386195835934,4.39,4.54,4
2019-06-01,S5,"M3 rezago 12 + controles externos: z_tc_lag, z_petroleo_lag, z_infl_ext_lag",0.31918923717256886,0.030135756438097256,0.8967556276465993,0.7081123575922961,0.0757009296993275,0.5597412617854156,0.8564834533991765,4.365959239911622,0.18746617734950313,3.9985322839871977,4.733386195836046,4.36,4.8,4
2019-07-01,S5,"M3 rezago 12 + controles externos: z_tc_lag, z_petroleo_lag, z_infl_ext_lag",0.3191892371725689,0.030135756438097305,0.8967556276465993,0.7081123575922955,0.07570092969932826,0.5597412617854136,0.8564834533991774,4.365959239911627,0.18746617734957746,3.9985322839870565,4.7333861958361965,4.6,4.37,4
2019-08-01,S5,"M3 rezago 12 + controles externos: z_tc_lag, z_petroleo_lag, z_infl_ext_lag",0.3191892371725685,0.030135756438097322,0.8967556276465994,0.7081123575922951,0.07570092969932776,0.5597412617854142,0.856483453399176,4.365959239911628,0.18746617734948232,3.998532283987244,4.733386195836012,4.53,3.01,4
2019-09-01,S5,"M3 rezago 12 + controles externos: z_tc_lag, z_petroleo_lag, z_infl_ext_lag",0.31918923717256875,0.03013575643809734,0.8967556276465993,0.7081123575922952,0.07570092969932671,0.5597412617854163,0.8564834533991741,4.365959239911626,0.18746617734941826,3.998532283987368,4.733386195835884,4.34,1.8,4
2019-10-01,S5,"M3 rezago 12 + controles externos: z_tc_lag, z_petroleo_lag, z_infl_ext_lag",0.31918923717256853,0.03013575643809729,0.8967556276465996,0.708112357592295,0.0757009296993277,0.5597412617854142,0.8564834533991758,4.365959239911634,0.1874661773494866,3.9985322839872417,4.733386195836026,4.22,2.17,4
2019-11-01,S5,"M3 rezago 12 + controles externos: z_tc_lag, z_petroleo_lag, z_infl_ext_lag",0.3191892371725684,0.03013575643809725,0.8967556276465998,0.7081123575922947,0.07570092969932796,0.5597412617854134,0.8564834533991761,4.365959239911643,0.18746617734947413,3.998532283987275,4.73338619583601,4.25,2.92,4
2019-12-01,S5,"M3 rezago 12 + controles externos: z_tc_lag, z_petroleo_lag, z_infl_ext_lag",0.31918923717256836,0.030135756438097263,0.8967556276465998,0.7081123575922947,0.075700929699328,0.5597412617854134,0.8564834533991761,4.365959239911643,0.18746617734944557,3.998532283987331,4.733386195835954,4.1,3.41,4
2020-01-01,S5,"M3 rezago 12 + controles externos: z_tc_lag, z_petroleo_lag, z_infl_ext_lag",0.31918923717256864,0.030135756438097266,0.8967556276465996,0.7081123575922953,0.07570092969932782,0.5597412617854143,0.8564834533991763,4.365959239911634,0.18746617734949797,3.9985322839872195,4.733386195836048,4.11,1.78,4
2020-02-01,S5,"M3 rezago 12 + controles externos: z_tc_lag, z_petroleo_lag, z_infl_ext_lag",0.3191892371725685,0.03013575643809729,0.8967556276465996,0.708112357592295,0.07570092969932773,0.5597412617854141,0.8564834533991759,4.365959239911633,0.18746617734950738,3.9985322839872,4.733386195836066,3.85,1.24,4
2020-03-01,S5,"M3 rezago 12 + controles externos: z_tc_lag, z_petroleo_lag, z_infl_ext_lag",0.31918923717256814,0.03013575643809722,0.8967556276465996,0.7081123575922956,0.07570092969932764,0.559741261785415,0.8564834533991763,4.365959239911624,0.1874661773494795,3.9985322839872457,4.733386195836002,3.99,1.77,4
2020-04-01,S5,"M3 rezago 12 + controles externos: z_tc_lag, z_petroleo_lag, z_infl_ext_lag",0.31918923717256836,0.030135756438097266,0.8967556276465996,0.7081123575922953,0.0757009296993284,0.5597412617854132,0.8564834533991774,4.365959239911629,0.18746617734959373,3.998532283987027,4.733386195836231,3.97,1.88,4
2020-05-01,S5,"M3 rezago 12 + controles externos: z_tc_lag, z_petroleo_lag, z_infl_ext_lag",0.31918923717256836,0.030135756438097273,0.8967556276465996,0.7081123575922952,0.07570092969932764,0.5597412617854145,0.8564834533991759,4.365959239911629,0.187466177349492,3.9985322839872266,4.733386195836032,3.96,1.8,4
2020-06-01,S5,"M3 rezago 12 + controles externos: z_tc_lag, z_petroleo_lag, z_infl_ext_lag",0.31918923717256814,0.030135756438097197,0.8967556276465998,0.7081123575922953,0.07570092969932772,0.5597412617854145,0.8564834533991761,4.365959239911636,0.1874661773494835,3.9985322839872497,4.7333861958360215,3.77,2.39,4
2020-07-01,S5,"M3 rezago 12 + controles externos: z_tc_lag, z_petroleo_lag, z_infl_ext_lag",0.3191892371725682,0.03013575643809723,0.8967556276465998,0.708112357592295,0.0757009296993279,0.5597412617854137,0.8564834533991762,4.365959239911638,0.18746617734947205,3.9985322839872746,4.733386195836002,3.9,2.88,4
2020-08-01,S5,"M3 rezago 12 + controles externos: z_tc_lag, z_petroleo_lag, z_infl_ext_lag",0.31918923717256803,0.030135756438097166,0.8967556276466,0.708112357592295,0.07570092969932789,0.5597412617854138,0.8564834533991761,4.365959239911646,0.1874661773495229,3.998532283987183,4.733386195836109,3.92,4.19,4
2020-09-01,S5,"M3 rezago 12 + controles externos: z_tc_lag, z_petroleo_lag, z_infl_ext_lag",0.31918923717256786,0.030135756438097155,0.8967556276466,0.7081123575922951,0.07570092969932748,0.5597412617854147,0.8564834533991754,4.365959239911643,0.18746617734947613,3.998532283987271,4.733386195836014,3.99,4.97,4
2020-10-01,S5,"M3 rezago 12 + controles externos: z_tc_lag, z_petroleo_lag, z_infl_ext_lag",0.3191892371725677,0.030135756438097155,0.8967556276466001,0.7081123575922947,0.07570092969932808,0.5597412617854132,0.8564834533991763,4.365959239911647,0.18746617734951493,3.9985322839871995,4.733386195836095,4.15,5.34,4
2020-11-01,S5,"M3 rezago 12 + controles externos: z_tc_lag, z_petroleo_lag, z_infl_ext_lag",0.3191892371725679,0.030135756438097135,0.8967556276466,0.7081123575922953,0.07570092969932717,0.5597412617854155,0.8564834533991751,4.365959239911642,0.18746617734942206,3.9985322839873763,4.733386195835908,4.27,5.46,4
2020-12-01,S5,"M3 rezago 12 + controles externos: z_tc_lag, z_petroleo_lag, z_infl_ext_lag",0.31918923717256825,0.03013575643809716,0.8967556276466,0.7081123575922951,0.0757009296993279,0.5597412617854138,0.8564834533991763,4.365959239911648,0.1874661773495015,3.9985322839872266,4.7333861958360695,4.26,4.82,4
2021-01-01,S5,"M3 rezago 12 + controles externos: z_tc_lag, z_petroleo_lag, z_infl_ext_lag",0.31918923717256814,0.030135756438097138,0.8967556276465999,0.7081123575922956,0.07570092969932671,0.5597412617854167,0.8564834533991745,4.365959239911639,0.18746617734940754,3.998532283987402,4.733386195835877,4.12,5.24,4
2021-02-01,S5,"M3 rezago 12 + controles externos: z_tc_lag, z_petroleo_lag, z_infl_ext_lag",0.3191892371725682,0.030135756438097145,0.8967556276465998,0.7081123575922958,0.07570092969932726,0.55974126178541594,0.8564834533991758,4.365959239911633,0.18746617734947746,3.9985322839872586,4.733386195836007,4.39,6,4
2021-03-01,S5,"M3 rezago 12 + controles externos: z_tc_lag, z_petroleo_lag, z_infl_ext_lag",0.31918923717256825,0.03013575643809712,0.8967556276466,0.7081123575922954,0.0757009296993275,0.559741261785415,0.8564834533991759,4.365959239911646,0.1874661773494743,3.998532283987278,4.733386195836014,4.34,5.84,4
2021-04-01,S5,"M3 rezago 12 + controles externos: z_tc_lag, z_petroleo_lag, z_infl_ext_lag",0.31918923717256836,0.030135756438097145,0.8967556276465998,0.7081123575922958,0.07570092969932721,0.55974126178541606,0.8564834533991756,4.365959239911636,0.18746617734947515,3.9985322839872657,4.7333861958360055,4.39,5.2,4
2021-05-01,S5,"M3 rezago 12 + controles externos: z_tc_lag, z_petroleo_lag, z_infl_ext_lag",0.31918923717256836,0.030135756438097145,0.8967556276465999,0.7081123575922955,0.07570092969932701,0.55974126178541606,0.856483453399175,4.365959239911642,0.18746617734944226,3.9985322839873367,4.733386195835947,4.41,5.17,4
2021-06-01,S5,"M3 rezago 12 + controles externos: z_tc_lag, z_petroleo_lag, z_infl_ext_lag",0.3191892371725682,0.03013575643809712,0.8967556276466,0.7081123575922954,0.07570092969932764,0.5597412617854147,0.8564834533991761,4.365959239911645,0.18746617734951998,3.998532283987188,4.733386195836103,4.23,3.91,4
2021-07-01,S5,"M3 rezago 12 + controles externos: z_tc_lag, z_petroleo_lag, z_infl_ext_lag",0.3191892371725683,0.03013575643809712,0.8967556276466,0.7081123575922954,0.07570092969932732,0.5597412617854154,0.8564834533991754,4.365959239911647,0.18746617734945584,3.9985322839873154,4.733386195835979,4.12,3.82,4
2021-08-01,S5,"M3 rezago 12 + controles externos: z_tc_lag, z_petroleo_lag, z_infl_ext_lag",0.3191892371725684,0.03013575643809708,0.8967556276466,0.7081123575922958,0.0757009296993276,0.5597412617854153,0.8564834533991764,4.365959239911645,0.18746617734949061,3.9985322839872453,4.7333861958360455,4.14,3.62,4
2021-09-01,S5,"M3 rezago 12 + controles externos: z_tc_lag, z_petroleo_lag, z_infl_ext_lag",0.31918923717256853,0.030135756438097065,0.8967556276465998,0.7081123575922965,0.07570092969932728,0.5597412617854165,0.8564834533991765,4.365959239911634,0.18746617734952098,3.998532283987174,4.733386195836093,4.2,3.67,4
2021-10-01,S5,"M3 rezago 12 + controles externos: z_tc_lag, z_petroleo_lag, z_infl_ext_lag",0.31918923717256853,0.030135756438097083,0.8967556276465999,0.7081123575922961,0.0757009296993273,0.55974126178541606,0.8564834533991761,4.365959239911641,0.18746617734949148,3.998532283987239,4.733386195836043,3.89,2.96,4
2021-11-01,S5,"M3 rezago 12 + controles externos: z_tc_lag, z_petroleo_lag, z_infl_ext_lag",0.3191892371725685,0.030135756438097096,0.8967556276465999,0.708112357592296,0.07570092969932721,0.55974126178541606,0.8564834533991759,4.365959239911641,0.18746617734948876,3.9985322839872444,4.7333861958360375,4.08,2.89,4
2021-12-01,S5,"M3 rezago 12 + controles externos: z_tc_lag, z_petroleo_lag, z_infl_ext_lag",0.3191892371725686,0.03013575643809711,0.8967556276465998,0.7081123575922962,0.0757009296993273,0.5597412617854162,0.8564834533991762,4.365959239911637,0.18746617734950716,3.998532283987205,4.7333861958360695,4.02,3.07,4
2022-01-01,S5,"M3 rezago 12 + controles externos: z_tc_lag, z_petroleo_lag, z_infl_ext_lag",0.3191892371725688,0.030135756438097135,0.8967556276465998,0.7081123575922958,0.0757009296993274,0.5597412617854156,0.8564834533991761,4.365959239911641,0.18746617734949841,3.9985322839872257,4.733386195836056,4.09,2.87,4
2022-02-01,S5,"M3 rezago 12 + controles externos: z_tc_lag, z_petroleo_lag, z_infl_ext_lag",0.31918923717256864,0.030135756438097138,0.8967556276465998,0.7081123575922958,0.07570092969932739,0.5597412617854156,0.8564834533991761,4.365959239911639,0.1874661773495024,3.998532283987216,4.733386195836062,3.92,2.98,4
2022-03-01,S5,"M3 rezago 12 + controles externos: z_tc_lag, z_petroleo_lag, z_infl_ext_lag",0.31918923717256875,0.030135756438097183,0.8967556276465998,0.7081123575922954,0.0757009296993273,0.5597412617854154,0.8564834533991754,4.365959239911644,0.18746617734949486,3.9985322839872355,4.733386195836052,3.8,4.17,4
2022-04-01,S5,"M3 rezago 12 + controles externos: z_tc_lag, z_petroleo_lag, z_infl_ext_lag",0.3191892371725688,0.030135756438097194,0.8967556276465998,0.7081123575922954,0.07570092969932699,0.55974126178541606,0.8564834533991748,4.365959239911645,0.18746617734949544,3.998532283987236,4.733386195836054,3.94,4.62,4
2022-05-01,S5,"M3 rezago 12 + controles externos: z_tc_lag, z_petroleo_lag, z_infl_ext_lag",0.3191892371725688,0.030135756438097197,0.8967556276465998,0.7081123575922953,0.07570092969932699,0.5597412617854158,0.8564834533991748,4.365959239911645,0.1874661773494827,3.998532283987261,4.7333861958360295,4.01,5.82,4
2022-06-01,S5,"M3 rezago 12 + controles externos: z_tc_lag, z_petroleo_lag, z_infl_ext_lag",0.31918923717256886,0.03013575643809721,0.8967556276465996,0.7081123575922958,0.07570092969932699,0.5597412617854165,0.8564834533991752,4.365959239911633,0.1874661773494938,3.9985322839872266,4.733386195836039,4.16,7.55,4
2022-07-01,S5,"M3 rezago 12 + controles externos: z_tc_lag, z_petroleo_lag, z_infl_ext_lag",0.31918923717256886,0.03013575643809719,0.8967556276465998,0.7081123575922954,0.07570092969932714,0.5597412617854157,0.8564834533991751,4.365959239911645,0.18746617734949506,3.998532283987237,4.733386195836054,4.51,8.36,4
2022-08-01,S5,"M3 rezago 12 + controles externos: z_tc_lag, z_petroleo_lag, z_infl_ext_lag",0.3191892371725688,0.0301357564380972,0.8967556276465997,0.7081123575922956,0.0757009296993272,0.5597412617854158,0.8564834533991754,4.365959239911638,0.18746617734947987,3.9985322839872595,4.733386195836017,4.55,8.87,4
2022-09-01,S5,"M3 rezago 12 + controles externos: z_tc_lag, z_petroleo_lag, z_infl_ext_lag",0.3191892371725688,0.030135756438097194,0.8967556276465998,0.7081123575922954,0.07570092969932711,0.5597412617854157,0.8564834533991751,4.365959239911645,0.1874661773494899,3.998532283987247,4.733386195836044,4.61,9.03,4
2022-10-01,S5,"M3 rezago 12 + controles externos: z_tc_lag, z_petroleo_lag, z_infl_ext_lag",0.3191892371725688,0.030135756438097183,0.8967556276465997,0.7081123575922957,0.07570092969932697,0.5597412617854164,0.8564834533991751,4.365959239911637,0.18746617734949245,3.9985322839872337,4.733386195836041,4.67,9.7,4
2022-11-01,S5,"M3 rezago 12 + controles externos: z_tc_lag, z_petroleo_lag, z_infl_ext_lag",0.31918923717256886,0.030135756438097183,0.8967556276465998,0.7081123575922954,0.07570092969932712,0.5597412617854157,0.8564834533991751,4.365959239911645,0.18746617734950374,3.9985322839872195,4.733386195836071,4.8,9.17,4
2022-12-01,S5,"M3 rezago 12 + controles externos: z_tc_lag, z_petroleo_lag, z_infl_ext_lag",0.31918923717256886,0.03013575643809718,0.8967556276465996,0.7081123575922961,0.07570092969932675,0.5597412617854172,0.856483453399175,4.365959239911632,0.18746617734948465,3.998532283987244,4.733386195836021,4.71,9.24,4
2023-01-01,S5,"M3 rezago 12 + controles externos: z_tc_lag, z_petroleo_lag, z_infl_ext_lag",0.31918923717256875,0.030135756438097176,0.8967556276465997,0.7081123575922958,0.07570092969932692,0.5597412617854166,0.8564834533991751,4.3659592399116365,0.18746617734947119,3.9985322839872746,4.733386195835998,4.62,9.69,4
2023-02-01,S5,"M3 rezago 12 + controles externos: z_tc_lag, z_petroleo_lag, z_infl_ext_lag",0.31918923717256875,0.03013575643809717,0.8967556276465997,0.7081123575922958,0.07570092969932704,0.5597412617854163,0.8564834533991754,4.365959239911636,0.18746617734949947,3.998532283987218,4.733386195836053,4.49,9.92,4
2023-03-01,S5,"M3 rezago 12 + controles externos: z_tc_lag, z_petroleo_lag, z_infl_ext_lag",0.3191892371725687,0.030135756438097176,0.8967556276465997,0.7081123575922958,0.07570092969932708,0.5597412617854163,0.8564834533991754,4.365959239911636,0.18746617734950408,3.9985322839872093,4.733386195836062,4.43,8.71,4
2023-04-01,S5,"M3 rezago 12 + controles externos: z_tc_lag, z_petroleo_lag, z_infl_ext_lag",0.3191892371725687,0.030135756438097176,0.8967556276465997,0.7081123575922958,0.07570092969932693,0.5597412617854165,0.8564834533991752,4.365959239911636,0.18746617734947554,3.9985322839872652,4.733386195836006,4.39,8.32,4
2023-05-01,S5,"M3 rezago 12 + controles externos: z_tc_lag, z_petroleo_lag, z_infl_ext_lag",0.3191892371725687,0.030135756438097173,0.8967556276465997,0.7081123575922958,0.07570092969932704,0.5597412617854163,0.8564834533991754,4.365959239911636,0.1874661773494922,3.9985322839872324,4.733386195836038,4.3,6.54,4
2023-06-01,S5,"M3 rezago 12 + controles externos: z_tc_lag, z_petroleo_lag, z_infl_ext_lag",0.3191892371725687,0.030135756438097176,0.8967556276465997,0.7081123575922958,0.07570092969932703,0.5597412617854164,0.8564834533991753,4.365959239911636,0.1874661773494973,3.9985322839872226,4.733386195836049,4.24,4.93,4
2023-07-01,S5,"M3 rezago 12 + controles externos: z_tc_lag, z_petroleo_lag, z_infl_ext_lag",0.3191892371725687,0.030135756438097176,0.8967556276465997,0.7081123575922958,0.07570092969932699,0.5597412617854165,0.8564834533991752,4.365959239911636,0.18746617734948642,3.998532283987244,4.733386195836028,4.21,4.53,4
2023-08-01,S5,"M3 rezago 12 + controles externos: z_tc_lag, z_petroleo_lag, z_infl_ext_lag",0.3191892371725687,0.030135756438097176,0.8967556276465997,0.7081123575922958,0.07570092969932703,0.5597412617854164,0.8564834533991753,4.365959239911636,0.18746617734948154,3.9985322839872532,4.733386195836018,4.17,4.47,4
2023-09-01,S5,"M3 rezago 12 + controles externos: z_tc_lag, z_petroleo_lag, z_infl_ext_lag",0.31918923717256875,0.030135756438097176,0.8967556276465996,0.7081123575922961,0.07570092969932697,0.5597412617854167,0.8564834533991754,4.36595923991163,0.1874661773494978,3.9985322839872164,4.733386195836045,4.15,4.69,4
2023-10-01,S5,"M3 rezago 12 + controles externos: z_tc_lag, z_petroleo_lag, z_infl_ext_lag",0.3191892371725687,0.030135756438097176,0.8967556276465996,0.7081123575922961,0.07570092969932693,0.5597412617854167,0.8564834533991754,4.365959239911629,0.18746617734948923,3.998532283987232,4.733386195836027,4.32,4.98,4
2023-11-01,S5,"M3 rezago 12 + controles externos: z_tc_lag, z_petroleo_lag, z_infl_ext_lag",0.3191892371725687,0.030135756438097176,0.8967556276465996,0.7081123575922961,0.07570092969932693,0.5597412617854167,0.8564834533991754,4.365959239911629,0.1874661773494827,3.998532283987245,4.7333861958360135,4.43,4.3,4
2023-12-01,S5,"M3 rezago 12 + controles externos: z_tc_lag, z_petroleo_lag, z_infl_ext_lag",0.3191892371725687,0.03013575643809718,0.8967556276465997,0.7081123575922958,0.0757009296993271,0.5597412617854163,0.8564834533991754,4.365959239911636,0.18746617734948626,3.9985322839872444,4.733386195836027,4.32,4.18,4
2024-01-01,S5,"M3 rezago 12 + controles externos: z_tc_lag, z_petroleo_lag, z_infl_ext_lag",0.3191892371725687,0.03013575643809718,0.8967556276465997,0.7081123575922958,0.07570092969932717,0.55974126178541606,0.8564834533991756,4.365959239911636,0.18746617734949975,3.9985322839872177,4.7333861958360535,4.29,3.82,4
2024-02-01,S5,"M3 rezago 12 + controles externos: z_tc_lag, z_petroleo_lag, z_infl_ext_lag",0.3191892371725687,0.03013575643809718,0.8967556276465997,0.7081123575922958,0.07570092969932712,0.5597412617854162,0.8564834533991755,4.365959239911636,0.18746617734949053,3.998532283987236,4.733386195836036,4.28,3.3,4
2024-03-01,S5,"M3 rezago 12 + controles externos: z_tc_lag, z_petroleo_lag, z_infl_ext_lag",0.31918923717256875,0.030135756438097183,0.8967556276465997,0.7081123575922957,0.07570092969932708,0.5597412617854162,0.8564834533991753,4.3659592399116365,0.1874661773494877,3.998532283987242,4.73338619583603,4.14,3.24,4
2024-04-01,S5,"M3 rezago 12 + controles externos: z_tc_lag, z_petroleo_lag, z_infl_ext_lag",0.31918923717256875,0.030135756438097183,0.8967556276465996,0.7081123575922961,0.07570092969932696,0.5597412617854167,0.8564834533991754,4.36595923991163,0.18746617734949064,3.99853228398723,4.73338619583603,4.02,3.36,4
2024-05-01,S5,"M3 rezago 12 + controles externos: z_tc_lag, z_petroleo_lag, z_infl_ext_lag",0.31918923717256875,0.03013575643809718,0.8967556276465996,0.7081123575922961,0.07570092969932699,0.5597412617854167,0.8564834533991754,4.36595923991163,0.18746617734948323,3.998532283987245,4.733386195836016,3.99,3.76,4
2024-06-01,S5,"M3 rezago 12 + controles externos: z_tc_lag, z_petroleo_lag, z_infl_ext_lag",0.31918923717256875,0.03013575643809718,0.8967556276465997,0.7081123575922958,0.07570092969932711,0.5597412617854162,0.8564834533991755,4.3659592399116365,0.18746617734948565,3.998532283987246,4.733386195836027,4.02,3.62,4
2024-07-01,S5,"M3 rezago 12 + controles externos: z_tc_lag, z_petroleo_lag, z_infl_ext_lag",0.31918923717256875,0.030135756438097187,0.8967556276465996,0.7081123575922961,0.07570092969932697,0.5597412617854167,0.8564834533991754,4.36595923991163,0.18746617734948912,3.9985322839872333,4.733386195836028,4.07,3.78,4
2024-08-01,S5,"M3 rezago 12 + controles externos: z_tc_lag, z_petroleo_lag, z_infl_ext_lag",0.3191892371725688,0.030135756438097183,0.8967556276465997,0.7081123575922957,0.07570092969932711,0.55974126178541606,0.8564834533991754,4.365959239911637,0.18746617734949259,3.9985322839872337,4.733386195836041,4.02,3.07,4
2024-09-01,S5,"M3 rezago 12 + controles externos: z_tc_lag, z_petroleo_lag, z_infl_ext_lag",0.31918923717256875,0.030135756438097187,0.8967556276465996,0.7081123575922961,0.07570092969932699,0.5597412617854167,0.8564834533991754,4.36595923991163,0.18746617734948887,3.9985322839872337,4.733386195836027,3.97,2.11,4
2024-10-01,S5,"M3 rezago 12 + controles externos: z_tc_lag, z_petroleo_lag, z_infl_ext_lag",0.31918923717256875,0.030135756438097187,0.8967556276465998,0.7081123575922954,0.07570092969932722,0.5597412617854156,0.8564834533991752,4.365959239911644,0.18746617734949553,3.998532283987234,4.7333861958360535,3.96,1.16,4
2024-11-01,S5,"M3 rezago 12 + controles externos: z_tc_lag, z_petroleo_lag, z_infl_ext_lag",0.31918923717256875,0.030135756438097187,0.8967556276465998,0.7081123575922954,0.07570092969932726,0.5597412617854155,0.8564834533991753,4.365959239911644,0.18746617734949464,3.9985322839872355,4.733386195836052,3.66,1.66,4
2024-12-01,S5,"M3 rezago 12 + controles externos: z_tc_lag, z_petroleo_lag, z_infl_ext_lag",0.3191892371725688,0.030135756438097187,0.8967556276465997,0.7081123575922957,0.07570092969932711,0.55974126178541606,0.8564834533991754,4.365959239911637,0.18746617734948787,3.9985322839872426,4.733386195836032,3.95,1.7,4
2025-01-01,S5,"M3 rezago 12 + controles externos: z_tc_lag, z_petroleo_lag, z_infl_ext_lag",0.31918923717256875,0.030135756438097187,0.8967556276465996,0.7081123575922961,0.07570092969932703,0.5597412617854166,0.8564834533991755,4.36595923991163,0.18746617734949242,3.9985322839872266,4.733386195836034,3.76,2.19,4
2025-02-01,S5,"M3 rezago 12 + controles externos: z_tc_lag, z_petroleo_lag, z_infl_ext_lag",0.3191892371725687,0.03013575643809719,0.8967556276465997,0.7081123575922956,0.07570092969932711,0.55974126178541594,0.8564834533991753,4.365959239911636,0.18746617734948695,3.9985322839872426,4.733386195836029,3.79,1.79,4
2025-03-01,S5,"M3 rezago 12 + controles externos: z_tc_lag, z_petroleo_lag, z_infl_ext_lag",0.31918923717256875,0.03013575643809719,0.8967556276465997,0.7081123575922956,0.07570092969932708,0.55974126178541606,0.8564834533991752,4.3659592399116365,0.18746617734948864,3.9985322839872404,4.733386195836033,3.71,1.57,4
2025-04-01,S5,"M3 rezago 12 + controles externos: z_tc_lag, z_petroleo_lag, z_infl_ext_lag",0.3191892371725687,0.03013575643809719,0.8967556276465998,0.7081123575922954,0.07570092969932721,0.5597412617854156,0.8564834533991752,4.365959239911643,0.1874661773494911,3.9985322839872417,4.733386195836044,3.62,1.47,4
2025-05-01,S5,"M3 rezago 12 + controles externos: z_tc_lag, z_petroleo_lag, z_infl_ext_lag",0.3191892371725687,0.030135756438097187,0.8967556276465996,0.7081123575922961,0.07570092969932697,0.5597412617854167,0.8564834533991754,4.365959239911629,0.18746617734948692,3.998532283987237,4.733386195836022,3.55,1.69,4
2025-06-01,S5,"M3 rezago 12 + controles externos: z_tc_lag, z_petroleo_lag, z_infl_ext_lag",0.3191892371725687,0.030135756438097187,0.8967556276465997,0.7081123575922957,0.07570092969932705,0.5597412617854162,0.8564834533991753,4.365959239911636,0.18746617734948798,3.998532283987241,4.73338619583603,3.53,1.79,4
2025-07-01,S5,"M3 rezago 12 + controles externos: z_tc_lag, z_petroleo_lag, z_infl_ext_lag",0.31918923717256875,0.030135756438097183,0.8967556276465996,0.7081123575922961,0.07570092969932693,0.5597412617854167,0.8564834533991754,4.36595923991163,0.18746617734949048,3.9985322839872306,4.73338619583603,3.54,1.17,4
2025-08-01,S5,"M3 rezago 12 + controles externos: z_tc_lag, z_petroleo_lag, z_infl_ext_lag",0.3191892371725687,0.030135756438097187,0.8967556276465996,0.7081123575922961,0.07570092969932694,0.5597412617854167,0.8564834533991754,4.365959239911629,0.18746617734949025,3.99853228398723,4.733386195836029,3.49,1.17,4
2025-09-01,S5,"M3 rezago 12 + controles externos: z_tc_lag, z_petroleo_lag, z_infl_ext_lag",0.31918923717256875,0.030135756438097187,0.8967556276465996,0.7081123575922961,0.07570092969932694,0.5597412617854167,0.8564834533991754,4.36595923991163,0.18746617734948576,3.99853228398724,4.733386195836021,3.42,1.47,4
2025-10-01,S5,"M3 rezago 12 + controles externos: z_tc_lag, z_petroleo_lag, z_infl_ext_lag",0.3191892371725687,0.030135756438097187,0.8967556276465994,0.7081123575922963,0.0757009296993268,0.5597412617854173,0.8564834533991753,4.365959239911623,0.18746617734948753,3.9985322839872293,4.733386195836017,3.37,1.26,4
2025-11-01,S5,"M3 rezago 12 + controles externos: z_tc_lag, z_petroleo_lag, z_infl_ext_lag",0.31918923717256864,0.03013575643809719,0.8967556276465994,0.7081123575922963,0.07570092969932683,0.5597412617854172,0.8564834533991754,4.365959239911622,0.1874661773494899,3.998532283987224,4.733386195836021,3.3,1.73,4
2025-12-01,S5,"M3 rezago 12 + controles externos: z_tc_lag, z_petroleo_lag, z_infl_ext_lag",0.3191892371725687,0.030135756438097183,0.8967556276465994,0.7081123575922964,0.07570092969932683,0.5597412617854173,0.8564834533991755,4.365959239911623,0.1874661773494882,3.998532283987228,4.733386195836019,3.72,1.65,4
2026-01-01,S5,"M3 rezago 12 + controles externos: z_tc_lag, z_petroleo_lag, z_infl_ext_lag",0.3191892371725686,0.030135756438097183,0.8967556276465994,0.7081123575922964,0.07570092969932683,0.5597412617854173,0.8564834533991755,4.365959239911621,0.1874661773494872,3.998532283987228,4.733386195836014,3.64,0.96,4
2026-02-01,S5,"M3 rezago 12 + controles externos: z_tc_lag, z_petroleo_lag, z_infl_ext_lag",0.31918923717256864,0.030135756438097187,0.8967556276465994,0.7081123575922963,0.07570092969932685,0.5597412617854172,0.8564834533991754,4.365959239911622,0.18746617734949217,3.9985322839872195,4.733386195836025,3.62,1.56,4
2026-03-01,S5,"M3 rezago 12 + controles externos: z_tc_lag, z_petroleo_lag, z_infl_ext_lag",0.31918923717256864,0.030135756438097187,0.8967556276465994,0.7081123575922963,0.07570092969932683,0.5597412617854172,0.8564834533991754,4.365959239911622,0.18746617734949295,3.9985322839872177,4.733386195836027,3.61,2.5,4
2026-04-01,S5,"M3 rezago 12 + controles externos: z_tc_lag, z_petroleo_lag, z_infl_ext_lag",0.3191892371725686,0.030135756438097183,0.8967556276465994,0.7081123575922964,0.07570092969932685,0.5597412617854173,0.8564834533991755,4.365959239911621,0.18746617734949247,3.9985322839872177,4.733386195836025,3.71,3.24,4
2026-05-01,S5,"M3 rezago 12 + controles externos: z_tc_lag, z_petroleo_lag, z_infl_ext_lag",0.3191892371725686,0.030135756438097183,0.8967556276465994,0.7081123575922964,0.07570092969932685,0.5597412617854173,0.8564834533991755,4.365959239911621,0.18746617734949259,3.9985322839872177,4.733386195836025,3.74,2.86,4
2026-06-01,S5,"M3 rezago 12 + controles externos: z_tc_lag, z_petroleo_lag, z_infl_ext_lag",0.3191892371725686,0.030135756438097183,0.8967556276465994,0.7081123575922964,0.07570092969932685,0.5597412617854173,0.8564834533991755,4.365959239911621,0.1874661773494903,3.998532283987222,4.733386195836021,3.71,2.27,4
2011-02-01,S6,"M3 cuatro rezagos + controles externos: z_tc_lag, z_petroleo_lag, z_infl_ext_lag",0.31918923717289643,0.030135756438052167,0.8967556276466573,0.7081123575925689,0.07570093300189659,0.559741255312772,0.8564834598723657,4.365959239916871,0.18746618560951478,3.9985322678031214,4.733386212030621,5.81,5.24,5
2011-03-01,S6,"M3 cuatro rezagos + controles externos: z_tc_lag, z_petroleo_lag, z_infl_ext_lag",0.3191892371728964,0.030135756438052164,0.8967556276466573,0.708112357592569,0.07570093300222301,0.5597412553121324,0.8564834598730056,4.3659592399168705,0.18746618566762097,3.9985322676892348,4.733386212144507,6.13,4.99,5
2011-04-01,S6,"M3 cuatro rezagos + controles externos: z_tc_lag, z_petroleo_lag, z_infl_ext_lag",0.31918923717290826,0.03013575643810323,0.8967556276466008,0.7081123575922341,0.07570093291359818,0.5597412554854989,0.8564834596989693,4.365959239916708,0.18746618554722413,3.9985322679250457,4.73338621190837,6.19,5.76114812916453,5
2011-05-01,S6,"M3 cuatro rezagos + controles externos: z_tc_lag, z_petroleo_lag, z_infl_ext_lag",0.3191892371720288,0.030135756438105638,0.8967556276466695,0.7081123575920165,0.0757009309888977,0.559741259257625,0.8564834559264081,4.365959239908926,0.18746616352887724,3.99853231107243,4.7333861687454215,5.74,6.3930220625962,5
2011-06-01,S6,"M3 cuatro rezagos + controles externos: z_tc_lag, z_petroleo_lag, z_infl_ext_lag",0.319189237172576,0.030135756438073556,0.896755627646634,0.7081123575924276,0.07570093207250825,0.5597412571341984,0.8564834580506568,4.3659592399123746,0.18746618253421682,3.9985322738260978,4.733386205998651,6.16,6.42229936695938,5
2011-07-01,S6,"M3 cuatro rezagos + controles externos: z_tc_lag, z_petroleo_lag, z_infl_ext_lag",0.3191892371729115,0.030135756438089578,0.89675562764657,0.7081123575924533,0.0757009320806064,0.559741257118352,0.8564834580665546,4.3659592399141,0.18746618335096138,3.998532272227034,4.733386207601167,5.88,7.03967446592064,5
2011-08-01,S6,"M3 cuatro rezagos + controles externos: z_tc_lag, z_petroleo_lag, z_infl_ext_lag",0.3191892371728654,0.03013575643809083,0.8967556276465736,0.7081123575924311,0.07570093206447766,0.5597412571499416,0.8564834580349205,4.365959239913757,0.18746618304159102,3.998532272833045,4.733386206994468,5.95,7.6258261311642,5
2011-09-01,S6,"M3 cuatro rezagos + controles externos: z_tc_lag, z_petroleo_lag, z_infl_ext_lag",0.3191892371728306,0.030135756438091476,0.8967556276465771,0.7081123575924148,0.07570093206483394,0.5597412571492268,0.8564834580356027,4.365959239913532,0.18746618299428894,3.9985322729255306,4.7333862069015336,6.43,7.24931562404949,5
2011-10-01,S6,"M3 cuatro rezagos + controles externos: z_tc_lag, z_petroleo_lag, z_infl_ext_lag",0.3191892371726659,0.03013575643809296,0.8967556276465984,0.70811235759234,0.07570093206559246,0.5597412571476655,0.8564834580370145,4.365959239912641,0.1874661831517287,3.9985322726160635,4.733386207209219,6.51,6.65,5
2011-11-01,S6,"M3 cuatro rezagos + controles externos: z_tc_lag, z_petroleo_lag, z_infl_ext_lag",0.31918923717249675,0.030135756438092163,0.8967556276466304,0.7081123575922574,0.07570093207161181,0.5597412571357852,0.8564834580487297,4.365959239912189,0.18746618317046615,3.9985322725788865,4.733386207245491,6.06,6.05484387510006,5
2011-12-01,S6,"M3 cuatro rezagos + controles externos: z_tc_lag, z_petroleo_lag, z_infl_ext_lag",0.3191892371724291,0.030135756438090945,0.8967556276466393,0.7081123575922441,0.07570093207175461,0.559741257135492,0.8564834580489962,4.36595923991172,0.1874661832037256,3.99853227251323,4.733386207310209,5.62,6.2,5
2012-01-01,S6,"M3 cuatro rezagos + controles externos: z_tc_lag, z_petroleo_lag, z_infl_ext_lag",0.31918923717241154,0.03013575643809131,0.8967556276466411,0.7081123575922356,0.07570093207231286,0.5597412571343893,0.8564834580500819,4.365959239911609,0.18746618327679943,3.9985322723698973,4.733386207453321,5.95,5.44,4.5
2012-02-01,S6,"M3 cuatro rezagos + controles externos: z_tc_lag, z_petroleo_lag, z_infl_ext_lag",0.3191892371724401,0.030135756438092146,0.896755627646634,0.7081123575922476,0.07570093207194309,0.559741257135126,0.8564834580493691,4.365959239911625,0.1874661832205604,3.9985322724801398,4.73338620734311,6.11,5.17,4.5
2012-03-01,S6,"M3 cuatro rezagos + controles externos: z_tc_lag, z_petroleo_lag, z_infl_ext_lag",0.31918923717242137,0.030135756438092246,0.8967556276466375,0.7081123575922366,0.07570093207186002,0.5597412571352779,0.8564834580491952,4.365959239911587,0.18746618320943467,3.9985322725019072,4.733386207321266,5.47,4.55,4.5
2012-04-01,S6,"M3 cuatro rezagos + controles externos: z_tc_lag, z_petroleo_lag, z_infl_ext_lag",0.31918923717241876,0.03013575643809223,0.8967556276466375,0.7081123575922368,0.07570093207197469,0.5597412571350533,0.8564834580494203,4.36595923991155,0.18746618322971495,3.9985322724621226,4.7333862073609785,5.54,4.27,4.5
2012-05-01,S6,"M3 cuatro rezagos + controles externos: z_tc_lag, z_petroleo_lag, z_infl_ext_lag",0.3191892371724507,0.03013575643809233,0.8967556276466322,0.7081123575922508,0.07570093207189225,0.5597412571352289,0.8564834580492726,4.365959239911675,0.18746618322465694,3.9985322724721604,4.733386207351189,5.28,3.9,4.5
2012-06-01,S6,"M3 cuatro rezagos + controles externos: z_tc_lag, z_petroleo_lag, z_infl_ext_lag",0.31918923717243847,0.030135756438092295,0.8967556276466313,0.7081123575922537,0.07570093207183691,0.5597412571353403,0.856483458049167,4.365959239911453,0.18746618321490632,3.9985322724910493,4.733386207331856,5.11,3.47,4.5
2012-07-01,S6,"M3 cuatro rezagos + controles externos: z_tc_lag, z_petroleo_lag, z_infl_ext_lag",0.31918923717244907,0.03013575643809259,0.8967556276466304,0.7081123575922533,0.07570093207196206,0.5597412571350946,0.8564834580494121,4.365959239911562,0.18746618322578595,3.9985322724698347,4.7333862073532895,4.9,2.86,4.5
2012-08-01,S6,"M3 cuatro rezagos + controles externos: z_tc_lag, z_petroleo_lag, z_infl_ext_lag",0.31918923717244735,0.030135756438092617,0.8967556276466304,0.708112357592253,0.07570093207196689,0.5597412571350848,0.8564834580494212,4.36595923991154,0.1874661832293379,3.998532272462851,4.733386207360229,4.55,2.71,4.5
2012-09-01,S6,"M3 cuatro rezagos + controles externos: z_tc_lag, z_petroleo_lag, z_infl_ext_lag",0.31918923717245024,0.030135756438092832,0.8967556276466309,0.7081123575922497,0.07570093207188011,0.5597412571352516,0.8564834580492477,4.365959239911619,0.1874661832208693,3.998532272479528,4.73338620734371,5.17,3.28,4.5
2012-10-01,S6,"M3 cuatro rezagos + controles externos: z_tc_lag, z_petroleo_lag, z_infl_ext_lag",0.31918923717245046,0.030135756438092902,0.8967556276466304,0.7081123575922503,0.07570093207190841,0.5597412571351967,0.8564834580493039,4.3659592399116,0.18746618322068903,3.9985322724798626,4.7333862073433375,4.76,3.35,4.5
2012-11-01,S6,"M3 cuatro rezagos + controles externos: z_tc_lag, z_petroleo_lag, z_infl_ext_lag",0.3191892371724494,0.03013575643809303,0.8967556276466313,0.7081123575922466,0.0757009320719208,0.5597412571351688,0.8564834580493244,4.365959239911646,0.18746618322400338,3.9985322724734127,4.73338620734988,4.82,3.11,4.5
2012-12-01,S6,"M3 cuatro rezagos + controles externos: z_tc_lag, z_petroleo_lag, z_infl_ext_lag",0.31918923717245,0.030135756438093003,0.8967556276466313,0.7081123575922468,0.07570093207192947,0.5597412571351519,0.8564834580493417,4.3659592399116525,0.1874661832239577,3.9985322724735086,4.733386207349796,4.93,3.45,4.5
2013-01-01,S6,"M3 cuatro rezagos + controles externos: z_tc_lag, z_petroleo_lag, z_infl_ext_lag",0.31918923717245157,0.030135756438093318,0.8967556276466304,0.7081123575922463,0.07570093207192478,0.5597412571351608,0.8564834580493319,4.36595923991164,0.1874661832240728,3.9985322724732706,4.7333862073500095,4.83,3.86,4
2013-02-01,S6,"M3 cuatro rezagos + controles externos: z_tc_lag, z_petroleo_lag, z_infl_ext_lag",0.3191892371724475,0.03013575643809297,0.8967556276466304,0.7081123575922497,0.0757009320719283,0.5597412571351572,0.8564834580493421,4.365959239911563,0.18746618322733366,3.998532272466802,4.7333862073563235,4.61,4.18,4
2013-03-01,S6,"M3 cuatro rezagos + controles externos: z_tc_lag, z_petroleo_lag, z_infl_ext_lag",0.31918923717244807,0.030135756438092957,0.8967556276466304,0.7081123575922498,0.07570093207192011,0.5597412571351733,0.8564834580493262,4.365959239911571,0.18746618322509592,3.998532272471196,4.733386207351946,4.66,4.34,4
2013-04-01,S6,"M3 cuatro rezagos + controles externos: z_tc_lag, z_petroleo_lag, z_infl_ext_lag",0.31918923717245196,0.03013575643809329,0.89675562764663,0.7081123575922478,0.0757009320719521,0.5597412571351086,0.856483458049387,4.365959239911617,0.18746618322837794,3.99853227246481,4.733386207358424,4.93,4.13,4
2013-05-01,S6,"M3 cuatro rezagos + controles externos: z_tc_lag, z_petroleo_lag, z_infl_ext_lag",0.3191892371724545,0.030135756438093467,0.8967556276466295,0.7081123575922473,0.07570093207192796,0.5597412571351554,0.8564834580493392,4.365959239911636,0.18746618322586986,3.998532272469744,4.7333862073535276,4.83,4.27,4
2013-06-01,S6,"M3 cuatro rezagos + controles externos: z_tc_lag, z_petroleo_lag, z_infl_ext_lag",0.3191892371724531,0.030135756438093308,0.8967556276466291,0.7081123575922501,0.0757009320719185,0.5597412571351768,0.8564834580493235,4.3659592399115805,0.187466183225389,3.9985322724706314,4.733386207352529,5.21,4.79,4
2013-07-01,S6,"M3 cuatro rezagos + controles externos: z_tc_lag, z_petroleo_lag, z_infl_ext_lag",0.31918923717245345,0.030135756438093384,0.8967556276466291,0.7081123575922494,0.07570093207192231,0.5597412571351686,0.8564834580493302,4.365959239911589,0.18746618322525166,3.9985322724709094,4.733386207352269,4.81,4.74,4
2013-08-01,S6,"M3 cuatro rezagos + controles externos: z_tc_lag, z_petroleo_lag, z_infl_ext_lag",0.3191892371724501,0.030135756438093263,0.8967556276466295,0.7081123575922493,0.07570093207192809,0.5597412571351572,0.8564834580493415,4.365959239911564,0.1874661832258868,3.998532272469639,4.7333862073534885,4.89,4.42,4
2013-09-01,S6,"M3 cuatro rezagos + controles externos: z_tc_lag, z_petroleo_lag, z_infl_ext_lag",0.31918923717245157,0.030135756438093346,0.8967556276466295,0.7081123575922486,0.07570093207192341,0.5597412571351656,0.8564834580493315,4.3659592399115885,0.18746618322436864,3.998532272472639,4.733386207350538,4.91,4.21,4
2013-10-01,S6,"M3 cuatro rezagos + controles externos: z_tc_lag, z_petroleo_lag, z_infl_ext_lag",0.31918923717245257,0.030135756438093183,0.8967556276466295,0.7081123575922501,0.07570093207191761,0.5597412571351785,0.8564834580493217,4.365959239911592,0.18746618322453495,3.9985322724723167,4.7333862073508675,4.71,4.15,4
2013-11-01,S6,"M3 cuatro rezagos + controles externos: z_tc_lag, z_petroleo_lag, z_infl_ext_lag",0.3191892371724538,0.030135756438093023,0.8967556276466304,0.7081123575922491,0.07570093207191243,0.5597412571351876,0.8564834580493106,4.3659592399116525,0.18746618322415476,3.9985322724731223,4.733386207350183,4.7,4.63,4
2013-12-01,S6,"M3 cuatro rezagos + controles externos: z_tc_lag, z_petroleo_lag, z_infl_ext_lag",0.3191892371724528,0.03013575643809315,0.8967556276466304,0.7081123575922479,0.0757009320719212,0.5597412571351692,0.8564834580493266,4.365959239911647,0.18746618322508102,3.9985322724713015,4.733386207351993,5.19,4.39,4
2014-01-01,S6,"M3 cuatro rezagos + controles externos: z_tc_lag, z_petroleo_lag, z_infl_ext_lag",0.31918923717245407,0.030135756438093218,0.8967556276466309,0.708112357592246,0.07570093207191592,0.55974125713517775,0.8564834580493143,4.365959239911694,0.18746618322405512,3.9985322724733594,4.733386207350029,4.94,4.14,4
2014-02-01,S6,"M3 cuatro rezagos + controles externos: z_tc_lag, z_petroleo_lag, z_infl_ext_lag",0.31918923717245434,0.03013575643809314,0.8967556276466309,0.7081123575922468,0.07570093207191946,0.5597412571351716,0.8564834580493219,4.365959239911693,0.18746618322546527,3.9985322724705945,4.733386207352792,4.68,3.5,4
2014-03-01,S6,"M3 cuatro rezagos + controles externos: z_tc_lag, z_petroleo_lag, z_infl_ext_lag",0.3191892371724528,0.03013575643809312,0.8967556276466311,0.7081123575922463,0.07570093207192259,0.559741257135165,0.8564834580493277,4.365959239911684,0.1874661832252369,3.9985322724710333,4.733386207352336,4.54,3.25,4
2014-04-01,S6,"M3 cuatro rezagos + controles externos: z_tc_lag, z_petroleo_lag, z_infl_ext_lag",0.31918923717245296,0.03013575643809327,0.8967556276466311,0.7081123575922448,0.0757009320719203,0.5597412571351679,0.8564834580493217,4.365959239911695,0.18746618322496378,3.9985322724715795,4.733386207351811,4.66,3.27,4
2014-05-01,S6,"M3 cuatro rezagos + controles externos: z_tc_lag, z_petroleo_lag, z_infl_ext_lag",0.3191892371724552,0.030135756438093513,0.8967556276466304,0.7081123575922443,0.07570093207191239,0.559741257135183,0.8564834580493057,4.365959239911701,0.18746618322395672,3.9985322724735592,4.733386207349843,4.28,3.22,4
2014-06-01,S6,"M3 cuatro rezagos + controles externos: z_tc_lag, z_petroleo_lag, z_infl_ext_lag",0.3191892371724532,0.030135756438093346,0.8967556276466306,0.7081123575922453,0.07570093207191902,0.559741257135171,0.8564834580493197,4.365959239911677,0.18746618322513106,3.9985322724712336,4.733386207352121,4.36,3.13,4
2014-07-01,S6,"M3 cuatro rezagos + controles externos: z_tc_lag, z_petroleo_lag, z_infl_ext_lag",0.3191892371724541,0.03013575643809346,0.89675562764663,0.7081123575922461,0.0757009320719202,0.5597412571351694,0.8564834580493228,4.365959239911657,0.18746618322525221,3.998532272470976,4.733386207352338,4.41,3.41,4
2014-08-01,S6,"M3 cuatro rezagos + controles externos: z_tc_lag, z_petroleo_lag, z_infl_ext_lag",0.31918923717245556,0.03013575643809365,0.89675562764663,0.7081123575922443,0.07570093207191751,0.559741257135173,0.8564834580493157,4.365959239911688,0.1874661832247836,3.9985322724719254,4.733386207351451,4.06,3.7,4
2014-09-01,S6,"M3 cuatro rezagos + controles externos: z_tc_lag, z_petroleo_lag, z_infl_ext_lag",0.31918923717245606,0.030135756438093804,0.89675562764663,0.7081123575922428,0.07570093207191561,0.5597412571351751,0.8564834580493105,4.365959239911703,0.18746618322460426,3.998532272472292,4.733386207351114,4.13,3.45,4
2014-10-01,S6,"M3 cuatro rezagos + controles externos: z_tc_lag, z_petroleo_lag, z_infl_ext_lag",0.3191892371724566,0.030135756438093797,0.8967556276466299,0.7081123575922432,0.07570093207191626,0.5597412571351743,0.8564834580493121,4.365959239911704,0.1874661832243738,3.998532272472745,4.733386207350663,4.17,3.64,4
2014-11-01,S6,"M3 cuatro rezagos + controles externos: z_tc_lag, z_petroleo_lag, z_infl_ext_lag",0.3191892371724571,0.030135756438093787,0.8967556276466296,0.7081123575922439,0.0757009320719224,0.559741257135163,0.8564834580493248,4.365959239911697,0.1874661832257217,3.998532272470096,4.733386207353298,4.16,3.38,4
2014-12-01,S6,"M3 cuatro rezagos + controles externos: z_tc_lag, z_petroleo_lag, z_infl_ext_lag",0.31918923717245573,0.030135756438093818,0.8967556276466297,0.7081123575922432,0.07570093207191486,0.559741257135177,0.8564834580493095,4.365959239911687,0.18746618322475173,3.998532272471987,4.733386207351387,4.21,2.95,4
2015-01-01,S6,"M3 cuatro rezagos + controles externos: z_tc_lag, z_petroleo_lag, z_infl_ext_lag",0.31918923717245645,0.030135756438093915,0.8967556276466295,0.708112357592243,0.07570093207191911,0.5597412571351685,0.8564834580493175,4.365959239911689,0.18746618322500433,3.998532272471494,4.733386207351884,3.89,2.32,4
2015-02-01,S6,"M3 cuatro rezagos + controles externos: z_tc_lag, z_petroleo_lag, z_infl_ext_lag",0.3191892371724564,0.03013575643809385,0.8967556276466297,0.708112357592243,0.07570093207191855,0.5597412571351696,0.8564834580493164,4.365959239911698,0.18746618322499037,3.9985322724715298,4.733386207351866,4.07,2.44,4
2015-03-01,S6,"M3 cuatro rezagos + controles externos: z_tc_lag, z_petroleo_lag, z_infl_ext_lag",0.31918923717245584,0.03013575643809392,0.8967556276466296,0.7081123575922426,0.07570093207191662,0.559741257135173,0.8564834580493121,4.365959239911688,0.18746618322482314,3.9985322724718477,4.733386207351528,4.11,2.43,4
2015-04-01,S6,"M3 cuatro rezagos + controles externos: z_tc_lag, z_petroleo_lag, z_infl_ext_lag",0.31918923717245484,0.03013575643809388,0.8967556276466297,0.7081123575922427,0.07570093207192115,0.5597412571351641,0.8564834580493212,4.365959239911678,0.18746618322506095,3.998532272471372,4.733386207351985,3.82,2.58,4
2015-05-01,S6,"M3 cuatro rezagos + controles externos: z_tc_lag, z_petroleo_lag, z_infl_ext_lag",0.3191892371724554,0.030135756438093957,0.8967556276466296,0.7081123575922423,0.07570093207191694,0.5597412571351721,0.8564834580493126,4.365959239911684,0.18746618322479278,3.9985322724719037,4.733386207351465,3.57,2.55,4
2015-06-01,S6,"M3 cuatro rezagos + controles externos: z_tc_lag, z_petroleo_lag, z_infl_ext_lag",0.3191892371724551,0.030135756438093908,0.8967556276466297,0.7081123575922424,0.07570093207191896,0.5597412571351682,0.8564834580493167,4.3659592399116836,0.18746618322489614,3.9985322724717003,4.733386207351667,3.67,2.39,4
2015-07-01,S6,"M3 cuatro rezagos + controles externos: z_tc_lag, z_petroleo_lag, z_infl_ext_lag",0.31918923717245545,0.03013575643809395,0.8967556276466293,0.7081123575922432,0.07570093207192073,0.5597412571351655,0.8564834580493209,4.365959239911664,0.18746618322499756,3.998532272471482,4.733386207351846,3.56,2.32,4
2015-08-01,S6,"M3 cuatro rezagos + controles externos: z_tc_lag, z_petroleo_lag, z_infl_ext_lag",0.3191892371724555,0.030135756438093946,0.8967556276466295,0.7081123575922427,0.07570093207192119,0.5597412571351641,0.8564834580493212,4.365959239911678,0.18746618322525882,3.9985322724709844,4.733386207352372,3.31,1.96,4
2015-09-01,S6,"M3 cuatro rezagos + controles externos: z_tc_lag, z_petroleo_lag, z_infl_ext_lag",0.31918923717245523,0.030135756438093922,0.8967556276466295,0.708112357592243,0.0757009320719188,0.5597412571351691,0.8564834580493169,4.365959239911673,0.18746618322496977,3.9985322724715453,4.7333862073518,3.4,1.88,4
2015-10-01,S6,"M3 cuatro rezagos + controles externos: z_tc_lag, z_petroleo_lag, z_infl_ext_lag",0.3191892371724554,0.030135756438093932,0.8967556276466295,0.7081123575922428,0.07570093207192012,0.5597412571351663,0.8564834580493192,4.365959239911676,0.18746618322525552,3.998532272470988,4.733386207352363,3.28,2.23,4
2015-11-01,S6,"M3 cuatro rezagos + controles externos: z_tc_lag, z_petroleo_lag, z_infl_ext_lag",0.31918923717245584,0.03013575643809402,0.8967556276466296,0.7081123575922417,0.07570093207191764,0.5597412571351701,0.8564834580493133,4.365959239911693,0.18746618322506226,3.9985322724713845,4.733386207352002,3.37,2.51,4
2015-12-01,S6,"M3 cuatro rezagos + controles externos: z_tc_lag, z_petroleo_lag, z_infl_ext_lag",0.31918923717245545,0.030135756438093995,0.8967556276466297,0.7081123575922416,0.07570093207191637,0.5597412571351724,0.8564834580493107,4.365959239911693,0.18746618322497605,3.9985322724715537,4.733386207351833,3.65,3.07,4
2016-01-01,S6,"M3 cuatro rezagos + controles externos: z_tc_lag, z_petroleo_lag, z_infl_ext_lag",0.3191892371724555,0.030135756438094,0.89675562764663,0.7081123575922409,0.07570093207191678,0.559741257135171,0.8564834580493108,4.365959239911708,0.18746618322496228,3.9985322724715955,4.733386207351821,3.8,4.38,4
2016-02-01,S6,"M3 cuatro rezagos + controles externos: z_tc_lag, z_petroleo_lag, z_infl_ext_lag",0.31918923717245556,0.03013575643809397,0.8967556276466299,0.7081123575922414,0.07570093207191457,0.5597412571351759,0.856483458049307,4.3659592399116995,0.18746618322470424,3.9985322724720924,4.733386207351306,4.09,4.27,4
2016-03-01,S6,"M3 cuatro rezagos + controles externos: z_tc_lag, z_petroleo_lag, z_infl_ext_lag",0.3191892371724553,0.030135756438094016,0.89675562764663,0.7081123575922408,0.0757009320719148,0.5597412571351748,0.8564834580493068,4.365959239911706,0.18746618322476583,3.998532272471978,4.733386207351433,3.99,4.26,4
2016-04-01,S6,"M3 cuatro rezagos + controles externos: z_tc_lag, z_petroleo_lag, z_infl_ext_lag",0.31918923717245523,0.030135756438093998,0.8967556276466299,0.7081123575922412,0.07570093207191629,0.5597412571351722,0.8564834580493103,4.365959239911697,0.18746618322505654,3.998532272471399,4.733386207351995,4.19,4.09,4
2016-05-01,S6,"M3 cuatro rezagos + controles externos: z_tc_lag, z_petroleo_lag, z_infl_ext_lag",0.31918923717245495,0.03013575643809395,0.8967556276466297,0.708112357592242,0.07570093207191747,0.5597412571351708,0.8564834580493133,4.3659592399116836,0.18746618322494807,3.9985322724715986,4.733386207351769,4.16,4.36,4
2016-06-01,S6,"M3 cuatro rezagos + controles externos: z_tc_lag, z_petroleo_lag, z_infl_ext_lag",0.31918923717245534,0.03013575643809394,0.8967556276466297,0.7081123575922421,0.0757009320719174,0.559741257135171,0.8564834580493133,4.365959239911688,0.187466183225129,3.998532272471248,4.733386207352128,4.39,4.43,4
2016-07-01,S6,"M3 cuatro rezagos + controles externos: z_tc_lag, z_petroleo_lag, z_infl_ext_lag",0.319189237172455,0.030135756438093884,0.8967556276466297,0.7081123575922427,0.0757009320719162,0.5597412571351739,0.8564834580493115,4.365959239911681,0.1874661832249944,3.998532272471505,4.733386207351857,4.41,4.62,4
2016-08-01,S6,"M3 cuatro rezagos + controles externos: z_tc_lag, z_petroleo_lag, z_infl_ext_lag",0.31918923717245534,0.030135756438093936,0.8967556276466297,0.7081123575922421,0.07570093207191574,0.5597412571351742,0.85648345804931,4.365959239911688,0.18746618322506112,3.9985322724713814,4.733386207351995,4.45,4.74,4
2016-09-01,S6,"M3 cuatro rezagos + controles externos: z_tc_lag, z_petroleo_lag, z_infl_ext_lag",0.3191892371724548,0.030135756438093807,0.8967556276466299,0.7081123575922431,0.07570093207191406,0.5597412571351785,0.8564834580493077,4.36595923991168,0.18746618322485054,3.998532272471786,4.733386207351574,4.42,4.56,4
2016-10-01,S6,"M3 cuatro rezagos + controles externos: z_tc_lag, z_petroleo_lag, z_infl_ext_lag",0.31918923717245484,0.030135756438093807,0.8967556276466297,0.7081123575922434,0.07570093207191375,0.5597412571351794,0.8564834580493075,4.365959239911674,0.18746618322484143,3.998532272471798,4.73338620735155,4.43,4.76,4
2016-11-01,S6,"M3 cuatro rezagos + controles externos: z_tc_lag, z_petroleo_lag, z_infl_ext_lag",0.31918923717245484,0.03013575643809378,0.8967556276466297,0.7081123575922437,0.07570093207191383,0.5597412571351795,0.8564834580493078,4.365959239911672,0.18746618322479328,3.9985322724718904,4.733386207351454,4.6,4.67,4
2016-12-01,S6,"M3 cuatro rezagos + controles externos: z_tc_lag, z_petroleo_lag, z_infl_ext_lag",0.31918923717245484,0.03013575643809376,0.8967556276466297,0.7081123575922439,0.07570093207191401,0.5597412571351794,0.8564834580493084,4.365959239911671,0.18746618322486128,3.9985322724717562,4.733386207351586,4.66,4.23,4
2017-01-01,S6,"M3 cuatro rezagos + controles externos: z_tc_lag, z_petroleo_lag, z_infl_ext_lag",0.3191892371724549,0.03013575643809382,0.8967556276466297,0.7081123575922432,0.07570093207191292,0.5597412571351809,0.8564834580493056,4.365959239911676,0.18746618322488462,3.998532272471715,4.733386207351636,4.4,3.83,4
2017-02-01,S6,"M3 cuatro rezagos + controles externos: z_tc_lag, z_petroleo_lag, z_infl_ext_lag",0.319189237172455,0.030135756438093745,0.8967556276466297,0.708112357592244,0.07570093207191438,0.5597412571351787,0.8564834580493093,4.365959239911672,0.18746618322512945,3.9985322724712313,4.733386207352113,4.46,3.96,4
2017-03-01,S6,"M3 cuatro rezagos + controles externos: z_tc_lag, z_petroleo_lag, z_infl_ext_lag",0.31918923717245506,0.030135756438093787,0.8967556276466297,0.7081123575922437,0.07570093207191245,0.5597412571351822,0.8564834580493051,4.365959239911676,0.187466183225026,3.998532272471438,4.733386207351913,4.28,4,4
2017-04-01,S6,"M3 cuatro rezagos + controles externos: z_tc_lag, z_petroleo_lag, z_infl_ext_lag",0.31918923717245484,0.030135756438093728,0.8967556276466297,0.7081123575922441,0.07570093207191327,0.5597412571351811,0.8564834580493071,4.365959239911669,0.18746618322490538,3.998532272471668,4.73338620735167,4.51,4.09,4
2017-05-01,S6,"M3 cuatro rezagos + controles externos: z_tc_lag, z_petroleo_lag, z_infl_ext_lag",0.3191892371724549,0.03013575643809377,0.8967556276466296,0.7081123575922441,0.07570093207191429,0.559741257135179,0.8564834580493093,4.365959239911666,0.18746618322508662,3.9985322724713095,4.733386207352022,4.17,3.93,4
2017-06-01,S6,"M3 cuatro rezagos + controles externos: z_tc_lag, z_petroleo_lag, z_infl_ext_lag",0.3191892371724547,0.03013575643809374,0.8967556276466296,0.7081123575922443,0.07570093207191413,0.5597412571351796,0.856483458049309,4.365959239911661,0.18746618322499475,3.998532272471485,4.733386207351838,4.26,4.36,4
2017-07-01,S6,"M3 cuatro rezagos + controles externos: z_tc_lag, z_petroleo_lag, z_infl_ext_lag",0.31918923717245445,0.03013575643809371,0.8967556276466296,0.7081123575922447,0.07570093207191489,0.5597412571351784,0.8564834580493109,4.365959239911656,0.18746618322515768,3.9985322724711603,4.733386207352152,4.48,5.22,4
2017-08-01,S6,"M3 cuatro rezagos + controles externos: z_tc_lag, z_petroleo_lag, z_infl_ext_lag",0.3191892371724548,0.03013575643809371,0.8967556276466294,0.7081123575922452,0.07570093207191525,0.5597412571351783,0.8564834580493121,4.365959239911648,0.1874661832250788,3.998532272471307,4.733386207351989,4.51,4.72,4
2017-09-01,S6,"M3 cuatro rezagos + controles externos: z_tc_lag, z_petroleo_lag, z_infl_ext_lag",0.31918923717245484,0.03013575643809378,0.8967556276466295,0.7081123575922443,0.07570093207191358,0.5597412571351806,0.856483458049308,4.36595923991166,0.18746618322498834,3.9985322724714956,4.733386207351823,4.75,4.36,4
2017-10-01,S6,"M3 cuatro rezagos + controles externos: z_tc_lag, z_petroleo_lag, z_infl_ext_lag",0.31918923717245495,0.0301357564380938,0.8967556276466294,0.7081123575922443,0.07570093207191345,0.559741257135181,0.8564834580493077,4.365959239911655,0.18746618322505243,3.9985322724713654,4.733386207351945,4.53,4.2,4
2017-11-01,S6,"M3 cuatro rezagos + controles externos: z_tc_lag, z_petroleo_lag, z_infl_ext_lag",0.31918923717245506,0.030135756438093828,0.8967556276466294,0.7081123575922441,0.07570093207191331,0.559741257135181,0.8564834580493073,4.365959239911658,0.18746618322491274,3.998532272471642,4.733386207351674,4.63,4.69,4
2017-12-01,S6,"M3 cuatro rezagos + controles externos: z_tc_lag, z_petroleo_lag, z_infl_ext_lag",0.31918923717245495,0.03013575643809388,0.8967556276466295,0.7081123575922433,0.07570093207191404,0.5597412571351787,0.8564834580493079,4.365959239911667,0.18746618322507302,3.998532272471337,4.733386207351996,4.56,5.68,4
2018-01-01,S6,"M3 cuatro rezagos + controles externos: z_tc_lag, z_petroleo_lag, z_infl_ext_lag",0.3191892371724552,0.030135756438093877,0.8967556276466293,0.708112357592244,0.07570093207191314,0.5597412571351812,0.8564834580493068,4.365959239911656,0.1874661832250228,3.9985322724714245,4.733386207351887,4.71,4.71,4
2018-02-01,S6,"M3 cuatro rezagos + controles externos: z_tc_lag, z_petroleo_lag, z_infl_ext_lag",0.31918923717245484,0.0301357564380938,0.8967556276466295,0.7081123575922441,0.0757009320719138,0.55974125713518,0.8564834580493083,4.36595923991166,0.18746618322496786,3.998532272471536,4.733386207351783,4.56,4.15,4
2018-03-01,S6,"M3 cuatro rezagos + controles externos: z_tc_lag, z_petroleo_lag, z_infl_ext_lag",0.3191892371724544,0.030135756438093714,0.8967556276466295,0.708112357592245,0.07570093207191265,0.5597412571351832,0.8564834580493068,4.365959239911649,0.18746618322491018,3.998532272471638,4.73338620735166,4.62,4.14,4
2018-04-01,S6,"M3 cuatro rezagos + controles externos: z_tc_lag, z_petroleo_lag, z_infl_ext_lag",0.31918923717245457,0.03013575643809374,0.8967556276466295,0.7081123575922447,0.07570093207191293,0.5597412571351823,0.856483458049307,4.3659592399116525,0.1874661832249882,3.998532272471489,4.733386207351816,4.46,3.92,4
2018-05-01,S6,"M3 cuatro rezagos + controles externos: z_tc_lag, z_petroleo_lag, z_infl_ext_lag",0.31918923717245484,0.030135756438093766,0.8967556276466295,0.7081123575922444,0.07570093207191403,0.5597412571351799,0.856483458049309,4.365959239911659,0.18746618322514105,3.9985322724711954,4.733386207352122,4.48,4.09,4
2018-06-01,S6,"M3 cuatro rezagos + controles externos: z_tc_lag, z_petroleo_lag, z_infl_ext_lag",0.319189237172455,0.030135756438093735,0.8967556276466295,0.7081123575922448,0.07570093207191228,0.5597412571351836,0.8564834580493059,4.365959239911659,0.1874661832249485,3.998532272471573,4.733386207351744,4.43,3.79,4
2018-07-01,S6,"M3 cuatro rezagos + controles externos: z_tc_lag, z_petroleo_lag, z_infl_ext_lag",0.31918923717245534,0.030135756438093783,0.8967556276466294,0.7081123575922446,0.07570093207191263,0.5597412571351827,0.8564834580493064,4.36595923991166,0.1874661832250358,3.9985322724714027,4.733386207351916,4.36,2.61,4
2018-08-01,S6,"M3 cuatro rezagos + controles externos: z_tc_lag, z_petroleo_lag, z_infl_ext_lag",0.3191892371724554,0.03013575643809377,0.8967556276466294,0.7081123575922448,0.0757009320719108,0.5597412571351865,0.856483458049303,4.36595923991166,0.18746618322492786,3.998532272471614,4.733386207351705,4.33,3.36,4
2018-09-01,S6,"M3 cuatro rezagos + controles externos: z_tc_lag, z_petroleo_lag, z_infl_ext_lag",0.3191892371724555,0.030135756438093787,0.8967556276466294,0.7081123575922446,0.07570093207191146,0.559741257135185,0.8564834580493041,4.365959239911661,0.1874661832250065,3.998532272471462,4.73338620735186,4.32,4.55,4
2018-10-01,S6,"M3 cuatro rezagos + controles externos: z_tc_lag, z_petroleo_lag, z_infl_ext_lag",0.31918923717245545,0.030135756438093773,0.8967556276466293,0.708112357592245,0.07570093207191146,0.5597412571351854,0.8564834580493046,4.365959239911653,0.1874661832250247,3.9985322724714183,4.733386207351889,4.32,4.34,4
2018-11-01,S6,"M3 cuatro rezagos + controles externos: z_tc_lag, z_petroleo_lag, z_infl_ext_lag",0.3191892371724553,0.030135756438093776,0.8967556276466296,0.708112357592244,0.07570093207191164,0.5597412571351841,0.8564834580493039,4.365959239911671,0.18746618322496877,3.9985322724715457,4.7333862073517965,4.47,3.15,4
2018-12-01,S6,"M3 cuatro rezagos + controles externos: z_tc_lag, z_petroleo_lag, z_infl_ext_lag",0.31918923717245545,0.030135756438093766,0.8967556276466295,0.7081123575922444,0.07570093207191152,0.5597412571351847,0.8564834580493041,4.365959239911667,0.1874661832249172,3.998532272471642,4.733386207351691,4.38,2.31,4
2019-01-01,S6,"M3 cuatro rezagos + controles externos: z_tc_lag, z_petroleo_lag, z_infl_ext_lag",0.3191892371724553,0.030135756438093672,0.8967556276466297,0.7081123575922448,0.07570093207191159,0.559741257135185,0.8564834580493046,4.365959239911672,0.1874661832249468,3.9985322724715897,4.733386207351755,4.07,4.1,4
2019-02-01,S6,"M3 cuatro rezagos + controles externos: z_tc_lag, z_petroleo_lag, z_infl_ext_lag",0.31918923717245545,0.030135756438093707,0.8967556276466295,0.708112357592245,0.07570093207191146,0.5597412571351854,0.8564834580493046,4.365959239911663,0.18746618322496322,3.9985322724715484,4.733386207351778,4.25,4.46,4
2019-03-01,S6,"M3 cuatro rezagos + controles externos: z_tc_lag, z_petroleo_lag, z_infl_ext_lag",0.31918923717245534,0.030135756438093728,0.8967556276466295,0.7081123575922448,0.07570093207191049,0.5597412571351872,0.8564834580493024,4.365959239911662,0.18746618322489447,3.9985322724716825,4.733386207351642,4.35,4.17,4
2019-04-01,S6,"M3 cuatro rezagos + controles externos: z_tc_lag, z_petroleo_lag, z_infl_ext_lag",0.31918923717245523,0.030135756438093738,0.8967556276466296,0.7081123575922443,0.07570093207191135,0.559741257135185,0.8564834580493037,4.3659592399116685,0.18746618322491862,3.9985322724716412,4.733386207351696,4.3,4.75,4
2019-05-01,S6,"M3 cuatro rezagos + controles externos: z_tc_lag, z_petroleo_lag, z_infl_ext_lag",0.3191892371724547,0.030135756438093676,0.8967556276466297,0.7081123575922447,0.07570093207191182,0.5597412571351844,0.8564834580493049,4.365959239911663,0.18746618322501513,3.9985322724714467,4.733386207351879,4.39,4.54,4
2019-06-01,S6,"M3 cuatro rezagos + controles externos: z_tc_lag, z_petroleo_lag, z_infl_ext_lag",0.3191892371724546,0.030135756438093624,0.89675562764663,0.7081123575922446,0.07570093207191173,0.5597412571351845,0.8564834580493046,4.365959239911674,0.1874661832250402,3.998532272471408,4.7333862073519395,4.36,4.8,4
2019-07-01,S6,"M3 cuatro rezagos + controles externos: z_tc_lag, z_petroleo_lag, z_infl_ext_lag",0.31918923717245473,0.030135756438093637,0.89675562764663,0.7081123575922444,0.07570093207191127,0.5597412571351853,0.8564834580493036,4.365959239911675,0.18746618322498884,3.9985322724715098,4.73338620735184,4.6,4.37,4
2019-08-01,S6,"M3 cuatro rezagos + controles externos: z_tc_lag, z_petroleo_lag, z_infl_ext_lag",0.3191892371724547,0.030135756438093686,0.8967556276466299,0.7081123575922443,0.07570093207191145,0.5597412571351849,0.8564834580493038,4.365959239911671,0.1874661832249316,3.9985322724716186,4.733386207351724,4.53,3.01,4
2019-09-01,S6,"M3 cuatro rezagos + controles externos: z_tc_lag, z_petroleo_lag, z_infl_ext_lag",0.3191892371724549,0.030135756438093658,0.89675562764663,0.7081123575922442,0.0757009320719123,0.5597412571351831,0.8564834580493054,4.365959239911679,0.1874661832250419,3.9985322724714103,4.733386207351948,4.34,1.8,4
2019-10-01,S6,"M3 cuatro rezagos + controles externos: z_tc_lag, z_petroleo_lag, z_infl_ext_lag",0.31918923717245473,0.030135756438093617,0.89675562764663,0.7081123575922446,0.07570093207191193,0.5597412571351841,0.856483458049305,4.365959239911674,0.1874661832249309,3.9985322724716226,4.733386207351725,4.22,2.17,4
2019-11-01,S6,"M3 cuatro rezagos + controles externos: z_tc_lag, z_petroleo_lag, z_infl_ext_lag",0.3191892371724547,0.030135756438093613,0.89675562764663,0.7081123575922447,0.0757009320719122,0.5597412571351836,0.8564834580493057,4.365959239911674,0.1874661832250266,3.9985322724714347,4.733386207351913,4.25,2.92,4
2019-12-01,S6,"M3 cuatro rezagos + controles externos: z_tc_lag, z_petroleo_lag, z_infl_ext_lag",0.31918923717245445,0.030135756438093554,0.89675562764663,0.7081123575922452,0.07570093207191256,0.5597412571351835,0.8564834580493069,4.365959239911667,0.18746618322504022,3.998532272471401,4.733386207351932,4.1,3.41,4
2020-01-01,S6,"M3 cuatro rezagos + controles externos: z_tc_lag, z_petroleo_lag, z_infl_ext_lag",0.3191892371724541,0.03013575643809349,0.89675562764663,0.7081123575922459,0.07570093207191216,0.559741257135185,0.8564834580493068,4.365959239911659,0.18746618322502903,3.998532272471415,4.733386207351902,4.11,1.78,4
2020-02-01,S6,"M3 cuatro rezagos + controles externos: z_tc_lag, z_petroleo_lag, z_infl_ext_lag",0.31918923717245434,0.030135756438093526,0.8967556276466301,0.7081123575922452,0.07570093207191202,0.5597412571351846,0.8564834580493058,4.365959239911669,0.18746618322502584,3.998532272471432,4.733386207351907,3.85,1.24,4
2020-03-01,S6,"M3 cuatro rezagos + controles externos: z_tc_lag, z_petroleo_lag, z_infl_ext_lag",0.31918923717245423,0.03013575643809348,0.89675562764663,0.7081123575922459,0.075700932071912,0.5597412571351853,0.8564834580493065,4.365959239911659,0.18746618322498995,3.9985322724714916,4.733386207351826,3.99,1.77,4
2020-04-01,S6,"M3 cuatro rezagos + controles externos: z_tc_lag, z_petroleo_lag, z_infl_ext_lag",0.31918923717245395,0.030135756438093457,0.8967556276466302,0.7081123575922456,0.07570093207191235,0.5597412571351843,0.8564834580493068,4.365959239911668,0.18746618322499492,3.9985322724714907,4.7333862073518445,3.97,1.88,4
2020-05-01,S6,"M3 cuatro rezagos + controles externos: z_tc_lag, z_petroleo_lag, z_infl_ext_lag",0.3191892371724542,0.030135756438093457,0.8967556276466302,0.7081123575922456,0.07570093207191196,0.5597412571351851,0.856483458049306,4.365959239911671,0.18746618322495312,3.9985322724715764,4.733386207351766,3.96,1.8,4
2020-06-01,S6,"M3 cuatro rezagos + controles externos: z_tc_lag, z_petroleo_lag, z_infl_ext_lag",0.3191892371724541,0.030135756438093457,0.8967556276466302,0.7081123575922456,0.07570093207191185,0.5597412571351853,0.8564834580493058,4.36595923991167,0.18746618322498668,3.9985322724715098,4.733386207351831,3.77,2.39,4
2020-07-01,S6,"M3 cuatro rezagos + controles externos: z_tc_lag, z_petroleo_lag, z_infl_ext_lag",0.31918923717245445,0.030135756438093513,0.8967556276466302,0.708112357592245,0.07570093207191252,0.5597412571351834,0.8564834580493066,4.365959239911678,0.1874661832250324,3.998532272471428,4.733386207351929,3.9,2.88,4
2020-08-01,S6,"M3 cuatro rezagos + controles externos: z_tc_lag, z_petroleo_lag, z_infl_ext_lag",0.31918923717245445,0.030135756438093495,0.8967556276466302,0.7081123575922452,0.0757009320719119,0.5597412571351849,0.8564834580493056,4.3659592399116764,0.1874661832249788,3.998532272471531,4.733386207351821,3.92,4.19,4
2020-09-01,S6,"M3 cuatro rezagos + controles externos: z_tc_lag, z_petroleo_lag, z_infl_ext_lag",0.31918923717245434,0.030135756438093467,0.8967556276466303,0.7081123575922451,0.07570093207191246,0.5597412571351836,0.8564834580493066,4.36595923991168,0.1874661832250039,3.9985322724714853,4.733386207351875,3.99,4.97,4
2020-10-01,S6,"M3 cuatro rezagos + controles externos: z_tc_lag, z_petroleo_lag, z_infl_ext_lag",0.319189237172454,0.030135756438093454,0.8967556276466304,0.708112357592245,0.07570093207191311,0.5597412571351823,0.8564834580493077,4.365959239911681,0.187466183225013,3.9985322724714685,4.733386207351893,4.15,5.34,4
2020-11-01,S6,"M3 cuatro rezagos + controles externos: z_tc_lag, z_petroleo_lag, z_infl_ext_lag",0.31918923717245395,0.030135756438093447,0.8967556276466304,0.708112357592245,0.07570093207191214,0.5597412571351841,0.8564834580493059,4.36595923991168,0.18746618322495845,3.9985322724715746,4.733386207351785,4.27,5.46,4
2020-12-01,S6,"M3 cuatro rezagos + controles externos: z_tc_lag, z_petroleo_lag, z_infl_ext_lag",0.3191892371724539,0.03013575643809348,0.8967556276466304,0.7081123575922447,0.07570093207191286,0.5597412571351824,0.8564834580493069,4.365959239911681,0.1874661832250343,3.9985322724714267,4.733386207351935,4.26,4.82,4
2021-01-01,S6,"M3 cuatro rezagos + controles externos: z_tc_lag, z_petroleo_lag, z_infl_ext_lag",0.31918923717245395,0.03013575643809344,0.8967556276466304,0.708112357592245,0.07570093207191275,0.559741257135183,0.856483458049307,4.365959239911679,0.1874661832249975,3.9985322724714973,4.733386207351861,4.12,5.24,4
2021-02-01,S6,"M3 cuatro rezagos + controles externos: z_tc_lag, z_petroleo_lag, z_infl_ext_lag",0.31918923717245395,0.03013575643809345,0.8967556276466304,0.708112357592245,0.07570093207191272,0.559741257135183,0.856483458049307,4.36595923991168,0.18746618322497638,3.9985322724715395,4.7333862073518205,4.39,6,4
2021-03-01,S6,"M3 cuatro rezagos + controles externos: z_tc_lag, z_petroleo_lag, z_infl_ext_lag",0.3191892371724541,0.030135756438093454,0.8967556276466304,0.708112357592245,0.07570093207191217,0.5597412571351841,0.8564834580493059,4.365959239911683,0.18746618322496267,3.998532272471569,4.7333862073517965,4.34,5.84,4
2021-04-01,S6,"M3 cuatro rezagos + controles externos: z_tc_lag, z_petroleo_lag, z_infl_ext_lag",0.3191892371724542,0.03013575643809343,0.8967556276466304,0.7081123575922452,0.07570093207191259,0.5597412571351835,0.8564834580493069,4.365959239911683,0.18746618322498843,3.9985322724715187,4.733386207351847,4.39,5.2,4
2021-05-01,S6,"M3 cuatro rezagos + controles externos: z_tc_lag, z_petroleo_lag, z_infl_ext_lag",0.31918923717245423,0.03013575643809343,0.8967556276466302,0.7081123575922459,0.07570093207191204,0.5597412571351852,0.8564834580493066,4.36595923991167,0.18746618322495923,3.9985322724715635,4.733386207351777,4.41,5.17,4
2021-06-01,S6,"M3 cuatro rezagos + controles externos: z_tc_lag, z_petroleo_lag, z_infl_ext_lag",0.3191892371724543,0.030135756438093436,0.8967556276466304,0.7081123575922451,0.0757009320719124,0.5597412571351837,0.8564834580493065,4.3659592399116836,0.1874661832249919,3.998532272471513,4.733386207351854,4.23,3.91,4
2021-07-01,S6,"M3 cuatro rezagos + controles externos: z_tc_lag, z_petroleo_lag, z_infl_ext_lag",0.3191892371724542,0.030135756438093436,0.8967556276466304,0.7081123575922451,0.07570093207191222,0.5597412571351841,0.8564834580493061,4.365959239911683,0.18746618322497843,3.998532272471538,4.733386207351828,4.12,3.82,4
2021-08-01,S6,"M3 cuatro rezagos + controles externos: z_tc_lag, z_petroleo_lag, z_infl_ext_lag",0.3191892371724544,0.030135756438093436,0.8967556276466303,0.7081123575922454,0.07570093207191236,0.5597412571351842,0.8564834580493067,4.365959239911679,0.18746618322501782,3.9985322724714574,4.7333862073519,4.14,3.62,4
2021-09-01,S6,"M3 cuatro rezagos + controles externos: z_tc_lag, z_petroleo_lag, z_infl_ext_lag",0.31918923717245457,0.030135756438093467,0.8967556276466302,0.7081123575922454,0.07570093207191217,0.5597412571351845,0.8564834580493064,4.3659592399116764,0.1874661832249827,3.9985322724715235,4.733386207351829,4.2,3.67,4
2021-10-01,S6,"M3 cuatro rezagos + controles externos: z_tc_lag, z_petroleo_lag, z_infl_ext_lag",0.3191892371724547,0.030135756438093506,0.8967556276466302,0.708112357592245,0.0757009320719121,0.5597412571351842,0.8564834580493058,4.36595923991168,0.1874661832249681,3.9985322724715555,4.7333862073518045,3.89,2.96,4
2021-11-01,S6,"M3 cuatro rezagos + controles externos: z_tc_lag, z_petroleo_lag, z_infl_ext_lag",0.3191892371724545,0.030135756438093485,0.8967556276466302,0.7081123575922452,0.07570093207191214,0.5597412571351843,0.8564834580493061,4.365959239911677,0.18746618322497222,3.998532272471545,4.73338620735181,4.08,2.89,4
2021-12-01,S6,"M3 cuatro rezagos + controles externos: z_tc_lag, z_petroleo_lag, z_infl_ext_lag",0.3191892371724547,0.03013575643809349,0.8967556276466302,0.7081123575922452,0.07570093207191181,0.559741257135185,0.8564834580493055,4.365959239911679,0.18746618322495995,3.9985322724715706,4.733386207351788,4.02,3.07,4
2022-01-01,S6,"M3 cuatro rezagos + controles externos: z_tc_lag, z_petroleo_lag, z_infl_ext_lag",0.3191892371724545,0.03013575643809347,0.8967556276466303,0.7081123575922451,0.07570093207191206,0.5597412571351844,0.8564834580493058,4.365959239911682,0.18746618322497588,3.998532272471542,4.733386207351821,4.09,2.87,4
2022-02-01,S6,"M3 cuatro rezagos + controles externos: z_tc_lag, z_petroleo_lag, z_infl_ext_lag",0.3191892371724548,0.030135756438093467,0.8967556276466304,0.7081123575922448,0.07570093207191214,0.5597412571351839,0.8564834580493057,4.365959239911692,0.18746618322501654,3.9985322724714734,4.733386207351912,3.92,2.98,4
2022-03-01,S6,"M3 cuatro rezagos + controles externos: z_tc_lag, z_petroleo_lag, z_infl_ext_lag",0.3191892371724547,0.030135756438093443,0.8967556276466304,0.708112357592245,0.07570093207191227,0.5597412571351839,0.8564834580493061,4.365959239911689,0.18746618322500155,3.998532272471499,4.733386207351879,3.8,4.17,4
2022-04-01,S6,"M3 cuatro rezagos + controles externos: z_tc_lag, z_petroleo_lag, z_infl_ext_lag",0.31918923717245473,0.03013575643809343,0.8967556276466305,0.7081123575922449,0.07570093207191263,0.5597412571351831,0.8564834580493067,4.365959239911697,0.1874661832250167,3.9985322724714774,4.733386207351916,3.94,4.62,4
2022-05-01,S6,"M3 cuatro rezagos + controles externos: z_tc_lag, z_petroleo_lag, z_infl_ext_lag",0.3191892371724545,0.03013575643809344,0.8967556276466304,0.708112357592245,0.0757009320719123,0.5597412571351839,0.8564834580493061,4.365959239911687,0.18746618322499622,3.9985322724715076,4.733386207351867,4.01,5.82,4
2022-06-01,S6,"M3 cuatro rezagos + controles externos: z_tc_lag, z_petroleo_lag, z_infl_ext_lag",0.3191892371724546,0.030135756438093433,0.8967556276466304,0.7081123575922452,0.0757009320719123,0.5597412571351841,0.8564834580493064,4.365959239911688,0.18746618322496233,3.998532272471575,4.733386207351801,4.16,7.55,4
2022-07-01,S6,"M3 cuatro rezagos + controles externos: z_tc_lag, z_petroleo_lag, z_infl_ext_lag",0.31918923717245495,0.03013575643809348,0.8967556276466304,0.7081123575922447,0.07570093207191227,0.5597412571351836,0.8564834580493057,4.365959239911695,0.18746618322500025,3.998532272471508,4.733386207351883,4.51,8.36,4
2022-08-01,S6,"M3 cuatro rezagos + controles externos: z_tc_lag, z_petroleo_lag, z_infl_ext_lag",0.319189237172455,0.030135756438093488,0.8967556276466304,0.7081123575922446,0.07570093207191232,0.5597412571351834,0.8564834580493057,4.365959239911697,0.18746618322498126,3.9985322724715466,4.733386207351847,4.55,8.87,4
2022-09-01,S6,"M3 cuatro rezagos + controles externos: z_tc_lag, z_petroleo_lag, z_infl_ext_lag",0.3191892371724549,0.030135756438093474,0.8967556276466304,0.7081123575922448,0.07570093207191257,0.5597412571351831,0.8564834580493065,4.365959239911695,0.1874661832250005,3.9985322724715076,4.733386207351883,4.61,9.03,4
2022-10-01,S6,"M3 cuatro rezagos + controles externos: z_tc_lag, z_petroleo_lag, z_infl_ext_lag",0.3191892371724548,0.030135756438093485,0.8967556276466304,0.7081123575922447,0.07570093207191225,0.5597412571351836,0.8564834580493057,4.365959239911694,0.18746618322497732,3.998532272471552,4.7333862073518365,4.67,9.7,4
2022-11-01,S6,"M3 cuatro rezagos + controles externos: z_tc_lag, z_petroleo_lag, z_infl_ext_lag",0.31918923717245473,0.030135756438093474,0.8967556276466304,0.7081123575922448,0.0757009320719125,0.5597412571351832,0.8564834580493064,4.365959239911692,0.18746618322499606,3.9985322724715133,4.733386207351871,4.8,9.17,4
2022-12-01,S6,"M3 cuatro rezagos + controles externos: z_tc_lag, z_petroleo_lag, z_infl_ext_lag",0.31918923717245473,0.030135756438093467,0.8967556276466304,0.7081123575922448,0.07570093207191239,0.5597412571351834,0.8564834580493061,4.3659592399116915,0.18746618322500505,3.998532272471495,4.733386207351888,4.71,9.24,4
2023-01-01,S6,"M3 cuatro rezagos + controles externos: z_tc_lag, z_petroleo_lag, z_infl_ext_lag",0.3191892371724546,0.030135756438093467,0.8967556276466304,0.7081123575922448,0.07570093207191232,0.5597412571351836,0.8564834580493059,4.36595923991169,0.18746618322499806,3.9985322724715067,4.733386207351873,4.62,9.69,4
2023-02-01,S6,"M3 cuatro rezagos + controles externos: z_tc_lag, z_petroleo_lag, z_infl_ext_lag",0.3191892371724547,0.030135756438093467,0.8967556276466305,0.7081123575922446,0.07570093207191259,0.5597412571351829,0.8564834580493063,4.365959239911698,0.18746618322500286,3.9985322724715053,4.73338620735189,4.49,9.92,4
2023-03-01,S6,"M3 cuatro rezagos + controles externos: z_tc_lag, z_petroleo_lag, z_infl_ext_lag",0.31918923717245473,0.030135756438093457,0.8967556276466304,0.7081123575922449,0.07570093207191225,0.5597412571351839,0.8564834580493059,4.3659592399116915,0.18746618322496567,3.998532272471572,4.733386207351811,4.43,8.71,4
2023-04-01,S6,"M3 cuatro rezagos + controles externos: z_tc_lag, z_petroleo_lag, z_infl_ext_lag",0.3191892371724547,0.030135756438093457,0.8967556276466304,0.7081123575922449,0.07570093207191227,0.5597412571351839,0.8564834580493059,4.365959239911691,0.18746618322497938,3.9985322724715444,4.733386207351837,4.39,8.32,4
2023-05-01,S6,"M3 cuatro rezagos + controles externos: z_tc_lag, z_petroleo_lag, z_infl_ext_lag",0.3191892371724547,0.030135756438093457,0.8967556276466304,0.7081123575922449,0.07570093207191228,0.5597412571351837,0.856483458049306,4.365959239911691,0.18746618322497557,3.998532272471552,4.733386207351829,4.3,6.54,4
2023-06-01,S6,"M3 cuatro rezagos + controles externos: z_tc_lag, z_petroleo_lag, z_infl_ext_lag",0.3191892371724547,0.03013575643809346,0.8967556276466304,0.7081123575922449,0.07570093207191238,0.5597412571351836,0.8564834580493061,4.365959239911691,0.18746618322498398,3.998532272471535,4.733386207351846,4.24,4.93,4
2023-07-01,S6,"M3 cuatro rezagos + controles externos: z_tc_lag, z_petroleo_lag, z_infl_ext_lag",0.3191892371724547,0.03013575643809346,0.8967556276466305,0.7081123575922446,0.07570093207191256,0.5597412571351829,0.8564834580493063,4.365959239911698,0.1874661832249846,3.9985322724715413,4.733386207351854,4.21,4.53,4
2023-08-01,S6,"M3 cuatro rezagos + controles externos: z_tc_lag, z_petroleo_lag, z_infl_ext_lag",0.3191892371724546,0.03013575643809346,0.8967556276466306,0.7081123575922442,0.07570093207191257,0.5597412571351825,0.8564834580493059,4.365959239911703,0.18746618322497619,3.998532272471563,4.733386207351844,4.17,4.47,4
2023-09-01,S6,"M3 cuatro rezagos + controles externos: z_tc_lag, z_petroleo_lag, z_infl_ext_lag",0.3191892371724547,0.03013575643809346,0.8967556276466306,0.7081123575922442,0.07570093207191261,0.5597412571351824,0.856483458049306,4.365959239911704,0.18746618322498187,3.998532272471553,4.733386207351855,4.15,4.69,4
2023-10-01,S6,"M3 cuatro rezagos + controles externos: z_tc_lag, z_petroleo_lag, z_infl_ext_lag",0.3191892371724547,0.03013575643809346,0.8967556276466306,0.7081123575922442,0.0757009320719127,0.5597412571351823,0.8564834580493061,4.365959239911704,0.18746618322498892,3.998532272471539,4.733386207351869,4.32,4.98,4
2023-11-01,S6,"M3 cuatro rezagos + controles externos: z_tc_lag, z_petroleo_lag, z_infl_ext_lag",0.3191892371724547,0.030135756438093457,0.8967556276466305,0.7081123575922446,0.07570093207191268,0.5597412571351826,0.8564834580493065,4.365959239911698,0.18746618322499048,3.9985322724715298,4.733386207351866,4.43,4.3,4
2023-12-01,S6,"M3 cuatro rezagos + controles externos: z_tc_lag, z_petroleo_lag, z_infl_ext_lag",0.3191892371724547,0.030135756438093457,0.8967556276466306,0.7081123575922443,0.07570093207191268,0.5597412571351824,0.8564834580493063,4.365959239911704,0.18746618322498015,3.998532272471556,4.733386207351852,4.32,4.18,4
2024-01-01,S6,"M3 cuatro rezagos + controles externos: z_tc_lag, z_petroleo_lag, z_infl_ext_lag",0.3191892371724547,0.030135756438093457,0.8967556276466305,0.7081123575922446,0.07570093207191256,0.5597412571351829,0.8564834580493063,4.365959239911698,0.18746618322498754,3.9985322724715355,4.73338620735186,4.29,3.82,4
2024-02-01,S6,"M3 cuatro rezagos + controles externos: z_tc_lag, z_petroleo_lag, z_infl_ext_lag",0.3191892371724546,0.030135756438093457,0.8967556276466305,0.7081123575922446,0.07570093207191257,0.5597412571351829,0.8564834580493063,4.365959239911697,0.18746618322498876,3.998532272471532,4.733386207351861,4.28,3.3,4
2024-03-01,S6,"M3 cuatro rezagos + controles externos: z_tc_lag, z_petroleo_lag, z_infl_ext_lag",0.3191892371724547,0.030135756438093454,0.8967556276466305,0.7081123575922446,0.07570093207191256,0.5597412571351829,0.8564834580493063,4.365959239911697,0.18746618322499012,3.9985322724715293,4.733386207351864,4.14,3.24,4
2024-04-01,S6,"M3 cuatro rezagos + controles externos: z_tc_lag, z_petroleo_lag, z_infl_ext_lag",0.3191892371724547,0.030135756438093457,0.8967556276466305,0.7081123575922446,0.07570093207191249,0.559741257135183,0.8564834580493061,4.365959239911698,0.1874661832249832,3.998532272471544,4.733386207351852,4.02,3.36,4
2024-05-01,S6,"M3 cuatro rezagos + controles externos: z_tc_lag, z_petroleo_lag, z_infl_ext_lag",0.3191892371724547,0.030135756438093457,0.8967556276466305,0.7081123575922446,0.07570093207191249,0.559741257135183,0.8564834580493061,4.365959239911698,0.1874661832249862,3.998532272471538,4.733386207351858,3.99,3.76,4
2024-06-01,S6,"M3 cuatro rezagos + controles externos: z_tc_lag, z_petroleo_lag, z_infl_ext_lag",0.3191892371724546,0.030135756438093457,0.8967556276466304,0.7081123575922449,0.0757009320719124,0.5597412571351835,0.8564834580493063,4.36595923991169,0.1874661832249927,3.9985322724715173,4.733386207351862,4.02,3.62,4
2024-07-01,S6,"M3 cuatro rezagos + controles externos: z_tc_lag, z_petroleo_lag, z_infl_ext_lag",0.3191892371724547,0.030135756438093454,0.8967556276466304,0.708112357592245,0.07570093207191239,0.5597412571351836,0.8564834580493064,4.36595923991169,0.18746618322498837,3.9985322724715258,4.733386207351853,4.07,3.78,4
2024-08-01,S6,"M3 cuatro rezagos + controles externos: z_tc_lag, z_petroleo_lag, z_infl_ext_lag",0.3191892371724547,0.030135756438093457,0.8967556276466305,0.7081123575922446,0.07570093207191249,0.559741257135183,0.8564834580493061,4.365959239911698,0.1874661832249857,3.998532272471539,4.733386207351857,4.02,3.07,4
2024-09-01,S6,"M3 cuatro rezagos + controles externos: z_tc_lag, z_petroleo_lag, z_infl_ext_lag",0.3191892371724547,0.030135756438093457,0.8967556276466305,0.7081123575922446,0.07570093207191252,0.559741257135183,0.8564834580493061,4.365959239911698,0.1874661832249891,3.9985322724715324,4.733386207351863,3.97,2.11,4
2024-10-01,S6,"M3 cuatro rezagos + controles externos: z_tc_lag, z_petroleo_lag, z_infl_ext_lag",0.3191892371724546,0.030135756438093457,0.8967556276466305,0.7081123575922446,0.07570093207191253,0.559741257135183,0.8564834580493061,4.365959239911697,0.18746618322499214,3.9985322724715253,4.733386207351868,3.96,1.16,4
2024-11-01,S6,"M3 cuatro rezagos + controles externos: z_tc_lag, z_petroleo_lag, z_infl_ext_lag",0.3191892371724547,0.03013575643809346,0.8967556276466305,0.7081123575922446,0.07570093207191252,0.559741257135183,0.8564834580493061,4.365959239911698,0.18746618322498776,3.998532272471535,4.73338620735186,3.66,1.66,4
2024-12-01,S6,"M3 cuatro rezagos + controles externos: z_tc_lag, z_petroleo_lag, z_infl_ext_lag",0.3191892371724547,0.030135756438093457,0.8967556276466305,0.7081123575922446,0.07570093207191249,0.559741257135183,0.8564834580493061,4.365959239911698,0.18746618322498498,3.9985322724715404,4.733386207351855,3.95,1.7,4
2025-01-01,S6,"M3 cuatro rezagos + controles externos: z_tc_lag, z_petroleo_lag, z_infl_ext_lag",0.3191892371724547,0.03013575643809346,0.8967556276466306,0.7081123575922442,0.0757009320719126,0.5597412571351825,0.8564834580493059,4.365959239911704,0.18746618322498732,3.998532272471542,4.733386207351866,3.76,2.19,4
2025-02-01,S6,"M3 cuatro rezagos + controles externos: z_tc_lag, z_petroleo_lag, z_infl_ext_lag",0.31918923717245473,0.03013575643809346,0.8967556276466305,0.7081123575922446,0.07570093207191247,0.5597412571351831,0.856483458049306,4.365959239911699,0.18746618322498818,3.998532272471535,4.733386207351862,3.79,1.79,4
2025-03-01,S6,"M3 cuatro rezagos + controles externos: z_tc_lag, z_petroleo_lag, z_infl_ext_lag",0.31918923717245473,0.03013575643809346,0.8967556276466305,0.7081123575922446,0.07570093207191245,0.5597412571351831,0.856483458049306,4.365959239911699,0.1874661832249893,3.998532272471533,4.733386207351865,3.71,1.57,4
2025-04-01,S6,"M3 cuatro rezagos + controles externos: z_tc_lag, z_petroleo_lag, z_infl_ext_lag",0.31918923717245473,0.03013575643809346,0.8967556276466305,0.7081123575922446,0.07570093207191243,0.5597412571351832,0.8564834580493059,4.365959239911699,0.1874661832249862,3.998532272471539,4.733386207351859,3.62,1.47,4
2025-05-01,S6,"M3 cuatro rezagos + controles externos: z_tc_lag, z_petroleo_lag, z_infl_ext_lag",0.31918923717245473,0.03013575643809346,0.8967556276466304,0.7081123575922449,0.07570093207191232,0.5597412571351836,0.8564834580493061,4.3659592399116915,0.18746618322498815,3.998532272471528,4.733386207351855,3.55,1.69,4
2025-06-01,S6,"M3 cuatro rezagos + controles externos: z_tc_lag, z_petroleo_lag, z_infl_ext_lag",0.31918923717245473,0.03013575643809346,0.8967556276466304,0.7081123575922449,0.07570093207191234,0.5597412571351836,0.8564834580493061,4.3659592399116915,0.1874661832249894,3.9985322724715258,4.733386207351858,3.53,1.79,4
2025-07-01,S6,"M3 cuatro rezagos + controles externos: z_tc_lag, z_petroleo_lag, z_infl_ext_lag",0.31918923717245473,0.03013575643809346,0.8967556276466304,0.7081123575922449,0.07570093207191236,0.5597412571351836,0.8564834580493061,4.3659592399116915,0.187466183224991,3.9985322724715227,4.73338620735186,3.54,1.17,4
2025-08-01,S6,"M3 cuatro rezagos + controles externos: z_tc_lag, z_petroleo_lag, z_infl_ext_lag",0.3191892371724547,0.030135756438093464,0.8967556276466305,0.7081123575922446,0.07570093207191245,0.5597412571351831,0.856483458049306,4.365959239911698,0.1874661832249837,3.998532272471543,4.7333862073518524,3.49,1.17,4
2025-09-01,S6,"M3 cuatro rezagos + controles externos: z_tc_lag, z_petroleo_lag, z_infl_ext_lag",0.31918923717245473,0.03013575643809346,0.8967556276466305,0.7081123575922446,0.07570093207191242,0.5597412571351832,0.8564834580493059,4.365959239911699,0.1874661832249827,3.9985322724715457,4.733386207351852,3.42,1.47,4
2025-10-01,S6,"M3 cuatro rezagos + controles externos: z_tc_lag, z_petroleo_lag, z_infl_ext_lag",0.31918923717245473,0.030135756438093464,0.8967556276466305,0.7081123575922446,0.07570093207191245,0.5597412571351831,0.856483458049306,4.365959239911699,0.18746618322498598,3.9985322724715395,4.733386207351858,3.37,1.26,4
2025-11-01,S6,"M3 cuatro rezagos + controles externos: z_tc_lag, z_petroleo_lag, z_infl_ext_lag",0.3191892371724547,0.03013575643809346,0.8967556276466305,0.7081123575922446,0.07570093207191243,0.5597412571351832,0.8564834580493059,4.365959239911698,0.18746618322498232,3.9985322724715457,4.73338620735185,3.3,1.73,4
2025-12-01,S6,"M3 cuatro rezagos + controles externos: z_tc_lag, z_petroleo_lag, z_infl_ext_lag",0.31918923717245473,0.030135756438093467,0.8967556276466305,0.7081123575922446,0.07570093207191243,0.5597412571351832,0.8564834580493059,4.365959239911699,0.18746618322498398,3.998532272471543,4.733386207351854,3.72,1.65,4
2026-01-01,S6,"M3 cuatro rezagos + controles externos: z_tc_lag, z_petroleo_lag, z_infl_ext_lag",0.31918923717245473,0.030135756438093467,0.8967556276466305,0.7081123575922446,0.07570093207191245,0.5597412571351831,0.856483458049306,4.365959239911699,0.1874661832249861,3.998532272471539,4.733386207351858,3.64,0.96,4
2026-02-01,S6,"M3 cuatro rezagos + controles externos: z_tc_lag, z_petroleo_lag, z_infl_ext_lag",0.3191892371724547,0.030135756438093464,0.8967556276466305,0.7081123575922446,0.07570093207191246,0.5597412571351831,0.856483458049306,4.365959239911698,0.1874661832249851,3.9985322724715404,4.733386207351855,3.62,1.56,4
2026-03-01,S6,"M3 cuatro rezagos + controles externos: z_tc_lag, z_petroleo_lag, z_infl_ext_lag",0.31918923717245473,0.030135756438093464,0.8967556276466305,0.7081123575922446,0.07570093207191245,0.5597412571351831,0.856483458049306,4.365959239911699,0.18746618322498493,3.9985322724715413,4.733386207351856,3.61,2.5,4
2026-04-01,S6,"M3 cuatro rezagos + controles externos: z_tc_lag, z_petroleo_lag, z_infl_ext_lag",0.31918923717245473,0.030135756438093467,0.8967556276466306,0.7081123575922441,0.07570093207191257,0.5597412571351824,0.8564834580493058,4.365959239911705,0.18746618322498515,3.998532272471547,4.733386207351862,3.71,3.24,4
2026-05-01,S6,"M3 cuatro rezagos + controles externos: z_tc_lag, z_petroleo_lag, z_infl_ext_lag",0.3191892371724547,0.030135756438093467,0.8967556276466306,0.7081123575922441,0.07570093207191257,0.5597412571351824,0.8564834580493058,4.365959239911704,0.18746618322498707,3.9985322724715426,4.733386207351866,3.74,2.86,4
2026-06-01,S6,"M3 cuatro rezagos + controles externos: z_tc_lag, z_petroleo_lag, z_infl_ext_lag",0.31918923717245473,0.030135756438093467,0.8967556276466306,0.7081123575922441,0.07570093207191257,0.5597412571351824,0.8564834580493058,4.365959239911705,0.18746618322498643,3.998532272471545,4.733386207351865,3.71,2.27,4
2011-02-01,C0,Modelo condicional uniecuacional de expectativas,3.6819919377506145,0.20420918738916713,0.20424278430859522,0.7433775234928444,0.044998012442836646,0.6551830397289994,0.8315720072566893,6.224333040747432,0.15439274035246708,5.921728830182152,6.526937251312711,5.81,5.24,5
2011-03-01,C0,Modelo condicional uniecuacional de expectativas,3.6963753446644643,0.20495379827840673,0.20424278430857612,0.7424417972756617,0.044282540558723334,0.6556496126366298,0.8292339819146937,6.256523296446021,0.13587345995173192,5.990216208485781,6.522830384406261,6.13,4.99,5
2011-04-01,C0,Modelo condicional uniecuacional de expectativas,3.6738568572895787,0.20365548858710059,0.20424278430909126,0.7440733372297748,0.043493937077022246,0.6588267870129598,0.8293198874465897,6.204773080564706,0.12335215552828485,5.963007298313885,6.446538862815528,6.19,5.76114812916453,5
2011-05-01,C0,Modelo condicional uniecuacional de expectativas,3.5984661013549157,0.19956977420640337,0.20424278430903087,0.7492077102522864,0.04244818887329053,0.6660107888516831,0.8324046316528897,6.03579654813657,0.11157980348817201,5.817104151897697,6.254488944375444,5.74,6.3930220625962,5
2011-06-01,C0,Modelo condicional uniecuacional de expectativas,3.5811914546645993,0.19902140230362936,0.2042427843090593,0.7498968298630847,0.04144246059335756,0.6686710996693834,0.831122560056786,6.0013013704277665,0.10875623504547113,5.78814306664447,6.214459674211063,6.16,6.42229936695938,5
2011-07-01,C0,Modelo condicional uniecuacional de expectativas,3.5353137423572156,0.19654110513777534,0.20424278430907172,0.7530137317484134,0.040520195136960147,0.6735956086334365,0.8324318548633902,5.899897683147521,0.10966338384799643,5.684961400382656,6.114833965912386,5.88,7.03967446592064,5
2011-08-01,C0,Modelo condicional uniecuacional de expectativas,3.5269093027812377,0.1966034411266104,0.20424278430906906,0.7529353963119193,0.039651692159521426,0.6752195077531881,0.8306512848706505,5.886484325907582,0.11269716015518705,5.665601950843473,6.107366700971691,5.95,7.6258261311642,5
2011-09-01,C0,Modelo condicional uniecuacional de expectativas,3.553031803718064,0.19923370136922341,0.20424278430906728,0.7496300411222352,0.0390027578786328,0.6731860403823791,0.8260740418620913,5.956230925377887,0.11437533550714157,5.732059387064204,6.1804024636915695,6.43,7.24931562404949,5
2011-10-01,C0,Modelo condicional uniecuacional de expectativas,3.5487819658888777,0.1994169463928788,0.2042427843090674,0.7493997635701852,0.0387913897101389,0.6733700368280553,0.8254294903123152,5.950934640161251,0.1129449509723908,5.729566604019723,6.172302676302779,6.51,6.65,5
2011-11-01,C0,Modelo condicional uniecuacional de expectativas,3.5013842932763963,0.19629552557195515,0.2042427843090655,0.7533223429189806,0.03888927963295118,0.6771007554536892,0.829543930384272,5.840880828567131,0.11199173399710512,5.621381063366615,6.060380593767647,6.06,6.05484387510006,5
2011-12-01,C0,Modelo condicional uniecuacional de expectativas,3.470275271287124,0.19431850591143832,0.20424278430906817,0.755806793730777,0.039143678813007045,0.6790865930348796,0.8325269944266743,5.769956630426127,0.10948599226269724,5.5553680287796094,5.984545232072644,5.62,6.2,5
2012-01-01,C0,Modelo condicional uniecuacional de expectativas,3.4955920241739395,0.19595102756577176,0.20424278430906795,0.7537552614013894,0.039385984801364855,0.6765601496950723,0.8309503731077065,5.827869224057625,0.10741469417642577,5.617340292061446,6.038398156053804,5.95,5.44,4.5
2012-02-01,C0,Modelo condicional uniecuacional de expectativas,3.501357473658805,0.19630287419352802,0.20424278430906773,0.7533131081656808,0.03975701102015107,0.6753907984332226,0.8312354178981389,5.840907691005465,0.11067665173153562,5.623985439682173,6.057829942328757,6.11,5.17,4.5
2012-03-01,C0,Modelo condicional uniecuacional de expectativas,3.4376961916076905,0.19266449792986748,0.20424278430906861,0.7578853271690627,0.04008086258043115,0.6793282800421185,0.8364423742960068,5.700112255325976,0.11469504986738384,5.475314088380879,5.924910422271074,5.47,4.55,4.5
2012-04-01,C0,Modelo condicional uniecuacional de expectativas,3.4191864604411735,0.1914923583387336,0.2042427843090684,0.7593583136126932,0.0404989458872018,0.6799818382619411,0.8387347889634453,5.658423485727035,0.12107398615523438,5.4211228333980745,5.895724138055995,5.54,4.27,4.5
2012-05-01,C0,Modelo condicional uniecuacional de expectativas,3.372455758479778,0.1889636091601762,0.20424278430906795,0.762536103431868,0.0408328280505075,0.6825052310659564,0.8425669757977795,5.557830079590402,0.1274755693668754,5.307982554722589,5.807677604458215,5.28,3.9,4.5
2012-06-01,C0,Modelo condicional uniecuacional de expectativas,3.3323018084947384,0.18673155542397957,0.20424278430906795,0.7653410465629945,0.04114831455573371,0.6846918320092312,0.8459902611167578,5.471529404908982,0.13454419412964927,5.207827630085904,5.73523117973206,5.11,3.47,4.5
2012-07-01,C0,Modelo condicional uniecuacional de expectativas,3.298323927748814,0.1847539785488764,0.20424278430906806,0.7678261976066907,0.04142656253575689,0.6866316270333109,0.8490207681800704,5.3982102340023586,0.14215692463557905,5.119587781563649,5.6768326864410685,4.9,2.86,4.5
2012-08-01,C0,Modelo condicional uniecuacional de expectativas,3.282070281072612,0.18342618488726983,0.20424278430906806,0.7694947890255618,0.04163450530305272,0.6878926581174366,0.851096919933687,5.359960733600279,0.1498556564406654,5.066249044096967,5.6536724231035915,4.55,2.71,4.5
2012-09-01,C0,Modelo condicional uniecuacional de expectativas,3.320728944595076,0.18375762387274053,0.20424278430906784,0.7690782813534537,0.04169468207035246,0.6873582061487149,0.8507983565581925,5.426031306212985,0.15737183178373487,5.117588183735768,5.734474428690201,5.17,3.28,4.5
2012-10-01,C0,Modelo condicional uniecuacional de expectativas,3.2693845760068716,0.18151216047285604,0.2042427843090675,0.7719000759355297,0.041548297852660655,0.690466908525372,0.8533332433456874,5.3226062598845605,0.15042768802262185,5.027773409082594,5.617439110686527,4.76,3.35,4.5
2012-11-01,C0,Modelo condicional uniecuacional de expectativas,3.2523108974725137,0.1804542917133122,0.2042427843090677,0.7732294622592532,0.04140038937141466,0.6920861901453456,0.8543727343731607,5.285706878244588,0.146608025357029,4.998360428700277,5.5730533277889,4.82,3.11,4.5
2012-12-01,C0,Modelo condicional uniecuacional de expectativas,3.237162854477726,0.17946457681030575,0.2042427843090677,0.774473202037531,0.041222846979086555,0.6936779066183156,0.8552684974567464,5.252639168881509,0.14266087481524992,4.973028992240642,5.532249345522376,4.93,3.45,4.5
2013-01-01,C0,Modelo condicional uniecuacional de expectativas,3.189968173230599,0.17742189577420134,0.20424278430906784,0.7770401671819573,0.04092301753917792,0.6968325266664677,0.857247807697447,5.158961603002367,0.1329980394903007,4.898290235586941,5.419632970417792,4.83,3.86,4
2013-02-01,C0,Modelo condicional uniecuacional de expectativas,3.1382924937845935,0.1752158849493121,0.20424278430906773,0.779812383105848,0.040567334516378895,0.7003018685049568,0.8593228977067392,5.057346446261627,0.12275625869113488,4.81674860035012,5.297944292173133,4.61,4.18,4
2013-03-01,C0,Modelo condicional uniecuacional de expectativas,3.1273796684982242,0.1746722277915887,0.20424278430906775,0.7804955778629968,0.040240140445798885,0.7016263518563974,0.8593648038695962,5.035348993180083,0.11699281560626396,4.80604728814187,5.264650698218296,4.66,4.34,4
2013-04-01,C0,Modelo condicional uniecuacional de expectativas,3.146128247665023,0.17543847481567987,0.20424278430906773,0.7795326622789692,0.03997477157479774,0.7011835497021501,0.8578817748557883,5.071792999879262,0.11502700089065934,4.846344220883913,5.297241778874612,4.93,4.13,4
2013-05-01,C0,Modelo condicional uniecuacional de expectativas,3.149798075647788,0.1755133261934835,0.20424278430906764,0.7794385991949938,0.039761568860110674,0.7015073562603675,0.8573698421296201,5.078321816600087,0.11316735289918764,4.8565178806919445,5.3001257525082295,4.83,4.27,4
2013-06-01,C0,Modelo condicional uniecuacional de expectativas,3.1644702603042307,0.17606825060018624,0.2042427843090677,0.7787412452838252,0.039521891996048913,0.7012797603706875,0.8562027301969628,5.1065460877471525,0.11175672497767902,4.887506931760754,5.325585243733551,5.21,4.79,4
2013-07-01,C0,Modelo condicional uniecuacional de expectativas,3.1136155724227654,0.1736670768441432,0.2042427843090675,0.781758715573376,0.03921975678123874,0.7048894047997275,0.8586280263470244,5.005087491331539,0.10662948586436048,4.796097539347369,5.214077443315708,4.81,4.74,4
2013-08-01,C0,Modelo condicional uniecuacional de expectativas,3.1053296976197533,0.17342016543434496,0.20424278430906745,0.7820690004252498,0.03910843939529443,0.7054178677189054,0.8587201331315943,4.989787601974583,0.10606232145529329,4.781909271805498,5.197665932143668,4.89,4.42,4
2013-09-01,C0,Modelo condicional uniecuacional de expectativas,3.1012560200295454,0.17338419384602202,0.20424278430906745,0.7821142046503748,0.03910285862254003,0.7054740100576349,0.8587543992431148,4.982953809335182,0.10705687225903629,4.773126195409966,5.192781423260398,4.91,4.21,4
2013-10-01,C0,Modelo condicional uniecuacional de expectativas,3.0878748425550686,0.17291358510712015,0.20424278430906742,0.7827056020384504,0.03909766398855123,0.7060755887412413,0.8593356153356595,4.957704776816453,0.10778926314562778,4.746441703130912,5.168967850501994,4.71,4.15,4
2013-11-01,C0,Modelo condicional uniecuacional de expectativas,3.097672096158105,0.1734739265215665,0.20424278430906745,0.7820014407648893,0.03906117241235504,0.7054429496427639,0.8585599318870147,4.977913034259572,0.1090422514308938,4.7641941486618595,5.191631919857285,4.7,4.63,4
2013-12-01,C0,Modelo condicional uniecuacional de expectativas,3.124441014291784,0.1747783898105822,0.20424278430906745,0.780362167801611,0.038971870622881384,0.703978704970609,0.8567456306326131,5.031477538485021,0.11057824472294941,4.814748161354384,5.248206915615658,5.19,4.39,4
2014-01-01,C0,Modelo condicional uniecuacional de expectativas,3.087993309190155,0.17299053743104906,0.20424278430906756,0.7826088987696499,0.03897679639522378,0.7062157816022607,0.8590020159370391,4.958507603230372,0.11073383682774239,4.741473271178062,5.175541935282682,4.94,4.14,4
2014-02-01,C0,Modelo condicional uniecuacional de expectativas,3.044601406258251,0.17088060921678422,0.20424278430906767,0.7852603710688144,0.03909553530436766,0.7086345299159397,0.8618862122216892,4.872324191230882,0.1126099419792129,4.65161276065048,5.093035621811284,4.68,3.5,4
2014-03-01,C0,Modelo condicional uniecuacional de expectativas,3.0184870362490903,0.16952638828319652,0.20424278430906773,0.7869621727074108,0.03929274890225391,0.7099498000054174,0.8639745454094041,4.820086945805638,0.1166557346836341,4.591445907235656,5.0487279843756205,4.54,3.25,4
2014-04-01,C0,Modelo condicional uniecuacional de expectativas,2.9982776172293186,0.16839051869777402,0.20424278430906767,0.7883895799153193,0.039414968260579865,0.7111376616727935,0.8656414981578452,4.77914691933674,0.119840166405204,4.544264509281254,5.014029329392226,4.66,3.27,4
2014-05-01,C0,Modelo condicional uniecuacional de expectativas,2.938143024403848,0.165883761940791,0.20424278430906784,0.7915397326347093,0.03942555890500983,0.7142670571105276,0.868812408158891,4.6646560621196675,0.11896513849874736,4.431488675246303,4.897823448993032,4.28,3.22,4
2014-06-01,C0,Modelo condicional uniecuacional de expectativas,2.910503441288742,0.1644996334159326,0.20424278430906773,0.793279118087415,0.0393978732976568,0.7160607053565354,0.8704975308182946,4.610643139999254,0.11852030577203294,4.378347609249395,4.842938670749112,4.36,3.13,4
2014-07-01,C0,Modelo condicional uniecuacional de expectativas,2.8731276550220692,0.16278428452346455,0.20424278430906773,0.7954347364828809,0.03930280298574067,0.7184026581393559,0.8724668148264059,4.539100352558231,0.11667098358730751,4.310429426686245,4.767771278430217,4.41,3.41,4
2014-08-01,C0,Modelo condicional uniecuacional de expectativas,2.806561787859925,0.16010366037818688,0.20424278430906784,0.7988033822110256,0.03912437179706356,0.7221210225710265,0.8754857418510248,4.4152380874816,0.11201773584608675,4.195687359593549,4.634788815369651,4.06,3.7,4
2014-09-01,C0,Modelo condicional uniecuacional de expectativas,2.7812082726975773,0.15890778616999338,0.20424278430906773,0.8003061951100017,0.03896478490245722,0.7239366200358355,0.8766757701841679,4.367136317904379,0.10966236655239693,4.152202029002251,4.582070606806506,4.13,3.45,4
2014-10-01,C0,Modelo condicional uniecuacional de expectativas,2.7704419679209518,0.15828213598082766,0.20424278430906767,0.8010924276151288,0.03887972594689636,0.7248895650304245,0.8772952901998331,4.345961208681014,0.10999268711027164,4.130379503382098,4.561542913979929,4.17,3.64,4
2014-11-01,C0,Modelo condicional uniecuacional de expectativas,2.757550917685977,0.15757904005043835,0.20424278430906773,0.8019759834491514,0.038802142489675694,0.7259251816463957,0.8780267852519071,4.320973394175412,0.11059981511092548,4.104201739861209,4.537745048489614,4.16,3.38,4
2014-12-01,C0,Modelo condicional uniecuacional de expectativas,2.749529402926737,0.15706321077535151,0.20424278430906773,0.8026242078886106,0.0388215951586645,0.7265352795552337,0.8787131362219874,4.304924395352914,0.11369236667664628,4.082091451349565,4.5277573393562625,4.21,2.95,4
2015-01-01,C0,Modelo condicional uniecuacional de expectativas,2.724456336029055,0.15593847283618792,0.20424278430906773,0.8040376263496509,0.03889160008808311,0.7278114908758733,0.8802637618234286,4.258168999352959,0.11769338532011786,4.027494202906933,4.488843795798985,3.89,2.32,4
2015-02-01,C0,Modelo condicional uniecuacional de expectativas,2.7323011503711387,0.15583968307862245,0.20424278430906773,0.8041617719503662,0.03897102373766583,0.7277799689838856,0.8805435749168468,4.269770730014498,0.12403429918628005,4.026667970761723,4.512873489267273,4.07,2.44,4
2015-03-01,C0,Modelo condicional uniecuacional de expectativas,2.7014033758762603,0.1547912770257309,0.2042427843090678,0.8054792668247057,0.03893744657996589,0.7291632738780203,0.8817952597713912,4.2145817943179305,0.1251426513327819,3.9693067047758244,4.459856883860036,4.11,2.43,4
2015-04-01,C0,Modelo condicional uniecuacional de expectativas,2.6279256975932235,0.1526452155226357,0.20424278430906784,0.8081761465523144,0.03884432774153987,0.7320426631752261,0.8843096299294027,4.086264440572591,0.12254083145993068,3.846088824275534,4.3264400568696475,3.82,2.58,4
2015-05-01,C0,Modelo condicional uniecuacional de expectativas,2.558349318446908,0.15059931234644472,0.20424278430906773,0.81074716084643506,0.038721469475227525,0.734854475246522,0.8866398464463481,3.9654622615401114,0.1192499738228766,3.731736607689929,4.199187915390294,3.57,2.55,4
2015-06-01,C0,Modelo condicional uniecuacional de expectativas,2.5222807749477796,0.14946675998093478,0.20424278430906767,0.8121703994211887,0.03860787241521399,0.736500359967652,0.8878404388747255,3.902704662684317,0.11815447070303534,3.671126155493975,4.134283169874659,3.67,2.39,4
2015-07-01,C0,Modelo condicional uniecuacional de expectativas,2.478228464486167,0.14811911793795585,0.20424278430906767,0.8138639336002145,0.03848513979551358,0.7384344456610187,0.8892934215394103,3.8265637446045035,0.11723984974428114,3.596777861552825,4.056349627656182,3.56,2.32,4
2015-08-01,C0,Modelo condicional uniecuacional de expectativas,2.438826674994987,0.1468889037273008,0.20424278430906753,0.815409900367964,0.0383439930871264,0.7402570548937435,0.8905627458421845,3.7585849548030947,0.11634392092647658,3.530555059967025,3.9866148496391647,3.31,1.96,4
2015-09-01,C0,Modelo condicional uniecuacional de expectativas,2.441381028074307,0.14668707295384026,0.20424278430906762,0.8156635339756533,0.038189784847878334,0.7408129310964783,0.8905141368548283,3.761351612599435,0.11743828610785433,3.53117680142193,3.99152642377694,3.4,1.88,4
2015-10-01,C0,Modelo condicional uniecuacional de expectativas,2.444987158964284,0.14650702186625192,0.20424278430906762,0.8158897978210047,0.03794930825950356,0.7415105203941693,0.89026907524784,3.7658628094680457,0.11611491499979362,3.5382817580005206,3.993443860935571,3.28,2.23,4
2015-11-01,C0,Modelo condicional uniecuacional de expectativas,2.4773539905689903,0.1468982242446672,0.20424278430906764,0.8153981876028358,0.03761503777099485,0.741674068294572,0.8891223069110995,3.8180159683803203,0.11345380032491545,3.595650605834287,4.040381330926353,3.37,2.51,4
2015-12-01,C0,Modelo condicional uniecuacional de expectativas,2.532084556152632,0.14781631754587288,0.2042427843090675,0.8142444521630529,0.037196343508312975,0.7413409585301792,0.8871479457959265,3.9078943209196133,0.11026767224122155,3.691773654667752,4.124014987171474,3.65,3.07,4
2016-01-01,C0,Modelo condicional uniecuacional de expectativas,2.5743169353582243,0.14840298051325812,0.20424278430906756,0.8135072135231546,0.036674595252495744,0.7416263276806793,0.8853880993656299,3.9766742773400887,0.10465968231430127,3.7715450693706547,4.181803485309523,3.8,4.38,4
2016-02-01,C0,Modelo condicional uniecuacional de expectativas,2.61130253670956,0.14881946580472463,0.2042427843090675,0.8129838311607277,0.03609363695766131,0.7422416026526477,0.8837260596688077,4.036404641975014,0.09958836379243838,3.841215035662562,4.2315942482874656,4.09,4.27,4
2016-03-01,C0,Modelo condicional uniecuacional de expectativas,2.637464817070789,0.14873510281794416,0.20424278430906748,0.813089847147912,0.03574138866549397,0.7430380126060957,0.8831416816897283,4.076313258227897,0.09729942228992153,3.8856098948230966,4.267016621632696,3.99,4.26,4
2016-04-01,C0,Modelo condicional uniecuacional de expectativas,2.6887770544289724,0.14978532383910362,0.20424278430906745,0.8117700714670247,0.03552851110993873,0.7421354692672136,0.8814046736668358,4.162374692064335,0.09750959420960788,3.9712593992663887,4.353489984862282,4.19,4.09,4
2016-05-01,C0,Modelo condicional uniecuacional de expectativas,2.7298070483187513,0.15037277078865294,0.20424278430906734,0.8110318476244182,0.03535778021791078,0.7417318718240302,0.8803318234248061,4.22973790254905,0.09746554959671948,4.038708935606078,4.420766869492022,4.16,4.36,4
2016-06-01,C0,Modelo condicional uniecuacional de expectativas,2.7794983541841507,0.15133448214417683,0.20424278430906723,0.8098232989156403,0.035161768118256186,0.7409074997711095,0.8787390980601711,4.313159994971663,0.09772957704318425,4.121613543742689,4.504706446200637,4.39,4.43,4
2016-07-01,C0,Modelo condicional uniecuacional de expectativas,2.8076406868524133,0.15130356987738536,0.2042427843090673,0.8098621452700081,0.034959497280490734,0.7413427896826204,0.8783815008573959,4.356621620641303,0.09730660223831994,4.165904184796232,4.547339056486375,4.41,4.62,4
2016-08-01,C0,Modelo condicional uniecuacional de expectativas,2.8282201873750634,0.15091869309753472,0.20424278430906728,0.8103458063317761,0.03476433422536124,0.7422089633035549,0.8784826493599973,4.385935530030971,0.0970125231883264,4.195794478532495,4.576076581529447,4.45,4.74,4
2016-09-01,C0,Modelo condicional uniecuacional de expectativas,2.8437182022823606,0.15028578631835637,0.20424278430906725,0.8111411579373897,0.034608661858763094,0.743309427141089,0.8789728887336904,4.405645351408609,0.09681665898443817,4.215888186695613,4.595402516121604,4.42,4.56,4
2016-10-01,C0,Modelo condicional uniecuacional de expectativas,2.868804100824514,0.15013302478406698,0.20424278430906728,0.8113331279645251,0.03452705026261794,0.7436613529573897,0.8790049029716605,4.443458193217472,0.09692898472737173,4.253480874093791,4.633435512341153,4.43,4.76,4
2016-11-01,C0,Modelo condicional uniecuacional de expectativas,2.899470366617319,0.15024910651409676,0.20424278430906723,0.8111872521524799,0.034445023619348,0.7436762464119263,0.8786982578930335,4.491764433935273,0.09706318475736662,4.301524087586078,4.682004780284469,4.6,4.67,4
2016-12-01,C0,Modelo condicional uniecuacional de expectativas,2.9129568123299885,0.14950122135258667,0.20424278430906723,0.8121270930320386,0.03442195383251687,0.744661303242805,0.8795928828212721,4.507434883157023,0.0971824228182361,4.316960834502937,4.697908931811109,4.66,4.23,4
2017-01-01,C0,Modelo condicional uniecuacional de expectativas,2.9031192446185967,0.14760255779726678,0.20424278430906723,0.814513076492674,0.034465128678806405,0.7469626655596749,0.8820634874256731,4.479053277273327,0.09763835557645915,4.287685616833752,4.670420937712903,4.4,3.83,4
2017-02-01,C0,Modelo condicional uniecuacional de expectativas,2.9101844573026403,0.14645928219159982,0.2042427843090672,0.8159497905847659,0.03450169701537739,0.7483277070291132,0.8835718741404186,4.482047927703177,0.09842483521072208,4.289138795505872,4.674957059900482,4.46,3.96,4
2017-03-01,C0,Modelo condicional uniecuacional de expectativas,2.898009532691973,0.14453747098508202,0.20424278430906723,0.8183648628814703,0.034409585133024674,0.750923315297777,0.8858064104651635,4.450125408898611,0.09809060291806296,4.257871359957388,4.642379457839834,4.28,4,4
2017-04-01,C0,Modelo condicional uniecuacional de expectativas,2.9074406170742435,0.14351960325409366,0.2042427843090672,0.8196439813247816,0.034268117691058,0.752479704832328,0.8868082578172352,4.457640224414061,0.0979030641241234,4.265753744754664,4.649526704073458,4.51,4.09,4
2017-05-01,C0,Modelo condicional uniecuacional de expectativas,2.8839570407834363,0.14111075544645316,0.20424278430906723,0.8226710953240546,0.03403940443524725,0.755955088575777,0.8893871020723322,4.405365668221004,0.0968034940416855,4.215634306321663,4.595097030120344,4.17,3.93,4
2017-06-01,C0,Modelo condicional uniecuacional de expectativas,2.905740174730734,0.14065792982868078,0.20424278430906723,0.8232401452916118,0.033808023073249885,0.756977637679543,0.8895026529036807,4.435572191024683,0.09667082249579952,4.246100860577052,4.625043521472314,4.26,4.36,4
2017-07-01,C0,Modelo condicional uniecuacional de expectativas,2.9382341484580587,0.140649825181928,0.20424278430906717,0.8232503301150642,0.033453496319588126,0.7576826821717283,0.8888179780584001,4.485118304305973,0.09630414650684972,4.296365645590679,4.673870963021267,4.48,5.22,4
2017-08-01,C0,Modelo condicional uniecuacional de expectativas,2.958259785388997,0.14006738385927645,0.20424278430906717,0.8239822635630643,0.033042706870154,0.75921974814584825,0.8887447789802803,4.511675554164318,0.09547418013798555,4.3245495996403776,4.698801508688259,4.51,4.72,4
2017-09-01,C0,Modelo condicional uniecuacional de expectativas,2.998423698012678,0.14059555954742056,0.20424278430906717,0.8233185238221867,0.0328775465198041,0.7588797167433305,0.8877573309010429,4.576616579887083,0.09601036663665388,4.3884397191367555,4.76479344063741,4.75,4.36,4
2017-10-01,C0,Modelo condicional uniecuacional de expectativas,3.003005075001818,0.13934933973471184,0.20424278430906714,0.8248846042649844,0.03271574237548313,0.7607629274815466,0.8890062810484223,4.574907134725031,0.09595248461989987,4.386843720642894,4.762970548807168,4.53,4.2,4
2017-11-01,C0,Modelo condicional uniecuacional de expectativas,3.0184046112559764,0.13860144345408915,0.20424278430906712,0.8258244591175393,0.03251078803868649,0.7621044854526983,0.8895444327823804,4.593134137712666,0.09599227908635227,4.404992727909498,4.781275547515834,4.63,4.69,4
2017-12-01,C0,Modelo condicional uniecuacional de expectativas,3.011569206132941,0.13686691149744304,0.20424278430906714,0.8280041841925297,0.03216374548510284,0.7649644014338154,0.8910439669512441,4.570668572546733,0.09512895040454207,4.384219255866734,4.757117889226732,4.56,5.68,4
2018-01-01,C0,Modelo condicional uniecuacional de expectativas,3.013077352393718,0.13554580319718224,0.20424278430906714,0.8296643743538137,0.031824436609480256,0.7672896247709544,0.892039123936673,4.5638068281987465,0.0944605013676159,4.378667647556623,4.74894600884087,4.71,4.71,4
2018-02-01,C0,Modelo condicional uniecuacional de expectativas,3.0155078767939503,0.13428004633048365,0.2042427843090671,0.8312550063226355,0.03183494208451724,0.7688596663870633,0.8936503462582077,4.558748232700912,0.09480984806103544,4.372924345121568,4.744572120280257,4.56,4.15,4
2018-03-01,C0,Modelo condicional uniecuacional de expectativas,3.02859211441459,0.13354443296907412,0.20424278430906712,0.8321794256642444,0.0318979880166922,0.7696605179722374,0.8946983333562514,4.573442545108122,0.09580608119265364,4.385666076470601,4.761219013745643,4.62,4.14,4
2018-04-01,C0,Modelo condicional uniecuacional de expectativas,3.019099752606382,0.1318189496124109,0.20424278430906712,0.8343477796830829,0.031867239829794385,0.7718891373299857,0.8968064220361802,4.5472597481665895,0.09637639230066858,4.358365490297376,4.736154006035803,4.46,3.92,4
2018-05-01,C0,Modelo condicional uniecuacional de expectativas,3.0199372206516033,0.1305452858334211,0.20424278430906714,0.83594834798944,0.03182004190835187,0.7735822118625151,0.8983144841163648,4.539812178802134,0.09723890708367934,4.349227423022086,4.730396934582183,4.48,4.09,4
2018-06-01,C0,Modelo condicional uniecuacional de expectativas,3.0127972789853326,0.12894123767889276,0.20424278430906712,0.8379640986768347,0.0317110787775957,0.7758115263618347,0.9001166709918348,4.518183994281752,0.09774983074524378,4.326597846526187,4.709770142037316,4.43,3.79,4
2018-07-01,C0,Modelo condicional uniecuacional de expectativas,3.011026725303594,0.12756920643013275,0.20424278430906712,0.8396882819097429,0.0316367472942462,0.7776813966250253,0.9016951671944604,4.506256747460371,0.09927772344373632,4.311675985043521,4.700837509877222,4.36,2.61,4
2018-08-01,C0,Modelo condicional uniecuacional de expectativas,3.0176403411023522,0.1265328902187933,0.20424278430906712,0.8409905839070169,0.03155695847656538,0.7791400818313228,0.902841085982711,4.509161168003567,0.10165783980433528,4.309915463240928,4.708406872766207,4.33,3.36,4
2018-09-01,C0,Modelo condicional uniecuacional de expectativas,3.0047147854649756,0.12495778566964086,0.20424278430906712,0.8429699621873442,0.03126139592153817,0.7816987520746821,0.9042411723000063,4.47930432106897,0.09955652014419997,4.284177127160201,4.674431514977738,4.32,4.55,4
2018-10-01,C0,Modelo condicional uniecuacional de expectativas,2.989431184916662,0.12329897390686179,0.2042427843090671,0.8450545323678845,0.030866837562133247,0.7845566424294552,0.9055524223063138,4.445526873141633,0.09650501152187918,4.256380526231127,4.6346732200521386,4.32,4.34,4
2018-11-01,C0,Modelo condicional uniecuacional de expectativas,2.998199898064815,0.12279638031947808,0.20424278430906712,0.8456861239858723,0.030688061101547537,0.7855386294714746,0.90583361850027,4.455236828767153,0.09695445620324039,4.265209586468136,4.64526407106617,4.47,3.15,4
2018-12-01,C0,Modelo condicional uniecuacional de expectativas,2.994910501820036,0.12174089450415183,0.20424278430906712,0.8470125157477237,0.03063189530388466,0.7869751041739081,0.9070499273215393,4.443379793158001,0.09903205029526044,4.249280541264131,4.637479045051871,4.38,2.31,4
2019-01-01,C0,Modelo condicional uniecuacional de expectativas,2.9727153591122875,0.12005622722531986,0.20424278430906712,0.8491295776424993,0.030451103506960862,0.7894465114793547,0.9088126438056439,4.399453915056054,0.09905862152580132,4.2053025845073,4.593605245604809,4.07,4.1,4
2019-02-01,C0,Modelo condicional uniecuacional de expectativas,2.9664374458148117,0.11876002413774742,0.20424278430906712,0.8507584703022372,0.03005335657395759,0.7918549738027403,0.9096619668017341,4.381757388105451,0.09542994216213951,4.194718138420917,4.568796637789985,4.25,4.46,4
2019-03-01,C0,Modelo condicional uniecuacional de expectativas,2.9675438447519764,0.11778368510961912,0.20424278430906712,0.8519854010907699,0.029680798821175657,0.7938121043688867,0.9101586978126531,4.377079208693472,0.09349582680846404,4.193830755444088,4.560327661942855,4.35,4.17,4
2019-04-01,C0,Modelo condicional uniecuacional de expectativas,2.970973120976003,0.11691680033974271,0.2042427843090671,0.8530747845770682,0.029397988601022215,0.7954557857011456,0.9106937834529908,4.3765413104330335,0.09279049902691677,4.194675274232778,4.558407346633289,4.3,4.75,4
2019-05-01,C0,Modelo condicional uniecuacional de expectativas,2.9844209199184903,0.1164912941754933,0.20424278430906706,0.8536095031518536,0.029104488988351274,0.7965657529462425,0.9106532533574646,4.393597301716916,0.09223023391106024,4.2128293649655335,4.574365238468299,4.39,4.54,4
2019-06-01,C0,Modelo condicional uniecuacional de expectativas,3.003413838349144,0.11634406420505537,0.20424278430906706,0.85379452185798,0.028934403070837268,0.7970841339249738,0.9105049097909862,4.420600089622454,0.0924654105367766,4.239371215154661,4.601828964090246,4.36,4.8,4
2019-07-01,C0,Modelo condicional uniecuacional de expectativas,3.0369617454679974,0.11689496899324005,0.2042427843090671,0.8531022192594967,0.02884632196436858,0.7965644671228875,0.9096399713961059,4.473605300988847,0.0935686391567849,4.290214138159125,4.65699646381857,4.6,4.37,4
2019-08-01,C0,Modelo condicional uniecuacional de expectativas,3.0467402583797223,0.11624047461521358,0.2042427843090671,0.8539246992384664,0.028924322708302787,0.7972340684529788,0.9106153300239539,4.483686823604278,0.09629198740439804,4.294957996291873,4.672415650916682,4.53,3.01,4
2019-09-01,C0,Modelo condicional uniecuacional de expectativas,3.0488890987324684,0.11523372385304072,0.20424278430906712,0.8551898473795345,0.029169857177836066,0.7980179778767986,0.9123617168822704,4.48021138917383,0.10258826917654151,4.279142076351508,4.681280701996152,4.34,1.8,4
2019-10-01,C0,Modelo condicional uniecuacional de expectativas,3.0469774936041185,0.1140978476803393,0.20424278430906712,0.8566172628654439,0.029351558575976235,0.7990892651664128,0.9141452605644751,4.469941493647551,0.10923985414715999,4.2558353138427085,4.684047673452393,4.22,2.17,4
2019-11-01,C0,Modelo condicional uniecuacional de expectativas,3.0277401073675283,0.11263248558469259,0.20424278430906714,0.8584587316787355,0.0293724355420251,0.8008898158781421,0.916027647479329,4.432192210193666,0.11080281061072401,4.215022692010834,4.649361728376498,4.25,2.92,4
2019-12-01,C0,Modelo condicional uniecuacional de expectativas,2.9837737572108463,0.11060018336970574,0.20424278430906712,0.8610126541250716,0.029277906343712374,0.8036290121486586,0.9183962961014845,4.354875767825356,0.1088955497995124,4.141444412141624,4.568307123509088,4.1,3.41,4
2020-01-01,C0,Modelo condicional uniecuacional de expectativas,2.955752254136814,0.10905977880274241,0.20424278430906714,0.8629484261628102,0.029216071455971323,0.8056859783393577,0.9202108739862627,4.304300693957703,0.10906197273550773,4.0905431553132185,4.518058232602188,4.11,1.78,4
2020-02-01,C0,Modelo condicional uniecuacional de expectativas,2.939470325013696,0.10794231373908865,0.20424278430906717,0.8643527050579548,0.029315773417983314,0.8068948449797708,0.9218105651361388,4.273635707327982,0.11445387840124822,4.049310227770608,4.497961186885355,3.85,1.24,4
2020-03-01,C0,Modelo condicional uniecuacional de expectativas,2.9490056800325726,0.10731036305041215,0.20424278430906717,0.865146855178388,0.029336629439006126,0.8076481180501385,0.9226455923066375,4.2835633117091545,0.11865210615023425,4.051009456964872,4.516117166453437,3.99,1.77,4
2020-04-01,C0,Modelo condicional uniecuacional de expectativas,2.93260660086234,0.10633865412146315,0.20424278430906712,0.8663679674847404,0.029243328662255506,0.8090520965186517,0.9236838384508291,4.253738968365205,0.11713091038896735,4.02416660252644,4.48331133420397,3.97,1.88,4
2020-05-01,C0,Modelo condicional uniecuacional de expectativas,2.9089034912941023,0.10523035881897587,0.20424278430906712,0.867760723064751,0.029077398769744384,0.8107700687119428,0.9247513774175593,4.212585596556304,0.1136775503789541,3.989781691962816,4.435389501149792,3.96,1.8,4
2020-06-01,C0,Modelo condicional uniecuacional de expectativas,2.8761528873649014,0.10394235953209639,0.2042427843090671,0.8693793062977805,0.02883576343907687,0.812862248490473,0.925896364105088,4.157402608169134,0.10853633751534113,3.944675295625182,4.370129920713086,3.77,2.39,4
2020-07-01,C0,Modelo condicional uniecuacional de expectativas,2.86516821936684,0.10306828498801704,0.204242784309067,0.8704777249194959,0.028495646680216608,0.8146272837100931,0.9263281661288988,4.136298549565921,0.10227986472513503,3.9358336983610274,4.336763400770814,3.9,2.88,4
2020-08-01,C0,Modelo condicional uniecuacional de expectativas,2.8502370638285663,0.1020945597854229,0.20424278430906703,0.8717013710057568,0.028052583030658954,0.8167193185923458,0.9266834234191679,4.108967146440737,0.09570763149468152,3.9213836356655296,4.296550657215944,3.92,4.19,4
2020-09-01,C0,Modelo condicional uniecuacional de expectativas,2.839745719957507,0.10125592625328092,0.20424278430906706,0.8727552521589599,0.02750778491373252,0.8188409844335699,0.9266695198843499,4.088899132580289,0.0907774113214674,3.910978675780434,4.266819589380143,3.99,4.97,4
2020-10-01,C0,Modelo condicional uniecuacional de expectativas,2.8451739785516588,0.10112201463688175,0.20424278430906703,0.8729235341597494,0.0270231130963172,0.819959205740815,0.9258878625786838,4.095925421335319,0.08964404934431895,3.9202263131921224,4.271624529478515,4.15,5.34,4
2020-11-01,C0,Modelo condicional uniecuacional de expectativas,2.853306509344225,0.10113009974553155,0.20424278430906706,0.8729133738891413,0.02667789323406713,0.8206256639669649,0.9252010838113176,4.107680860487022,0.09033861696588642,3.930620424820726,4.284741296153319,4.27,5.46,4
2020-12-01,C0,Modelo condicional uniecuacional de expectativas,2.8552428308881757,0.10078861105966162,0.204242784309067,0.8733425106649523,0.026484497691826665,0.8214338490403378,0.9252511722895668,4.108448657767898,0.09134935148659497,3.9294072188430813,4.287490096692714,4.26,4.82,4
2021-01-01,C0,Modelo condicional uniecuacional de expectativas,2.8609469179012974,0.10066446656634097,0.20424278430906703,0.8734985186669819,0.026432215349830174,0.821692328549708,0.9253047087842559,4.1159211076570825,0.0920583145604889,3.935490126641065,4.2963520886731,4.12,5.24,4
2021-02-01,C0,Modelo condicional uniecuacional de expectativas,2.887174198580664,0.10158543571730151,0.204242784309067,0.8723411692483394,0.026298541120129592,0.8207969758069398,0.923885362689739,4.159163886913316,0.0927662016173847,3.9773454727606605,4.340982301065971,4.39,6,4
2021-03-01,C0,Modelo condicional uniecuacional de expectativas,2.8858795381963316,0.10098276655971206,0.20424278430906703,0.8730985223023939,0.026108975958500834,0.8219258697505102,0.9242711748542777,4.153692672211784,0.09342142289080313,3.9705900479613243,4.3367952964622445,4.34,5.84,4
2021-04-01,C0,Modelo condicional uniecuacional de expectativas,2.8949083289613564,0.10103450403631255,0.204242784309067,0.8730335056420604,0.02614819058922438,0.8217839938262914,0.9242830174578294,4.166998257573235,0.0928369956270903,3.9850410897112356,4.348955425435235,4.39,5.2,4
2021-05-01,C0,Modelo condicional uniecuacional de expectativas,2.8999622223252706,0.10084099078424737,0.204242784309067,0.8732766869142493,0.026356848759644114,0.8216182125993776,0.924935161229121,4.17311053964049,0.09149117970983968,3.9937911225061224,4.3524299567748574,4.41,5.17,4
2021-06-01,C0,Modelo condicional uniecuacional de expectativas,2.8860254030187193,0.09960416087165391,0.204242784309067,0.8748309674010678,0.02658716730815336,0.8227210770261465,0.9269408577759891,4.145676562128899,0.0903992477881758,3.968497292234562,4.322855832023236,4.23,3.91,4
2021-07-01,C0,Modelo condicional uniecuacional de expectativas,2.8873789563838352,0.09920251108201679,0.204242784309067,0.8753357065120897,0.026951365305506406,0.8225120011791148,0.9281594118450646,4.145229279594009,0.0899409241081711,3.9689483076057432,4.321510251582274,4.12,3.82,4
2021-08-01,C0,Modelo condicional uniecuacional de expectativas,2.8928292506710065,0.09897009497048352,0.20424278430906698,0.8756277756343678,0.027187806223261536,0.8223406546181212,0.9289148966506143,4.151668658398764,0.09022602286718069,3.9748289031108026,4.328508413686725,4.14,3.62,4
2021-09-01,C0,Modelo condicional uniecuacional de expectativas,2.892387585339056,0.09849988827102779,0.204242784309067,0.8762186677936648,0.027337909546928045,0.8226373496690721,0.9297999859182574,4.148235481499918,0.09100900465372821,3.9698611101097723,4.326609852890063,4.2,3.67,4
2021-10-01,C0,Modelo condicional uniecuacional de expectativas,2.8694490255335516,0.09716927706245025,0.20424278430906695,0.877890799924345,0.02740800548169638,0.8241720962921437,0.9316095035565464,4.107498665332036,0.09161636351321283,3.92793389245161,4.287063438212463,3.89,2.96,4
2021-11-01,C0,Modelo condicional uniecuacional de expectativas,2.887862310461818,0.09744203118486222,0.204242784309067,0.8775480394478659,0.0274875506729186,0.8236734301057257,0.931422648790006,4.135471166224817,0.09348040276335232,3.952252943548348,4.318689388901286,4.08,2.89,4
2021-12-01,C0,Modelo condicional uniecuacional de expectativas,2.882983751834784,0.09698639004641367,0.204242784309067,0.8781206275808593,0.02743022483975244,0.8243583748071085,0.9318828803546101,4.125792958192882,0.09402289897840707,3.9415114624731564,4.310074453912608,4.02,3.07,4
2022-01-01,C0,Modelo condicional uniecuacional de expectativas,2.8731111016133957,0.09637826434405289,0.204242784309067,0.8788848376820932,0.027257813393712294,0.8254605051331037,0.9323091702310828,4.108089178377892,0.09338855424434306,3.925050975490714,4.29112738126507,4.09,2.87,4
2022-02-01,C0,Modelo condicional uniecuacional de expectativas,2.841920186680412,0.09507868707960655,0.204242784309067,0.8805179705507885,0.026983006127628915,0.8276322503460123,0.9334036907555647,4.055954436498588,0.0919493809920233,3.875736961353471,4.236171911643706,3.92,2.98,4
2022-03-01,C0,Modelo condicional uniecuacional de expectativas,2.817159626854779,0.09397408906252454,0.20424278430906698,0.8819060798827573,0.026564056385934294,0.8298414860830349,0.9339706736824797,4.014288061312215,0.09016979800180476,3.8375585047354264,4.191017617889004,3.8,4.17,4
2022-04-01,C0,Modelo condicional uniecuacional de expectativas,2.813265697518096,0.09352645285757041,0.20424278430906695,0.8824686084984299,0.025956702883314975,0.8315944056897255,0.9333428113071343,4.0061840728354365,0.08966838514139394,3.8304372674064378,4.181930878264435,3.94,4.62,4
2022-05-01,C0,Modelo condicional uniecuacional de expectativas,2.8177738609523213,0.09344898140602233,0.20424278430906695,0.8825659641365824,0.025248344716611897,0.8330801178227709,0.9320518104503939,4.012161218387785,0.09253226054845214,3.8308013203047424,4.193521116470828,4.01,5.82,4
2022-06-01,C0,Modelo condicional uniecuacional de expectativas,2.831714530510884,0.09383191556511103,0.204242784309067,0.8820847442977447,0.024381652068188736,0.8342975843605083,0.9298719042349812,4.034210663162151,0.09960470852003987,3.838989021772263,4.229432304552039,4.16,7.55,4
2022-07-01,C0,Modelo condicional uniecuacional de expectativas,2.8535104830362563,0.09469785998270441,0.20424278430906695,0.8809965425189629,0.023436626411110027,0.835061598834067,0.9269314862038587,4.070283721060345,0.11032282884053758,3.8540549498603145,4.286512492260375,4.51,8.36,4
2022-08-01,C0,Modelo condicional uniecuacional de expectativas,2.8557117211896186,0.09400080998990011,0.20424278430906695,0.8818725006366648,0.02267962391030539,0.8374212545895527,0.9263237466837768,4.0693774905223,0.12091159402440867,3.832395120921131,4.30635986012347,4.55,8.87,4
2022-09-01,C0,Modelo condicional uniecuacional de expectativas,2.860620292032507,0.09354288194542924,0.20424278430906698,0.8824479626437208,0.02218628610742309,0.8389636409224702,0.9259322843649714,4.0737138998208655,0.1295978298666102,3.8197068208077605,4.3277209788339706,4.61,9.03,4
2022-10-01,C0,Modelo condicional uniecuacional de expectativas,2.86758713989127,0.09327783913409411,0.20424278430906695,0.8827810325878055,0.02190555834278268,0.8398469271747105,0.9257151380009004,4.082094415278892,0.1358305924892118,3.8158713460013,4.348317484556484,4.67,9.7,4
2022-11-01,C0,Modelo condicional uniecuacional de expectativas,2.87059652571745,0.09263524495900777,0.20424278430906695,0.8835885580018583,0.021710639330289383,0.8410364868331524,0.9261406291705643,4.082643759132231,0.1406584012513785,3.806958358556545,4.358329159707917,4.8,9.17,4
2022-12-01,C0,Modelo condicional uniecuacional de expectativas,2.857176976175914,0.09030899738521586,0.20424278430906698,0.8865118712033253,0.021773691262157776,0.8438362205190016,0.929187521887649,4.05015832776221,0.1425951664921721,3.77067693706806,4.3296397184563595,4.71,9.24,4
2023-01-01,C0,Modelo condicional uniecuacional de expectativas,2.8343037139519907,0.08706685990949986,0.20424278430906698,0.8905861509104857,0.021835535609407875,0.8477892875329044,0.9333830142880669,3.999354147872892,0.144119769585111,3.7168845900258636,4.281823705719921,4.62,9.69,4
2023-02-01,C0,Modelo condicional uniecuacional de expectativas,2.8073321678865475,0.08342464363187366,0.20424278430906698,0.8951631955238528,0.02190591097228243,0.8522283989696384,0.9380979920780672,3.941041415208221,0.1449401943822994,3.6569638543066794,4.225118976109762,4.49,9.92,4
2023-03-01,C0,Modelo condicional uniecuacional de expectativas,2.795145301241223,0.08129601378318713,0.204242784309067,0.8978381695067632,0.022216511034163534,0.854294608017666,0.9413817309958604,3.912242251612346,0.14213270061467534,3.6336672773821683,4.190817225842523,4.43,8.71,4
2023-04-01,C0,Modelo condicional uniecuacional de expectativas,2.80186661782526,0.08114906158018638,0.20424278430906698,0.8980228391523576,0.023007815714619205,0.8529283489887692,0.9431173293159459,3.9208433345011056,0.13350132537520873,3.6591855448773334,4.182501124124878,4.39,8.32,4
2023-05-01,C0,Modelo condicional uniecuacional de expectativas,2.813593854349766,0.08146276204502904,0.204242784309067,0.897628622852892,0.023956842989388476,0.8506740734104097,0.9445831722953744,3.938983202219493,0.12284813241956512,3.698205287109138,4.179761117329848,4.3,6.54,4
2023-06-01,C0,Modelo condicional uniecuacional de expectativas,2.844088078508876,0.08342610346495276,0.204242784309067,0.8951613610031594,0.025250002080047084,0.8456722663167057,0.944650455689613,3.9926489657616084,0.10924064197716003,3.7785412418383406,4.206756689684877,4.24,4.93,4
2023-07-01,C0,Modelo condicional uniecuacional de expectativas,2.8805412452295975,0.08580118054600727,0.20424278430906706,0.8921766854837645,0.0265014530683931,0.8402347919317356,0.9441185790357934,4.057351586062063,0.09848983018894192,3.864315066048271,4.250388106075855,4.21,4.53,4
2023-08-01,C0,Modelo condicional uniecuacional de expectativas,2.9083628358318636,0.08772667599447609,0.20424278430906698,0.8897569833302668,0.027472487830298535,0.8359118966171667,0.9436020700433668,4.107679927307544,0.09300185496623373,3.9253996410783083,4.289960213536779,4.17,4.47,4
2023-09-01,C0,Modelo condicional uniecuacional de expectativas,2.935251684957319,0.08960753073973513,0.204242784309067,0.8873933795725226,0.028219811415232738,0.8320835655481542,0.942703193596891,4.156698993868665,0.09052420736674886,3.979274807700802,4.334123180036529,4.15,4.69,4
2023-10-01,C0,Modelo condicional uniecuacional de expectativas,2.9701365672857962,0.09186600431993305,0.204242784309067,0.8845552355561508,0.028816643311824652,0.8280756525096374,0.9410348186026641,4.219596038854826,0.08947385565661327,4.044230504209929,4.394961573499724,4.32,4.98,4
2023-11-01,C0,Modelo condicional uniecuacional de expectativas,2.9897919222547795,0.09336985356855473,0.20424278430906695,0.8826654012964439,0.029363254629134843,0.8251144797544606,0.9402163228384272,4.2566140615352674,0.0889175837727203,4.082338799748412,4.4308893233221225,4.43,4.3,4
2023-12-01,C0,Modelo condicional uniecuacional de expectativas,2.9896335850052007,0.09383122627499425,0.20424278430906695,0.8820856105043002,0.03001603425643664,0.8232552644029639,0.9409159566056365,4.259186338851517,0.08899748293366995,4.084754477586806,4.4336182001162285,4.32,4.18,4
2024-01-01,C0,Modelo condicional uniecuacional de expectativas,2.98476235503046,0.09407849361831301,0.20424278430906692,0.8817748783633368,0.03064581878905214,0.8217101772600537,0.9418395794666199,4.2537449991558285,0.08957595151810856,4.07817936029943,4.429310638012227,4.29,3.82,4
2024-02-01,C0,Modelo condicional uniecuacional de expectativas,2.9735649159125286,0.09404638350245635,0.20424278430906695,0.8818152300123366,0.031279567293200077,0.8205084046656674,0.9431220553590058,4.237593007704691,0.09084545078959753,4.059539195997774,4.415646819411608,4.28,3.3,4
2024-03-01,C0,Modelo condicional uniecuacional de expectativas,2.9472292278998617,0.09340331653395718,0.20424278430906698,0.8826233495691801,0.03188070895427685,0.8201383082171939,0.9451083909211663,4.196216795318391,0.09235445612160995,4.015205387508251,4.3772282031285314,4.14,3.24,4
2024-04-01,C0,Modelo condicional uniecuacional de expectativas,2.918679481649227,0.09268305717038144,0.20424278430906698,0.8835284740837601,0.03238372224108793,0.8200575448058791,0.9469994033616411,4.151310990850351,0.09296820432891435,3.969096658658318,4.333525323042384,4.02,3.36,4
2024-05-01,C0,Modelo condicional uniecuacional de expectativas,2.899628997568711,0.09228796477382216,0.20424278430906695,0.8840249727503995,0.03280509181781847,0.8197281742779456,0.9483217712228533,4.1218987095576285,0.0929537863498753,3.939712636085242,4.304084783030015,3.99,3.76,4
2024-06-01,C0,Modelo condicional uniecuacional de expectativas,2.889274720094754,0.0922015752441084,0.20424278430906698,0.8841335354225441,0.03318288156637497,0.8190962826491912,0.9491707881958971,4.106675512202262,0.09286990956537529,3.9246538342066346,4.288697190197889,4.02,3.62,4
2024-07-01,C0,Modelo condicional uniecuacional de expectativas,2.8855069967306894,0.092376833850274,0.20424278430906695,0.8839132941194057,0.033636862865644046,0.8179862543498306,0.9498403338889807,4.102342162543226,0.09425114577681472,3.917613311319035,4.2870710137674175,4.07,3.78,4
2024-08-01,C0,Modelo condicional uniecuacional de expectativas,2.875546973929023,0.09231526499724481,0.20424278430906695,0.8839906655234158,0.03415622391943784,0.8170456967934321,0.9509356342533994,4.0878241212275555,0.096846000396582893,3.898009448403501,4.27763879405161,4.02,3.07,4
2024-09-01,C0,Modelo condicional uniecuacional de expectativas,2.8732155035149236,0.09255834915106982,0.20424278430906695,0.8836851902490082,0.03485973700219491,0.8153613612141679,0.9520090192838484,4.085921693322362,0.10366474258816963,3.882742531382934,4.28910085526179,3.97,2.11,4
2024-10-01,C0,Modelo condicional uniecuacional de expectativas,2.872681100022758,0.09285972063489818,0.20424278430906695,0.8833064673447281,0.03562376718805328,0.8134851666625039,0.9531277680269522,4.086913270040532,0.11375715837096068,3.86395333664983,4.309873203431234,3.96,1.16,4
2024-11-01,C0,Modelo condicional uniecuacional de expectativas,2.854968436882636,0.09277814998386827,0.20424278430906695,0.8834089743021536,0.03632645912931826,0.8122104227228235,0.9546075258814837,4.061242469590576,0.12263671020553467,3.8208789344052527,4.3016060047759,3.66,1.66,4
2024-12-01,C0,Modelo condicional uniecuacional de expectativas,2.861014216352939,0.09298774991451235,0.20424278430906695,0.8831455774689095,0.03693026801644929,0.8107635822172575,0.9555275727205615,4.071056520920536,0.12716393006807872,3.8218197978545314,4.32029324398654,3.95,1.7,4
2025-01-01,C0,Modelo condicional uniecuacional de expectativas,2.8271547488884257,0.09249749233617317,0.20424278430906692,0.8837616668598345,0.03747123421829698,0.8103193973357076,0.9572039363839614,4.02007203740042,0.12767600032865484,3.7698316750661327,4.270312399734708,3.76,2.19,4
2025-02-01,C0,Modelo condicional uniecuacional de expectativas,2.79994115702936,0.09212659856585359,0.2042427843090669,0.8842277559671731,0.03797779324081754,0.809792649002862,0.9586628629314842,3.979277036677945,0.12736899066104565,3.729638402235077,4.228915671120813,3.79,1.79,4
2025-03-01,C0,Modelo condicional uniecuacional de expectativas,2.7683874713795276,0.09165528605601206,0.20424278430906695,0.8848200377593429,0.038531992667326424,0.8092987198788217,0.9603413556398641,3.931799296182791,0.12936939303347336,3.678239945135376,4.185358647230205,3.71,1.57,4
2025-04-01,C0,Modelo condicional uniecuacional de expectativas,2.7360938089611233,0.09116997952094755,0.20424278430906695,0.8854299053489735,0.03907707329281968,0.8088402490738149,0.962019561624132,3.883257698271766,0.13145670514061825,3.625607290669853,4.140908105873679,3.62,1.47,4
2025-05-01,C0,Modelo condicional uniecuacional de expectativas,2.707419906661849,0.09074471440925534,0.20424278430906695,0.8859643210015201,0.03959425483276645,0.8083610075345969,0.9635676344684433,3.8402438279319786,0.13281312450890956,3.579934887220282,4.100552768643675,3.55,1.69,4
2025-06-01,C0,Modelo condicional uniecuacional de expectativas,2.685181587023811,0.09041939790411223,0.20424278430906695,0.8863731347687451,0.040078767856723284,0.8078201932248259,0.9649260763126644,3.806944019320076,0.1332515218097209,3.5457758356878695,4.068112202952283,3.53,1.79,4
2025-07-01,C0,Modelo condicional uniecuacional de expectativas,2.669992843942797,0.09021995112064583,0.20424278430906695,0.8866237725003719,0.040565017698948734,0.8071177987782026,0.9661297462225413,3.784339932163578,0.13479747967585637,3.5201417267921298,4.048538137535027,3.54,1.17,4
2025-08-01,C0,Modelo condicional uniecuacional de expectativas,2.657462406635464,0.0900707767235938,0.20424278430906698,0.8868112346987794,0.04107779477485368,0.8063002363757386,0.9673222330218203,3.7657835830375896,0.13845270601267043,3.4944212656906437,4.037145900384536,3.49,1.17,4
2025-09-01,C0,Modelo condicional uniecuacional de expectativas,2.644049962535694,0.0899106997454026,0.20424278430906695,0.8870123977860059,0.0415468324011455,0.805582102608039,0.9684426929639729,3.7459276242141755,0.13959676103292815,3.472323000231192,4.019532248197159,3.42,1.47,4
2025-10-01,C0,Modelo condicional uniecuacional de expectativas,2.6396067834149357,0.08986149281949575,0.20424278430906695,0.8870742343926199,0.041975747646588076,0.8048032807811654,0.9693451880040744,3.7393721167165643,0.13902526351929068,3.4668876072775645,4.011856626155565,3.37,1.26,4
2025-11-01,C0,Modelo condicional uniecuacional de expectativas,2.6565377213637116,0.0901442392426127,0.20424278430906698,0.8867189169446072,0.04239540216476656,0.8036254555915734,0.9698123782976411,3.7648651740155157,0.1398572228780428,3.4907500541967607,4.038980293834271,3.3,1.73,4
2025-12-01,C0,Modelo condicional uniecuacional de expectativas,2.707256894464097,0.09087677338045654,0.204242784309067,0.8857983671545462,0.04277641813211179,0.801958128227981,0.9696386060811114,3.8407320333504735,0.14088344362510413,3.5646055578272904,4.116858508873657,3.72,1.65,4
2026-01-01,C0,Modelo condicional uniecuacional de expectativas,2.7192593406031995,0.09090166116184673,0.204242784309067,0.8857670915582971,0.04315881277274371,0.8011773729082122,0.970356810208382,3.8578958811212547,0.13990577325048756,3.583685604321072,4.132106157921438,3.64,0.96,4
2026-02-01,C0,Modelo condicional uniecuacional de expectativas,2.7289220924678457,0.09088576261664102,0.204242784309067,0.885787070698784,0.04353503462678166,0.8004599707645879,0.9711141706329802,3.8715173959247053,0.1393005676093905,3.5984933003843134,4.144541491465097,3.62,1.56,4
2026-03-01,C0,Modelo condicional uniecuacional de expectativas,2.7257058282899926,0.0907392393271615,0.204242784309067,0.8859712013438983,0.04382844170369129,0.80006903410615,0.9718733685816465,3.866150821214802,0.13192356014454576,3.6075853946191887,4.124716247810415,3.61,2.5,4
2026-04-01,C0,Modelo condicional uniecuacional de expectativas,2.721768214635475,0.09058082713271888,0.204242784309067,0.8861702723561606,0.0440547379243807,0.7998245726760236,0.9725159720362977,3.85969845105043,0.12298717309810608,3.6186480212177488,4.100748880883112,3.71,3.24,4
2026-05-01,C0,Modelo condicional uniecuacional de expectativas,2.712612933559456,0.09028460265186858,0.20424278430906698,0.8865425272035051,0.04433588233320558,0.7996457946076165,0.9734392597993937,3.8451002681364885,0.11960466606857403,3.6106794302591436,4.079521106013834,3.74,2.86,4
2026-06-01,C0,Modelo condicional uniecuacional de expectativas,2.708336730771285,0.09015539273070543,0.204242784309067,0.8867049007498774,0.04486172099778033,0.7987775433097437,0.9746322581900111,3.8383357903030033,0.129927255690163,3.583683048540157,4.092988532065849,3.71,2.27,4
