fecha,codigo_modelo,descripcion,c0_t,c_t,d_t,lambda_t,pi_estrella_t,inflacion,expectativa,meta_inflacion
2011-02-01,S0,M3 base AR(1),0.3191892371730283,0.03013575643811313,0.8967556276464976,0.7081123575924297,4.365959239912781,5.24,5.81,5
2011-03-01,S0,M3 base AR(1),0.31918923717302833,0.030135756438113136,0.8967556276464976,0.7081123575924297,4.365959239912783,4.99,6.13,5
2011-04-01,S0,M3 base AR(1),0.319189237173046,0.03013575643821896,0.896755627646412,0.7081123575916467,4.365959239914232,5.76114812916453,6.19,5
2011-05-01,S0,M3 base AR(1),0.31918923717160186,0.03013575643815454,0.8967556276467405,0.708112357591342,4.36595923991025,6.3930220625962,5.74,5
2011-06-01,S0,M3 base AR(1),0.31918923717226294,0.03013575643808038,0.8967556276466766,0.708112357592241,4.365959239911045,6.42229936695938,6.16,5
2011-07-01,S0,M3 base AR(1),0.3191892371724231,0.03013575643808548,0.8967556276466624,0.7081123575922318,4.365959239912692,7.03967446592064,5.88,5
2011-08-01,S0,M3 base AR(1),0.31918923717248093,0.030135756438083642,0.8967556276466482,0.7081123575922897,4.365959239912524,7.6258261311642,5.95,5
2011-09-01,S0,M3 base AR(1),0.3191892371724652,0.030135756438083826,0.8967556276466517,0.7081123575922779,4.365959239912533,7.24931562404949,6.43,5
2011-10-01,S0,M3 base AR(1),0.31918923717235703,0.030135756438085175,0.8967556276466624,0.7081123575922348,4.36595923991177,6.65,6.51,5
2011-11-01,S0,M3 base AR(1),0.31918923717210723,0.03013575643808699,0.8967556276467086,0.7081123575920866,4.36595923991122,6.05484387510006,6.06,5
2011-12-01,S0,M3 base AR(1),0.3191892371722588,0.03013575643808853,0.8967556276466837,0.708112357592142,4.3659592399118985,6.2,5.62,5
2012-01-01,S0,M3 base AR(1),0.31918923717224035,0.030135756438088756,0.8967556276466837,0.7081123575921398,4.3659592399116605,5.44,5.95,4.5
2012-02-01,S0,M3 base AR(1),0.3191892371722798,0.030135756438088527,0.8967556276466784,0.7081123575921571,4.365959239911868,5.17,6.11,4.5
2012-03-01,S0,M3 base AR(1),0.3191892371722849,0.030135756438088513,0.8967556276466748,0.7081123575921673,4.365959239911725,4.55,5.47,4.5
2012-04-01,S0,M3 base AR(1),0.31918923717228653,0.030135756438088412,0.896755627646673,0.7081123575921733,4.365959239911636,4.27,5.54,4.5
2012-05-01,S0,M3 base AR(1),0.31918923717228215,0.03013575643808827,0.8967556276466748,0.7081123575921696,4.365959239911673,3.9,5.28,4.5
2012-06-01,S0,M3 base AR(1),0.3191892371722802,0.030135756438088128,0.8967556276466757,0.7081123575921684,4.3659592399116915,3.47,5.11,4.5
2012-07-01,S0,M3 base AR(1),0.3191892371722749,0.03013575643808803,0.8967556276466757,0.7081123575921694,4.365959239911612,2.86,4.9,4.5
2012-08-01,S0,M3 base AR(1),0.3191892371722841,0.03013575643808825,0.8967556276466757,0.7081123575921673,4.365959239911751,2.71,4.55,4.5
2012-09-01,S0,M3 base AR(1),0.3191892371722878,0.030135756438088527,0.8967556276466739,0.7081123575921696,4.365959239911712,3.28,5.17,4.5
2012-10-01,S0,M3 base AR(1),0.3191892371722869,0.030135756438088343,0.8967556276466757,0.7081123575921664,4.3659592399117955,3.35,4.76,4.5
2012-11-01,S0,M3 base AR(1),0.319189237172292,0.030135756438088517,0.8967556276466748,0.7081123575921673,4.365959239911822,3.11,4.82,4.5
2012-12-01,S0,M3 base AR(1),0.31918923717229747,0.030135756438089027,0.896755627646673,0.7081123575921673,4.365959239911821,3.45,4.93,4.5
2013-01-01,S0,M3 base AR(1),0.31918923717229863,0.03013575643808926,0.8967556276466713,0.7081123575921701,4.365959239911745,3.86,4.83,4
2013-02-01,S0,M3 base AR(1),0.3191892371722991,0.030135756438089283,0.8967556276466722,0.7081123575921673,4.365959239911806,4.18,4.61,4
2013-03-01,S0,M3 base AR(1),0.3191892371722974,0.03013575643808928,0.8967556276466726,0.7081123575921662,4.365959239911809,4.34,4.66,4
2013-04-01,S0,M3 base AR(1),0.319189237172295,0.03013575643808893,0.8967556276466722,0.7081123575921707,4.365959239911729,4.13,4.93,4
2013-05-01,S0,M3 base AR(1),0.31918923717229647,0.03013575643808919,0.8967556276466722,0.7081123575921682,4.365959239911764,4.27,4.83,4
2013-06-01,S0,M3 base AR(1),0.3191892371722952,0.030135756438089117,0.8967556276466722,0.708112357592169,4.365959239911743,4.79,5.21,4
2013-07-01,S0,M3 base AR(1),0.31918923717229564,0.030135756438089106,0.8967556276466726,0.7081123575921677,4.365959239911775,4.74,4.81,4
2013-08-01,S0,M3 base AR(1),0.3191892371722942,0.030135756438088943,0.896755627646673,0.7081123575921682,4.3659592399117715,4.42,4.89,4
2013-09-01,S0,M3 base AR(1),0.3191892371722946,0.03013575643808887,0.896755627646673,0.7081123575921688,4.365959239911772,4.21,4.91,4
2013-10-01,S0,M3 base AR(1),0.3191892371722947,0.030135756438088745,0.8967556276466735,0.7081123575921688,4.365959239911794,4.15,4.71,4
2013-11-01,S0,M3 base AR(1),0.31918923717229336,0.030135756438088714,0.8967556276466733,0.7081123575921697,4.36595923991176,4.63,4.7,4
2013-12-01,S0,M3 base AR(1),0.3191892371722938,0.030135756438088725,0.896755627646673,0.7081123575921702,4.365959239911753,4.39,5.19,4
2014-01-01,S0,M3 base AR(1),0.31918923717229036,0.030135756438088593,0.8967556276466739,0.7081123575921691,4.365959239911751,4.14,4.94,4
2014-02-01,S0,M3 base AR(1),0.31918923717229164,0.030135756438088683,0.8967556276466739,0.7081123575921682,4.365959239911775,3.5,4.68,4
2014-03-01,S0,M3 base AR(1),0.3191892371722898,0.030135756438088534,0.8967556276466742,0.708112357592169,4.365959239911754,3.25,4.54,4
2014-04-01,S0,M3 base AR(1),0.31918923717229325,0.030135756438088704,0.8967556276466737,0.7081123575921686,4.365959239911784,3.27,4.66,4
2014-05-01,S0,M3 base AR(1),0.31918923717229275,0.03013575643808878,0.8967556276466733,0.7081123575921691,4.3659592399117555,3.22,4.28,4
2014-06-01,S0,M3 base AR(1),0.3191892371722942,0.030135756438088718,0.8967556276466733,0.7081123575921697,4.3659592399117715,3.13,4.36,4
2014-07-01,S0,M3 base AR(1),0.31918923717229636,0.03013575643808913,0.8967556276466724,0.7081123575921682,4.365959239911773,3.41,4.41,4
2014-08-01,S0,M3 base AR(1),0.319189237172296,0.030135756438089027,0.8967556276466726,0.7081123575921686,4.365959239911775,3.7,4.06,4
2014-09-01,S0,M3 base AR(1),0.3191892371722959,0.03013575643808893,0.8967556276466726,0.7081123575921695,4.365959239911768,3.45,4.13,4
2014-10-01,S0,M3 base AR(1),0.3191892371722958,0.030135756438089155,0.896755627646672,0.7081123575921688,4.3659592399117475,3.64,4.17,4
2014-11-01,S0,M3 base AR(1),0.3191892371722973,0.030135756438089186,0.8967556276466719,0.7081123575921688,4.365959239911763,3.38,4.16,4
2014-12-01,S0,M3 base AR(1),0.3191892371722968,0.03013575643808893,0.8967556276466723,0.7081123575921704,4.36595923991176,2.95,4.21,4
2015-01-01,S0,M3 base AR(1),0.31918923717229575,0.030135756438088777,0.8967556276466726,0.708112357592171,4.365959239911756,2.32,3.89,4
2015-02-01,S0,M3 base AR(1),0.3191892371722964,0.03013575643808897,0.8967556276466724,0.7081123575921697,4.3659592399117635,2.44,4.07,4
2015-03-01,S0,M3 base AR(1),0.31918923717229686,0.030135756438089027,0.8967556276466723,0.7081123575921695,4.365959239911766,2.43,4.11,4
2015-04-01,S0,M3 base AR(1),0.319189237172297,0.03013575643808907,0.8967556276466724,0.7081123575921687,4.365959239911779,2.58,3.82,4
2015-05-01,S0,M3 base AR(1),0.3191892371722969,0.030135756438089058,0.8967556276466723,0.7081123575921692,4.365959239911769,2.55,3.57,4
2015-06-01,S0,M3 base AR(1),0.3191892371722975,0.03013575643808922,0.8967556276466722,0.708112357592168,4.36595923991178,2.39,3.67,4
2015-07-01,S0,M3 base AR(1),0.3191892371722971,0.030135756438089183,0.8967556276466722,0.7081123575921683,4.365959239911773,2.32,3.56,4
2015-08-01,S0,M3 base AR(1),0.31918923717229686,0.030135756438089176,0.8967556276466723,0.7081123575921681,4.365959239911776,1.96,3.31,4
2015-09-01,S0,M3 base AR(1),0.31918923717229675,0.0301357564380892,0.896755627646672,0.7081123575921684,4.365959239911763,1.88,3.4,4
2015-10-01,S0,M3 base AR(1),0.319189237172297,0.03013575643808917,0.896755627646672,0.7081123575921687,4.3659592399117635,2.23,3.28,4
2015-11-01,S0,M3 base AR(1),0.319189237172297,0.030135756438089172,0.896755627646672,0.7081123575921687,4.365959239911764,2.51,3.37,4
2015-12-01,S0,M3 base AR(1),0.3191892371722973,0.030135756438089228,0.8967556276466719,0.7081123575921685,4.365959239911765,3.07,3.65,4
2016-01-01,S0,M3 base AR(1),0.3191892371722971,0.03013575643808911,0.896755627646672,0.7081123575921693,4.365959239911762,4.38,3.8,4
2016-02-01,S0,M3 base AR(1),0.3191892371722975,0.0301357564380892,0.8967556276466722,0.7081123575921682,4.3659592399117795,4.27,4.09,4
2016-03-01,S0,M3 base AR(1),0.319189237172298,0.03013575643808926,0.896755627646672,0.708112357592168,4.365959239911783,4.26,3.99,4
2016-04-01,S0,M3 base AR(1),0.3191892371722985,0.030135756438089308,0.8967556276466719,0.7081123575921677,4.365959239911786,4.09,4.19,4
2016-05-01,S0,M3 base AR(1),0.3191892371722986,0.030135756438089363,0.8967556276466719,0.7081123575921672,4.36595923991179,4.36,4.16,4
2016-06-01,S0,M3 base AR(1),0.31918923717229863,0.030135756438089335,0.8967556276466718,0.7081123575921677,4.365959239911782,4.43,4.39,4
2016-07-01,S0,M3 base AR(1),0.3191892371722985,0.030135756438089377,0.8967556276466719,0.7081123575921671,4.365959239911791,4.62,4.41,4
2016-08-01,S0,M3 base AR(1),0.31918923717229847,0.030135756438089398,0.8967556276466718,0.7081123575921672,4.365959239911785,4.74,4.45,4
2016-09-01,S0,M3 base AR(1),0.3191892371722985,0.03013575643808941,0.8967556276466718,0.7081123575921671,4.365959239911786,4.56,4.42,4
2016-10-01,S0,M3 base AR(1),0.31918923717229825,0.030135756438089363,0.8967556276466719,0.7081123575921672,4.365959239911786,4.76,4.43,4
2016-11-01,S0,M3 base AR(1),0.3191892371722982,0.030135756438089287,0.896755627646672,0.7081123575921676,4.3659592399117875,4.67,4.6,4
2016-12-01,S0,M3 base AR(1),0.3191892371722979,0.030135756438089217,0.896755627646672,0.7081123575921683,4.3659592399117795,4.23,4.66,4
2017-01-01,S0,M3 base AR(1),0.31918923717229786,0.030135756438089266,0.8967556276466722,0.7081123575921675,4.365959239911788,3.83,4.4,4
2017-02-01,S0,M3 base AR(1),0.31918923717229775,0.030135756438089308,0.896755627646672,0.7081123575921674,4.365959239911782,3.96,4.46,4
2017-03-01,S0,M3 base AR(1),0.319189237172298,0.030135756438089224,0.896755627646672,0.7081123575921682,4.36595923991178,4,4.28,4
2017-04-01,S0,M3 base AR(1),0.31918923717229797,0.030135756438089176,0.8967556276466722,0.7081123575921684,4.365959239911784,4.09,4.51,4
2017-05-01,S0,M3 base AR(1),0.31918923717229813,0.03013575643808916,0.896755627646672,0.7081123575921688,4.365959239911779,3.93,4.17,4
2017-06-01,S0,M3 base AR(1),0.3191892371722985,0.030135756438089197,0.8967556276466719,0.7081123575921688,4.3659592399117795,4.36,4.26,4
2017-07-01,S0,M3 base AR(1),0.31918923717229847,0.03013575643808923,0.8967556276466719,0.7081123575921684,4.365959239911781,5.22,4.48,4
2017-08-01,S0,M3 base AR(1),0.3191892371722981,0.030135756438089235,0.8967556276466722,0.7081123575921677,4.365959239911789,4.72,4.51,4
2017-09-01,S0,M3 base AR(1),0.3191892371722981,0.03013575643808921,0.8967556276466722,0.708112357592168,4.365959239911788,4.36,4.75,4
2017-10-01,S0,M3 base AR(1),0.31918923717229825,0.030135756438089207,0.8967556276466719,0.7081123575921686,4.365959239911777,4.2,4.53,4
2017-11-01,S0,M3 base AR(1),0.31918923717229836,0.03013575643808925,0.896755627646672,0.708112357592168,4.365959239911787,4.69,4.63,4
2017-12-01,S0,M3 base AR(1),0.3191892371722987,0.030135756438089367,0.8967556276466719,0.7081123575921671,4.365959239911793,5.68,4.56,4
2018-01-01,S0,M3 base AR(1),0.31918923717229875,0.0301357564380893,0.8967556276466719,0.7081123575921677,4.365959239911789,4.71,4.71,4
2018-02-01,S0,M3 base AR(1),0.31918923717229886,0.030135756438089314,0.8967556276466719,0.7081123575921676,4.365959239911791,4.15,4.56,4
2018-03-01,S0,M3 base AR(1),0.3191892371722986,0.03013575643808931,0.8967556276466719,0.7081123575921677,4.3659592399117875,4.14,4.62,4
2018-04-01,S0,M3 base AR(1),0.31918923717229875,0.030135756438089332,0.8967556276466719,0.7081123575921675,4.365959239911791,3.92,4.46,4
2018-05-01,S0,M3 base AR(1),0.31918923717229886,0.03013575643808932,0.8967556276466719,0.7081123575921675,4.365959239911792,4.09,4.48,4
2018-06-01,S0,M3 base AR(1),0.31918923717229886,0.03013575643808935,0.8967556276466719,0.7081123575921673,4.365959239911794,3.79,4.43,4
2018-07-01,S0,M3 base AR(1),0.3191892371722989,0.030135756438089342,0.8967556276466718,0.7081123575921677,4.3659592399117875,2.61,4.36,4
2018-08-01,S0,M3 base AR(1),0.31918923717229875,0.030135756438089314,0.8967556276466719,0.7081123575921676,4.36595923991179,3.36,4.33,4
2018-09-01,S0,M3 base AR(1),0.319189237172299,0.030135756438089377,0.8967556276466717,0.7081123575921677,4.365959239911785,4.55,4.32,4
2018-10-01,S0,M3 base AR(1),0.31918923717229886,0.03013575643808939,0.8967556276466717,0.7081123575921675,4.365959239911782,4.34,4.32,4
2018-11-01,S0,M3 base AR(1),0.3191892371722986,0.030135756438089377,0.8967556276466717,0.7081123575921677,4.365959239911779,3.15,4.47,4
2018-12-01,S0,M3 base AR(1),0.3191892371722983,0.030135756438089394,0.8967556276466717,0.7081123575921675,4.365959239911776,2.31,4.38,4
2019-01-01,S0,M3 base AR(1),0.3191892371722984,0.030135756438089346,0.8967556276466717,0.708112357592168,4.365959239911773,4.1,4.07,4
2019-02-01,S0,M3 base AR(1),0.3191892371722984,0.03013575643808932,0.8967556276466719,0.7081123575921675,4.365959239911786,4.46,4.25,4
2019-03-01,S0,M3 base AR(1),0.31918923717229797,0.030135756438089224,0.8967556276466719,0.7081123575921685,4.365959239911773,4.17,4.35,4
2019-04-01,S0,M3 base AR(1),0.31918923717229775,0.030135756438089224,0.8967556276466719,0.7081123575921685,4.365959239911771,4.75,4.3,4
2019-05-01,S0,M3 base AR(1),0.31918923717229775,0.030135756438089273,0.8967556276466719,0.7081123575921681,4.365959239911773,4.54,4.39,4
2019-06-01,S0,M3 base AR(1),0.31918923717229775,0.03013575643808927,0.8967556276466719,0.7081123575921681,4.365959239911773,4.8,4.36,4
2019-07-01,S0,M3 base AR(1),0.31918923717229736,0.030135756438089197,0.8967556276466719,0.7081123575921688,4.3659592399117635,4.37,4.6,4
2019-08-01,S0,M3 base AR(1),0.31918923717229764,0.0301357564380892,0.8967556276466719,0.7081123575921687,4.365959239911768,3.01,4.53,4
2019-09-01,S0,M3 base AR(1),0.31918923717229775,0.030135756438089214,0.8967556276466719,0.7081123575921686,4.365959239911771,1.8,4.34,4
2019-10-01,S0,M3 base AR(1),0.31918923717229764,0.0301357564380892,0.8967556276466719,0.7081123575921687,4.365959239911768,2.17,4.22,4
2019-11-01,S0,M3 base AR(1),0.3191892371722976,0.0301357564380892,0.8967556276466719,0.7081123575921687,4.365959239911767,2.92,4.25,4
2019-12-01,S0,M3 base AR(1),0.31918923717229725,0.03013575643808916,0.8967556276466722,0.7081123575921685,4.365959239911773,3.41,4.1,4
2020-01-01,S0,M3 base AR(1),0.3191892371722973,0.03013575643808913,0.8967556276466722,0.7081123575921688,4.365959239911772,1.78,4.11,4
2020-02-01,S0,M3 base AR(1),0.31918923717229697,0.03013575643808913,0.896755627646672,0.7081123575921691,4.365959239911762,1.24,3.85,4
2020-03-01,S0,M3 base AR(1),0.3191892371722974,0.030135756438089176,0.8967556276466722,0.7081123575921684,4.365959239911777,1.77,3.99,4
2020-04-01,S0,M3 base AR(1),0.31918923717229725,0.03013575643808914,0.896755627646672,0.7081123575921691,4.365959239911765,1.88,3.97,4
2020-05-01,S0,M3 base AR(1),0.319189237172297,0.03013575643808916,0.8967556276466719,0.7081123575921692,4.365959239911757,1.8,3.96,4
2020-06-01,S0,M3 base AR(1),0.3191892371722966,0.0301357564380891,0.8967556276466722,0.7081123575921691,4.365959239911761,2.39,3.77,4
2020-07-01,S0,M3 base AR(1),0.31918923717229647,0.030135756438089068,0.8967556276466722,0.7081123575921694,4.365959239911757,2.88,3.9,4
2020-08-01,S0,M3 base AR(1),0.31918923717229664,0.030135756438089065,0.8967556276466722,0.7081123575921695,4.365959239911759,4.19,3.92,4
2020-09-01,S0,M3 base AR(1),0.3191892371722963,0.030135756438089054,0.8967556276466722,0.7081123575921695,4.365959239911754,4.97,3.99,4
2020-10-01,S0,M3 base AR(1),0.31918923717229636,0.030135756438089037,0.8967556276466723,0.7081123575921694,4.365959239911761,5.34,4.15,4
2020-11-01,S0,M3 base AR(1),0.31918923717229614,0.030135756438089006,0.8967556276466724,0.7081123575921694,4.365959239911763,5.46,4.27,4
2020-12-01,S0,M3 base AR(1),0.31918923717229614,0.03013575643808901,0.8967556276466724,0.7081123575921693,4.365959239911763,4.82,4.26,4
2021-01-01,S0,M3 base AR(1),0.31918923717229636,0.030135756438089047,0.8967556276466724,0.708112357592169,4.365959239911768,5.24,4.12,4
2021-02-01,S0,M3 base AR(1),0.3191892371722963,0.030135756438089058,0.8967556276466724,0.7081123575921688,4.365959239911767,6,4.39,4
2021-03-01,S0,M3 base AR(1),0.3191892371722965,0.03013575643808903,0.8967556276466724,0.7081123575921691,4.365959239911769,5.84,4.34,4
2021-04-01,S0,M3 base AR(1),0.31918923717229636,0.030135756438089058,0.8967556276466723,0.7081123575921692,4.365959239911762,5.2,4.39,4
2021-05-01,S0,M3 base AR(1),0.31918923717229664,0.03013575643808904,0.8967556276466723,0.7081123575921693,4.365959239911764,5.17,4.41,4
2021-06-01,S0,M3 base AR(1),0.3191892371722968,0.03013575643808906,0.8967556276466722,0.7081123575921695,4.365959239911762,3.91,4.23,4
2021-07-01,S0,M3 base AR(1),0.3191892371722968,0.030135756438089044,0.8967556276466722,0.7081123575921696,4.365959239911761,3.82,4.12,4
2021-08-01,S0,M3 base AR(1),0.3191892371722968,0.030135756438089023,0.8967556276466722,0.7081123575921698,4.365959239911759,3.62,4.14,4
2021-09-01,S0,M3 base AR(1),0.31918923717229686,0.030135756438089023,0.8967556276466722,0.7081123575921698,4.36595923991176,3.67,4.2,4
2021-10-01,S0,M3 base AR(1),0.3191892371722969,0.03013575643808902,0.8967556276466722,0.70811235759217,4.365959239911761,2.96,3.89,4
2021-11-01,S0,M3 base AR(1),0.319189237172297,0.030135756438089033,0.896755627646672,0.7081123575921701,4.365959239911756,2.89,4.08,4
2021-12-01,S0,M3 base AR(1),0.3191892371722969,0.030135756438089023,0.8967556276466722,0.7081123575921698,4.365959239911761,3.07,4.02,4
2022-01-01,S0,M3 base AR(1),0.3191892371722971,0.030135756438089027,0.8967556276466722,0.7081123575921697,4.365959239911763,2.87,4.09,4
2022-02-01,S0,M3 base AR(1),0.31918923717229697,0.030135756438089033,0.896755627646672,0.7081123575921701,4.3659592399117555,2.98,3.92,4
2022-03-01,S0,M3 base AR(1),0.31918923717229697,0.030135756438089027,0.8967556276466722,0.7081123575921697,4.365959239911762,4.17,3.8,4
2022-04-01,S0,M3 base AR(1),0.31918923717229697,0.030135756438089023,0.896755627646672,0.7081123575921702,4.365959239911755,4.62,3.94,4
2022-05-01,S0,M3 base AR(1),0.31918923717229697,0.03013575643808904,0.8967556276466722,0.7081123575921697,4.365959239911763,5.82,4.01,4
2022-06-01,S0,M3 base AR(1),0.319189237172297,0.03013575643808902,0.8967556276466722,0.70811235759217,4.365959239911763,7.55,4.16,4
2022-07-01,S0,M3 base AR(1),0.31918923717229697,0.030135756438089016,0.8967556276466722,0.70811235759217,4.365959239911762,8.36,4.51,4
2022-08-01,S0,M3 base AR(1),0.3191892371722971,0.03013575643808906,0.8967556276466722,0.7081123575921695,4.365959239911765,8.87,4.55,4
2022-09-01,S0,M3 base AR(1),0.319189237172297,0.030135756438089068,0.8967556276466722,0.7081123575921694,4.365959239911764,9.03,4.61,4
2022-10-01,S0,M3 base AR(1),0.3191892371722969,0.030135756438089058,0.8967556276466722,0.7081123575921695,4.365959239911763,9.7,4.67,4
2022-11-01,S0,M3 base AR(1),0.31918923717229697,0.03013575643808907,0.8967556276466722,0.7081123575921694,4.365959239911764,9.17,4.8,4
2022-12-01,S0,M3 base AR(1),0.31918923717229697,0.030135756438089054,0.8967556276466722,0.7081123575921695,4.3659592399117635,9.24,4.71,4
2023-01-01,S0,M3 base AR(1),0.31918923717229686,0.030135756438089058,0.8967556276466722,0.7081123575921695,4.365959239911762,9.69,4.62,4
2023-02-01,S0,M3 base AR(1),0.31918923717229697,0.03013575643808906,0.8967556276466722,0.7081123575921695,4.3659592399117635,9.92,4.49,4
2023-03-01,S0,M3 base AR(1),0.31918923717229686,0.03013575643808906,0.8967556276466722,0.7081123575921695,4.365959239911763,8.71,4.43,4
2023-04-01,S0,M3 base AR(1),0.3191892371722968,0.030135756438089065,0.8967556276466723,0.7081123575921691,4.365959239911768,8.32,4.39,4
2023-05-01,S0,M3 base AR(1),0.3191892371722968,0.030135756438089065,0.8967556276466723,0.7081123575921691,4.365959239911768,6.54,4.3,4
2023-06-01,S0,M3 base AR(1),0.3191892371722968,0.030135756438089068,0.8967556276466722,0.7081123575921694,4.365959239911762,4.93,4.24,4
2023-07-01,S0,M3 base AR(1),0.31918923717229675,0.030135756438089065,0.8967556276466722,0.7081123575921695,4.365959239911761,4.53,4.21,4
2023-08-01,S0,M3 base AR(1),0.31918923717229675,0.030135756438089065,0.8967556276466723,0.7081123575921691,4.365959239911768,4.47,4.17,4
2023-09-01,S0,M3 base AR(1),0.3191892371722968,0.030135756438089065,0.8967556276466723,0.7081123575921691,4.365959239911768,4.69,4.15,4
2023-10-01,S0,M3 base AR(1),0.3191892371722968,0.030135756438089065,0.8967556276466723,0.7081123575921691,4.365959239911768,4.98,4.32,4
2023-11-01,S0,M3 base AR(1),0.31918923717229686,0.030135756438089065,0.8967556276466723,0.7081123575921691,4.365959239911769,4.3,4.43,4
2023-12-01,S0,M3 base AR(1),0.3191892371722968,0.03013575643808906,0.8967556276466723,0.7081123575921692,4.365959239911768,4.18,4.32,4
2024-01-01,S0,M3 base AR(1),0.3191892371722968,0.03013575643808906,0.8967556276466724,0.7081123575921688,4.365959239911775,3.82,4.29,4
2024-02-01,S0,M3 base AR(1),0.31918923717229686,0.030135756438089065,0.8967556276466723,0.7081123575921691,4.365959239911769,3.3,4.28,4
2024-03-01,S0,M3 base AR(1),0.3191892371722969,0.030135756438089065,0.8967556276466723,0.7081123575921691,4.36595923991177,3.24,4.14,4
2024-04-01,S0,M3 base AR(1),0.3191892371722969,0.030135756438089065,0.8967556276466724,0.7081123575921688,4.365959239911777,3.36,4.02,4
2024-05-01,S0,M3 base AR(1),0.31918923717229686,0.030135756438089065,0.8967556276466724,0.7081123575921688,4.365959239911776,3.76,3.99,4
2024-06-01,S0,M3 base AR(1),0.3191892371722969,0.030135756438089065,0.8967556276466724,0.7081123575921688,4.365959239911777,3.62,4.02,4
2024-07-01,S0,M3 base AR(1),0.3191892371722969,0.030135756438089065,0.8967556276466724,0.7081123575921688,4.365959239911777,3.78,4.07,4
2024-08-01,S0,M3 base AR(1),0.3191892371722969,0.030135756438089065,0.8967556276466724,0.7081123575921688,4.365959239911777,3.07,4.02,4
2024-09-01,S0,M3 base AR(1),0.3191892371722969,0.030135756438089065,0.8967556276466724,0.7081123575921688,4.365959239911777,2.11,3.97,4
2024-10-01,S0,M3 base AR(1),0.3191892371722969,0.030135756438089065,0.8967556276466724,0.7081123575921688,4.365959239911777,1.16,3.96,4
2024-11-01,S0,M3 base AR(1),0.3191892371722969,0.030135756438089065,0.8967556276466724,0.7081123575921688,4.365959239911777,1.66,3.66,4
2024-12-01,S0,M3 base AR(1),0.3191892371722969,0.030135756438089065,0.8967556276466723,0.7081123575921691,4.36595923991177,1.7,3.95,4
2025-01-01,S0,M3 base AR(1),0.3191892371722969,0.030135756438089068,0.8967556276466724,0.7081123575921688,4.365959239911777,2.19,3.76,4
2025-02-01,S0,M3 base AR(1),0.3191892371722969,0.03013575643808907,0.8967556276466723,0.7081123575921691,4.365959239911771,1.79,3.79,4
2025-03-01,S0,M3 base AR(1),0.3191892371722969,0.03013575643808907,0.8967556276466724,0.7081123575921687,4.365959239911777,1.57,3.71,4
2025-04-01,S0,M3 base AR(1),0.31918923717229697,0.03013575643808907,0.8967556276466724,0.7081123575921687,4.365959239911778,1.47,3.62,4
2025-05-01,S0,M3 base AR(1),0.3191892371722969,0.03013575643808907,0.8967556276466725,0.7081123575921684,4.365959239911784,1.69,3.55,4
2025-06-01,S0,M3 base AR(1),0.3191892371722969,0.03013575643808907,0.8967556276466725,0.7081123575921684,4.365959239911784,1.79,3.53,4
2025-07-01,S0,M3 base AR(1),0.3191892371722969,0.030135756438089075,0.8967556276466724,0.7081123575921687,4.365959239911777,1.17,3.54,4
2025-08-01,S0,M3 base AR(1),0.3191892371722969,0.030135756438089075,0.8967556276466724,0.7081123575921687,4.365959239911777,1.17,3.49,4
2025-09-01,S0,M3 base AR(1),0.3191892371722969,0.030135756438089075,0.8967556276466725,0.7081123575921684,4.365959239911784,1.47,3.42,4
2025-10-01,S0,M3 base AR(1),0.3191892371722969,0.03013575643808908,0.8967556276466725,0.7081123575921684,4.365959239911784,1.26,3.37,4
2025-11-01,S0,M3 base AR(1),0.3191892371722969,0.03013575643808907,0.8967556276466726,0.7081123575921682,4.36595923991179,1.73,3.3,4
2025-12-01,S0,M3 base AR(1),0.3191892371722969,0.030135756438089075,0.8967556276466725,0.7081123575921684,4.365959239911784,1.65,3.72,4
2026-01-01,S0,M3 base AR(1),0.31918923717229686,0.030135756438089075,0.8967556276466725,0.7081123575921684,4.365959239911783,0.96,3.64,4
2026-02-01,S0,M3 base AR(1),0.31918923717229686,0.030135756438089075,0.8967556276466726,0.7081123575921681,4.36595923991179,1.56,3.62,4
2026-03-01,S0,M3 base AR(1),0.31918923717229686,0.030135756438089075,0.8967556276466726,0.7081123575921681,4.36595923991179,2.5,3.61,4
2026-04-01,S0,M3 base AR(1),0.31918923717229686,0.03013575643808907,0.8967556276466726,0.7081123575921682,4.36595923991179,3.24,3.71,4
2026-05-01,S0,M3 base AR(1),0.31918923717229686,0.03013575643808907,0.8967556276466725,0.7081123575921684,4.365959239911783,2.86,3.74,4
2026-06-01,S0,M3 base AR(1),0.31918923717229686,0.03013575643808907,0.8967556276466725,0.7081123575921684,4.365959239911783,2.27,3.71,4
2011-02-01,S1,M3 AR(1) + inflación rezagada 12 meses,0.3191892371766698,0.03013575643801224,0.8967556276460581,0.7081123575946495,4.3659592399303175,5.24,5.81,5
2011-03-01,S1,M3 AR(1) + inflación rezagada 12 meses,0.3191892371766698,0.030135756438012244,0.8967556276460581,0.7081123575946495,4.365959239930318,4.99,6.13,5
2011-04-01,S1,M3 AR(1) + inflación rezagada 12 meses,0.3191892371766499,0.03013575643800657,0.896755627646062,0.7081123575946935,4.365959239929939,5.76114812916453,6.19,5
2011-05-01,S1,M3 AR(1) + inflación rezagada 12 meses,0.3191892371729096,0.030135756438094095,0.89675562764657,0.7081123575924095,4.3659592399143445,6.3930220625962,5.74,5
2011-06-01,S1,M3 AR(1) + inflación rezagada 12 meses,0.3191892371728156,0.03013575643809894,0.8967556276465558,0.7081123575924028,4.365959239912499,6.42229936695938,6.16,5
2011-07-01,S1,M3 AR(1) + inflación rezagada 12 meses,0.31918923717277514,0.030135756438095695,0.8967556276465629,0.7081123575924141,4.3659592399121765,7.03967446592064,5.88,5
2011-08-01,S1,M3 AR(1) + inflación rezagada 12 meses,0.31918923717274145,0.03013575643809538,0.89675562764657,0.7081123575923971,4.3659592399121205,7.6258261311642,5.95,5
2011-09-01,S1,M3 AR(1) + inflación rezagada 12 meses,0.31918923717270964,0.030135756438095383,0.8967556276465807,0.7081123575923669,4.365959239912322,7.24931562404949,6.43,5
2011-10-01,S1,M3 AR(1) + inflación rezagada 12 meses,0.3191892371728277,0.030135756438095726,0.89675562764657,0.7081123575923937,4.365959239913321,6.65,6.51,5
2011-11-01,S1,M3 AR(1) + inflación rezagada 12 meses,0.31918923717249886,0.03013575643809766,0.8967556276466198,0.7081123575922343,4.365959239911909,6.05484387510006,6.06,5
2011-12-01,S1,M3 AR(1) + inflación rezagada 12 meses,0.31918923717249714,0.030135756438098068,0.8967556276466162,0.7081123575922404,4.365959239911699,6.2,5.62,5
2012-01-01,S1,M3 AR(1) + inflación rezagada 12 meses,0.31918923717250297,0.030135756438098182,0.896755627646618,0.7081123575922343,4.3659592399118905,5.44,5.95,4.5
2012-02-01,S1,M3 AR(1) + inflación rezagada 12 meses,0.31918923717249487,0.030135756438097825,0.8967556276466215,0.7081123575922277,4.36595923991197,5.17,6.11,4.5
2012-03-01,S1,M3 AR(1) + inflación rezagada 12 meses,0.3191892371724927,0.03013575643809731,0.8967556276466198,0.7081123575922377,4.365959239911804,4.55,5.47,4.5
2012-04-01,S1,M3 AR(1) + inflación rezagada 12 meses,0.3191892371724771,0.030135756438097093,0.8967556276466215,0.7081123575922348,4.365959239911684,4.27,5.54,4.5
2012-05-01,S1,M3 AR(1) + inflación rezagada 12 meses,0.31918923717250997,0.030135756438097242,0.8967556276466162,0.7081123575922484,4.365959239911824,3.9,5.28,4.5
2012-06-01,S1,M3 AR(1) + inflación rezagada 12 meses,0.31918923717250786,0.030135756438097093,0.8967556276466153,0.7081123575922523,4.365959239911733,3.47,5.11,4.5
2012-07-01,S1,M3 AR(1) + inflación rezagada 12 meses,0.31918923717250414,0.0301357564380967,0.896755627646618,0.7081123575922487,4.365959239911818,2.86,4.9,4.5
2012-08-01,S1,M3 AR(1) + inflación rezagada 12 meses,0.3191892371724937,0.030135756438096545,0.8967556276466198,0.7081123575922451,4.365959239911772,2.71,4.55,4.5
2012-09-01,S1,M3 AR(1) + inflación rezagada 12 meses,0.3191892371724922,0.030135756438096295,0.8967556276466206,0.708112357592245,4.36595923991179,3.28,5.17,4.5
2012-10-01,S1,M3 AR(1) + inflación rezagada 12 meses,0.31918923717249564,0.030135756438096656,0.8967556276466198,0.7081123575922441,4.365959239911805,3.35,4.76,4.5
2012-11-01,S1,M3 AR(1) + inflación rezagada 12 meses,0.3191892371724948,0.030135756438096597,0.8967556276466198,0.7081123575922446,4.365959239911791,3.11,4.82,4.5
2012-12-01,S1,M3 AR(1) + inflación rezagada 12 meses,0.319189237172503,0.030135756438096763,0.8967556276466189,0.7081123575922456,4.36595923991186,3.45,4.93,4.5
2013-01-01,S1,M3 AR(1) + inflación rezagada 12 meses,0.31918923717249614,0.03013575643809658,0.8967556276466189,0.7081123575922473,4.365959239911754,3.86,4.83,4
2013-02-01,S1,M3 AR(1) + inflación rezagada 12 meses,0.3191892371724898,0.03013575643809607,0.8967556276466206,0.7081123575922472,4.365959239911744,4.18,4.61,4
2013-03-01,S1,M3 AR(1) + inflación rezagada 12 meses,0.3191892371724909,0.030135756438096434,0.8967556276466198,0.7081123575922462,4.365959239911728,4.34,4.66,4
2013-04-01,S1,M3 AR(1) + inflación rezagada 12 meses,0.3191892371724881,0.030135756438096302,0.8967556276466202,0.7081123575922462,4.365959239911707,4.13,4.93,4
2013-05-01,S1,M3 AR(1) + inflación rezagada 12 meses,0.3191892371724877,0.03013575643809613,0.8967556276466202,0.7081123575922479,4.3659592399116915,4.27,4.83,4
2013-06-01,S1,M3 AR(1) + inflación rezagada 12 meses,0.31918923717249076,0.030135756438096236,0.8967556276466202,0.7081123575922469,4.36595923991174,4.79,5.21,4
2013-07-01,S1,M3 AR(1) + inflación rezagada 12 meses,0.31918923717248954,0.03013575643809628,0.8967556276466193,0.708112357592249,4.365959239911673,4.74,4.81,4
2013-08-01,S1,M3 AR(1) + inflación rezagada 12 meses,0.3191892371724854,0.03013575643809596,0.8967556276466211,0.708112357592247,4.365959239911703,4.42,4.89,4
2013-09-01,S1,M3 AR(1) + inflación rezagada 12 meses,0.3191892371724886,0.030135756438096156,0.8967556276466206,0.7081123575922463,4.365959239911732,4.21,4.91,4
2013-10-01,S1,M3 AR(1) + inflación rezagada 12 meses,0.31918923717249,0.0301357564380963,0.8967556276466206,0.708112357592245,4.365959239911759,4.15,4.71,4
2013-11-01,S1,M3 AR(1) + inflación rezagada 12 meses,0.31918923717248615,0.030135756438096104,0.8967556276466215,0.7081123575922443,4.365959239911748,4.63,4.7,4
2013-12-01,S1,M3 AR(1) + inflación rezagada 12 meses,0.31918923717248526,0.030135756438096125,0.8967556276466213,0.7081123575922448,4.365959239911724,4.39,5.19,4
2014-01-01,S1,M3 AR(1) + inflación rezagada 12 meses,0.31918923717249015,0.030135756438096212,0.8967556276466206,0.7081123575922459,4.365959239911756,4.14,4.94,4
2014-02-01,S1,M3 AR(1) + inflación rezagada 12 meses,0.3191892371724892,0.030135756438096146,0.8967556276466206,0.7081123575922466,4.3659592399117395,3.5,4.68,4
2014-03-01,S1,M3 AR(1) + inflación rezagada 12 meses,0.31918923717248737,0.030135756438096323,0.8967556276466209,0.7081123575922441,4.365959239911739,3.25,4.54,4
2014-04-01,S1,M3 AR(1) + inflación rezagada 12 meses,0.3191892371724873,0.030135756438096222,0.8967556276466209,0.7081123575922451,4.365959239911732,3.27,4.66,4
2014-05-01,S1,M3 AR(1) + inflación rezagada 12 meses,0.31918923717248593,0.030135756438096153,0.8967556276466213,0.7081123575922446,4.365959239911735,3.22,4.28,4
2014-06-01,S1,M3 AR(1) + inflación rezagada 12 meses,0.31918923717248626,0.030135756438096115,0.8967556276466209,0.7081123575922461,4.365959239911711,3.13,4.36,4
2014-07-01,S1,M3 AR(1) + inflación rezagada 12 meses,0.3191892371724863,0.030135756438096198,0.8967556276466209,0.7081123575922453,4.365959239911716,3.41,4.41,4
2014-08-01,S1,M3 AR(1) + inflación rezagada 12 meses,0.3191892371724879,0.030135756438096212,0.89675562764662,0.7081123575922477,4.365959239911686,3.7,4.06,4
2014-09-01,S1,M3 AR(1) + inflación rezagada 12 meses,0.31918923717248654,0.030135756438096115,0.8967556276466209,0.7081123575922461,4.365959239911715,3.45,4.13,4
2014-10-01,S1,M3 AR(1) + inflación rezagada 12 meses,0.31918923717248565,0.030135756438096146,0.8967556276466208,0.7081123575922461,4.365959239911698,3.64,4.17,4
2014-11-01,S1,M3 AR(1) + inflación rezagada 12 meses,0.3191892371724871,0.030135756438096205,0.8967556276466203,0.7081123575922468,4.365959239911695,3.38,4.16,4
2014-12-01,S1,M3 AR(1) + inflación rezagada 12 meses,0.31918923717248665,0.03013575643809623,0.8967556276466204,0.7081123575922463,4.365959239911696,2.95,4.21,4
2015-01-01,S1,M3 AR(1) + inflación rezagada 12 meses,0.31918923717248615,0.03013575643809605,0.8967556276466206,0.7081123575922474,4.365959239911692,2.32,3.89,4
2015-02-01,S1,M3 AR(1) + inflación rezagada 12 meses,0.31918923717248604,0.030135756438096212,0.8967556276466208,0.7081123575922456,4.3659592399117075,2.44,4.07,4
2015-03-01,S1,M3 AR(1) + inflación rezagada 12 meses,0.319189237172486,0.030135756438096236,0.8967556276466209,0.708112357592245,4.365959239911715,2.43,4.11,4
2015-04-01,S1,M3 AR(1) + inflación rezagada 12 meses,0.31918923717248593,0.030135756438096156,0.8967556276466209,0.7081123575922458,4.365959239911709,2.58,3.82,4
2015-05-01,S1,M3 AR(1) + inflación rezagada 12 meses,0.31918923717248526,0.030135756438096156,0.8967556276466212,0.7081123575922448,4.36595923991172,2.55,3.57,4
2015-06-01,S1,M3 AR(1) + inflación rezagada 12 meses,0.31918923717248493,0.0301357564380961,0.8967556276466212,0.7081123575922453,4.365959239911712,2.39,3.67,4
2015-07-01,S1,M3 AR(1) + inflación rezagada 12 meses,0.31918923717248526,0.030135756438096184,0.8967556276466211,0.7081123575922449,4.365959239911715,2.32,3.56,4
2015-08-01,S1,M3 AR(1) + inflación rezagada 12 meses,0.3191892371724853,0.030135756438096163,0.8967556276466209,0.7081123575922457,4.3659592399117,1.96,3.31,4
2015-09-01,S1,M3 AR(1) + inflación rezagada 12 meses,0.3191892371724856,0.030135756438096156,0.8967556276466209,0.7081123575922458,4.365959239911704,1.88,3.4,4
2015-10-01,S1,M3 AR(1) + inflación rezagada 12 meses,0.3191892371724854,0.03013575643809607,0.8967556276466209,0.7081123575922466,4.365959239911696,2.23,3.28,4
2015-11-01,S1,M3 AR(1) + inflación rezagada 12 meses,0.31918923717248493,0.03013575643809601,0.896755627646621,0.7081123575922468,4.365959239911693,2.51,3.37,4
2015-12-01,S1,M3 AR(1) + inflación rezagada 12 meses,0.31918923717248526,0.030135756438095948,0.896755627646621,0.7081123575922474,4.365959239911694,3.07,3.65,4
2016-01-01,S1,M3 AR(1) + inflación rezagada 12 meses,0.3191892371724849,0.030135756438095858,0.896755627646621,0.7081123575922483,4.365959239911683,4.38,3.8,4
2016-02-01,S1,M3 AR(1) + inflación rezagada 12 meses,0.3191892371724848,0.030135756438095865,0.896755627646621,0.7081123575922483,4.365959239911683,4.27,4.09,4
2016-03-01,S1,M3 AR(1) + inflación rezagada 12 meses,0.3191892371724844,0.030135756438095785,0.8967556276466212,0.7081123575922483,4.365959239911685,4.26,3.99,4
2016-04-01,S1,M3 AR(1) + inflación rezagada 12 meses,0.3191892371724845,0.03013575643809581,0.8967556276466211,0.7081123575922486,4.365959239911682,4.09,4.19,4
2016-05-01,S1,M3 AR(1) + inflación rezagada 12 meses,0.3191892371724842,0.03013575643809578,0.8967556276466213,0.7081123575922481,4.36595923991169,4.36,4.16,4
2016-06-01,S1,M3 AR(1) + inflación rezagada 12 meses,0.3191892371724843,0.030135756438095802,0.8967556276466212,0.7081123575922482,4.365959239911685,4.43,4.39,4
2016-07-01,S1,M3 AR(1) + inflación rezagada 12 meses,0.31918923717248443,0.030135756438095754,0.8967556276466212,0.7081123575922488,4.365959239911684,4.62,4.41,4
2016-08-01,S1,M3 AR(1) + inflación rezagada 12 meses,0.3191892371724845,0.030135756438095768,0.8967556276466212,0.7081123575922486,4.365959239911686,4.74,4.45,4
2016-09-01,S1,M3 AR(1) + inflación rezagada 12 meses,0.31918923717248443,0.030135756438095695,0.8967556276466212,0.7081123575922492,4.365959239911681,4.56,4.42,4
2016-10-01,S1,M3 AR(1) + inflación rezagada 12 meses,0.3191892371724842,0.03013575643809567,0.8967556276466213,0.7081123575922492,4.365959239911683,4.76,4.43,4
2016-11-01,S1,M3 AR(1) + inflación rezagada 12 meses,0.31918923717248426,0.03013575643809572,0.8967556276466213,0.7081123575922488,4.365959239911686,4.67,4.6,4
2016-12-01,S1,M3 AR(1) + inflación rezagada 12 meses,0.31918923717248443,0.030135756438095736,0.8967556276466213,0.7081123575922486,4.36595923991169,4.23,4.66,4
2017-01-01,S1,M3 AR(1) + inflación rezagada 12 meses,0.3191892371724845,0.030135756438095723,0.8967556276466213,0.7081123575922488,4.36595923991169,3.83,4.4,4
2017-02-01,S1,M3 AR(1) + inflación rezagada 12 meses,0.3191892371724844,0.03013575643809568,0.8967556276466212,0.7081123575922494,4.365959239911679,3.96,4.46,4
2017-03-01,S1,M3 AR(1) + inflación rezagada 12 meses,0.31918923717248443,0.03013575643809572,0.8967556276466212,0.708112357592249,4.365959239911682,4,4.28,4
2017-04-01,S1,M3 AR(1) + inflación rezagada 12 meses,0.31918923717248454,0.03013575643809571,0.8967556276466212,0.7081123575922492,4.3659592399116836,4.09,4.51,4
2017-05-01,S1,M3 AR(1) + inflación rezagada 12 meses,0.3191892371724845,0.030135756438095657,0.8967556276466212,0.7081123575922497,4.365959239911679,3.93,4.17,4
2017-06-01,S1,M3 AR(1) + inflación rezagada 12 meses,0.31918923717248476,0.03013575643809574,0.8967556276466211,0.7081123575922492,4.365959239911682,4.36,4.26,4
2017-07-01,S1,M3 AR(1) + inflación rezagada 12 meses,0.3191892371724846,0.03013575643809574,0.8967556276466211,0.7081123575922492,4.365959239911679,5.22,4.48,4
2017-08-01,S1,M3 AR(1) + inflación rezagada 12 meses,0.3191892371724846,0.030135756438095792,0.8967556276466211,0.7081123575922487,4.365959239911683,4.72,4.51,4
2017-09-01,S1,M3 AR(1) + inflación rezagada 12 meses,0.3191892371724849,0.03013575643809581,0.8967556276466209,0.7081123575922491,4.365959239911674,4.36,4.75,4
2017-10-01,S1,M3 AR(1) + inflación rezagada 12 meses,0.3191892371724848,0.030135756438095792,0.8967556276466209,0.7081123575922492,4.365959239911672,4.2,4.53,4
2017-11-01,S1,M3 AR(1) + inflación rezagada 12 meses,0.31918923717248493,0.03013575643809584,0.8967556276466209,0.7081123575922488,4.3659592399116764,4.69,4.63,4
2017-12-01,S1,M3 AR(1) + inflación rezagada 12 meses,0.3191892371724848,0.030135756438095837,0.8967556276466209,0.7081123575922488,4.365959239911675,5.68,4.56,4
2018-01-01,S1,M3 AR(1) + inflación rezagada 12 meses,0.3191892371724844,0.030135756438095813,0.8967556276466209,0.7081123575922491,4.365959239911667,4.71,4.71,4
2018-02-01,S1,M3 AR(1) + inflación rezagada 12 meses,0.3191892371724843,0.03013575643809575,0.896755627646621,0.7081123575922494,4.365959239911669,4.15,4.56,4
2018-03-01,S1,M3 AR(1) + inflación rezagada 12 meses,0.3191892371724838,0.03013575643809572,0.8967556276466211,0.7081123575922494,4.365959239911667,4.14,4.62,4
2018-04-01,S1,M3 AR(1) + inflación rezagada 12 meses,0.31918923717248393,0.03013575643809575,0.8967556276466209,0.7081123575922497,4.365959239911658,3.92,4.46,4
2018-05-01,S1,M3 AR(1) + inflación rezagada 12 meses,0.31918923717248365,0.03013575643809572,0.8967556276466209,0.70811235759225,4.365959239911652,4.09,4.48,4
2018-06-01,S1,M3 AR(1) + inflación rezagada 12 meses,0.31918923717248404,0.030135756438095705,0.8967556276466209,0.7081123575922501,4.365959239911657,3.79,4.43,4
2018-07-01,S1,M3 AR(1) + inflación rezagada 12 meses,0.31918923717248393,0.030135756438095698,0.8967556276466208,0.7081123575922506,4.365959239911648,2.61,4.36,4
2018-08-01,S1,M3 AR(1) + inflación rezagada 12 meses,0.31918923717248404,0.030135756438095726,0.8967556276466208,0.7081123575922502,4.365959239911651,3.36,4.33,4
2018-09-01,S1,M3 AR(1) + inflación rezagada 12 meses,0.31918923717248415,0.030135756438095736,0.8967556276466206,0.7081123575922504,4.365959239911646,4.55,4.32,4
2018-10-01,S1,M3 AR(1) + inflación rezagada 12 meses,0.319189237172484,0.030135756438095747,0.8967556276466205,0.7081123575922507,4.365959239911637,4.34,4.32,4
2018-11-01,S1,M3 AR(1) + inflación rezagada 12 meses,0.3191892371724845,0.030135756438095816,0.8967556276466206,0.7081123575922497,4.365959239911656,3.15,4.47,4
2018-12-01,S1,M3 AR(1) + inflación rezagada 12 meses,0.3191892371724848,0.030135756438095854,0.8967556276466205,0.7081123575922497,4.365959239911656,2.31,4.38,4
2019-01-01,S1,M3 AR(1) + inflación rezagada 12 meses,0.31918923717248476,0.030135756438095858,0.8967556276466204,0.7081123575922499,4.365959239911648,4.1,4.07,4
2019-02-01,S1,M3 AR(1) + inflación rezagada 12 meses,0.31918923717248465,0.030135756438095882,0.8967556276466204,0.7081123575922497,4.365959239911648,4.46,4.25,4
2019-03-01,S1,M3 AR(1) + inflación rezagada 12 meses,0.3191892371724846,0.030135756438095882,0.8967556276466205,0.7081123575922493,4.365959239911654,4.17,4.35,4
2019-04-01,S1,M3 AR(1) + inflación rezagada 12 meses,0.31918923717248443,0.030135756438095858,0.8967556276466204,0.7081123575922499,4.365959239911644,4.75,4.3,4
2019-05-01,S1,M3 AR(1) + inflación rezagada 12 meses,0.31918923717248443,0.030135756438095844,0.8967556276466204,0.7081123575922501,4.365959239911644,4.54,4.39,4
2019-06-01,S1,M3 AR(1) + inflación rezagada 12 meses,0.31918923717248404,0.030135756438095785,0.8967556276466206,0.70811235759225,4.365959239911647,4.8,4.36,4
2019-07-01,S1,M3 AR(1) + inflación rezagada 12 meses,0.31918923717248393,0.030135756438095757,0.8967556276466206,0.7081123575922503,4.3659592399116445,4.37,4.6,4
2019-08-01,S1,M3 AR(1) + inflación rezagada 12 meses,0.3191892371724841,0.0301357564380958,0.8967556276466205,0.7081123575922501,4.365959239911643,3.01,4.53,4
2019-09-01,S1,M3 AR(1) + inflación rezagada 12 meses,0.3191892371724844,0.030135756438095868,0.8967556276466204,0.7081123575922499,4.365959239911644,1.8,4.34,4
2019-10-01,S1,M3 AR(1) + inflación rezagada 12 meses,0.31918923717248443,0.030135756438095854,0.8967556276466204,0.7081123575922499,4.365959239911644,2.17,4.22,4
2019-11-01,S1,M3 AR(1) + inflación rezagada 12 meses,0.3191892371724846,0.030135756438095792,0.8967556276466204,0.7081123575922506,4.365959239911643,2.92,4.25,4
2019-12-01,S1,M3 AR(1) + inflación rezagada 12 meses,0.31918923717248443,0.030135756438095795,0.8967556276466204,0.7081123575922506,4.36595923991164,3.41,4.1,4
2020-01-01,S1,M3 AR(1) + inflación rezagada 12 meses,0.3191892371724843,0.030135756438095816,0.8967556276466204,0.7081123575922503,4.365959239911641,1.78,4.11,4
2020-02-01,S1,M3 AR(1) + inflación rezagada 12 meses,0.31918923717248454,0.030135756438095858,0.8967556276466204,0.7081123575922499,4.365959239911645,1.24,3.85,4
2020-03-01,S1,M3 AR(1) + inflación rezagada 12 meses,0.31918923717248493,0.03013575643809585,0.8967556276466202,0.7081123575922506,4.365959239911637,1.77,3.99,4
2020-04-01,S1,M3 AR(1) + inflación rezagada 12 meses,0.319189237172485,0.03013575643809591,0.8967556276466202,0.7081123575922501,4.365959239911641,1.88,3.97,4
2020-05-01,S1,M3 AR(1) + inflación rezagada 12 meses,0.31918923717248493,0.030135756438095875,0.8967556276466203,0.7081123575922501,4.365959239911645,1.8,3.96,4
2020-06-01,S1,M3 AR(1) + inflación rezagada 12 meses,0.31918923717248493,0.030135756438095882,0.8967556276466203,0.70811235759225,4.365959239911645,2.39,3.77,4
2020-07-01,S1,M3 AR(1) + inflación rezagada 12 meses,0.3191892371724852,0.030135756438095875,0.8967556276466203,0.7081123575922501,4.365959239911649,2.88,3.9,4
2020-08-01,S1,M3 AR(1) + inflación rezagada 12 meses,0.3191892371724852,0.03013575643809588,0.8967556276466202,0.7081123575922503,4.365959239911643,4.19,3.92,4
2020-09-01,S1,M3 AR(1) + inflación rezagada 12 meses,0.3191892371724853,0.030135756438095854,0.8967556276466204,0.7081123575922499,4.365959239911656,4.97,3.99,4
2020-10-01,S1,M3 AR(1) + inflación rezagada 12 meses,0.3191892371724851,0.030135756438095802,0.8967556276466204,0.7081123575922504,4.36595923991165,5.34,4.15,4
2020-11-01,S1,M3 AR(1) + inflación rezagada 12 meses,0.31918923717248526,0.030135756438095802,0.8967556276466204,0.7081123575922504,4.365959239911652,5.46,4.27,4
2020-12-01,S1,M3 AR(1) + inflación rezagada 12 meses,0.3191892371724855,0.03013575643809584,0.8967556276466204,0.7081123575922501,4.365959239911657,4.82,4.26,4
2021-01-01,S1,M3 AR(1) + inflación rezagada 12 meses,0.31918923717248554,0.03013575643809588,0.8967556276466202,0.7081123575922503,4.365959239911647,5.24,4.12,4
2021-02-01,S1,M3 AR(1) + inflación rezagada 12 meses,0.3191892371724855,0.030135756438095903,0.8967556276466202,0.7081123575922501,4.365959239911648,6,4.39,4
2021-03-01,S1,M3 AR(1) + inflación rezagada 12 meses,0.31918923717248565,0.030135756438095924,0.8967556276466201,0.7081123575922502,4.3659592399116445,5.84,4.34,4
2021-04-01,S1,M3 AR(1) + inflación rezagada 12 meses,0.31918923717248554,0.030135756438095917,0.8967556276466202,0.7081123575922499,4.36595923991165,5.2,4.39,4
2021-05-01,S1,M3 AR(1) + inflación rezagada 12 meses,0.31918923717248576,0.030135756438095906,0.8967556276466201,0.7081123575922503,4.365959239911645,5.17,4.41,4
2021-06-01,S1,M3 AR(1) + inflación rezagada 12 meses,0.3191892371724856,0.03013575643809591,0.8967556276466201,0.7081123575922503,4.365959239911643,3.91,4.23,4
2021-07-01,S1,M3 AR(1) + inflación rezagada 12 meses,0.3191892371724856,0.030135756438095896,0.8967556276466201,0.7081123575922506,4.365959239911642,3.82,4.12,4
2021-08-01,S1,M3 AR(1) + inflación rezagada 12 meses,0.31918923717248543,0.030135756438095875,0.8967556276466202,0.7081123575922503,4.365959239911645,3.62,4.14,4
2021-09-01,S1,M3 AR(1) + inflación rezagada 12 meses,0.3191892371724857,0.0301357564380959,0.8967556276466201,0.7081123575922504,4.3659592399116445,3.67,4.2,4
2021-10-01,S1,M3 AR(1) + inflación rezagada 12 meses,0.3191892371724857,0.030135756438095903,0.8967556276466202,0.7081123575922501,4.365959239911652,2.96,3.89,4
2021-11-01,S1,M3 AR(1) + inflación rezagada 12 meses,0.31918923717248554,0.03013575643809588,0.8967556276466202,0.7081123575922503,4.365959239911647,2.89,4.08,4
2021-12-01,S1,M3 AR(1) + inflación rezagada 12 meses,0.3191892371724858,0.0301357564380959,0.8967556276466202,0.7081123575922501,4.3659592399116525,3.07,4.02,4
2022-01-01,S1,M3 AR(1) + inflación rezagada 12 meses,0.31918923717248576,0.030135756438095886,0.8967556276466202,0.7081123575922503,4.365959239911651,2.87,4.09,4
2022-02-01,S1,M3 AR(1) + inflación rezagada 12 meses,0.31918923717248565,0.030135756438095893,0.8967556276466202,0.7081123575922502,4.36595923991165,2.98,3.92,4
2022-03-01,S1,M3 AR(1) + inflación rezagada 12 meses,0.3191892371724858,0.03013575643809589,0.8967556276466201,0.7081123575922506,4.365959239911645,4.17,3.8,4
2022-04-01,S1,M3 AR(1) + inflación rezagada 12 meses,0.31918923717248576,0.030135756438095875,0.8967556276466202,0.7081123575922503,4.365959239911651,4.62,3.94,4
2022-05-01,S1,M3 AR(1) + inflación rezagada 12 meses,0.31918923717248593,0.030135756438095865,0.8967556276466202,0.7081123575922504,4.365959239911652,5.82,4.01,4
2022-06-01,S1,M3 AR(1) + inflación rezagada 12 meses,0.3191892371724858,0.030135756438095844,0.8967556276466202,0.7081123575922507,4.36595923991165,7.55,4.16,4
2022-07-01,S1,M3 AR(1) + inflación rezagada 12 meses,0.31918923717248593,0.030135756438095858,0.8967556276466202,0.7081123575922506,4.365959239911651,8.36,4.51,4
2022-08-01,S1,M3 AR(1) + inflación rezagada 12 meses,0.3191892371724857,0.030135756438095834,0.8967556276466202,0.7081123575922508,4.365959239911647,8.87,4.55,4
2022-09-01,S1,M3 AR(1) + inflación rezagada 12 meses,0.3191892371724859,0.030135756438095837,0.8967556276466202,0.7081123575922508,4.365959239911649,9.03,4.61,4
2022-10-01,S1,M3 AR(1) + inflación rezagada 12 meses,0.3191892371724859,0.03013575643809584,0.8967556276466202,0.7081123575922508,4.365959239911649,9.7,4.67,4
2022-11-01,S1,M3 AR(1) + inflación rezagada 12 meses,0.31918923717248593,0.030135756438095844,0.8967556276466202,0.7081123575922507,4.365959239911651,9.17,4.8,4
2022-12-01,S1,M3 AR(1) + inflación rezagada 12 meses,0.31918923717248576,0.030135756438095837,0.8967556276466202,0.7081123575922508,4.365959239911648,9.24,4.71,4
2023-01-01,S1,M3 AR(1) + inflación rezagada 12 meses,0.31918923717248576,0.030135756438095837,0.8967556276466202,0.7081123575922508,4.365959239911648,9.69,4.62,4
2023-02-01,S1,M3 AR(1) + inflación rezagada 12 meses,0.31918923717248565,0.03013575643809583,0.8967556276466202,0.7081123575922508,4.365959239911645,9.92,4.49,4
2023-03-01,S1,M3 AR(1) + inflación rezagada 12 meses,0.31918923717248576,0.030135756438095834,0.8967556276466202,0.7081123575922508,4.365959239911648,8.71,4.43,4
2023-04-01,S1,M3 AR(1) + inflación rezagada 12 meses,0.31918923717248565,0.03013575643809583,0.8967556276466202,0.7081123575922508,4.365959239911645,8.32,4.39,4
2023-05-01,S1,M3 AR(1) + inflación rezagada 12 meses,0.3191892371724857,0.030135756438095834,0.8967556276466202,0.7081123575922508,4.365959239911647,6.54,4.3,4
2023-06-01,S1,M3 AR(1) + inflación rezagada 12 meses,0.31918923717248565,0.03013575643809583,0.8967556276466202,0.7081123575922508,4.365959239911645,4.93,4.24,4
2023-07-01,S1,M3 AR(1) + inflación rezagada 12 meses,0.31918923717248565,0.030135756438095823,0.8967556276466202,0.7081123575922509,4.365959239911645,4.53,4.21,4
2023-08-01,S1,M3 AR(1) + inflación rezagada 12 meses,0.31918923717248565,0.030135756438095823,0.8967556276466202,0.7081123575922509,4.365959239911645,4.47,4.17,4
2023-09-01,S1,M3 AR(1) + inflación rezagada 12 meses,0.31918923717248565,0.030135756438095827,0.8967556276466203,0.7081123575922506,4.3659592399116525,4.69,4.15,4
2023-10-01,S1,M3 AR(1) + inflación rezagada 12 meses,0.31918923717248565,0.030135756438095827,0.8967556276466202,0.7081123575922508,4.365959239911645,4.98,4.32,4
2023-11-01,S1,M3 AR(1) + inflación rezagada 12 meses,0.3191892371724856,0.03013575643809582,0.8967556276466202,0.7081123575922509,4.3659592399116445,4.3,4.43,4
2023-12-01,S1,M3 AR(1) + inflación rezagada 12 meses,0.3191892371724857,0.030135756438095823,0.8967556276466202,0.7081123575922509,4.365959239911646,4.18,4.32,4
2024-01-01,S1,M3 AR(1) + inflación rezagada 12 meses,0.31918923717248565,0.030135756438095823,0.8967556276466202,0.7081123575922509,4.365959239911645,3.82,4.29,4
2024-02-01,S1,M3 AR(1) + inflación rezagada 12 meses,0.31918923717248565,0.030135756438095827,0.8967556276466203,0.7081123575922506,4.3659592399116525,3.3,4.28,4
2024-03-01,S1,M3 AR(1) + inflación rezagada 12 meses,0.3191892371724857,0.030135756438095827,0.8967556276466203,0.7081123575922506,4.3659592399116525,3.24,4.14,4
2024-04-01,S1,M3 AR(1) + inflación rezagada 12 meses,0.31918923717248565,0.030135756438095827,0.8967556276466202,0.7081123575922508,4.365959239911645,3.36,4.02,4
2024-05-01,S1,M3 AR(1) + inflación rezagada 12 meses,0.31918923717248565,0.030135756438095823,0.8967556276466202,0.7081123575922509,4.365959239911645,3.76,3.99,4
2024-06-01,S1,M3 AR(1) + inflación rezagada 12 meses,0.31918923717248565,0.030135756438095823,0.8967556276466203,0.7081123575922506,4.3659592399116525,3.62,4.02,4
2024-07-01,S1,M3 AR(1) + inflación rezagada 12 meses,0.3191892371724857,0.030135756438095823,0.8967556276466203,0.7081123575922506,4.3659592399116525,3.78,4.07,4
2024-08-01,S1,M3 AR(1) + inflación rezagada 12 meses,0.3191892371724857,0.03013575643809582,0.8967556276466203,0.7081123575922506,4.3659592399116525,3.07,4.02,4
2024-09-01,S1,M3 AR(1) + inflación rezagada 12 meses,0.3191892371724857,0.03013575643809582,0.8967556276466203,0.7081123575922506,4.3659592399116525,2.11,3.97,4
2024-10-01,S1,M3 AR(1) + inflación rezagada 12 meses,0.31918923717248565,0.030135756438095827,0.8967556276466203,0.7081123575922506,4.3659592399116525,1.16,3.96,4
2024-11-01,S1,M3 AR(1) + inflación rezagada 12 meses,0.31918923717248565,0.03013575643809582,0.8967556276466203,0.7081123575922506,4.3659592399116525,1.66,3.66,4
2024-12-01,S1,M3 AR(1) + inflación rezagada 12 meses,0.31918923717248565,0.030135756438095823,0.8967556276466202,0.7081123575922509,4.365959239911645,1.7,3.95,4
2025-01-01,S1,M3 AR(1) + inflación rezagada 12 meses,0.31918923717248565,0.030135756438095823,0.8967556276466203,0.7081123575922506,4.3659592399116525,2.19,3.76,4
2025-02-01,S1,M3 AR(1) + inflación rezagada 12 meses,0.31918923717248565,0.03013575643809582,0.8967556276466202,0.7081123575922509,4.365959239911645,1.79,3.79,4
2025-03-01,S1,M3 AR(1) + inflación rezagada 12 meses,0.31918923717248565,0.030135756438095827,0.8967556276466203,0.7081123575922506,4.3659592399116525,1.57,3.71,4
2025-04-01,S1,M3 AR(1) + inflación rezagada 12 meses,0.31918923717248565,0.030135756438095827,0.8967556276466204,0.7081123575922502,4.365959239911659,1.47,3.62,4
2025-05-01,S1,M3 AR(1) + inflación rezagada 12 meses,0.31918923717248565,0.030135756438095827,0.8967556276466203,0.7081123575922506,4.3659592399116525,1.69,3.55,4
2025-06-01,S1,M3 AR(1) + inflación rezagada 12 meses,0.3191892371724856,0.030135756438095827,0.8967556276466204,0.7081123575922502,4.365959239911658,1.79,3.53,4
2025-07-01,S1,M3 AR(1) + inflación rezagada 12 meses,0.31918923717248565,0.03013575643809583,0.8967556276466204,0.7081123575922501,4.365959239911659,1.17,3.54,4
2025-08-01,S1,M3 AR(1) + inflación rezagada 12 meses,0.3191892371724856,0.03013575643809583,0.8967556276466203,0.7081123575922506,4.365959239911652,1.17,3.49,4
2025-09-01,S1,M3 AR(1) + inflación rezagada 12 meses,0.3191892371724856,0.030135756438095827,0.8967556276466204,0.7081123575922502,4.365959239911658,1.47,3.42,4
2025-10-01,S1,M3 AR(1) + inflación rezagada 12 meses,0.3191892371724856,0.030135756438095827,0.8967556276466204,0.7081123575922502,4.365959239911658,1.26,3.37,4
2025-11-01,S1,M3 AR(1) + inflación rezagada 12 meses,0.31918923717248554,0.030135756438095823,0.8967556276466204,0.7081123575922502,4.365959239911657,1.73,3.3,4
2025-12-01,S1,M3 AR(1) + inflación rezagada 12 meses,0.31918923717248554,0.030135756438095827,0.8967556276466204,0.7081123575922502,4.365959239911657,1.65,3.72,4
2026-01-01,S1,M3 AR(1) + inflación rezagada 12 meses,0.3191892371724856,0.030135756438095827,0.8967556276466204,0.7081123575922502,4.365959239911658,0.96,3.64,4
2026-02-01,S1,M3 AR(1) + inflación rezagada 12 meses,0.3191892371724856,0.030135756438095827,0.8967556276466205,0.7081123575922499,4.365959239911665,1.56,3.62,4
2026-03-01,S1,M3 AR(1) + inflación rezagada 12 meses,0.31918923717248565,0.030135756438095827,0.8967556276466205,0.7081123575922499,4.365959239911666,2.5,3.61,4
2026-04-01,S1,M3 AR(1) + inflación rezagada 12 meses,0.3191892371724856,0.030135756438095827,0.8967556276466206,0.7081123575922497,4.365959239911671,3.24,3.71,4
2026-05-01,S1,M3 AR(1) + inflación rezagada 12 meses,0.31918923717248565,0.030135756438095827,0.8967556276466206,0.7081123575922497,4.365959239911672,2.86,3.74,4
2026-06-01,S1,M3 AR(1) + inflación rezagada 12 meses,0.3191892371724856,0.030135756438095827,0.8967556276466206,0.7081123575922497,4.365959239911671,2.27,3.71,4
2011-02-01,S2,M3 con cuatro rezagos de inflación y expectativas,0.3191892371724195,0.030135756438434934,0.896755627646404,0.7081123575895775,4.365959239918083,5.24,5.81,5
2011-03-01,S2,M3 con cuatro rezagos de inflación y expectativas,0.3191892371724194,0.03013575643843494,0.8967556276464039,0.7081123575895777,4.365959239918076,4.99,6.13,5
2011-04-01,S2,M3 con cuatro rezagos de inflación y expectativas,0.3191892371724183,0.03013575643838283,0.8967556276464375,0.7081123575899877,4.365959239916951,5.76114812916453,6.19,5
2011-05-01,S2,M3 con cuatro rezagos de inflación y expectativas,0.31918923717078745,0.030135756438233293,0.8967556276467832,0.7081123575904587,4.36595923990636,6.3930220625962,5.74,5
2011-06-01,S2,M3 con cuatro rezagos de inflación y expectativas,0.3191892371723247,0.030135756438089665,0.8967556276466553,0.70811235759221125,4.365959239911171,6.42229936695938,6.16,5
2011-07-01,S2,M3 con cuatro rezagos de inflación y expectativas,0.31918923717251974,0.03013575643809511,0.8967556276466127,0.7081123575922792,4.365959239911618,7.03967446592064,5.88,5
2011-08-01,S2,M3 con cuatro rezagos de inflación y expectativas,0.319189237172404,0.03013575643809799,0.896755627646634,0.7081123575921909,4.36595923991148,7.6258261311642,5.95,5
2011-09-01,S2,M3 con cuatro rezagos de inflación y expectativas,0.319189237172439,0.030135756438098505,0.8967556276466304,0.708112357592196,4.365959239911778,7.24931562404949,6.43,5
2011-10-01,S2,M3 con cuatro rezagos de inflación y expectativas,0.31918923717249187,0.03013575643809862,0.8967556276466198,0.708112357592225,4.365959239911871,6.65,6.51,5
2011-11-01,S2,M3 con cuatro rezagos de inflación y expectativas,0.3191892371725337,0.030135756438094626,0.8967556276466198,0.7081123575922637,4.365959239912205,6.05484387510006,6.06,5
2011-12-01,S2,M3 con cuatro rezagos de inflación y expectativas,0.31918923717241215,0.030135756438092895,0.8967556276466375,0.7081123575922303,4.3659592399115,6.2,5.62,5
2012-01-01,S2,M3 con cuatro rezagos de inflación y expectativas,0.3191892371723969,0.0301357564380929,0.8967556276466393,0.7081123575922252,4.365959239911397,5.44,5.95,4.5
2012-02-01,S2,M3 con cuatro rezagos de inflación y expectativas,0.3191892371723829,0.030135756438092763,0.89675562764664285,0.7081123575922165,4.36595923991141,5.17,6.11,4.5
2012-03-01,S2,M3 con cuatro rezagos de inflación y expectativas,0.31918923717239656,0.030135756438092926,0.89675562764664285,0.7081123575922149,4.365959239911606,4.55,5.47,4.5
2012-04-01,S2,M3 con cuatro rezagos de inflación y expectativas,0.3191892371724039,0.030135756438092704,0.89675562764664285,0.708112357592217,4.365959239911693,4.27,5.54,4.5
2012-05-01,S2,M3 con cuatro rezagos de inflación y expectativas,0.3191892371724169,0.030135756438092593,0.8967556276466411,0.7081123575922231,4.365959239911758,3.9,5.28,4.5
2012-06-01,S2,M3 con cuatro rezagos de inflación y expectativas,0.31918923717241177,0.030135756438092732,0.8967556276466393,0.7081123575922268,4.36595923991159,3.47,5.11,4.5
2012-07-01,S2,M3 con cuatro rezagos de inflación y expectativas,0.31918923717241304,0.03013575643809286,0.8967556276466411,0.7081123575922206,4.365959239911722,2.86,4.9,4.5
2012-08-01,S2,M3 con cuatro rezagos de inflación y expectativas,0.31918923717241476,0.03013575643809294,0.8967556276466402,0.7081123575922224,4.365959239911697,2.71,4.55,4.5
2012-09-01,S2,M3 con cuatro rezagos de inflación y expectativas,0.31918923717241704,0.03013575643809298,0.8967556276466393,0.7081123575922244,4.365959239911677,3.28,5.17,4.5
2012-10-01,S2,M3 con cuatro rezagos de inflación y expectativas,0.31918923717242137,0.03013575643809313,0.8967556276466384,0.7081123575922255,4.365959239911692,3.35,4.76,4.5
2012-11-01,S2,M3 con cuatro rezagos de inflación y expectativas,0.3191892371724231,0.030135756438093297,0.8967556276466384,0.7081123575922239,4.365959239911726,3.11,4.82,4.5
2012-12-01,S2,M3 con cuatro rezagos de inflación y expectativas,0.3191892371724253,0.030135756438093377,0.8967556276466375,0.7081123575922256,4.365959239911708,3.45,4.93,4.5
2013-01-01,S2,M3 con cuatro rezagos de inflación y expectativas,0.3191892371724233,0.030135756438093145,0.8967556276466375,0.7081123575922279,4.365959239911667,3.86,4.83,4
2013-02-01,S2,M3 con cuatro rezagos de inflación y expectativas,0.3191892371724302,0.03013575643809375,0.8967556276466366,0.7081123575922246,4.365959239911744,4.18,4.61,4
2013-03-01,S2,M3 con cuatro rezagos de inflación y expectativas,0.31918923717243086,0.030135756438093565,0.8967556276466362,0.7081123575922276,4.3659592399117155,4.34,4.66,4
2013-04-01,S2,M3 con cuatro rezagos de inflación y expectativas,0.31918923717243086,0.030135756438093485,0.8967556276466366,0.708112357592227,4.365959239911738,4.13,4.93,4
2013-05-01,S2,M3 con cuatro rezagos de inflación y expectativas,0.31918923717243086,0.030135756438093273,0.8967556276466362,0.7081123575922303,4.365959239911699,4.27,4.83,4
2013-06-01,S2,M3 con cuatro rezagos de inflación y expectativas,0.31918923717242775,0.03013575643809328,0.8967556276466366,0.708112357592229,4.365959239911683,4.79,5.21,4
2013-07-01,S2,M3 con cuatro rezagos de inflación y expectativas,0.319189237172428,0.030135756438093308,0.8967556276466357,0.7081123575922312,4.365959239911635,4.74,4.81,4
2013-08-01,S2,M3 con cuatro rezagos de inflación y expectativas,0.3191892371724306,0.030135756438093346,0.8967556276466357,0.7081123575922309,4.365959239911673,4.42,4.89,4
2013-09-01,S2,M3 con cuatro rezagos de inflación y expectativas,0.31918923717243003,0.03013575643809351,0.8967556276466357,0.7081123575922293,4.365959239911675,4.21,4.91,4
2013-10-01,S2,M3 con cuatro rezagos de inflación y expectativas,0.3191892371724295,0.03013575643809357,0.8967556276466357,0.7081123575922288,4.365959239911671,4.15,4.71,4
2013-11-01,S2,M3 con cuatro rezagos de inflación y expectativas,0.3191892371724306,0.030135756438093585,0.8967556276466357,0.7081123575922286,4.365959239911687,4.63,4.7,4
2013-12-01,S2,M3 con cuatro rezagos de inflación y expectativas,0.31918923717243003,0.030135756438093474,0.896755627646636,0.708112357592229,4.365959239911686,4.39,5.19,4
2014-01-01,S2,M3 con cuatro rezagos de inflación y expectativas,0.3191892371724299,0.030135756438093225,0.8967556276466353,0.7081123575922333,4.36595923991163,4.14,4.94,4
2014-02-01,S2,M3 con cuatro rezagos de inflación y expectativas,0.3191892371724285,0.03013575643809333,0.8967556276466362,0.7081123575922299,4.365959239911669,3.5,4.68,4
2014-03-01,S2,M3 con cuatro rezagos de inflación y expectativas,0.31918923717243086,0.03013575643809353,0.8967556276466349,0.7081123575922317,4.365959239911635,3.25,4.54,4
2014-04-01,S2,M3 con cuatro rezagos de inflación y expectativas,0.3191892371724317,0.030135756438093762,0.8967556276466344,0.7081123575922307,4.365959239911634,3.27,4.66,4
2014-05-01,S2,M3 con cuatro rezagos de inflación y expectativas,0.31918923717243153,0.030135756438093783,0.8967556276466353,0.7081123575922279,4.365959239911685,3.22,4.28,4
2014-06-01,S2,M3 con cuatro rezagos de inflación y expectativas,0.31918923717243247,0.03013575643809391,0.8967556276466349,0.7081123575922279,4.365959239911679,3.13,4.36,4
2014-07-01,S2,M3 con cuatro rezagos de inflación y expectativas,0.31918923717243347,0.030135756438094116,0.8967556276466349,0.7081123575922259,4.365959239911705,3.41,4.41,4
2014-08-01,S2,M3 con cuatro rezagos de inflación y expectativas,0.319189237172433,0.030135756438093995,0.8967556276466351,0.7081123575922266,4.365959239911705,3.7,4.06,4
2014-09-01,S2,M3 con cuatro rezagos de inflación y expectativas,0.3191892371724345,0.03013575643809408,0.8967556276466349,0.7081123575922263,4.365959239911717,3.45,4.13,4
2014-10-01,S2,M3 con cuatro rezagos de inflación y expectativas,0.31918923717243486,0.030135756438094113,0.8967556276466344,0.7081123575922272,4.365959239911698,3.64,4.17,4
2014-11-01,S2,M3 con cuatro rezagos de inflación y expectativas,0.3191892371724346,0.030135756438094095,0.8967556276466344,0.7081123575922275,4.365959239911692,3.38,4.16,4
2014-12-01,S2,M3 con cuatro rezagos de inflación y expectativas,0.31918923717243486,0.03013575643809418,0.8967556276466343,0.708112357592227,4.365959239911695,2.95,4.21,4
2015-01-01,S2,M3 con cuatro rezagos de inflación y expectativas,0.31918923717243614,0.03013575643809426,0.896755627646634,0.7081123575922271,4.365959239911697,2.32,3.89,4
2015-02-01,S2,M3 con cuatro rezagos de inflación y expectativas,0.31918923717243497,0.03013575643809423,0.8967556276466341,0.708112357592227,4.365959239911685,2.44,4.07,4
2015-03-01,S2,M3 con cuatro rezagos de inflación y expectativas,0.3191892371724338,0.030135756438094137,0.8967556276466341,0.7081123575922279,4.365959239911664,2.43,4.11,4
2015-04-01,S2,M3 con cuatro rezagos de inflación y expectativas,0.3191892371724346,0.03013575643809417,0.896755627646634,0.7081123575922279,4.36595923991167,2.58,3.82,4
2015-05-01,S2,M3 con cuatro rezagos de inflación y expectativas,0.3191892371724339,0.030135756438094147,0.8967556276466342,0.7081123575922276,4.365959239911673,2.55,3.57,4
2015-06-01,S2,M3 con cuatro rezagos de inflación y expectativas,0.3191892371724342,0.03013575643809427,0.8967556276466341,0.7081123575922267,4.365959239911677,2.39,3.67,4
2015-07-01,S2,M3 con cuatro rezagos de inflación y expectativas,0.31918923717243425,0.030135756438094293,0.896755627646634,0.7081123575922268,4.365959239911673,2.32,3.56,4
2015-08-01,S2,M3 con cuatro rezagos de inflación y expectativas,0.31918923717243475,0.03013575643809424,0.8967556276466339,0.7081123575922276,4.36595923991167,1.96,3.31,4
2015-09-01,S2,M3 con cuatro rezagos de inflación y expectativas,0.31918923717243386,0.03013575643809413,0.896755627646634,0.7081123575922283,4.365959239911658,1.88,3.4,4
2015-10-01,S2,M3 con cuatro rezagos de inflación y expectativas,0.31918923717243414,0.030135756438094127,0.896755627646634,0.7081123575922283,4.365959239911662,2.23,3.28,4
2015-11-01,S2,M3 con cuatro rezagos de inflación y expectativas,0.31918923717243386,0.03013575643809411,0.896755627646634,0.7081123575922286,4.365959239911656,2.51,3.37,4
2015-12-01,S2,M3 con cuatro rezagos de inflación y expectativas,0.31918923717243375,0.03013575643809409,0.896755627646634,0.7081123575922288,4.365959239911654,3.07,3.65,4
2016-01-01,S2,M3 con cuatro rezagos de inflación y expectativas,0.319189237172434,0.03013575643809404,0.896755627646634,0.7081123575922292,4.365959239911655,4.38,3.8,4
2016-02-01,S2,M3 con cuatro rezagos de inflación y expectativas,0.31918923717243375,0.030135756438094005,0.8967556276466341,0.7081123575922292,4.365959239911656,4.27,4.09,4
2016-03-01,S2,M3 con cuatro rezagos de inflación y expectativas,0.3191892371724344,0.030135756438094116,0.896755627646634,0.7081123575922285,4.365959239911665,4.26,3.99,4
2016-04-01,S2,M3 con cuatro rezagos de inflación y expectativas,0.3191892371724342,0.030135756438094095,0.896755627646634,0.7081123575922287,4.365959239911661,4.09,4.19,4
2016-05-01,S2,M3 con cuatro rezagos de inflación y expectativas,0.31918923717243425,0.03013575643809406,0.8967556276466341,0.7081123575922287,4.365959239911666,4.36,4.16,4
2016-06-01,S2,M3 con cuatro rezagos de inflación y expectativas,0.31918923717243425,0.03013575643809413,0.8967556276466341,0.708112357592228,4.36595923991167,4.43,4.39,4
2016-07-01,S2,M3 con cuatro rezagos de inflación y expectativas,0.31918923717243464,0.030135756438094182,0.8967556276466341,0.7081123575922275,4.365959239911678,4.62,4.41,4
2016-08-01,S2,M3 con cuatro rezagos de inflación y expectativas,0.31918923717243425,0.030135756438094186,0.8967556276466341,0.7081123575922275,4.365959239911673,4.74,4.45,4
2016-09-01,S2,M3 con cuatro rezagos de inflación y expectativas,0.3191892371724346,0.030135756438094154,0.8967556276466341,0.7081123575922278,4.3659592399116764,4.56,4.42,4
2016-10-01,S2,M3 con cuatro rezagos de inflación y expectativas,0.3191892371724347,0.030135756438094196,0.8967556276466342,0.708112357592227,4.365959239911687,4.76,4.43,4
2016-11-01,S2,M3 con cuatro rezagos de inflación y expectativas,0.31918923717243475,0.03013575643809424,0.8967556276466341,0.708112357592227,4.3659592399116836,4.67,4.6,4
2016-12-01,S2,M3 con cuatro rezagos de inflación y expectativas,0.31918923717243447,0.030135756438094248,0.8967556276466342,0.7081123575922266,4.365959239911686,4.23,4.66,4
2017-01-01,S2,M3 con cuatro rezagos de inflación y expectativas,0.31918923717243464,0.030135756438094227,0.8967556276466342,0.7081123575922268,4.365959239911688,3.83,4.4,4
2017-02-01,S2,M3 con cuatro rezagos de inflación y expectativas,0.31918923717243464,0.030135756438094193,0.8967556276466342,0.7081123575922271,4.365959239911685,3.96,4.46,4
2017-03-01,S2,M3 con cuatro rezagos de inflación y expectativas,0.31918923717243447,0.03013575643809418,0.8967556276466345,0.7081123575922263,4.365959239911703,4,4.28,4
2017-04-01,S2,M3 con cuatro rezagos de inflación y expectativas,0.31918923717243464,0.030135756438094255,0.8967556276466343,0.7081123575922261,4.365959239911696,4.09,4.51,4
2017-05-01,S2,M3 con cuatro rezagos de inflación y expectativas,0.31918923717243464,0.03013575643809424,0.8967556276466343,0.7081123575922263,4.365959239911695,3.93,4.17,4
2017-06-01,S2,M3 con cuatro rezagos de inflación y expectativas,0.3191892371724345,0.030135756438094283,0.8967556276466343,0.7081123575922259,4.365959239911696,4.36,4.26,4
2017-07-01,S2,M3 con cuatro rezagos de inflación y expectativas,0.31918923717243425,0.03013575643809422,0.8967556276466344,0.7081123575922262,4.365959239911695,5.22,4.48,4
2017-08-01,S2,M3 con cuatro rezagos de inflación y expectativas,0.3191892371724346,0.030135756438094272,0.8967556276466344,0.7081123575922257,4.365959239911703,4.72,4.51,4
2017-09-01,S2,M3 con cuatro rezagos de inflación y expectativas,0.31918923717243486,0.030135756438094324,0.8967556276466343,0.7081123575922255,4.365959239911703,4.36,4.75,4
2017-10-01,S2,M3 con cuatro rezagos de inflación y expectativas,0.31918923717243486,0.03013575643809433,0.8967556276466345,0.7081123575922248,4.365959239911716,4.2,4.53,4
2017-11-01,S2,M3 con cuatro rezagos de inflación y expectativas,0.31918923717243486,0.030135756438094363,0.8967556276466344,0.7081123575922248,4.365959239911712,4.69,4.63,4
2017-12-01,S2,M3 con cuatro rezagos de inflación y expectativas,0.3191892371724346,0.030135756438094255,0.8967556276466345,0.7081123575922256,4.365959239911708,5.68,4.56,4
2018-01-01,S2,M3 con cuatro rezagos de inflación y expectativas,0.31918923717243464,0.030135756438094255,0.8967556276466346,0.7081123575922252,4.3659592399117155,4.71,4.71,4
2018-02-01,S2,M3 con cuatro rezagos de inflación y expectativas,0.3191892371724344,0.030135756438094224,0.8967556276466346,0.7081123575922256,4.365959239911711,4.15,4.56,4
2018-03-01,S2,M3 con cuatro rezagos de inflación y expectativas,0.3191892371724347,0.030135756438094255,0.8967556276466344,0.7081123575922259,4.365959239911703,4.14,4.62,4
2018-04-01,S2,M3 con cuatro rezagos de inflación y expectativas,0.3191892371724346,0.030135756438094193,0.8967556276466345,0.7081123575922261,4.365959239911704,3.92,4.46,4
2018-05-01,S2,M3 con cuatro rezagos de inflación y expectativas,0.31918923717243397,0.030135756438094085,0.8967556276466347,0.7081123575922266,4.365959239911703,4.09,4.48,4
2018-06-01,S2,M3 con cuatro rezagos de inflación y expectativas,0.31918923717243386,0.030135756438094047,0.8967556276466349,0.7081123575922266,4.365959239911706,3.79,4.43,4
2018-07-01,S2,M3 con cuatro rezagos de inflación y expectativas,0.3191892371724339,0.0301357564380941,0.8967556276466347,0.7081123575922265,4.365959239911704,2.61,4.36,4
2018-08-01,S2,M3 con cuatro rezagos de inflación y expectativas,0.31918923717243364,0.030135756438094078,0.8967556276466349,0.7081123575922263,4.365959239911705,3.36,4.33,4
2018-09-01,S2,M3 con cuatro rezagos de inflación y expectativas,0.31918923717243386,0.030135756438094147,0.8967556276466347,0.7081123575922259,4.365959239911705,4.55,4.32,4
2018-10-01,S2,M3 con cuatro rezagos de inflación y expectativas,0.3191892371724337,0.030135756438094144,0.8967556276466346,0.7081123575922263,4.365959239911696,4.34,4.32,4
2018-11-01,S2,M3 con cuatro rezagos de inflación y expectativas,0.31918923717243375,0.030135756438094217,0.8967556276466347,0.7081123575922252,4.3659592399117075,3.15,4.47,4
2018-12-01,S2,M3 con cuatro rezagos de inflación y expectativas,0.319189237172434,0.03013575643809427,0.8967556276466346,0.7081123575922251,4.365959239911708,2.31,4.38,4
2019-01-01,S2,M3 con cuatro rezagos de inflación y expectativas,0.31918923717243347,0.03013575643809427,0.8967556276466346,0.7081123575922251,4.3659592399117,4.1,4.07,4
2019-02-01,S2,M3 con cuatro rezagos de inflación y expectativas,0.3191892371724334,0.030135756438094245,0.8967556276466346,0.70811235759222535,4.365959239911699,4.46,4.25,4
2019-03-01,S2,M3 con cuatro rezagos de inflación y expectativas,0.319189237172433,0.030135756438094234,0.8967556276466347,0.7081123575922251,4.3659592399116995,4.17,4.35,4
2019-04-01,S2,M3 con cuatro rezagos de inflación y expectativas,0.31918923717243286,0.030135756438094276,0.8967556276466346,0.708112357592225,4.365959239911692,4.75,4.3,4
2019-05-01,S2,M3 con cuatro rezagos de inflación y expectativas,0.31918923717243264,0.030135756438094224,0.8967556276466349,0.7081123575922249,4.3659592399117,4.54,4.39,4
2019-06-01,S2,M3 con cuatro rezagos de inflación y expectativas,0.3191892371724325,0.03013575643809426,0.8967556276466349,0.7081123575922246,4.3659592399117,4.8,4.36,4
2019-07-01,S2,M3 con cuatro rezagos de inflación y expectativas,0.31918923717243236,0.030135756438094238,0.8967556276466349,0.7081123575922248,4.365959239911697,4.37,4.6,4
2019-08-01,S2,M3 con cuatro rezagos de inflación y expectativas,0.3191892371724323,0.030135756438094147,0.8967556276466349,0.7081123575922257,4.365959239911691,3.01,4.53,4
2019-09-01,S2,M3 con cuatro rezagos de inflación y expectativas,0.3191892371724324,0.03013575643809417,0.8967556276466349,0.7081123575922255,4.365959239911694,1.8,4.34,4
2019-10-01,S2,M3 con cuatro rezagos de inflación y expectativas,0.31918923717243214,0.03013575643809414,0.896755627646635,0.7081123575922255,4.365959239911695,2.17,4.22,4
2019-11-01,S2,M3 con cuatro rezagos de inflación y expectativas,0.3191892371724319,0.030135756438094113,0.8967556276466351,0.70811235759222535,4.365959239911697,2.92,4.25,4
2019-12-01,S2,M3 con cuatro rezagos de inflación y expectativas,0.31918923717243175,0.03013575643809409,0.896755627646635,0.7081123575922259,4.365959239911686,3.41,4.1,4
2020-01-01,S2,M3 con cuatro rezagos de inflación y expectativas,0.3191892371724316,0.030135756438094057,0.8967556276466351,0.7081123575922259,4.365959239911689,1.78,4.11,4
2020-02-01,S2,M3 con cuatro rezagos de inflación y expectativas,0.31918923717243164,0.030135756438094005,0.8967556276466352,0.7081123575922261,4.365959239911693,1.24,3.85,4
2020-03-01,S2,M3 con cuatro rezagos de inflación y expectativas,0.3191892371724312,0.030135756438093984,0.8967556276466353,0.708112357592226,4.365959239911693,1.77,3.99,4
2020-04-01,S2,M3 con cuatro rezagos de inflación y expectativas,0.3191892371724313,0.030135756438093964,0.8967556276466353,0.7081123575922261,4.365959239911692,1.88,3.97,4
2020-05-01,S2,M3 con cuatro rezagos de inflación y expectativas,0.3191892371724315,0.030135756438093974,0.8967556276466353,0.7081123575922261,4.365959239911696,1.8,3.96,4
2020-06-01,S2,M3 con cuatro rezagos de inflación y expectativas,0.31918923717243153,0.030135756438093974,0.8967556276466354,0.7081123575922258,4.365959239911703,2.39,3.77,4
2020-07-01,S2,M3 con cuatro rezagos de inflación y expectativas,0.31918923717243153,0.030135756438094016,0.8967556276466355,0.708112357592225,4.365959239911712,2.88,3.9,4
2020-08-01,S2,M3 con cuatro rezagos de inflación y expectativas,0.3191892371724314,0.030135756438093943,0.8967556276466355,0.7081123575922258,4.365959239911706,4.19,3.92,4
2020-09-01,S2,M3 con cuatro rezagos de inflación y expectativas,0.31918923717243125,0.03013575643809395,0.8967556276466355,0.7081123575922257,4.365959239911704,4.97,3.99,4
2020-10-01,S2,M3 con cuatro rezagos de inflación y expectativas,0.31918923717243164,0.030135756438094005,0.8967556276466355,0.7081123575922252,4.365959239911713,5.34,4.15,4
2020-11-01,S2,M3 con cuatro rezagos de inflación y expectativas,0.3191892371724316,0.030135756438093953,0.8967556276466355,0.7081123575922257,4.365959239911709,5.46,4.27,4
2020-12-01,S2,M3 con cuatro rezagos de inflación y expectativas,0.3191892371724313,0.030135756438093957,0.8967556276466356,0.7081123575922252,4.365959239911713,4.82,4.26,4
2021-01-01,S2,M3 con cuatro rezagos de inflación y expectativas,0.31918923717243153,0.03013575643809402,0.8967556276466354,0.70811235759222535,4.365959239911706,5.24,4.12,4
2021-02-01,S2,M3 con cuatro rezagos de inflación y expectativas,0.31918923717243164,0.030135756438094033,0.8967556276466355,0.7081123575922249,4.365959239911715,6,4.39,4
2021-03-01,S2,M3 con cuatro rezagos de inflación y expectativas,0.31918923717243153,0.030135756438094012,0.8967556276466355,0.708112357592225,4.365959239911712,5.84,4.34,4
2021-04-01,S2,M3 con cuatro rezagos de inflación y expectativas,0.31918923717243175,0.030135756438094036,0.8967556276466354,0.7081123575922252,4.365959239911709,5.2,4.39,4
2021-05-01,S2,M3 con cuatro rezagos de inflación y expectativas,0.3191892371724318,0.030135756438094023,0.8967556276466354,0.7081123575922252,4.365959239911709,5.17,4.41,4
2021-06-01,S2,M3 con cuatro rezagos de inflación y expectativas,0.31918923717243175,0.03013575643809398,0.8967556276466354,0.7081123575922257,4.365959239911707,3.91,4.23,4
2021-07-01,S2,M3 con cuatro rezagos de inflación y expectativas,0.31918923717243175,0.03013575643809398,0.8967556276466355,0.7081123575922255,4.365959239911713,3.82,4.12,4
2021-08-01,S2,M3 con cuatro rezagos de inflación y expectativas,0.31918923717243164,0.030135756438093988,0.8967556276466355,0.70811235759222535,4.365959239911712,3.62,4.14,4
2021-09-01,S2,M3 con cuatro rezagos de inflación y expectativas,0.3191892371724319,0.03013575643809401,0.8967556276466353,0.7081123575922257,4.365959239911704,3.67,4.2,4
2021-10-01,S2,M3 con cuatro rezagos de inflación y expectativas,0.31918923717243197,0.03013575643809396,0.8967556276466354,0.7081123575922259,4.365959239911708,2.96,3.89,4
2021-11-01,S2,M3 con cuatro rezagos de inflación y expectativas,0.31918923717243203,0.030135756438093957,0.8967556276466354,0.7081123575922259,4.365959239911709,2.89,4.08,4
2021-12-01,S2,M3 con cuatro rezagos de inflación y expectativas,0.31918923717243214,0.03013575643809393,0.8967556276466354,0.7081123575922262,4.365959239911709,3.07,4.02,4
2022-01-01,S2,M3 con cuatro rezagos de inflación y expectativas,0.31918923717243203,0.030135756438093936,0.8967556276466353,0.7081123575922265,4.365959239911701,2.87,4.09,4
2022-02-01,S2,M3 con cuatro rezagos de inflación y expectativas,0.3191892371724321,0.03013575643809393,0.8967556276466353,0.7081123575922266,4.365959239911701,2.98,3.92,4
2022-03-01,S2,M3 con cuatro rezagos de inflación y expectativas,0.3191892371724321,0.03013575643809398,0.8967556276466353,0.708112357592226,4.365959239911704,4.17,3.8,4
2022-04-01,S2,M3 con cuatro rezagos de inflación y expectativas,0.3191892371724321,0.03013575643809397,0.8967556276466353,0.7081123575922261,4.365959239911703,4.62,3.94,4
2022-05-01,S2,M3 con cuatro rezagos de inflación y expectativas,0.31918923717243197,0.030135756438093974,0.8967556276466354,0.7081123575922258,4.365959239911709,5.82,4.01,4
2022-06-01,S2,M3 con cuatro rezagos de inflación y expectativas,0.31918923717243197,0.030135756438093977,0.8967556276466353,0.7081123575922261,4.365959239911703,7.55,4.16,4
2022-07-01,S2,M3 con cuatro rezagos de inflación y expectativas,0.31918923717243197,0.03013575643809396,0.8967556276466353,0.7081123575922262,4.365959239911702,8.36,4.51,4
2022-08-01,S2,M3 con cuatro rezagos de inflación y expectativas,0.31918923717243203,0.030135756438093953,0.8967556276466353,0.7081123575922263,4.365959239911702,8.87,4.55,4
2022-09-01,S2,M3 con cuatro rezagos de inflación y expectativas,0.31918923717243186,0.03013575643809397,0.8967556276466353,0.7081123575922261,4.3659592399117,9.03,4.61,4
2022-10-01,S2,M3 con cuatro rezagos de inflación y expectativas,0.31918923717243186,0.030135756438093967,0.8967556276466353,0.7081123575922261,4.3659592399117,9.7,4.67,4
2022-11-01,S2,M3 con cuatro rezagos de inflación y expectativas,0.31918923717243186,0.030135756438093957,0.8967556276466352,0.7081123575922266,4.365959239911693,9.17,4.8,4
2022-12-01,S2,M3 con cuatro rezagos de inflación y expectativas,0.31918923717243186,0.030135756438093957,0.8967556276466353,0.7081123575922262,4.3659592399117,9.24,4.71,4
2023-01-01,S2,M3 con cuatro rezagos de inflación y expectativas,0.31918923717243186,0.030135756438093957,0.8967556276466353,0.7081123575922262,4.3659592399117,9.69,4.62,4
2023-02-01,S2,M3 con cuatro rezagos de inflación y expectativas,0.31918923717243197,0.03013575643809396,0.8967556276466353,0.7081123575922262,4.365959239911702,9.92,4.49,4
2023-03-01,S2,M3 con cuatro rezagos de inflación y expectativas,0.3191892371724319,0.030135756438093964,0.8967556276466353,0.7081123575922261,4.365959239911701,8.71,4.43,4
2023-04-01,S2,M3 con cuatro rezagos de inflación y expectativas,0.3191892371724319,0.030135756438093964,0.8967556276466353,0.7081123575922261,4.365959239911701,8.32,4.39,4
2023-05-01,S2,M3 con cuatro rezagos de inflación y expectativas,0.3191892371724319,0.030135756438093964,0.8967556276466353,0.7081123575922261,4.365959239911701,6.54,4.3,4
2023-06-01,S2,M3 con cuatro rezagos de inflación y expectativas,0.3191892371724319,0.030135756438093967,0.8967556276466353,0.7081123575922261,4.365959239911701,4.93,4.24,4
2023-07-01,S2,M3 con cuatro rezagos de inflación y expectativas,0.3191892371724319,0.030135756438093967,0.8967556276466353,0.7081123575922261,4.365959239911701,4.53,4.21,4
2023-08-01,S2,M3 con cuatro rezagos de inflación y expectativas,0.3191892371724319,0.030135756438093967,0.8967556276466353,0.7081123575922261,4.365959239911701,4.47,4.17,4
2023-09-01,S2,M3 con cuatro rezagos de inflación y expectativas,0.31918923717243186,0.030135756438093967,0.8967556276466353,0.7081123575922261,4.3659592399117,4.69,4.15,4
2023-10-01,S2,M3 con cuatro rezagos de inflación y expectativas,0.31918923717243186,0.030135756438093967,0.8967556276466353,0.7081123575922261,4.3659592399117,4.98,4.32,4
2023-11-01,S2,M3 con cuatro rezagos de inflación y expectativas,0.31918923717243186,0.030135756438093964,0.8967556276466353,0.7081123575922261,4.3659592399117,4.3,4.43,4
2023-12-01,S2,M3 con cuatro rezagos de inflación y expectativas,0.3191892371724319,0.030135756438093964,0.8967556276466352,0.7081123575922266,4.365959239911694,4.18,4.32,4
2024-01-01,S2,M3 con cuatro rezagos de inflación y expectativas,0.31918923717243186,0.03013575643809396,0.8967556276466353,0.7081123575922262,4.3659592399117,3.82,4.29,4
2024-02-01,S2,M3 con cuatro rezagos de inflación y expectativas,0.31918923717243186,0.03013575643809396,0.8967556276466352,0.7081123575922266,4.365959239911693,3.3,4.28,4
2024-03-01,S2,M3 con cuatro rezagos de inflación y expectativas,0.31918923717243186,0.03013575643809396,0.8967556276466352,0.7081123575922266,4.365959239911693,3.24,4.14,4
2024-04-01,S2,M3 con cuatro rezagos de inflación y expectativas,0.31918923717243186,0.03013575643809396,0.8967556276466352,0.7081123575922266,4.365959239911693,3.36,4.02,4
2024-05-01,S2,M3 con cuatro rezagos de inflación y expectativas,0.31918923717243186,0.03013575643809396,0.8967556276466352,0.7081123575922266,4.365959239911693,3.76,3.99,4
2024-06-01,S2,M3 con cuatro rezagos de inflación y expectativas,0.3191892371724318,0.030135756438093964,0.8967556276466353,0.7081123575922261,4.3659592399116995,3.62,4.02,4
2024-07-01,S2,M3 con cuatro rezagos de inflación y expectativas,0.31918923717243186,0.030135756438093964,0.8967556276466353,0.7081123575922261,4.3659592399117,3.78,4.07,4
2024-08-01,S2,M3 con cuatro rezagos de inflación y expectativas,0.3191892371724318,0.03013575643809396,0.8967556276466353,0.7081123575922262,4.3659592399116995,3.07,4.02,4
2024-09-01,S2,M3 con cuatro rezagos de inflación y expectativas,0.31918923717243186,0.03013575643809396,0.8967556276466353,0.7081123575922262,4.3659592399117,2.11,3.97,4
2024-10-01,S2,M3 con cuatro rezagos de inflación y expectativas,0.31918923717243186,0.03013575643809396,0.8967556276466353,0.7081123575922262,4.3659592399117,1.16,3.96,4
2024-11-01,S2,M3 con cuatro rezagos de inflación y expectativas,0.31918923717243186,0.03013575643809396,0.8967556276466353,0.7081123575922262,4.3659592399117,1.66,3.66,4
2024-12-01,S2,M3 con cuatro rezagos de inflación y expectativas,0.31918923717243186,0.030135756438093964,0.8967556276466354,0.7081123575922259,4.365959239911707,1.7,3.95,4
2025-01-01,S2,M3 con cuatro rezagos de inflación y expectativas,0.31918923717243186,0.03013575643809396,0.8967556276466354,0.7081123575922259,4.365959239911707,2.19,3.76,4
2025-02-01,S2,M3 con cuatro rezagos de inflación y expectativas,0.31918923717243186,0.03013575643809396,0.8967556276466354,0.7081123575922259,4.365959239911707,1.79,3.79,4
2025-03-01,S2,M3 con cuatro rezagos de inflación y expectativas,0.3191892371724319,0.03013575643809396,0.8967556276466354,0.7081123575922259,4.3659592399117075,1.57,3.71,4
2025-04-01,S2,M3 con cuatro rezagos de inflación y expectativas,0.3191892371724318,0.03013575643809396,0.8967556276466354,0.7081123575922259,4.365959239911707,1.47,3.62,4
2025-05-01,S2,M3 con cuatro rezagos de inflación y expectativas,0.31918923717243186,0.03013575643809396,0.8967556276466354,0.7081123575922259,4.365959239911707,1.69,3.55,4
2025-06-01,S2,M3 con cuatro rezagos de inflación y expectativas,0.3191892371724319,0.03013575643809396,0.8967556276466353,0.7081123575922262,4.365959239911701,1.79,3.53,4
2025-07-01,S2,M3 con cuatro rezagos de inflación y expectativas,0.31918923717243186,0.03013575643809396,0.8967556276466353,0.7081123575922262,4.3659592399117,1.17,3.54,4
2025-08-01,S2,M3 con cuatro rezagos de inflación y expectativas,0.3191892371724318,0.03013575643809396,0.8967556276466353,0.7081123575922262,4.3659592399116995,1.17,3.49,4
2025-09-01,S2,M3 con cuatro rezagos de inflación y expectativas,0.3191892371724318,0.030135756438093964,0.8967556276466354,0.7081123575922259,4.365959239911707,1.47,3.42,4
2025-10-01,S2,M3 con cuatro rezagos de inflación y expectativas,0.3191892371724318,0.030135756438093964,0.8967556276466353,0.7081123575922261,4.3659592399116995,1.26,3.37,4
2025-11-01,S2,M3 con cuatro rezagos de inflación y expectativas,0.31918923717243186,0.03013575643809396,0.8967556276466354,0.7081123575922259,4.365959239911707,1.73,3.3,4
2025-12-01,S2,M3 con cuatro rezagos de inflación y expectativas,0.31918923717243186,0.03013575643809396,0.8967556276466354,0.7081123575922259,4.365959239911707,1.65,3.72,4
2026-01-01,S2,M3 con cuatro rezagos de inflación y expectativas,0.3191892371724318,0.03013575643809396,0.8967556276466354,0.7081123575922259,4.365959239911707,0.96,3.64,4
2026-02-01,S2,M3 con cuatro rezagos de inflación y expectativas,0.31918923717243186,0.030135756438093964,0.8967556276466354,0.7081123575922259,4.365959239911707,1.56,3.62,4
2026-03-01,S2,M3 con cuatro rezagos de inflación y expectativas,0.31918923717243186,0.03013575643809396,0.8967556276466355,0.7081123575922257,4.365959239911714,2.5,3.61,4
2026-04-01,S2,M3 con cuatro rezagos de inflación y expectativas,0.31918923717243186,0.030135756438093964,0.8967556276466354,0.7081123575922259,4.365959239911707,3.24,3.71,4
2026-05-01,S2,M3 con cuatro rezagos de inflación y expectativas,0.31918923717243186,0.03013575643809396,0.8967556276466354,0.7081123575922259,4.365959239911707,2.86,3.74,4
2026-06-01,S2,M3 con cuatro rezagos de inflación y expectativas,0.31918923717243186,0.030135756438093957,0.8967556276466354,0.7081123575922259,4.365959239911707,2.27,3.71,4
2011-02-01,S3,M3 AR(1) + controles externos,0.31918923717138503,0.03013575643802463,0.8967556276469082,0.7081123575921262,4.365959239909538,5.24,5.81,5
2011-03-01,S3,M3 AR(1) + controles externos,0.319189237171385,0.030135756438024627,0.8967556276469082,0.7081123575921262,4.365959239909537,4.99,6.13,5
2011-04-01,S3,M3 AR(1) + controles externos,0.31918923717142705,0.03013575643796947,0.8967556276469327,0.7081123575925912,4.365959239908284,5.76114812916453,6.19,5
2011-05-01,S3,M3 AR(1) + controles externos,0.31918923717251535,0.030135756438037207,0.8967556276466695,0.7081123575926793,4.365959239911494,6.3930220625962,5.74,5
2011-06-01,S3,M3 AR(1) + controles externos,0.31918923717212144,0.0301357564380792,0.8967556276466979,0.7081123575921922,4.365959239910312,6.42229936695938,6.16,5
2011-07-01,S3,M3 AR(1) + controles externos,0.31918923717230313,0.0301357564380937,0.8967556276466482,0.7081123575921924,4.365959239910693,7.03967446592064,5.88,5
2011-08-01,S3,M3 AR(1) + controles externos,0.31918923717247427,0.0301357564380898,0.8967556276466304,0.7081123575922803,4.36595923991174,7.6258261311642,5.95,5
2011-09-01,S3,M3 AR(1) + controles externos,0.3191892371724848,0.030135756438089478,0.896755627646634,0.7081123575922734,4.365959239912077,7.24931562404949,6.43,5
2011-10-01,S3,M3 AR(1) + controles externos,0.3191892371725597,0.03013575643808903,0.8967556276466198,0.7081123575923179,4.365959239912225,6.65,6.51,5
2011-11-01,S3,M3 AR(1) + controles externos,0.31918923717224545,0.030135756438091806,0.896755627646673,0.7081123575921404,4.365959239911276,6.05484387510006,6.06,5
2011-12-01,S3,M3 AR(1) + controles externos,0.3191892371723516,0.030135756438091986,0.8967556276466553,0.7081123575921888,4.365959239911678,6.2,5.62,5
2012-01-01,S3,M3 AR(1) + controles externos,0.31918923717235015,0.03013575643809176,0.8967556276466571,0.7081123575921859,4.36595923991175,5.44,5.95,4.5
2012-02-01,S3,M3 AR(1) + controles externos,0.319189237172384,0.030135756438091823,0.8967556276466517,0.7081123575922005,4.365959239911899,5.17,6.11,4.5
2012-03-01,S3,M3 AR(1) + controles externos,0.3191892371723671,0.0301357564380917,0.8967556276466535,0.7081123575921966,4.365959239911766,4.55,5.47,4.5
2012-04-01,S3,M3 AR(1) + controles externos,0.31918923717237185,0.03013575643809194,0.8967556276466517,0.7081123575921993,4.3659592399117395,4.27,5.54,4.5
2012-05-01,S3,M3 AR(1) + controles externos,0.31918923717236125,0.03013575643809193,0.8967556276466535,0.7081123575921944,4.3659592399117,3.9,5.28,4.5
2012-06-01,S3,M3 AR(1) + controles externos,0.31918923717235664,0.030135756438091795,0.8967556276466553,0.7081123575921907,4.365959239911736,3.47,5.11,4.5
2012-07-01,S3,M3 AR(1) + controles externos,0.3191892371723622,0.030135756438092125,0.8967556276466544,0.70811235759219,4.365959239911779,2.86,4.9,4.5
2012-08-01,S3,M3 AR(1) + controles externos,0.31918923717237135,0.0301357564380924,0.8967556276466517,0.7081123575921948,4.36595923991176,2.71,4.55,4.5
2012-09-01,S3,M3 AR(1) + controles externos,0.3191892371723676,0.030135756438092305,0.8967556276466517,0.7081123575921958,4.365959239911703,3.28,5.17,4.5
2012-10-01,S3,M3 AR(1) + controles externos,0.31918923717236264,0.030135756438092118,0.8967556276466535,0.7081123575921926,4.365959239911731,3.35,4.76,4.5
2012-11-01,S3,M3 AR(1) + controles externos,0.3191892371723593,0.030135756438092097,0.8967556276466544,0.7081123575921903,4.365959239911737,3.11,4.82,4.5
2012-12-01,S3,M3 AR(1) + controles externos,0.3191892371723543,0.03013575643809197,0.8967556276466553,0.708112357592189,4.365959239911714,3.45,4.93,4.5
2013-01-01,S3,M3 AR(1) + controles externos,0.319189237172355,0.030135756438091802,0.8967556276466535,0.7081123575921957,4.365959239911607,3.86,4.83,4
2013-02-01,S3,M3 AR(1) + controles externos,0.31918923717235304,0.03013575643809171,0.8967556276466544,0.708112357592194,4.3659592399116285,4.18,4.61,4
2013-03-01,S3,M3 AR(1) + controles externos,0.3191892371723565,0.030135756438091642,0.8967556276466553,0.7081123575921922,4.365959239911724,4.34,4.66,4
2013-04-01,S3,M3 AR(1) + controles externos,0.31918923717235625,0.03013575643809192,0.8967556276466548,0.7081123575921908,4.365959239911711,4.13,4.93,4
2013-05-01,S3,M3 AR(1) + controles externos,0.3191892371723564,0.030135756438091927,0.8967556276466548,0.7081123575921906,4.365959239911714,4.27,4.83,4
2013-06-01,S3,M3 AR(1) + controles externos,0.319189237172357,0.030135756438091972,0.8967556276466553,0.708112357592189,4.36595923991175,4.79,5.21,4
2013-07-01,S3,M3 AR(1) + controles externos,0.31918923717235625,0.0301357564380917,0.8967556276466548,0.7081123575921928,4.365959239911698,4.74,4.81,4
2013-08-01,S3,M3 AR(1) + controles externos,0.3191892371723561,0.03013575643809191,0.8967556276466544,0.7081123575921922,4.365959239911682,4.42,4.89,4
2013-09-01,S3,M3 AR(1) + controles externos,0.31918923717235587,0.030135756438091875,0.8967556276466557,0.7081123575921886,4.365959239911756,4.21,4.91,4
2013-10-01,S3,M3 AR(1) + controles externos,0.3191892371723579,0.030135756438092066,0.8967556276466553,0.7081123575921882,4.365959239911769,4.15,4.71,4
2013-11-01,S3,M3 AR(1) + controles externos,0.31918923717235864,0.030135756438091906,0.8967556276466553,0.7081123575921896,4.36595923991177,4.63,4.7,4
2013-12-01,S3,M3 AR(1) + controles externos,0.31918923717235925,0.030135756438092045,0.8967556276466551,0.7081123575921889,4.365959239911773,4.39,5.19,4
2014-01-01,S3,M3 AR(1) + controles externos,0.31918923717235814,0.030135756438091764,0.8967556276466553,0.708112357592191,4.365959239911755,4.14,4.94,4
2014-02-01,S3,M3 AR(1) + controles externos,0.31918923717235603,0.03013575643809163,0.8967556276466557,0.708112357592191,4.365959239911744,3.5,4.68,4
2014-03-01,S3,M3 AR(1) + controles externos,0.3191892371723574,0.030135756438091754,0.8967556276466553,0.708112357592191,4.365959239911744,3.25,4.54,4
2014-04-01,S3,M3 AR(1) + controles externos,0.319189237172358,0.0301357564380917,0.8967556276466553,0.7081123575921916,4.365959239911748,3.27,4.66,4
2014-05-01,S3,M3 AR(1) + controles externos,0.3191892371723588,0.030135756438091736,0.8967556276466553,0.7081123575921913,4.365959239911762,3.22,4.28,4
2014-06-01,S3,M3 AR(1) + controles externos,0.3191892371723589,0.030135756438091937,0.8967556276466551,0.7081123575921899,4.365959239911762,3.13,4.36,4
2014-07-01,S3,M3 AR(1) + controles externos,0.31918923717235914,0.030135756438091906,0.8967556276466555,0.708112357592189,4.365959239911789,3.41,4.41,4
2014-08-01,S3,M3 AR(1) + controles externos,0.31918923717235886,0.030135756438091767,0.8967556276466557,0.7081123575921897,4.365959239911791,3.7,4.06,4
2014-09-01,S3,M3 AR(1) + controles externos,0.3191892371723566,0.030135756438091545,0.8967556276466564,0.7081123575921899,4.365959239911787,3.45,4.13,4
2014-10-01,S3,M3 AR(1) + controles externos,0.31918923717235753,0.030135756438091705,0.8967556276466555,0.7081123575921909,4.3659592399117555,3.64,4.17,4
2014-11-01,S3,M3 AR(1) + controles externos,0.3191892371723569,0.030135756438091632,0.8967556276466555,0.7081123575921917,4.365959239911743,3.38,4.16,4
2014-12-01,S3,M3 AR(1) + controles externos,0.3191892371723577,0.030135756438091806,0.8967556276466556,0.7081123575921897,4.36595923991177,2.95,4.21,4
2015-01-01,S3,M3 AR(1) + controles externos,0.3191892371723573,0.030135756438091556,0.8967556276466558,0.7081123575921915,4.365959239911763,2.32,3.89,4
2015-02-01,S3,M3 AR(1) + controles externos,0.3191892371723571,0.030135756438091577,0.8967556276466557,0.7081123575921915,4.365959239911755,2.44,4.07,4
2015-03-01,S3,M3 AR(1) + controles externos,0.3191892371723579,0.03013575643809165,0.8967556276466557,0.7081123575921908,4.365959239911771,2.43,4.11,4
2015-04-01,S3,M3 AR(1) + controles externos,0.31918923717235775,0.030135756438091632,0.8967556276466556,0.7081123575921913,4.365959239911761,2.58,3.82,4
2015-05-01,S3,M3 AR(1) + controles externos,0.31918923717235703,0.030135756438091577,0.896755627646656,0.7081123575921909,4.365959239911767,2.55,3.57,4
2015-06-01,S3,M3 AR(1) + controles externos,0.3191892371723571,0.030135756438091535,0.896755627646656,0.7081123575921913,4.365959239911766,2.39,3.67,4
2015-07-01,S3,M3 AR(1) + controles externos,0.319189237172357,0.03013575643809157,0.8967556276466557,0.7081123575921917,4.365959239911754,2.32,3.56,4
2015-08-01,S3,M3 AR(1) + controles externos,0.3191892371723567,0.03013575643809146,0.896755627646656,0.7081123575921922,4.365959239911756,1.96,3.31,4
2015-09-01,S3,M3 AR(1) + controles externos,0.31918923717235703,0.030135756438091514,0.896755627646656,0.7081123575921915,4.365959239911764,1.88,3.4,4
2015-10-01,S3,M3 AR(1) + controles externos,0.3191892371723572,0.030135756438091552,0.8967556276466557,0.7081123575921918,4.365959239911755,2.23,3.28,4
2015-11-01,S3,M3 AR(1) + controles externos,0.3191892371723573,0.030135756438091525,0.8967556276466558,0.7081123575921917,4.365959239911762,2.51,3.37,4
2015-12-01,S3,M3 AR(1) + controles externos,0.3191892371723575,0.030135756438091514,0.8967556276466558,0.7081123575921919,4.3659592399117635,3.07,3.65,4
2016-01-01,S3,M3 AR(1) + controles externos,0.31918923717235714,0.03013575643809148,0.896755627646656,0.7081123575921919,4.3659592399117635,4.38,3.8,4
2016-02-01,S3,M3 AR(1) + controles externos,0.31918923717235714,0.030135756438091486,0.8967556276466558,0.7081123575921922,4.365959239911757,4.27,4.09,4
2016-03-01,S3,M3 AR(1) + controles externos,0.3191892371723572,0.03013575643809151,0.8967556276466558,0.7081123575921919,4.365959239911759,4.26,3.99,4
2016-04-01,S3,M3 AR(1) + controles externos,0.31918923717235737,0.030135756438091577,0.896755627646656,0.7081123575921909,4.365959239911772,4.09,4.19,4
2016-05-01,S3,M3 AR(1) + controles externos,0.31918923717235714,0.030135756438091486,0.8967556276466558,0.7081123575921922,4.365959239911757,4.36,4.16,4
2016-06-01,S3,M3 AR(1) + controles externos,0.31918923717235703,0.030135756438091507,0.8967556276466558,0.7081123575921919,4.365959239911756,4.43,4.39,4
2016-07-01,S3,M3 AR(1) + controles externos,0.3191892371723569,0.0301357564380916,0.8967556276466558,0.708112357592191,4.365959239911761,4.62,4.41,4
2016-08-01,S3,M3 AR(1) + controles externos,0.31918923717235687,0.030135756438091563,0.8967556276466558,0.7081123575921914,4.365959239911758,4.74,4.45,4
2016-09-01,S3,M3 AR(1) + controles externos,0.3191892371723572,0.03013575643809165,0.8967556276466557,0.7081123575921908,4.365959239911761,4.56,4.42,4
2016-10-01,S3,M3 AR(1) + controles externos,0.31918923717235714,0.03013575643809161,0.8967556276466557,0.7081123575921913,4.365959239911757,4.76,4.43,4
2016-11-01,S3,M3 AR(1) + controles externos,0.31918923717235687,0.03013575643809165,0.8967556276466555,0.7081123575921915,4.365959239911743,4.67,4.6,4
2016-12-01,S3,M3 AR(1) + controles externos,0.31918923717235675,0.030135756438091632,0.8967556276466555,0.7081123575921917,4.36595923991174,4.23,4.66,4
2017-01-01,S3,M3 AR(1) + controles externos,0.3191892371723573,0.030135756438091733,0.8967556276466554,0.708112357592191,4.3659592399117475,3.83,4.4,4
2017-02-01,S3,M3 AR(1) + controles externos,0.31918923717235675,0.03013575643809166,0.8967556276466555,0.7081123575921914,4.365959239911742,3.96,4.46,4
2017-03-01,S3,M3 AR(1) + controles externos,0.3191892371723566,0.03013575643809166,0.8967556276466555,0.7081123575921914,4.3659592399117395,4,4.28,4
2017-04-01,S3,M3 AR(1) + controles externos,0.3191892371723567,0.03013575643809167,0.8967556276466554,0.7081123575921916,4.365959239911736,4.09,4.51,4
2017-05-01,S3,M3 AR(1) + controles externos,0.31918923717235603,0.030135756438091594,0.8967556276466555,0.708112357592192,4.365959239911728,3.93,4.17,4
2017-06-01,S3,M3 AR(1) + controles externos,0.3191892371723554,0.03013575643809153,0.8967556276466557,0.7081123575921919,4.36595923991173,4.36,4.26,4
2017-07-01,S3,M3 AR(1) + controles externos,0.3191892371723555,0.03013575643809153,0.8967556276466557,0.7081123575921919,4.365959239911731,5.22,4.48,4
2017-08-01,S3,M3 AR(1) + controles externos,0.3191892371723555,0.030135756438091466,0.8967556276466558,0.7081123575921924,4.365959239911733,4.72,4.51,4
2017-09-01,S3,M3 AR(1) + controles externos,0.3191892371723556,0.030135756438091493,0.8967556276466558,0.708112357592192,4.365959239911736,4.36,4.75,4
2017-10-01,S3,M3 AR(1) + controles externos,0.31918923717235564,0.030135756438091504,0.8967556276466557,0.7081123575921923,4.3659592399117315,4.2,4.53,4
2017-11-01,S3,M3 AR(1) + controles externos,0.31918923717235576,0.030135756438091483,0.8967556276466558,0.7081123575921922,4.365959239911738,4.69,4.63,4
2017-12-01,S3,M3 AR(1) + controles externos,0.3191892371723561,0.03013575643809154,0.8967556276466558,0.7081123575921916,4.365959239911746,5.68,4.56,4
2018-01-01,S3,M3 AR(1) + controles externos,0.31918923717235625,0.030135756438091597,0.8967556276466557,0.7081123575921914,4.365959239911745,4.71,4.71,4
2018-02-01,S3,M3 AR(1) + controles externos,0.3191892371723563,0.030135756438091615,0.8967556276466556,0.7081123575921915,4.36595923991174,4.15,4.56,4
2018-03-01,S3,M3 AR(1) + controles externos,0.3191892371723566,0.030135756438091573,0.8967556276466557,0.7081123575921916,4.365959239911748,4.14,4.62,4
2018-04-01,S3,M3 AR(1) + controles externos,0.3191892371723566,0.03013575643809166,0.8967556276466557,0.7081123575921908,4.365959239911753,3.92,4.46,4
2018-05-01,S3,M3 AR(1) + controles externos,0.31918923717235637,0.030135756438091594,0.8967556276466557,0.7081123575921914,4.365959239911746,4.09,4.48,4
2018-06-01,S3,M3 AR(1) + controles externos,0.3191892371723564,0.030135756438091618,0.8967556276466558,0.7081123575921908,4.365959239911755,3.79,4.43,4
2018-07-01,S3,M3 AR(1) + controles externos,0.3191892371723563,0.03013575643809164,0.8967556276466558,0.7081123575921906,4.365959239911755,2.61,4.36,4
2018-08-01,S3,M3 AR(1) + controles externos,0.31918923717235625,0.0301357564380916,0.896755627646656,0.7081123575921907,4.365959239911758,3.36,4.33,4
2018-09-01,S3,M3 AR(1) + controles externos,0.319189237172356,0.030135756438091556,0.896755627646656,0.7081123575921912,4.365959239911751,4.55,4.32,4
2018-10-01,S3,M3 AR(1) + controles externos,0.3191892371723557,0.030135756438091542,0.896755627646656,0.7081123575921913,4.3659592399117475,4.34,4.32,4
2018-11-01,S3,M3 AR(1) + controles externos,0.31918923717235603,0.030135756438091507,0.8967556276466562,0.708112357592191,4.365959239911763,3.15,4.47,4
2018-12-01,S3,M3 AR(1) + controles externos,0.31918923717235576,0.030135756438091438,0.8967556276466562,0.7081123575921917,4.365959239911755,2.31,4.38,4
2019-01-01,S3,M3 AR(1) + controles externos,0.3191892371723553,0.030135756438091382,0.8967556276466563,0.7081123575921919,4.365959239911752,4.1,4.07,4
2019-02-01,S3,M3 AR(1) + controles externos,0.3191892371723553,0.03013575643809142,0.8967556276466562,0.7081123575921918,4.365959239911748,4.46,4.25,4
2019-03-01,S3,M3 AR(1) + controles externos,0.3191892371723549,0.03013575643809139,0.8967556276466563,0.7081123575921918,4.365959239911747,4.17,4.35,4
2019-04-01,S3,M3 AR(1) + controles externos,0.3191892371723549,0.030135756438091417,0.8967556276466564,0.7081123575921913,4.3659592399117555,4.75,4.3,4
2019-05-01,S3,M3 AR(1) + controles externos,0.3191892371723551,0.03013575643809147,0.8967556276466563,0.708112357592191,4.365959239911754,4.54,4.39,4
2019-06-01,S3,M3 AR(1) + controles externos,0.3191892371723553,0.03013575643809151,0.8967556276466562,0.7081123575921909,4.365959239911753,4.8,4.36,4
2019-07-01,S3,M3 AR(1) + controles externos,0.3191892371723552,0.030135756438091518,0.8967556276466562,0.7081123575921908,4.365959239911752,4.37,4.6,4
2019-08-01,S3,M3 AR(1) + controles externos,0.31918923717235503,0.03013575643809157,0.896755627646656,0.708112357592191,4.36595923991174,3.01,4.53,4
2019-09-01,S3,M3 AR(1) + controles externos,0.319189237172355,0.030135756438091556,0.896755627646656,0.7081123575921912,4.365959239911738,1.8,4.34,4
2019-10-01,S3,M3 AR(1) + controles externos,0.3191892371723549,0.0301357564380916,0.8967556276466562,0.70811235759219,4.365959239911754,2.17,4.22,4
2019-11-01,S3,M3 AR(1) + controles externos,0.31918923717235426,0.03013575643809157,0.8967556276466562,0.7081123575921904,4.365959239911743,2.92,4.25,4
2019-12-01,S3,M3 AR(1) + controles externos,0.3191892371723539,0.03013575643809157,0.8967556276466563,0.70811235759219,4.365959239911745,3.41,4.1,4
2020-01-01,S3,M3 AR(1) + controles externos,0.31918923717235403,0.03013575643809154,0.8967556276466563,0.7081123575921904,4.365959239911744,1.78,4.11,4
2020-02-01,S3,M3 AR(1) + controles externos,0.319189237172354,0.030135756438091535,0.8967556276466564,0.7081123575921902,4.36595923991175,1.24,3.85,4
2020-03-01,S3,M3 AR(1) + controles externos,0.31918923717235415,0.030135756438091573,0.8967556276466564,0.7081123575921897,4.365959239911755,1.77,3.99,4
2020-04-01,S3,M3 AR(1) + controles externos,0.3191892371723541,0.030135756438091583,0.8967556276466563,0.7081123575921899,4.3659592399117475,1.88,3.97,4
2020-05-01,S3,M3 AR(1) + controles externos,0.3191892371723542,0.030135756438091604,0.8967556276466562,0.70811235759219,4.365959239911744,1.8,3.96,4
2020-06-01,S3,M3 AR(1) + controles externos,0.3191892371723544,0.03013575643809162,0.8967556276466562,0.7081123575921899,4.3659592399117475,2.39,3.77,4
2020-07-01,S3,M3 AR(1) + controles externos,0.3191892371723542,0.030135756438091642,0.8967556276466562,0.7081123575921897,4.365959239911746,2.88,3.9,4
2020-08-01,S3,M3 AR(1) + controles externos,0.3191892371723543,0.030135756438091646,0.8967556276466561,0.7081123575921899,4.365959239911741,4.19,3.92,4
2020-09-01,S3,M3 AR(1) + controles externos,0.3191892371723542,0.030135756438091684,0.8967556276466561,0.7081123575921896,4.365959239911742,4.97,3.99,4
2020-10-01,S3,M3 AR(1) + controles externos,0.3191892371723544,0.030135756438091733,0.896755627646656,0.7081123575921895,4.365959239911741,5.34,4.15,4
2020-11-01,S3,M3 AR(1) + controles externos,0.3191892371723542,0.0301357564380917,0.8967556276466561,0.7081123575921895,4.365959239911743,5.46,4.27,4
2020-12-01,S3,M3 AR(1) + controles externos,0.31918923717235415,0.030135756438091646,0.8967556276466562,0.7081123575921897,4.365959239911746,4.82,4.26,4
2021-01-01,S3,M3 AR(1) + controles externos,0.3191892371723539,0.030135756438091636,0.8967556276466562,0.7081123575921897,4.365959239911741,5.24,4.12,4
2021-02-01,S3,M3 AR(1) + controles externos,0.31918923717235376,0.0301357564380916,0.8967556276466562,0.70811235759219,4.365959239911738,6,4.39,4
2021-03-01,S3,M3 AR(1) + controles externos,0.31918923717235387,0.03013575643809163,0.8967556276466562,0.7081123575921898,4.36595923991174,5.84,4.34,4
2021-04-01,S3,M3 AR(1) + controles externos,0.319189237172354,0.030135756438091604,0.8967556276466562,0.70811235759219,4.36595923991174,5.2,4.39,4
2021-05-01,S3,M3 AR(1) + controles externos,0.31918923717235403,0.030135756438091618,0.8967556276466562,0.7081123575921899,4.365959239911742,5.17,4.41,4
2021-06-01,S3,M3 AR(1) + controles externos,0.31918923717235387,0.030135756438091594,0.8967556276466563,0.7081123575921898,4.365959239911745,3.91,4.23,4
2021-07-01,S3,M3 AR(1) + controles externos,0.3191892371723536,0.03013575643809159,0.8967556276466563,0.7081123575921899,4.365959239911741,3.82,4.12,4
2021-08-01,S3,M3 AR(1) + controles externos,0.3191892371723536,0.030135756438091594,0.8967556276466564,0.7081123575921895,4.3659592399117475,3.62,4.14,4
2021-09-01,S3,M3 AR(1) + controles externos,0.31918923717235353,0.030135756438091566,0.8967556276466564,0.7081123575921897,4.365959239911746,3.67,4.2,4
2021-10-01,S3,M3 AR(1) + controles externos,0.3191892371723536,0.030135756438091573,0.8967556276466564,0.7081123575921897,4.365959239911747,2.96,3.89,4
2021-11-01,S3,M3 AR(1) + controles externos,0.3191892371723537,0.030135756438091566,0.8967556276466564,0.7081123575921897,4.3659592399117475,2.89,4.08,4
2021-12-01,S3,M3 AR(1) + controles externos,0.3191892371723537,0.030135756438091573,0.8967556276466564,0.7081123575921897,4.365959239911748,3.07,4.02,4
2022-01-01,S3,M3 AR(1) + controles externos,0.31918923717235365,0.03013575643809156,0.8967556276466563,0.7081123575921902,4.36595923991174,2.87,4.09,4
2022-02-01,S3,M3 AR(1) + controles externos,0.3191892371723538,0.030135756438091563,0.8967556276466564,0.7081123575921898,4.365959239911749,2.98,3.92,4
2022-03-01,S3,M3 AR(1) + controles externos,0.31918923717235387,0.030135756438091566,0.8967556276466564,0.7081123575921897,4.36595923991175,4.17,3.8,4
2022-04-01,S3,M3 AR(1) + controles externos,0.31918923717235376,0.03013575643809159,0.8967556276466564,0.7081123575921895,4.36595923991175,4.62,3.94,4
2022-05-01,S3,M3 AR(1) + controles externos,0.31918923717235376,0.03013575643809159,0.8967556276466563,0.7081123575921899,4.365959239911743,5.82,4.01,4
2022-06-01,S3,M3 AR(1) + controles externos,0.31918923717235376,0.030135756438091573,0.8967556276466563,0.70811235759219,4.365959239911742,7.55,4.16,4
2022-07-01,S3,M3 AR(1) + controles externos,0.3191892371723537,0.03013575643809157,0.8967556276466563,0.70811235759219,4.365959239911742,8.36,4.51,4
2022-08-01,S3,M3 AR(1) + controles externos,0.3191892371723536,0.03013575643809156,0.8967556276466564,0.7081123575921898,4.365959239911746,8.87,4.55,4
2022-09-01,S3,M3 AR(1) + controles externos,0.31918923717235376,0.03013575643809154,0.8967556276466563,0.7081123575921904,4.36595923991174,9.03,4.61,4
2022-10-01,S3,M3 AR(1) + controles externos,0.31918923717235387,0.030135756438091552,0.8967556276466563,0.7081123575921902,4.365959239911742,9.7,4.67,4
2022-11-01,S3,M3 AR(1) + controles externos,0.3191892371723538,0.030135756438091535,0.8967556276466563,0.7081123575921904,4.36595923991174,9.17,4.8,4
2022-12-01,S3,M3 AR(1) + controles externos,0.3191892371723537,0.03013575643809153,0.8967556276466562,0.7081123575921908,4.365959239911732,9.24,4.71,4
2023-01-01,S3,M3 AR(1) + controles externos,0.3191892371723537,0.03013575643809152,0.8967556276466562,0.7081123575921908,4.3659592399117315,9.69,4.62,4
2023-02-01,S3,M3 AR(1) + controles externos,0.31918923717235387,0.030135756438091525,0.8967556276466563,0.7081123575921905,4.36595923991174,9.92,4.49,4
2023-03-01,S3,M3 AR(1) + controles externos,0.31918923717235387,0.03013575643809152,0.8967556276466562,0.7081123575921908,4.365959239911734,8.71,4.43,4
2023-04-01,S3,M3 AR(1) + controles externos,0.3191892371723538,0.030135756438091518,0.8967556276466563,0.7081123575921906,4.36595923991174,8.32,4.39,4
2023-05-01,S3,M3 AR(1) + controles externos,0.31918923717235387,0.030135756438091518,0.8967556276466563,0.7081123575921906,4.36595923991174,6.54,4.3,4
2023-06-01,S3,M3 AR(1) + controles externos,0.31918923717235387,0.030135756438091518,0.8967556276466563,0.7081123575921906,4.36595923991174,4.93,4.24,4
2023-07-01,S3,M3 AR(1) + controles externos,0.3191892371723538,0.030135756438091514,0.8967556276466563,0.7081123575921906,4.36595923991174,4.53,4.21,4
2023-08-01,S3,M3 AR(1) + controles externos,0.3191892371723538,0.030135756438091518,0.8967556276466563,0.7081123575921906,4.36595923991174,4.47,4.17,4
2023-09-01,S3,M3 AR(1) + controles externos,0.3191892371723538,0.030135756438091518,0.8967556276466563,0.7081123575921906,4.36595923991174,4.69,4.15,4
2023-10-01,S3,M3 AR(1) + controles externos,0.3191892371723538,0.03013575643809152,0.8967556276466563,0.7081123575921906,4.36595923991174,4.98,4.32,4
2023-11-01,S3,M3 AR(1) + controles externos,0.31918923717235387,0.03013575643809152,0.8967556276466562,0.7081123575921908,4.365959239911734,4.3,4.43,4
2023-12-01,S3,M3 AR(1) + controles externos,0.31918923717235387,0.03013575643809152,0.8967556276466562,0.7081123575921908,4.365959239911734,4.18,4.32,4
2024-01-01,S3,M3 AR(1) + controles externos,0.31918923717235376,0.03013575643809152,0.8967556276466563,0.7081123575921906,4.3659592399117395,3.82,4.29,4
2024-02-01,S3,M3 AR(1) + controles externos,0.31918923717235376,0.030135756438091518,0.8967556276466563,0.7081123575921906,4.3659592399117395,3.3,4.28,4
2024-03-01,S3,M3 AR(1) + controles externos,0.3191892371723538,0.030135756438091525,0.8967556276466562,0.7081123575921908,4.365959239911733,3.24,4.14,4
2024-04-01,S3,M3 AR(1) + controles externos,0.3191892371723538,0.03013575643809152,0.8967556276466563,0.7081123575921906,4.36595923991174,3.36,4.02,4
2024-05-01,S3,M3 AR(1) + controles externos,0.31918923717235376,0.030135756438091518,0.8967556276466562,0.7081123575921908,4.365959239911732,3.76,3.99,4
2024-06-01,S3,M3 AR(1) + controles externos,0.3191892371723538,0.030135756438091518,0.8967556276466561,0.7081123575921913,4.365959239911727,3.62,4.02,4
2024-07-01,S3,M3 AR(1) + controles externos,0.3191892371723538,0.030135756438091518,0.8967556276466561,0.7081123575921913,4.365959239911727,3.78,4.07,4
2024-08-01,S3,M3 AR(1) + controles externos,0.31918923717235376,0.030135756438091518,0.8967556276466561,0.7081123575921913,4.365959239911726,3.07,4.02,4
2024-09-01,S3,M3 AR(1) + controles externos,0.31918923717235376,0.03013575643809152,0.8967556276466562,0.7081123575921908,4.365959239911732,2.11,3.97,4
2024-10-01,S3,M3 AR(1) + controles externos,0.31918923717235376,0.03013575643809152,0.8967556276466561,0.7081123575921912,4.365959239911726,1.16,3.96,4
2024-11-01,S3,M3 AR(1) + controles externos,0.31918923717235376,0.03013575643809152,0.8967556276466562,0.7081123575921908,4.365959239911732,1.66,3.66,4
2024-12-01,S3,M3 AR(1) + controles externos,0.31918923717235376,0.030135756438091525,0.8967556276466561,0.708112357592191,4.365959239911726,1.7,3.95,4
2025-01-01,S3,M3 AR(1) + controles externos,0.3191892371723538,0.030135756438091525,0.8967556276466561,0.708112357592191,4.365959239911727,2.19,3.76,4
2025-02-01,S3,M3 AR(1) + controles externos,0.31918923717235387,0.03013575643809152,0.8967556276466562,0.7081123575921908,4.365959239911734,1.79,3.79,4
2025-03-01,S3,M3 AR(1) + controles externos,0.3191892371723538,0.03013575643809152,0.8967556276466562,0.7081123575921908,4.365959239911733,1.57,3.71,4
2025-04-01,S3,M3 AR(1) + controles externos,0.31918923717235376,0.030135756438091518,0.8967556276466562,0.7081123575921908,4.365959239911732,1.47,3.62,4
2025-05-01,S3,M3 AR(1) + controles externos,0.3191892371723538,0.03013575643809152,0.8967556276466563,0.7081123575921906,4.36595923991174,1.69,3.55,4
2025-06-01,S3,M3 AR(1) + controles externos,0.31918923717235376,0.030135756438091518,0.8967556276466563,0.7081123575921906,4.3659592399117395,1.79,3.53,4
2025-07-01,S3,M3 AR(1) + controles externos,0.3191892371723538,0.03013575643809152,0.8967556276466562,0.7081123575921908,4.365959239911733,1.17,3.54,4
2025-08-01,S3,M3 AR(1) + controles externos,0.3191892371723538,0.03013575643809152,0.8967556276466562,0.7081123575921908,4.365959239911733,1.17,3.49,4
2025-09-01,S3,M3 AR(1) + controles externos,0.31918923717235376,0.03013575643809152,0.8967556276466562,0.7081123575921908,4.365959239911732,1.47,3.42,4
2025-10-01,S3,M3 AR(1) + controles externos,0.31918923717235376,0.030135756438091525,0.8967556276466561,0.708112357592191,4.365959239911726,1.26,3.37,4
2025-11-01,S3,M3 AR(1) + controles externos,0.31918923717235376,0.030135756438091525,0.8967556276466562,0.7081123575921908,4.365959239911732,1.73,3.3,4
2025-12-01,S3,M3 AR(1) + controles externos,0.31918923717235376,0.030135756438091525,0.8967556276466562,0.7081123575921908,4.365959239911732,1.65,3.72,4
2026-01-01,S3,M3 AR(1) + controles externos,0.3191892371723538,0.030135756438091525,0.8967556276466563,0.7081123575921905,4.36595923991174,0.96,3.64,4
2026-02-01,S3,M3 AR(1) + controles externos,0.31918923717235376,0.030135756438091525,0.8967556276466562,0.7081123575921908,4.365959239911732,1.56,3.62,4
2026-03-01,S3,M3 AR(1) + controles externos,0.3191892371723538,0.030135756438091525,0.8967556276466562,0.7081123575921908,4.365959239911733,2.5,3.61,4
2026-04-01,S3,M3 AR(1) + controles externos,0.3191892371723538,0.030135756438091525,0.8967556276466563,0.7081123575921905,4.36595923991174,3.24,3.71,4
2026-05-01,S3,M3 AR(1) + controles externos,0.3191892371723538,0.030135756438091525,0.8967556276466562,0.7081123575921908,4.365959239911733,2.86,3.74,4
2026-06-01,S3,M3 AR(1) + controles externos,0.3191892371723538,0.030135756438091525,0.8967556276466562,0.7081123575921908,4.365959239911733,2.27,3.71,4
2011-02-01,S5,M3 rezago 12 + controles externos,0.3191892371760014,0.03013575643816033,0.8967556276460004,0.7081123575933784,4.365959239926571,5.24,5.81,5
2011-03-01,S5,M3 rezago 12 + controles externos,0.3191892371760014,0.030135756438160338,0.8967556276460004,0.7081123575933783,4.365959239926572,4.99,6.13,5
2011-04-01,S5,M3 rezago 12 + controles externos,0.3191892371759844,0.030135756438136884,0.8967556276460205,0.7081123575935487,4.365959239926139,5.76114812916453,6.19,5
2011-05-01,S5,M3 rezago 12 + controles externos,0.31918923717396985,0.030135756437999074,0.896755627646499,0.7081123575935306,4.365959239918928,6.3930220625962,5.74,5
2011-06-01,S5,M3 rezago 12 + controles externos,0.3191892371726493,0.030135756438098064,0.8967556276465984,0.7081123575922907,4.365959239912718,6.42229936695938,6.16,5
2011-07-01,S5,M3 rezago 12 + controles externos,0.3191892371723366,0.03013575643808663,0.8967556276466624,0.7081123575922206,4.365959239911578,7.03967446592064,5.88,5
2011-08-01,S5,M3 rezago 12 + controles externos,0.3191892371722707,0.030135756438088922,0.8967556276466766,0.7081123575921582,4.365959239911661,7.6258261311642,5.95,5
2011-09-01,S5,M3 rezago 12 + controles externos,0.31918923717224723,0.030135756438089488,0.8967556276466766,0.7081123575921529,4.3659592399113745,7.24931562404949,6.43,5
2011-10-01,S5,M3 rezago 12 + controles externos,0.3191892371721156,0.030135756438089703,0.8967556276466837,0.7081123575921306,4.365959239910011,6.65,6.51,5
2011-11-01,S5,M3 rezago 12 + controles externos,0.31918923717228503,0.030135756438091126,0.8967556276466695,0.7081123575921571,4.365959239911565,6.05484387510006,6.06,5
2011-12-01,S5,M3 rezago 12 + controles externos,0.3191892371723557,0.030135756438091056,0.8967556276466535,0.7081123575922028,4.365959239911572,6.2,5.62,5
2012-01-01,S5,M3 rezago 12 + controles externos,0.31918923717236586,0.030135756438091178,0.8967556276466517,0.7081123575922067,4.3659592399116125,5.44,5.95,4.5
2012-02-01,S5,M3 rezago 12 + controles externos,0.31918923717239356,0.03013575643809247,0.8967556276466446,0.7081123575922144,4.365959239911644,5.17,6.11,4.5
2012-03-01,S5,M3 rezago 12 + controles externos,0.3191892371723793,0.03013575643809243,0.8967556276466482,0.7081123575922046,4.36595923991166,4.55,5.47,4.5
2012-04-01,S5,M3 rezago 12 + controles externos,0.31918923717239295,0.030135756438092492,0.8967556276466464,0.708112357592209,4.365959239911743,4.27,5.54,4.5
2012-05-01,S5,M3 rezago 12 + controles externos,0.31918923717238773,0.03013575643809221,0.8967556276466464,0.7081123575922117,4.365959239911655,3.9,5.28,4.5
2012-06-01,S5,M3 rezago 12 + controles externos,0.31918923717237213,0.030135756438092028,0.8967556276466508,0.708112357592201,4.365959239911695,3.47,5.11,4.5
2012-07-01,S5,M3 rezago 12 + controles externos,0.31918923717237724,0.030135756438091972,0.8967556276466491,0.7081123575922066,4.365959239911656,2.86,4.9,4.5
2012-08-01,S5,M3 rezago 12 + controles externos,0.3191892371723855,0.030135756438091996,0.8967556276466473,0.7081123575922114,4.365959239911665,2.71,4.55,4.5
2012-09-01,S5,M3 rezago 12 + controles externos,0.31918923717238606,0.030135756438091906,0.8967556276466477,0.708112357592211,4.365959239911694,3.28,5.17,4.5
2012-10-01,S5,M3 rezago 12 + controles externos,0.31918923717238,0.030135756438091788,0.8967556276466482,0.7081123575922108,4.36595923991163,3.35,4.76,4.5
2012-11-01,S5,M3 rezago 12 + controles externos,0.31918923717238323,0.03013575643809193,0.8967556276466482,0.7081123575922095,4.3659592399116836,3.11,4.82,4.5
2012-12-01,S5,M3 rezago 12 + controles externos,0.3191892371723782,0.030135756438091632,0.89675562764665,0.7081123575922074,4.365959239911702,3.45,4.93,4.5
2013-01-01,S5,M3 rezago 12 + controles externos,0.31918923717237535,0.03013575643809163,0.89675562764665,0.7081123575922074,4.365959239911663,3.86,4.83,4
2013-02-01,S5,M3 rezago 12 + controles externos,0.3191892371723725,0.030135756438091077,0.89675562764665,0.7081123575922128,4.365959239911591,4.18,4.61,4
2013-03-01,S5,M3 rezago 12 + controles externos,0.3191892371723796,0.030135756438091684,0.8967556276466491,0.7081123575922094,4.365959239911672,4.34,4.66,4
2013-04-01,S5,M3 rezago 12 + controles externos,0.319189237172375,0.030135756438091382,0.8967556276466508,0.7081123575922073,4.365959239911697,4.13,4.93,4
2013-05-01,S5,M3 rezago 12 + controles externos,0.31918923717237385,0.03013575643809124,0.8967556276466508,0.7081123575922086,4.365959239911673,4.27,4.83,4
2013-06-01,S5,M3 rezago 12 + controles externos,0.3191892371723735,0.030135756438091073,0.8967556276466508,0.7081123575922103,4.365959239911658,4.79,5.21,4
2013-07-01,S5,M3 rezago 12 + controles externos,0.3191892371723738,0.030135756438091223,0.8967556276466504,0.70811235759221,4.365959239911644,4.74,4.81,4
2013-08-01,S5,M3 rezago 12 + controles externos,0.3191892371723726,0.030135756438091004,0.8967556276466504,0.7081123575922121,4.365959239911614,4.42,4.89,4
2013-09-01,S5,M3 rezago 12 + controles externos,0.31918923717237535,0.030135756438091396,0.89675562764665,0.7081123575922097,4.365959239911649,4.21,4.91,4
2013-10-01,S5,M3 rezago 12 + controles externos,0.31918923717237646,0.03013575643809134,0.8967556276466504,0.7081123575922089,4.365959239911688,4.15,4.71,4
2013-11-01,S5,M3 rezago 12 + controles externos,0.3191892371723781,0.03013575643809144,0.8967556276466502,0.7081123575922086,4.365959239911703,4.63,4.7,4
2013-12-01,S5,M3 rezago 12 + controles externos,0.31918923717237613,0.030135756438091233,0.8967556276466506,0.7081123575922093,4.36595923991169,4.39,5.19,4
2014-01-01,S5,M3 rezago 12 + controles externos,0.31918923717237585,0.030135756438091396,0.89675562764665,0.7081123575922097,4.365959239911656,4.14,4.94,4
2014-02-01,S5,M3 rezago 12 + controles externos,0.319189237172376,0.030135756438091268,0.8967556276466504,0.7081123575922097,4.365959239911677,3.5,4.68,4
2014-03-01,S5,M3 rezago 12 + controles externos,0.3191892371723745,0.030135756438091167,0.8967556276466511,0.7081123575922087,4.36595923991169,3.25,4.54,4
2014-04-01,S5,M3 rezago 12 + controles externos,0.3191892371723769,0.03013575643809128,0.8967556276466506,0.7081123575922088,4.365959239911704,3.27,4.66,4
2014-05-01,S5,M3 rezago 12 + controles externos,0.31918923717237674,0.030135756438091174,0.8967556276466513,0.708112357592208,4.365959239911734,3.22,4.28,4
2014-06-01,S5,M3 rezago 12 + controles externos,0.31918923717237657,0.03013575643809124,0.8967556276466511,0.708112357592208,4.3659592399117235,3.13,4.36,4
2014-07-01,S5,M3 rezago 12 + controles externos,0.3191892371723758,0.030135756438091243,0.8967556276466513,0.7081123575922074,4.365959239911726,3.41,4.41,4
2014-08-01,S5,M3 rezago 12 + controles externos,0.3191892371723758,0.030135756438091042,0.8967556276466513,0.7081123575922093,4.365959239911714,3.7,4.06,4
2014-09-01,S5,M3 rezago 12 + controles externos,0.31918923717237396,0.030135756438090848,0.8967556276466517,0.7081123575922099,4.365959239911704,3.45,4.13,4
2014-10-01,S5,M3 rezago 12 + controles externos,0.31918923717237485,0.03013575643809108,0.8967556276466517,0.7081123575922077,4.36595923991173,3.64,4.17,4
2014-11-01,S5,M3 rezago 12 + controles externos,0.31918923717237435,0.030135756438091164,0.8967556276466512,0.7081123575922084,4.365959239911694,3.38,4.16,4
2014-12-01,S5,M3 rezago 12 + controles externos,0.3191892371723746,0.03013575643809108,0.8967556276466513,0.7081123575922089,4.3659592399116995,2.95,4.21,4
2015-01-01,S5,M3 rezago 12 + controles externos,0.31918923717237363,0.030135756438091098,0.8967556276466514,0.7081123575922084,4.365959239911694,2.32,3.89,4
2015-02-01,S5,M3 rezago 12 + controles externos,0.31918923717237413,0.030135756438090907,0.8967556276466515,0.7081123575922099,4.365959239911696,2.44,4.07,4
2015-03-01,S5,M3 rezago 12 + controles externos,0.3191892371723741,0.03013575643809099,0.8967556276466515,0.7081123575922091,4.3659592399117,2.43,4.11,4
2015-04-01,S5,M3 rezago 12 + controles externos,0.31918923717237524,0.03013575643809118,0.8967556276466514,0.7081123575922077,4.365959239911722,2.58,3.82,4
2015-05-01,S5,M3 rezago 12 + controles externos,0.3191892371723759,0.030135756438091313,0.8967556276466508,0.7081123575922079,4.365959239911705,2.55,3.57,4
2015-06-01,S5,M3 rezago 12 + controles externos,0.3191892371723752,0.03013575643809124,0.8967556276466513,0.7081123575922074,4.365959239911717,2.39,3.67,4
2015-07-01,S5,M3 rezago 12 + controles externos,0.31918923717237485,0.030135756438091296,0.8967556276466512,0.7081123575922071,4.365959239911709,2.32,3.56,4
2015-08-01,S5,M3 rezago 12 + controles externos,0.3191892371723744,0.030135756438091178,0.8967556276466513,0.7081123575922079,4.365959239911702,1.96,3.31,4
2015-09-01,S5,M3 rezago 12 + controles externos,0.31918923717237463,0.030135756438091153,0.8967556276466513,0.7081123575922081,4.365959239911705,1.88,3.4,4
2015-10-01,S5,M3 rezago 12 + controles externos,0.3191892371723744,0.030135756438091233,0.8967556276466514,0.7081123575922071,4.365959239911713,2.23,3.28,4
2015-11-01,S5,M3 rezago 12 + controles externos,0.31918923717237474,0.030135756438091268,0.8967556276466514,0.7081123575922068,4.36595923991172,2.51,3.37,4
2015-12-01,S5,M3 rezago 12 + controles externos,0.3191892371723743,0.030135756438091126,0.8967556276466515,0.7081123575922079,4.365959239911712,3.07,3.65,4
2016-01-01,S5,M3 rezago 12 + controles externos,0.3191892371723744,0.030135756438091098,0.8967556276466515,0.7081123575922081,4.365959239911712,4.38,3.8,4
2016-02-01,S5,M3 rezago 12 + controles externos,0.3191892371723746,0.03013575643809116,0.8967556276466514,0.7081123575922078,4.365959239911711,4.27,4.09,4
2016-03-01,S5,M3 rezago 12 + controles externos,0.3191892371723745,0.03013575643809117,0.8967556276466514,0.7081123575922077,4.365959239911711,4.26,3.99,4
2016-04-01,S5,M3 rezago 12 + controles externos,0.31918923717237435,0.030135756438091167,0.8967556276466514,0.7081123575922077,4.3659592399117075,4.09,4.19,4
2016-05-01,S5,M3 rezago 12 + controles externos,0.3191892371723743,0.030135756438091153,0.8967556276466515,0.7081123575922076,4.365959239911714,4.36,4.16,4
2016-06-01,S5,M3 rezago 12 + controles externos,0.31918923717237435,0.030135756438091153,0.8967556276466515,0.7081123575922076,4.365959239911715,4.43,4.39,4
2016-07-01,S5,M3 rezago 12 + controles externos,0.3191892371723745,0.030135756438091223,0.8967556276466515,0.7081123575922069,4.36595923991172,4.62,4.41,4
2016-08-01,S5,M3 rezago 12 + controles externos,0.3191892371723748,0.03013575643809133,0.8967556276466515,0.7081123575922059,4.365959239911731,4.74,4.45,4
2016-09-01,S5,M3 rezago 12 + controles externos,0.3191892371723753,0.03013575643809131,0.8967556276466513,0.7081123575922067,4.365959239911723,4.56,4.42,4
2016-10-01,S5,M3 rezago 12 + controles externos,0.319189237172375,0.030135756438091285,0.8967556276466513,0.7081123575922069,4.365959239911717,4.76,4.43,4
2016-11-01,S5,M3 rezago 12 + controles externos,0.3191892371723752,0.030135756438091348,0.8967556276466511,0.708112357592207,4.365959239911711,4.67,4.6,4
2016-12-01,S5,M3 rezago 12 + controles externos,0.31918923717237485,0.03013575643809123,0.8967556276466513,0.7081123575922075,4.365959239911712,4.23,4.66,4
2017-01-01,S5,M3 rezago 12 + controles externos,0.31918923717237446,0.030135756438091185,0.8967556276466513,0.7081123575922079,4.365959239911704,3.83,4.4,4
2017-02-01,S5,M3 rezago 12 + controles externos,0.31918923717237446,0.030135756438091254,0.8967556276466513,0.7081123575922073,4.365959239911708,3.96,4.46,4
2017-03-01,S5,M3 rezago 12 + controles externos,0.31918923717237435,0.030135756438091216,0.8967556276466513,0.7081123575922076,4.365959239911704,4,4.28,4
2017-04-01,S5,M3 rezago 12 + controles externos,0.3191892371723741,0.030135756438091243,0.8967556276466512,0.7081123575922077,4.365959239911696,4.09,4.51,4
2017-05-01,S5,M3 rezago 12 + controles externos,0.3191892371723742,0.030135756438091296,0.8967556276466511,0.7081123575922075,4.365959239911694,3.93,4.17,4
2017-06-01,S5,M3 rezago 12 + controles externos,0.3191892371723742,0.03013575643809131,0.8967556276466511,0.7081123575922073,4.365959239911694,4.36,4.26,4
2017-07-01,S5,M3 rezago 12 + controles externos,0.3191892371723743,0.03013575643809122,0.8967556276466512,0.7081123575922079,4.365959239911697,5.22,4.48,4
2017-08-01,S5,M3 rezago 12 + controles externos,0.3191892371723742,0.030135756438091257,0.8967556276466513,0.7081123575922073,4.365959239911705,4.72,4.51,4
2017-09-01,S5,M3 rezago 12 + controles externos,0.3191892371723743,0.030135756438091226,0.8967556276466512,0.7081123575922078,4.365959239911698,4.36,4.75,4
2017-10-01,S5,M3 rezago 12 + controles externos,0.3191892371723749,0.030135756438091278,0.8967556276466512,0.7081123575922073,4.365959239911708,4.2,4.53,4
2017-11-01,S5,M3 rezago 12 + controles externos,0.31918923717237513,0.030135756438091372,0.8967556276466511,0.7081123575922068,4.365959239911711,4.69,4.63,4
2017-12-01,S5,M3 rezago 12 + controles externos,0.31918923717237474,0.030135756438091327,0.8967556276466512,0.7081123575922068,4.365959239911709,5.68,4.56,4
2018-01-01,S5,M3 rezago 12 + controles externos,0.31918923717237463,0.03013575643809127,0.8967556276466511,0.7081123575922077,4.365959239911698,4.71,4.71,4
2018-02-01,S5,M3 rezago 12 + controles externos,0.31918923717237474,0.030135756438091355,0.8967556276466508,0.7081123575922075,4.3659592399116915,4.15,4.56,4
2018-03-01,S5,M3 rezago 12 + controles externos,0.31918923717237485,0.03013575643809138,0.8967556276466508,0.7081123575922073,4.365959239911694,4.14,4.62,4
2018-04-01,S5,M3 rezago 12 + controles externos,0.3191892371723751,0.030135756438091438,0.8967556276466508,0.7081123575922067,4.365959239911701,3.92,4.46,4
2018-05-01,S5,M3 rezago 12 + controles externos,0.319189237172375,0.030135756438091413,0.8967556276466507,0.7081123575922073,4.3659592399116915,4.09,4.48,4
2018-06-01,S5,M3 rezago 12 + controles externos,0.3191892371723751,0.03013575643809137,0.8967556276466508,0.7081123575922074,4.365959239911697,3.79,4.43,4
2018-07-01,S5,M3 rezago 12 + controles externos,0.3191892371723749,0.030135756438091285,0.8967556276466511,0.7081123575922076,4.365959239911703,2.61,4.36,4
2018-08-01,S5,M3 rezago 12 + controles externos,0.31918923717237474,0.030135756438091327,0.8967556276466511,0.7081123575922071,4.365959239911703,3.36,4.33,4
2018-09-01,S5,M3 rezago 12 + controles externos,0.3191892371723748,0.030135756438091386,0.8967556276466511,0.7081123575922066,4.3659592399117075,4.55,4.32,4
2018-10-01,S5,M3 rezago 12 + controles externos,0.3191892371723748,0.030135756438091403,0.896755627646651,0.7081123575922068,4.365959239911702,4.34,4.32,4
2018-11-01,S5,M3 rezago 12 + controles externos,0.3191892371723751,0.03013575643809143,0.8967556276466508,0.7081123575922068,4.365959239911701,3.15,4.47,4
2018-12-01,S5,M3 rezago 12 + controles externos,0.31918923717237546,0.030135756438091483,0.8967556276466507,0.7081123575922066,4.365959239911702,2.31,4.38,4
2019-01-01,S5,M3 rezago 12 + controles externos,0.31918923717237535,0.030135756438091476,0.8967556276466508,0.7081123575922064,4.3659592399117075,4.1,4.07,4
2019-02-01,S5,M3 rezago 12 + controles externos,0.31918923717237524,0.030135756438091417,0.896755627646651,0.7081123575922066,4.365959239911708,4.46,4.25,4
2019-03-01,S5,M3 rezago 12 + controles externos,0.31918923717237524,0.030135756438091396,0.8967556276466511,0.7081123575922065,4.365959239911714,4.17,4.35,4
2019-04-01,S5,M3 rezago 12 + controles externos,0.319189237172375,0.030135756438091427,0.8967556276466511,0.7081123575922061,4.365959239911713,4.75,4.3,4
2019-05-01,S5,M3 rezago 12 + controles externos,0.3191892371723751,0.0301357564380914,0.8967556276466511,0.7081123575922065,4.365959239911712,4.54,4.39,4
2019-06-01,S5,M3 rezago 12 + controles externos,0.31918923717237485,0.030135756438091344,0.8967556276466512,0.7081123575922067,4.365959239911712,4.8,4.36,4
2019-07-01,S5,M3 rezago 12 + controles externos,0.31918923717237513,0.030135756438091393,0.8967556276466511,0.7081123575922066,4.365959239911713,4.37,4.6,4
2019-08-01,S5,M3 rezago 12 + controles externos,0.31918923717237513,0.030135756438091358,0.8967556276466511,0.7081123575922068,4.36595923991171,3.01,4.53,4
2019-09-01,S5,M3 rezago 12 + controles externos,0.3191892371723749,0.030135756438091334,0.896755627646651,0.7081123575922075,4.365959239911699,1.8,4.34,4
2019-10-01,S5,M3 rezago 12 + controles externos,0.3191892371723752,0.030135756438091365,0.896755627646651,0.708112357592207,4.365959239911705,2.17,4.22,4
2019-11-01,S5,M3 rezago 12 + controles externos,0.3191892371723749,0.03013575643809136,0.8967556276466511,0.7081123575922068,4.365959239911707,2.92,4.25,4
2019-12-01,S5,M3 rezago 12 + controles externos,0.3191892371723752,0.030135756438091264,0.896755627646651,0.7081123575922081,4.3659592399116995,3.41,4.1,4
2020-01-01,S5,M3 rezago 12 + controles externos,0.3191892371723756,0.030135756438091323,0.896755627646651,0.7081123575922075,4.3659592399117075,1.78,4.11,4
2020-02-01,S5,M3 rezago 12 + controles externos,0.31918923717237563,0.030135756438091407,0.896755627646651,0.7081123575922067,4.365959239911714,1.24,3.85,4
2020-03-01,S5,M3 rezago 12 + controles externos,0.3191892371723756,0.030135756438091382,0.896755627646651,0.7081123575922069,4.365959239911711,1.77,3.99,4
2020-04-01,S5,M3 rezago 12 + controles externos,0.31918923717237546,0.03013575643809135,0.8967556276466511,0.7081123575922069,4.365959239911715,1.88,3.97,4
2020-05-01,S5,M3 rezago 12 + controles externos,0.31918923717237524,0.030135756438091348,0.8967556276466511,0.708112357592207,4.365959239911711,1.8,3.96,4
2020-06-01,S5,M3 rezago 12 + controles externos,0.31918923717237524,0.030135756438091365,0.8967556276466511,0.7081123575922068,4.365959239911712,2.39,3.77,4
2020-07-01,S5,M3 rezago 12 + controles externos,0.31918923717237474,0.030135756438091306,0.8967556276466512,0.708112357592207,4.365959239911708,2.88,3.9,4
2020-08-01,S5,M3 rezago 12 + controles externos,0.3191892371723748,0.030135756438091348,0.8967556276466512,0.7081123575922066,4.365959239911712,4.19,3.92,4
2020-09-01,S5,M3 rezago 12 + controles externos,0.319189237172375,0.030135756438091365,0.8967556276466511,0.7081123575922068,4.365959239911709,4.97,3.99,4
2020-10-01,S5,M3 rezago 12 + controles externos,0.3191892371723749,0.030135756438091337,0.8967556276466512,0.7081123575922068,4.365959239911713,5.34,4.15,4
2020-11-01,S5,M3 rezago 12 + controles externos,0.3191892371723751,0.03013575643809136,0.8967556276466511,0.7081123575922068,4.365959239911709,5.46,4.27,4
2020-12-01,S5,M3 rezago 12 + controles externos,0.31918923717237513,0.030135756438091334,0.8967556276466511,0.708112357592207,4.365959239911708,4.82,4.26,4
2021-01-01,S5,M3 rezago 12 + controles externos,0.3191892371723753,0.030135756438091327,0.8967556276466511,0.7081123575922071,4.36595923991171,5.24,4.12,4
2021-02-01,S5,M3 rezago 12 + controles externos,0.31918923717237524,0.030135756438091358,0.8967556276466513,0.7081123575922063,4.365959239911724,6,4.39,4
2021-03-01,S5,M3 rezago 12 + controles externos,0.31918923717237513,0.030135756438091348,0.8967556276466513,0.7081123575922064,4.3659592399117235,5.84,4.34,4
2021-04-01,S5,M3 rezago 12 + controles externos,0.3191892371723752,0.03013575643809134,0.8967556276466513,0.7081123575922064,4.3659592399117235,5.2,4.39,4
2021-05-01,S5,M3 rezago 12 + controles externos,0.3191892371723753,0.030135756438091365,0.8967556276466513,0.7081123575922061,4.365959239911726,5.17,4.41,4
2021-06-01,S5,M3 rezago 12 + controles externos,0.31918923717237524,0.03013575643809135,0.8967556276466513,0.7081123575922064,4.365959239911724,3.91,4.23,4
2021-07-01,S5,M3 rezago 12 + controles externos,0.31918923717237535,0.030135756438091386,0.8967556276466514,0.7081123575922057,4.365959239911734,3.82,4.12,4
2021-08-01,S5,M3 rezago 12 + controles externos,0.3191892371723756,0.030135756438091403,0.8967556276466514,0.7081123575922055,4.3659592399117395,3.62,4.14,4
2021-09-01,S5,M3 rezago 12 + controles externos,0.31918923717237546,0.030135756438091386,0.8967556276466515,0.7081123575922053,4.365959239911743,3.67,4.2,4
2021-10-01,S5,M3 rezago 12 + controles externos,0.31918923717237546,0.03013575643809139,0.8967556276466515,0.7081123575922053,4.365959239911743,2.96,3.89,4
2021-11-01,S5,M3 rezago 12 + controles externos,0.31918923717237535,0.030135756438091386,0.8967556276466517,0.7081123575922047,4.365959239911755,2.89,4.08,4
2021-12-01,S5,M3 rezago 12 + controles externos,0.3191892371723753,0.030135756438091393,0.8967556276466516,0.708112357592205,4.3659592399117475,3.07,4.02,4
2022-01-01,S5,M3 rezago 12 + controles externos,0.31918923717237535,0.030135756438091403,0.8967556276466517,0.7081123575922046,4.365959239911756,2.87,4.09,4
2022-02-01,S5,M3 rezago 12 + controles externos,0.31918923717237524,0.03013575643809138,0.8967556276466517,0.7081123575922048,4.365959239911753,2.98,3.92,4
2022-03-01,S5,M3 rezago 12 + controles externos,0.319189237172375,0.03013575643809134,0.8967556276466518,0.7081123575922048,4.365959239911754,4.17,3.8,4
2022-04-01,S5,M3 rezago 12 + controles externos,0.31918923717237496,0.030135756438091334,0.896755627646652,0.7081123575922046,4.365959239911759,4.62,3.94,4
2022-05-01,S5,M3 rezago 12 + controles externos,0.31918923717237496,0.03013575643809134,0.8967556276466517,0.7081123575922051,4.365959239911747,5.82,4.01,4
2022-06-01,S5,M3 rezago 12 + controles externos,0.319189237172375,0.03013575643809133,0.8967556276466517,0.7081123575922053,4.365959239911747,7.55,4.16,4
2022-07-01,S5,M3 rezago 12 + controles externos,0.319189237172375,0.03013575643809134,0.8967556276466517,0.7081123575922051,4.3659592399117475,8.36,4.51,4
2022-08-01,S5,M3 rezago 12 + controles externos,0.3191892371723752,0.03013575643809135,0.8967556276466518,0.7081123575922048,4.365959239911757,8.87,4.55,4
2022-09-01,S5,M3 rezago 12 + controles externos,0.3191892371723752,0.030135756438091348,0.8967556276466517,0.708112357592205,4.36595923991175,9.03,4.61,4
2022-10-01,S5,M3 rezago 12 + controles externos,0.31918923717237513,0.03013575643809134,0.8967556276466517,0.7081123575922051,4.365959239911749,9.7,4.67,4
2022-11-01,S5,M3 rezago 12 + controles externos,0.31918923717237513,0.030135756438091334,0.8967556276466518,0.7081123575922049,4.365959239911755,9.17,4.8,4
2022-12-01,S5,M3 rezago 12 + controles externos,0.3191892371723751,0.030135756438091313,0.8967556276466517,0.7081123575922055,4.365959239911747,9.24,4.71,4
2023-01-01,S5,M3 rezago 12 + controles externos,0.31918923717237513,0.03013575643809132,0.8967556276466518,0.708112357592205,4.365959239911755,9.69,4.62,4
2023-02-01,S5,M3 rezago 12 + controles externos,0.31918923717237524,0.03013575643809133,0.8967556276466518,0.7081123575922049,4.365959239911756,9.92,4.49,4
2023-03-01,S5,M3 rezago 12 + controles externos,0.31918923717237524,0.03013575643809132,0.8967556276466517,0.7081123575922054,4.365959239911749,8.71,4.43,4
2023-04-01,S5,M3 rezago 12 + controles externos,0.31918923717237524,0.030135756438091316,0.8967556276466518,0.708112357592205,4.3659592399117555,8.32,4.39,4
2023-05-01,S5,M3 rezago 12 + controles externos,0.3191892371723752,0.030135756438091316,0.8967556276466517,0.7081123575922054,4.365959239911748,6.54,4.3,4
2023-06-01,S5,M3 rezago 12 + controles externos,0.31918923717237524,0.030135756438091313,0.8967556276466517,0.7081123575922055,4.365959239911748,4.93,4.24,4
2023-07-01,S5,M3 rezago 12 + controles externos,0.31918923717237524,0.03013575643809132,0.8967556276466518,0.708112357592205,4.365959239911756,4.53,4.21,4
2023-08-01,S5,M3 rezago 12 + controles externos,0.31918923717237524,0.03013575643809132,0.896755627646652,0.7081123575922047,4.365959239911763,4.47,4.17,4
2023-09-01,S5,M3 rezago 12 + controles externos,0.31918923717237524,0.03013575643809132,0.8967556276466518,0.708112357592205,4.365959239911756,4.69,4.15,4
2023-10-01,S5,M3 rezago 12 + controles externos,0.31918923717237524,0.03013575643809132,0.896755627646652,0.7081123575922047,4.365959239911763,4.98,4.32,4
2023-11-01,S5,M3 rezago 12 + controles externos,0.31918923717237524,0.030135756438091323,0.896755627646652,0.7081123575922047,4.365959239911763,4.3,4.43,4
2023-12-01,S5,M3 rezago 12 + controles externos,0.3191892371723753,0.03013575643809132,0.896755627646652,0.7081123575922047,4.3659592399117635,4.18,4.32,4
2024-01-01,S5,M3 rezago 12 + controles externos,0.31918923717237524,0.030135756438091323,0.896755627646652,0.7081123575922047,4.365959239911763,3.82,4.29,4
2024-02-01,S5,M3 rezago 12 + controles externos,0.3191892371723753,0.030135756438091323,0.8967556276466518,0.708112357592205,4.365959239911757,3.3,4.28,4
2024-03-01,S5,M3 rezago 12 + controles externos,0.3191892371723752,0.03013575643809132,0.896755627646652,0.7081123575922047,4.365959239911762,3.24,4.14,4
2024-04-01,S5,M3 rezago 12 + controles externos,0.3191892371723752,0.030135756438091323,0.896755627646652,0.7081123575922047,4.365959239911762,3.36,4.02,4
2024-05-01,S5,M3 rezago 12 + controles externos,0.3191892371723752,0.03013575643809132,0.896755627646652,0.7081123575922047,4.365959239911762,3.76,3.99,4
2024-06-01,S5,M3 rezago 12 + controles externos,0.31918923717237524,0.03013575643809132,0.896755627646652,0.7081123575922047,4.365959239911763,3.62,4.02,4
2024-07-01,S5,M3 rezago 12 + controles externos,0.31918923717237524,0.03013575643809132,0.896755627646652,0.7081123575922047,4.365959239911763,3.78,4.07,4
2024-08-01,S5,M3 rezago 12 + controles externos,0.31918923717237524,0.03013575643809132,0.896755627646652,0.7081123575922047,4.365959239911763,3.07,4.02,4
2024-09-01,S5,M3 rezago 12 + controles externos,0.3191892371723752,0.030135756438091316,0.8967556276466521,0.7081123575922044,4.365959239911768,2.11,3.97,4
2024-10-01,S5,M3 rezago 12 + controles externos,0.3191892371723752,0.03013575643809132,0.8967556276466521,0.7081123575922044,4.365959239911769,1.16,3.96,4
2024-11-01,S5,M3 rezago 12 + controles externos,0.3191892371723752,0.03013575643809132,0.8967556276466521,0.7081123575922044,4.365959239911769,1.66,3.66,4
2024-12-01,S5,M3 rezago 12 + controles externos,0.3191892371723752,0.030135756438091316,0.8967556276466521,0.7081123575922044,4.365959239911768,1.7,3.95,4
2025-01-01,S5,M3 rezago 12 + controles externos,0.3191892371723752,0.030135756438091316,0.8967556276466521,0.7081123575922044,4.365959239911768,2.19,3.76,4
2025-02-01,S5,M3 rezago 12 + controles externos,0.3191892371723752,0.030135756438091316,0.8967556276466521,0.7081123575922044,4.365959239911768,1.79,3.79,4
2025-03-01,S5,M3 rezago 12 + controles externos,0.3191892371723752,0.03013575643809132,0.8967556276466522,0.7081123575922041,4.365959239911775,1.57,3.71,4
2025-04-01,S5,M3 rezago 12 + controles externos,0.3191892371723752,0.03013575643809132,0.8967556276466522,0.7081123575922041,4.365959239911775,1.47,3.62,4
2025-05-01,S5,M3 rezago 12 + controles externos,0.3191892371723752,0.03013575643809132,0.8967556276466522,0.7081123575922041,4.365959239911775,1.69,3.55,4
2025-06-01,S5,M3 rezago 12 + controles externos,0.3191892371723752,0.03013575643809132,0.8967556276466522,0.7081123575922041,4.365959239911775,1.79,3.53,4
2025-07-01,S5,M3 rezago 12 + controles externos,0.31918923717237513,0.030135756438091316,0.8967556276466521,0.7081123575922044,4.365959239911767,1.17,3.54,4
2025-08-01,S5,M3 rezago 12 + controles externos,0.3191892371723752,0.03013575643809132,0.8967556276466522,0.7081123575922041,4.365959239911775,1.17,3.49,4
2025-09-01,S5,M3 rezago 12 + controles externos,0.31918923717237524,0.030135756438091323,0.8967556276466522,0.708112357592204,4.365959239911776,1.47,3.42,4
2025-10-01,S5,M3 rezago 12 + controles externos,0.31918923717237513,0.030135756438091323,0.8967556276466522,0.708112357592204,4.365959239911775,1.26,3.37,4
2025-11-01,S5,M3 rezago 12 + controles externos,0.3191892371723752,0.030135756438091316,0.8967556276466521,0.7081123575922044,4.365959239911768,1.73,3.3,4
2025-12-01,S5,M3 rezago 12 + controles externos,0.3191892371723752,0.030135756438091313,0.8967556276466521,0.7081123575922045,4.365959239911768,1.65,3.72,4
2026-01-01,S5,M3 rezago 12 + controles externos,0.31918923717237513,0.030135756438091316,0.8967556276466521,0.7081123575922044,4.365959239911767,0.96,3.64,4
2026-02-01,S5,M3 rezago 12 + controles externos,0.3191892371723752,0.030135756438091316,0.8967556276466521,0.7081123575922044,4.365959239911768,1.56,3.62,4
2026-03-01,S5,M3 rezago 12 + controles externos,0.31918923717237513,0.030135756438091316,0.8967556276466521,0.7081123575922044,4.365959239911767,2.5,3.61,4
2026-04-01,S5,M3 rezago 12 + controles externos,0.3191892371723752,0.030135756438091316,0.8967556276466522,0.7081123575922041,4.365959239911774,3.24,3.71,4
2026-05-01,S5,M3 rezago 12 + controles externos,0.31918923717237513,0.030135756438091316,0.8967556276466521,0.7081123575922044,4.365959239911767,2.86,3.74,4
2026-06-01,S5,M3 rezago 12 + controles externos,0.3191892371723752,0.03013575643809132,0.8967556276466522,0.7081123575922041,4.365959239911775,2.27,3.71,4
2011-02-01,S6,M3 cuatro rezagos + controles externos,0.3191892371751552,0.030135756438237966,0.8967556276460943,0.7081123575923609,4.365959239925242,5.24,5.81,5
2011-03-01,S6,M3 cuatro rezagos + controles externos,0.3191892371751552,0.030135756438237966,0.8967556276460943,0.7081123575923609,4.365959239925242,4.99,6.13,5
2011-04-01,S6,M3 cuatro rezagos + controles externos,0.3191892371751443,0.030135756438217153,0.8967556276461148,0.7081123575925045,4.365959239925076,5.76114812916453,6.19,5
2011-05-01,S6,M3 cuatro rezagos + controles externos,0.31918923717290854,0.030135756438096448,0.8967556276465558,0.7081123575924269,4.365959239913622,6.3930220625962,5.74,5
2011-06-01,S6,M3 cuatro rezagos + controles externos,0.31918923717274117,0.030135756438086928,0.8967556276465842,0.7081123575924387,4.365959239912461,6.42229936695938,6.16,5
2011-07-01,S6,M3 cuatro rezagos + controles externos,0.3191892371726505,0.030135756438084364,0.8967556276466127,0.7081123575923832,4.365959239912765,7.03967446592064,5.88,5
2011-08-01,S6,M3 cuatro rezagos + controles externos,0.31918923717249853,0.03013575643808959,0.8967556276466233,0.7081123575923025,4.365959239911635,7.6258261311642,5.95,5
2011-09-01,S6,M3 cuatro rezagos + controles externos,0.3191892371724065,0.03013575643809164,0.896755627646634,0.7081123575922526,4.365959239911135,7.24931562404949,6.43,5
2011-10-01,S6,M3 cuatro rezagos + controles externos,0.3191892371724854,0.030135756438091802,0.8967556276466198,0.7081123575922911,4.3659592399113745,6.65,6.51,5
2011-11-01,S6,M3 cuatro rezagos + controles externos,0.3191892371723845,0.03013575643809204,0.8967556276466446,0.7081123575922185,4.365959239911495,6.05484387510006,6.06,5
2011-12-01,S6,M3 cuatro rezagos + controles externos,0.3191892371723438,0.03013575643809191,0.89675562764665,0.7081123575922046,4.365959239911248,6.2,5.62,5
2012-01-01,S6,M3 cuatro rezagos + controles externos,0.31918923717232706,0.030135756438091663,0.8967556276466553,0.7081123575921919,4.365959239911323,5.44,5.95,4.5
2012-02-01,S6,M3 cuatro rezagos + controles externos,0.3191892371723863,0.030135756438091722,0.8967556276466446,0.7081123575922215,4.3659592399115,5.17,6.11,4.5
2012-03-01,S6,M3 cuatro rezagos + controles externos,0.31918923717239134,0.03013575643809215,0.8967556276466446,0.7081123575922175,4.365959239911595,4.55,5.47,4.5
2012-04-01,S6,M3 cuatro rezagos + controles externos,0.31918923717238534,0.03013575643809211,0.8967556276466482,0.7081123575922077,4.365959239911722,4.27,5.54,4.5
2012-05-01,S6,M3 cuatro rezagos + controles externos,0.3191892371723904,0.030135756438092156,0.8967556276466482,0.7081123575922073,4.365959239911795,3.9,5.28,4.5
2012-06-01,S6,M3 cuatro rezagos + controles externos,0.31918923717237774,0.030135756438091743,0.8967556276466508,0.7081123575922037,4.3659592399117555,3.47,5.11,4.5
2012-07-01,S6,M3 cuatro rezagos + controles externos,0.3191892371723688,0.0301357564380916,0.8967556276466535,0.7081123575921976,4.365959239911784,2.86,4.9,4.5
2012-08-01,S6,M3 cuatro rezagos + controles externos,0.31918923717237063,0.03013575643809145,0.8967556276466535,0.708112357592199,4.3659592399118,2.71,4.55,4.5
2012-09-01,S6,M3 cuatro rezagos + controles externos,0.319189237172369,0.03013575643809159,0.8967556276466544,0.7081123575921953,4.36595923991184,3.28,5.17,4.5
2012-10-01,S6,M3 cuatro rezagos + controles externos,0.3191892371723656,0.030135756438091528,0.8967556276466535,0.7081123575921984,4.365959239911735,3.35,4.76,4.5
2012-11-01,S6,M3 cuatro rezagos + controles externos,0.31918923717236847,0.0301357564380915,0.8967556276466544,0.708112357592196,4.365959239911826,3.11,4.82,4.5
2012-12-01,S6,M3 cuatro rezagos + controles externos,0.31918923717236414,0.030135756438091254,0.8967556276466544,0.7081123575921984,4.365959239911753,3.45,4.93,4.5
2013-01-01,S6,M3 cuatro rezagos + controles externos,0.3191892371723653,0.030135756438091178,0.8967556276466544,0.7081123575921993,4.3659592399117635,3.86,4.83,4
2013-02-01,S6,M3 cuatro rezagos + controles externos,0.3191892371723609,0.030135756438091424,0.8967556276466535,0.7081123575921993,4.365959239911666,4.18,4.61,4
2013-03-01,S6,M3 cuatro rezagos + controles externos,0.31918923717236347,0.030135756438091292,0.8967556276466544,0.7081123575921981,4.365959239911746,4.34,4.66,4
2013-04-01,S6,M3 cuatro rezagos + controles externos,0.3191892371723631,0.03013575643809148,0.896755627646654,0.7081123575921975,4.365959239911725,4.13,4.93,4
2013-05-01,S6,M3 cuatro rezagos + controles externos,0.31918923717235864,0.030135756438091188,0.8967556276466544,0.708112357592199,4.365959239911674,4.27,4.83,4
2013-06-01,S6,M3 cuatro rezagos + controles externos,0.31918923717236125,0.03013575643809125,0.896755627646654,0.7081123575921997,4.365959239911686,4.79,5.21,4
2013-07-01,S6,M3 cuatro rezagos + controles externos,0.3191892371723634,0.030135756438091542,0.8967556276466544,0.7081123575921957,4.36595923991176,4.74,4.81,4
2013-08-01,S6,M3 cuatro rezagos + controles externos,0.3191892371723657,0.030135756438091767,0.8967556276466531,0.7081123575921973,4.365959239911725,4.42,4.89,4
2013-09-01,S6,M3 cuatro rezagos + controles externos,0.3191892371723666,0.030135756438091833,0.8967556276466531,0.7081123575921966,4.36595923991174,4.21,4.91,4
2013-10-01,S6,M3 cuatro rezagos + controles externos,0.3191892371723675,0.030135756438092087,0.8967556276466526,0.7081123575921955,4.365959239911743,4.15,4.71,4
2013-11-01,S6,M3 cuatro rezagos + controles externos,0.319189237172368,0.03013575643809215,0.8967556276466524,0.7081123575921955,4.3659592399117395,4.63,4.7,4
2013-12-01,S6,M3 cuatro rezagos + controles externos,0.31918923717236936,0.03013575643809226,0.896755627646652,0.7081123575921956,4.365959239911738,4.39,5.19,4
2014-01-01,S6,M3 cuatro rezagos + controles externos,0.31918923717237074,0.030135756438092375,0.8967556276466513,0.7081123575921964,4.365959239911724,4.14,4.94,4
2014-02-01,S6,M3 cuatro rezagos + controles externos,0.3191892371723703,0.030135756438092326,0.8967556276466517,0.7081123575921956,4.365959239911742,3.5,4.68,4
2014-03-01,S6,M3 cuatro rezagos + controles externos,0.3191892371723697,0.030135756438092232,0.8967556276466515,0.7081123575921972,4.365959239911715,3.25,4.54,4
2014-04-01,S6,M3 cuatro rezagos + controles externos,0.3191892371723688,0.030135756438092225,0.8967556276466517,0.7081123575921966,4.3659592399117155,3.27,4.66,4
2014-05-01,S6,M3 cuatro rezagos + controles externos,0.3191892371723718,0.030135756438092447,0.8967556276466511,0.7081123575921964,4.36595923991173,3.22,4.28,4
2014-06-01,S6,M3 cuatro rezagos + controles externos,0.31918923717237146,0.030135756438092517,0.8967556276466506,0.7081123575921968,4.365959239911703,3.13,4.36,4
2014-07-01,S6,M3 cuatro rezagos + controles externos,0.31918923717237035,0.030135756438092572,0.8967556276466511,0.708112357592195,4.365959239911717,3.41,4.41,4
2014-08-01,S6,M3 cuatro rezagos + controles externos,0.31918923717237063,0.03013575643809254,0.8967556276466511,0.7081123575921954,4.36595923991172,3.7,4.06,4
2014-09-01,S6,M3 cuatro rezagos + controles externos,0.31918923717237035,0.030135756438092458,0.8967556276466513,0.7081123575921956,4.365959239911724,3.45,4.13,4
2014-10-01,S6,M3 cuatro rezagos + controles externos,0.3191892371723703,0.03013575643809242,0.8967556276466514,0.7081123575921957,4.365959239911728,3.64,4.17,4
2014-11-01,S6,M3 cuatro rezagos + controles externos,0.3191892371723694,0.030135756438092385,0.8967556276466516,0.7081123575921953,4.365959239911726,3.38,4.16,4
2014-12-01,S6,M3 cuatro rezagos + controles externos,0.31918923717237047,0.030135756438092586,0.8967556276466512,0.7081123575921946,4.365959239911726,2.95,4.21,4
2015-01-01,S6,M3 cuatro rezagos + controles externos,0.3191892371723716,0.030135756438092836,0.8967556276466507,0.7081123575921935,4.365959239911731,2.32,3.89,4
2015-02-01,S6,M3 cuatro rezagos + controles externos,0.3191892371723727,0.030135756438092926,0.8967556276466506,0.7081123575921929,4.365959239911744,2.44,4.07,4
2015-03-01,S6,M3 cuatro rezagos + controles externos,0.3191892371723729,0.030135756438092933,0.8967556276466504,0.7081123575921935,4.365959239911734,2.43,4.11,4
2015-04-01,S6,M3 cuatro rezagos + controles externos,0.31918923717237296,0.030135756438092905,0.8967556276466505,0.7081123575921935,4.36595923991174,2.58,3.82,4
2015-05-01,S6,M3 cuatro rezagos + controles externos,0.31918923717237246,0.030135756438092843,0.8967556276466505,0.708112357592194,4.365959239911729,2.55,3.57,4
2015-06-01,S6,M3 cuatro rezagos + controles externos,0.31918923717237274,0.03013575643809289,0.8967556276466506,0.7081123575921933,4.365959239911743,2.39,3.67,4
2015-07-01,S6,M3 cuatro rezagos + controles externos,0.319189237172373,0.03013575643809298,0.8967556276466502,0.7081123575921937,4.365959239911725,2.32,3.56,4
2015-08-01,S6,M3 cuatro rezagos + controles externos,0.3191892371723733,0.030135756438092975,0.8967556276466504,0.708112357592193,4.365959239911742,1.96,3.31,4
2015-09-01,S6,M3 cuatro rezagos + controles externos,0.3191892371723734,0.030135756438093058,0.8967556276466503,0.7081123575921926,4.365959239911742,1.88,3.4,4
2015-10-01,S6,M3 cuatro rezagos + controles externos,0.31918923717237335,0.030135756438092992,0.8967556276466502,0.7081123575921935,4.365959239911731,2.23,3.28,4
2015-11-01,S6,M3 cuatro rezagos + controles externos,0.3191892371723731,0.030135756438092968,0.89675562764665,0.7081123575921944,4.365959239911712,2.51,3.37,4
2015-12-01,S6,M3 cuatro rezagos + controles externos,0.3191892371723733,0.030135756438093023,0.89675562764665,0.7081123575921939,4.365959239911718,3.07,3.65,4
2016-01-01,S6,M3 cuatro rezagos + controles externos,0.3191892371723732,0.03013575643809301,0.89675562764665,0.7081123575921939,4.3659592399117155,4.38,3.8,4
2016-02-01,S6,M3 cuatro rezagos + controles externos,0.3191892371723732,0.03013575643809302,0.89675562764665,0.7081123575921939,4.365959239911716,4.27,4.09,4
2016-03-01,S6,M3 cuatro rezagos + controles externos,0.31918923717237324,0.030135756438093055,0.8967556276466497,0.7081123575921942,4.365959239911706,4.26,3.99,4
2016-04-01,S6,M3 cuatro rezagos + controles externos,0.3191892371723731,0.03013575643809305,0.89675562764665,0.7081123575921936,4.365959239911716,4.09,4.19,4
2016-05-01,S6,M3 cuatro rezagos + controles externos,0.31918923717237263,0.030135756438092975,0.8967556276466501,0.708112357592194,4.365959239911713,4.36,4.16,4
2016-06-01,S6,M3 cuatro rezagos + controles externos,0.31918923717237274,0.030135756438093006,0.89675562764665,0.708112357592194,4.365959239911709,4.43,4.39,4
2016-07-01,S6,M3 cuatro rezagos + controles externos,0.3191892371723729,0.030135756438093027,0.89675562764665,0.7081123575921938,4.365959239911713,4.62,4.41,4
2016-08-01,S6,M3 cuatro rezagos + controles externos,0.3191892371723728,0.03013575643809294,0.8967556276466498,0.708112357592195,4.3659592399116995,4.74,4.45,4
2016-09-01,S6,M3 cuatro rezagos + controles externos,0.3191892371723726,0.030135756438092933,0.8967556276466497,0.7081123575921954,4.36595923991169,4.56,4.42,4
2016-10-01,S6,M3 cuatro rezagos + controles externos,0.3191892371723728,0.030135756438092885,0.89675562764665,0.7081123575921953,4.365959239911703,4.76,4.43,4
2016-11-01,S6,M3 cuatro rezagos + controles externos,0.31918923717237296,0.030135756438092957,0.89675562764665,0.7081123575921945,4.36595923991171,4.67,4.6,4
2016-12-01,S6,M3 cuatro rezagos + controles externos,0.3191892371723723,0.030135756438092874,0.8967556276466501,0.708112357592195,4.365959239911703,4.23,4.66,4
2017-01-01,S6,M3 cuatro rezagos + controles externos,0.31918923717237224,0.03013575643809284,0.8967556276466501,0.7081123575921953,4.3659592399116995,3.83,4.4,4
2017-02-01,S6,M3 cuatro rezagos + controles externos,0.3191892371723722,0.030135756438092753,0.8967556276466501,0.7081123575921962,4.365959239911694,3.96,4.46,4
2017-03-01,S6,M3 cuatro rezagos + controles externos,0.31918923717237224,0.030135756438092805,0.8967556276466501,0.7081123575921957,4.365959239911697,4,4.28,4
2017-04-01,S6,M3 cuatro rezagos + controles externos,0.31918923717237196,0.03013575643809282,0.8967556276466501,0.7081123575921955,4.365959239911695,4.09,4.51,4
2017-05-01,S6,M3 cuatro rezagos + controles externos,0.31918923717237196,0.030135756438092864,0.8967556276466501,0.708112357592195,4.365959239911698,3.93,4.17,4
2017-06-01,S6,M3 cuatro rezagos + controles externos,0.31918923717237196,0.030135756438092735,0.8967556276466502,0.708112357592196,4.365959239911697,4.36,4.26,4
2017-07-01,S6,M3 cuatro rezagos + controles externos,0.319189237172372,0.03013575643809275,0.8967556276466502,0.7081123575921959,4.365959239911698,5.22,4.48,4
2017-08-01,S6,M3 cuatro rezagos + controles externos,0.31918923717237213,0.030135756438092777,0.8967556276466502,0.7081123575921957,4.3659592399117,4.72,4.51,4
2017-09-01,S6,M3 cuatro rezagos + controles externos,0.3191892371723724,0.030135756438092867,0.89675562764665,0.7081123575921954,4.365959239911697,4.36,4.75,4
2017-10-01,S6,M3 cuatro rezagos + controles externos,0.31918923717237263,0.030135756438092888,0.8967556276466502,0.7081123575921946,4.365959239911714,4.2,4.53,4
2017-11-01,S6,M3 cuatro rezagos + controles externos,0.3191892371723722,0.030135756438092774,0.8967556276466502,0.7081123575921957,4.365959239911701,4.69,4.63,4
2017-12-01,S6,M3 cuatro rezagos + controles externos,0.3191892371723723,0.03013575643809282,0.8967556276466502,0.7081123575921953,4.365959239911706,5.68,4.56,4
2018-01-01,S6,M3 cuatro rezagos + controles externos,0.31918923717237224,0.030135756438092794,0.8967556276466504,0.7081123575921948,4.365959239911717,4.71,4.71,4
2018-02-01,S6,M3 cuatro rezagos + controles externos,0.3191892371723722,0.0301357564380927,0.8967556276466503,0.708112357592196,4.365959239911704,4.15,4.56,4
2018-03-01,S6,M3 cuatro rezagos + controles externos,0.3191892371723723,0.03013575643809279,0.8967556276466502,0.7081123575921955,4.365959239911705,4.14,4.62,4
2018-04-01,S6,M3 cuatro rezagos + controles externos,0.3191892371723728,0.030135756438092885,0.8967556276466501,0.7081123575921948,4.365959239911709,3.92,4.46,4
2018-05-01,S6,M3 cuatro rezagos + controles externos,0.31918923717237285,0.030135756438092878,0.89675562764665,0.7081123575921953,4.365959239911704,4.09,4.48,4
2018-06-01,S6,M3 cuatro rezagos + controles externos,0.31918923717237224,0.03013575643809281,0.8967556276466501,0.7081123575921956,4.365959239911698,3.79,4.43,4
2018-07-01,S6,M3 cuatro rezagos + controles externos,0.3191892371723722,0.03013575643809283,0.8967556276466501,0.7081123575921955,4.365959239911698,2.61,4.36,4
2018-08-01,S6,M3 cuatro rezagos + controles externos,0.3191892371723724,0.03013575643809283,0.89675562764665,0.7081123575921957,4.365959239911694,3.36,4.33,4
2018-09-01,S6,M3 cuatro rezagos + controles externos,0.3191892371723727,0.030135756438092867,0.89675562764665,0.7081123575921954,4.3659592399117,4.55,4.32,4
2018-10-01,S6,M3 cuatro rezagos + controles externos,0.31918923717237274,0.030135756438092933,0.89675562764665,0.7081123575921948,4.365959239911706,4.34,4.32,4
2018-11-01,S6,M3 cuatro rezagos + controles externos,0.3191892371723725,0.030135756438092926,0.89675562764665,0.7081123575921948,4.365959239911701,3.15,4.47,4
2018-12-01,S6,M3 cuatro rezagos + controles externos,0.31918923717237224,0.030135756438092888,0.8967556276466501,0.7081123575921948,4.365959239911702,2.31,4.38,4
2019-01-01,S6,M3 cuatro rezagos + controles externos,0.31918923717237246,0.030135756438092846,0.8967556276466502,0.7081123575921949,4.36595923991171,4.1,4.07,4
2019-02-01,S6,M3 cuatro rezagos + controles externos,0.3191892371723721,0.03013575643809274,0.8967556276466503,0.7081123575921957,4.365959239911705,4.46,4.25,4
2019-03-01,S6,M3 cuatro rezagos + controles externos,0.31918923717237213,0.03013575643809271,0.8967556276466504,0.7081123575921957,4.36595923991171,4.17,4.35,4
2019-04-01,S6,M3 cuatro rezagos + controles externos,0.31918923717237224,0.03013575643809276,0.8967556276466504,0.7081123575921952,4.365959239911715,4.75,4.3,4
2019-05-01,S6,M3 cuatro rezagos + controles externos,0.31918923717237213,0.030135756438092763,0.8967556276466504,0.7081123575921952,4.365959239911714,4.54,4.39,4
2019-06-01,S6,M3 cuatro rezagos + controles externos,0.31918923717237263,0.030135756438092815,0.8967556276466503,0.7081123575921949,4.365959239911716,4.8,4.36,4
2019-07-01,S6,M3 cuatro rezagos + controles externos,0.3191892371723723,0.030135756438092805,0.8967556276466505,0.7081123575921944,4.365959239911724,4.37,4.6,4
2019-08-01,S6,M3 cuatro rezagos + controles externos,0.31918923717237185,0.03013575643809272,0.8967556276466506,0.7081123575921949,4.36595923991172,3.01,4.53,4
2019-09-01,S6,M3 cuatro rezagos + controles externos,0.3191892371723716,0.030135756438092673,0.8967556276466506,0.7081123575921954,4.365959239911714,1.8,4.34,4
2019-10-01,S6,M3 cuatro rezagos + controles externos,0.3191892371723715,0.030135756438092694,0.8967556276466506,0.7081123575921952,4.365959239911714,2.17,4.22,4
2019-11-01,S6,M3 cuatro rezagos + controles externos,0.31918923717237113,0.03013575643809274,0.8967556276466506,0.7081123575921948,4.365959239911712,2.92,4.25,4
2019-12-01,S6,M3 cuatro rezagos + controles externos,0.3191892371723712,0.030135756438092715,0.8967556276466506,0.708112357592195,4.365959239911711,3.41,4.1,4
2020-01-01,S6,M3 cuatro rezagos + controles externos,0.319189237172371,0.030135756438092704,0.8967556276466508,0.7081123575921944,4.365959239911721,1.78,4.11,4
2020-02-01,S6,M3 cuatro rezagos + controles externos,0.3191892371723712,0.030135756438092725,0.8967556276466508,0.7081123575921943,4.365959239911725,1.24,3.85,4
2020-03-01,S6,M3 cuatro rezagos + controles externos,0.31918923717237113,0.030135756438092725,0.8967556276466508,0.7081123575921943,4.365959239911724,1.77,3.99,4
2020-04-01,S6,M3 cuatro rezagos + controles externos,0.3191892371723709,0.030135756438092704,0.8967556276466511,0.7081123575921938,4.365959239911732,1.88,3.97,4
2020-05-01,S6,M3 cuatro rezagos + controles externos,0.3191892371723709,0.030135756438092697,0.896755627646651,0.7081123575921942,4.365959239911726,1.8,3.96,4
2020-06-01,S6,M3 cuatro rezagos + controles externos,0.31918923717237074,0.03013575643809269,0.8967556276466508,0.7081123575921946,4.365959239911716,2.39,3.77,4
2020-07-01,S6,M3 cuatro rezagos + controles externos,0.31918923717237124,0.03013575643809271,0.8967556276466508,0.7081123575921944,4.365959239911724,2.88,3.9,4
2020-08-01,S6,M3 cuatro rezagos + controles externos,0.3191892371723715,0.030135756438092742,0.8967556276466508,0.7081123575921942,4.365959239911731,4.19,3.92,4
2020-09-01,S6,M3 cuatro rezagos + controles externos,0.3191892371723712,0.030135756438092687,0.8967556276466508,0.7081123575921946,4.365959239911723,4.97,3.99,4
2020-10-01,S6,M3 cuatro rezagos + controles externos,0.31918923717237174,0.030135756438092767,0.8967556276466508,0.7081123575921938,4.365959239911735,5.34,4.15,4
2020-11-01,S6,M3 cuatro rezagos + controles externos,0.31918923717237174,0.030135756438092774,0.8967556276466508,0.7081123575921937,4.365959239911735,5.46,4.27,4
2020-12-01,S6,M3 cuatro rezagos + controles externos,0.31918923717237163,0.030135756438092774,0.8967556276466508,0.7081123575921937,4.365959239911733,4.82,4.26,4
2021-01-01,S6,M3 cuatro rezagos + controles externos,0.31918923717237174,0.030135756438092822,0.8967556276466508,0.7081123575921933,4.365959239911739,5.24,4.12,4
2021-02-01,S6,M3 cuatro rezagos + controles externos,0.3191892371723717,0.030135756438092808,0.8967556276466511,0.7081123575921928,4.36595923991175,6,4.39,4
2021-03-01,S6,M3 cuatro rezagos + controles externos,0.3191892371723717,0.0301357564380928,0.8967556276466511,0.7081123575921928,4.365959239911749,5.84,4.34,4
2021-04-01,S6,M3 cuatro rezagos + controles externos,0.3191892371723712,0.030135756438092767,0.8967556276466512,0.7081123575921928,4.3659592399117475,5.2,4.39,4
2021-05-01,S6,M3 cuatro rezagos + controles externos,0.31918923717237124,0.030135756438092763,0.8967556276466513,0.7081123575921926,4.365959239911755,5.17,4.41,4
2021-06-01,S6,M3 cuatro rezagos + controles externos,0.3191892371723715,0.030135756438092774,0.8967556276466512,0.7081123575921928,4.365959239911752,3.91,4.23,4
2021-07-01,S6,M3 cuatro rezagos + controles externos,0.3191892371723717,0.030135756438092787,0.8967556276466513,0.7081123575921924,4.365959239911762,3.82,4.12,4
2021-08-01,S6,M3 cuatro rezagos + controles externos,0.3191892371723716,0.03013575643809274,0.8967556276466513,0.7081123575921928,4.365959239911757,3.62,4.14,4
2021-09-01,S6,M3 cuatro rezagos + controles externos,0.31918923717237174,0.030135756438092746,0.8967556276466512,0.708112357592193,4.365959239911753,3.67,4.2,4
2021-10-01,S6,M3 cuatro rezagos + controles externos,0.3191892371723718,0.030135756438092777,0.8967556276466511,0.708112357592193,4.365959239911749,2.96,3.89,4
2021-11-01,S6,M3 cuatro rezagos + controles externos,0.3191892371723717,0.03013575643809277,0.8967556276466512,0.7081123575921928,4.365959239911754,2.89,4.08,4
2021-12-01,S6,M3 cuatro rezagos + controles externos,0.3191892371723717,0.030135756438092767,0.8967556276466511,0.7081123575921933,4.3659592399117475,3.07,4.02,4
2022-01-01,S6,M3 cuatro rezagos + controles externos,0.31918923717237146,0.03013575643809276,0.8967556276466511,0.7081123575921933,4.365959239911744,2.87,4.09,4
2022-02-01,S6,M3 cuatro rezagos + controles externos,0.31918923717237146,0.030135756438092756,0.8967556276466511,0.7081123575921933,4.365959239911744,2.98,3.92,4
2022-03-01,S6,M3 cuatro rezagos + controles externos,0.31918923717237146,0.03013575643809276,0.8967556276466512,0.708112357592193,4.36595923991175,4.17,3.8,4
2022-04-01,S6,M3 cuatro rezagos + controles externos,0.3191892371723715,0.03013575643809278,0.8967556276466511,0.708112357592193,4.365959239911746,4.62,3.94,4
2022-05-01,S6,M3 cuatro rezagos + controles externos,0.3191892371723714,0.03013575643809279,0.8967556276466511,0.708112357592193,4.365959239911746,5.82,4.01,4
2022-06-01,S6,M3 cuatro rezagos + controles externos,0.31918923717237163,0.03013575643809281,0.8967556276466511,0.7081123575921928,4.365959239911749,7.55,4.16,4
2022-07-01,S6,M3 cuatro rezagos + controles externos,0.3191892371723715,0.030135756438092805,0.896755627646651,0.7081123575921932,4.36595923991174,8.36,4.51,4
2022-08-01,S6,M3 cuatro rezagos + controles externos,0.3191892371723715,0.030135756438092805,0.8967556276466511,0.7081123575921928,4.365959239911747,8.87,4.55,4
2022-09-01,S6,M3 cuatro rezagos + controles externos,0.3191892371723714,0.030135756438092794,0.8967556276466511,0.7081123575921929,4.365959239911746,9.03,4.61,4
2022-10-01,S6,M3 cuatro rezagos + controles externos,0.3191892371723715,0.030135756438092787,0.8967556276466511,0.708112357592193,4.365959239911746,9.7,4.67,4
2022-11-01,S6,M3 cuatro rezagos + controles externos,0.3191892371723716,0.03013575643809279,0.8967556276466511,0.708112357592193,4.3659592399117475,9.17,4.8,4
2022-12-01,S6,M3 cuatro rezagos + controles externos,0.3191892371723714,0.030135756438092784,0.8967556276466513,0.7081123575921924,4.365959239911758,9.24,4.71,4
2023-01-01,S6,M3 cuatro rezagos + controles externos,0.3191892371723714,0.030135756438092767,0.8967556276466513,0.7081123575921926,4.365959239911757,9.69,4.62,4
2023-02-01,S6,M3 cuatro rezagos + controles externos,0.3191892371723713,0.030135756438092767,0.8967556276466513,0.7081123575921926,4.3659592399117555,9.92,4.49,4
2023-03-01,S6,M3 cuatro rezagos + controles externos,0.3191892371723714,0.030135756438092774,0.8967556276466513,0.7081123575921926,4.365959239911757,8.71,4.43,4
2023-04-01,S6,M3 cuatro rezagos + controles externos,0.3191892371723714,0.030135756438092774,0.8967556276466512,0.7081123575921928,4.36595923991175,8.32,4.39,4
2023-05-01,S6,M3 cuatro rezagos + controles externos,0.31918923717237146,0.03013575643809278,0.8967556276466512,0.7081123575921928,4.365959239911752,6.54,4.3,4
2023-06-01,S6,M3 cuatro rezagos + controles externos,0.3191892371723715,0.03013575643809278,0.8967556276466511,0.708112357592193,4.365959239911746,4.93,4.24,4
2023-07-01,S6,M3 cuatro rezagos + controles externos,0.31918923717237146,0.030135756438092774,0.8967556276466512,0.7081123575921928,4.365959239911751,4.53,4.21,4
2023-08-01,S6,M3 cuatro rezagos + controles externos,0.31918923717237146,0.030135756438092777,0.8967556276466511,0.708112357592193,4.365959239911745,4.47,4.17,4
2023-09-01,S6,M3 cuatro rezagos + controles externos,0.3191892371723715,0.030135756438092774,0.8967556276466512,0.7081123575921928,4.365959239911752,4.69,4.15,4
2023-10-01,S6,M3 cuatro rezagos + controles externos,0.31918923717237146,0.030135756438092774,0.8967556276466512,0.7081123575921928,4.365959239911751,4.98,4.32,4
2023-11-01,S6,M3 cuatro rezagos + controles externos,0.31918923717237146,0.030135756438092774,0.8967556276466511,0.7081123575921932,4.365959239911745,4.3,4.43,4
2023-12-01,S6,M3 cuatro rezagos + controles externos,0.31918923717237146,0.030135756438092774,0.8967556276466511,0.7081123575921932,4.365959239911745,4.18,4.32,4
2024-01-01,S6,M3 cuatro rezagos + controles externos,0.31918923717237146,0.030135756438092767,0.8967556276466511,0.7081123575921933,4.365959239911745,3.82,4.29,4
2024-02-01,S6,M3 cuatro rezagos + controles externos,0.31918923717237146,0.030135756438092767,0.8967556276466511,0.7081123575921933,4.365959239911745,3.3,4.28,4
2024-03-01,S6,M3 cuatro rezagos + controles externos,0.31918923717237146,0.030135756438092763,0.896755627646651,0.7081123575921935,4.365959239911738,3.24,4.14,4
2024-04-01,S6,M3 cuatro rezagos + controles externos,0.31918923717237146,0.030135756438092767,0.896755627646651,0.7081123575921935,4.365959239911738,3.36,4.02,4
2024-05-01,S6,M3 cuatro rezagos + controles externos,0.3191892371723715,0.030135756438092763,0.896755627646651,0.7081123575921935,4.365959239911739,3.76,3.99,4
2024-06-01,S6,M3 cuatro rezagos + controles externos,0.3191892371723715,0.03013575643809276,0.896755627646651,0.7081123575921936,4.365959239911738,3.62,4.02,4
2024-07-01,S6,M3 cuatro rezagos + controles externos,0.31918923717237146,0.030135756438092763,0.896755627646651,0.7081123575921935,4.365959239911738,3.78,4.07,4
2024-08-01,S6,M3 cuatro rezagos + controles externos,0.31918923717237146,0.03013575643809276,0.896755627646651,0.7081123575921936,4.365959239911737,3.07,4.02,4
2024-09-01,S6,M3 cuatro rezagos + controles externos,0.31918923717237146,0.03013575643809276,0.896755627646651,0.7081123575921936,4.365959239911737,2.11,3.97,4
2024-10-01,S6,M3 cuatro rezagos + controles externos,0.31918923717237146,0.03013575643809276,0.896755627646651,0.7081123575921936,4.365959239911737,1.16,3.96,4
2024-11-01,S6,M3 cuatro rezagos + controles externos,0.31918923717237146,0.03013575643809276,0.896755627646651,0.7081123575921936,4.365959239911737,1.66,3.66,4
2024-12-01,S6,M3 cuatro rezagos + controles externos,0.3191892371723714,0.030135756438092756,0.896755627646651,0.7081123575921937,4.365959239911736,1.7,3.95,4
2025-01-01,S6,M3 cuatro rezagos + controles externos,0.3191892371723714,0.030135756438092756,0.896755627646651,0.7081123575921937,4.365959239911736,2.19,3.76,4
2025-02-01,S6,M3 cuatro rezagos + controles externos,0.3191892371723714,0.030135756438092756,0.896755627646651,0.7081123575921937,4.365959239911736,1.79,3.79,4
2025-03-01,S6,M3 cuatro rezagos + controles externos,0.3191892371723714,0.03013575643809276,0.896755627646651,0.7081123575921936,4.365959239911736,1.57,3.71,4
2025-04-01,S6,M3 cuatro rezagos + controles externos,0.31918923717237146,0.03013575643809276,0.896755627646651,0.7081123575921936,4.365959239911737,1.47,3.62,4
2025-05-01,S6,M3 cuatro rezagos + controles externos,0.3191892371723714,0.030135756438092756,0.896755627646651,0.7081123575921937,4.365959239911736,1.69,3.55,4
2025-06-01,S6,M3 cuatro rezagos + controles externos,0.31918923717237135,0.030135756438092753,0.896755627646651,0.7081123575921937,4.365959239911735,1.79,3.53,4
2025-07-01,S6,M3 cuatro rezagos + controles externos,0.3191892371723714,0.030135756438092756,0.896755627646651,0.7081123575921937,4.365959239911736,1.17,3.54,4
2025-08-01,S6,M3 cuatro rezagos + controles externos,0.31918923717237135,0.030135756438092756,0.896755627646651,0.7081123575921937,4.365959239911735,1.17,3.49,4
2025-09-01,S6,M3 cuatro rezagos + controles externos,0.3191892371723714,0.030135756438092756,0.896755627646651,0.7081123575921937,4.365959239911736,1.47,3.42,4
2025-10-01,S6,M3 cuatro rezagos + controles externos,0.3191892371723714,0.03013575643809275,0.896755627646651,0.7081123575921937,4.365959239911735,1.26,3.37,4
2025-11-01,S6,M3 cuatro rezagos + controles externos,0.31918923717237146,0.030135756438092753,0.8967556276466508,0.7081123575921939,4.365959239911731,1.73,3.3,4
2025-12-01,S6,M3 cuatro rezagos + controles externos,0.3191892371723714,0.030135756438092756,0.8967556276466508,0.7081123575921939,4.36595923991173,1.65,3.72,4
2026-01-01,S6,M3 cuatro rezagos + controles externos,0.31918923717237146,0.03013575643809276,0.896755627646651,0.7081123575921936,4.365959239911737,0.96,3.64,4
2026-02-01,S6,M3 cuatro rezagos + controles externos,0.3191892371723714,0.03013575643809276,0.896755627646651,0.7081123575921936,4.365959239911736,1.56,3.62,4
2026-03-01,S6,M3 cuatro rezagos + controles externos,0.31918923717237146,0.03013575643809276,0.896755627646651,0.7081123575921936,4.365959239911737,2.5,3.61,4
2026-04-01,S6,M3 cuatro rezagos + controles externos,0.31918923717237146,0.03013575643809276,0.8967556276466511,0.7081123575921933,4.365959239911744,3.24,3.71,4
2026-05-01,S6,M3 cuatro rezagos + controles externos,0.31918923717237146,0.03013575643809276,0.8967556276466511,0.7081123575921933,4.365959239911744,2.86,3.74,4
2026-06-01,S6,M3 cuatro rezagos + controles externos,0.3191892371723715,0.030135756438092756,0.8967556276466511,0.7081123575921933,4.365959239911744,2.27,3.71,4
