fecha,codigo_modelo,descripcion,c0_t,c_t,d_t,lambda_t,pi_estrella_t,inflacion,expectativa,meta_inflacion,brecha_ancla_meta,ancla_dentro_banda_meta
2010-02-01,B0,Modelo base TVP-VAR,3.602240941291651,0.18438591434244292,0.2520246348694647,0.753486648172879,6.391604626833373,2.48,4.25,5,1.3916046268333728,FALSE
2010-03-01,B0,Modelo base TVP-VAR,3.659889548901746,0.1850939719957117,0.252024634869465,0.752540015855456,6.502061701700479,3.93,6.26,5,1.5020617017004794,FALSE
2010-04-01,B0,Modelo base TVP-VAR,3.6085673799571785,0.18348086745530184,0.2520246348694606,0.754696643754731,6.392564311642314,3.75,5.81,5,1.3925643116423139,FALSE
2010-05-01,B0,Modelo base TVP-VAR,3.5671568553694675,0.1822023290832778,0.25202463486945703,0.7564059759488492,6.304925523300238,3.51,5.7,5,1.3049255233002377,FALSE
2010-06-01,B0,Modelo base TVP-VAR,3.5272412766792614,0.1809719411784235,0.25202463486945526,0.7580509337405272,6.220846519927026,4.07,5.45,5,1.2208465199270258,FALSE
2010-07-01,B0,Modelo base TVP-VAR,3.5024998287376903,0.18019901493191207,0.25202463486945614,0.7590842916324363,6.1688019015099345,4.12,5.11,5,1.1688019015099345,FALSE
2010-08-01,B0,Modelo base TVP-VAR,3.528623986128261,0.18120421409507775,0.2520246348694619,0.7577403982236051,6.225835559346406,4.1,5.57,5,1.2258355593464056,FALSE
2010-09-01,B0,Modelo base TVP-VAR,3.554038413245175,0.18218429819314597,0.2520246348694619,0.7564300822108616,6.28153857656867,3.76,5.68,5,1.2815385765686704,FALSE
2010-10-01,B0,Modelo base TVP-VAR,3.581975654792091,0.1832532231861612,0.25202463486946236,0.7550009910364098,6.342899257427923,4.51,5.89,5,1.3428992574279226,FALSE
2010-11-01,B0,Modelo base TVP-VAR,3.5908178470160257,0.18370547878990226,0.25202463486946225,0.7543963513319163,6.3636531630333,5.25,6.22,5,1.3636531630333,FALSE
2010-12-01,B0,Modelo base TVP-VAR,3.5674522075167343,0.18291011593364037,0.252024634869462,0.7554597056793193,6.313345604931461,5.39,6.2,5,1.3133456049314614,FALSE
2011-01-01,B0,Modelo base TVP-VAR,3.5334258525084348,0.18163403614565507,0.2520246348694628,0.7571657508881242,6.239039377263523,4.9,5.85,5,1.2390393772635226,FALSE
2011-02-01,B0,Modelo base TVP-VAR,3.522313076344591,0.1814187366760696,0.2520246348694627,0.7574535938835255,6.217053864418193,5.24,5.81,5,1.217053864418193,FALSE
2011-03-01,B0,Modelo base TVP-VAR,3.5189006568638277,0.1815275160527008,0.25202463486946264,0.7573081621197237,6.212223530537741,4.99,6.13,5,1.2122235305377407,FALSE
2011-04-01,B0,Modelo base TVP-VAR,3.49556420172509,0.1807395847149493,0.2520246348694626,0.758361580954733,6.16245364346383,5.76114812916453,6.19,5,1.16245364346383,FALSE
2011-05-01,B0,Modelo base TVP-VAR,3.447007572816176,0.17887073629089387,0.252024634869463,0.7608601237025002,6.056896040090796,6.3930220625962,5.74,5,1.0568960400907956,FALSE
2011-06-01,B0,Modelo base TVP-VAR,3.4287538288623765,0.1785013544118438,0.2520246348694628,0.7613539660083704,6.020913622616747,6.42229936695938,6.16,5,1.0209136226167468,FALSE
2011-07-01,B0,Modelo base TVP-VAR,3.395889310676237,0.17732969765155185,0.2520246348694626,0.7629204036410957,5.950959595783303,7.03967446592064,5.88,5,0.9509595957833028,TRUE
2011-08-01,B0,Modelo base TVP-VAR,3.384129555210212,0.17732220654234593,0.2520246348694625,0.7629304188228185,5.930273940098085,7.6258261311642,5.95,5,0.9302739400980853,TRUE
2011-09-01,B0,Modelo base TVP-VAR,3.3891053900693433,0.17832661491704924,0.2520246348694627,0.7615875826526353,5.949465155149035,7.24931562404949,6.43,5,0.949465155149035,TRUE
2011-10-01,B0,Modelo base TVP-VAR,3.3756005040940993,0.17812056573079335,0.2520246348694625,0.7618630585517913,5.9236151167802475,6.65,6.51,5,0.9236151167802475,TRUE
2011-11-01,B0,Modelo base TVP-VAR,3.339422101903545,0.17650276053141564,0.2520246348694625,0.7640259709614738,5.843538386667008,6.05484387510006,6.06,5,0.8435383866670083,TRUE
2011-12-01,B0,Modelo base TVP-VAR,3.3128013764786277,0.1754308611789801,0.25202463486946264,0.7654590386832276,5.786102833254901,6.2,5.62,5,0.7861028332549012,TRUE
2012-01-01,B0,Modelo base TVP-VAR,3.314929009758343,0.17585402576426898,0.25202463486946264,0.7648932919955476,5.794101323733612,5.44,5.95,4.5,1.2941013237336119,FALSE
2012-02-01,B0,Modelo base TVP-VAR,3.3039800624430584,0.17558083703678337,0.2520246348694626,0.7652585295959035,5.772207630017544,5.17,6.11,4.5,1.2722076300175438,FALSE
2012-03-01,B0,Modelo base TVP-VAR,3.2572517756721067,0.1736358842667101,0.25202463486946236,0.7678588194727417,5.671300483771516,4.55,5.47,4.5,1.1713004837715157,FALSE
2012-04-01,B0,Modelo base TVP-VAR,3.233420138434631,0.17270766290892225,0.25202463486946247,0.7690997979876234,5.620722536564365,4.27,5.54,4.5,1.1207225365643652,FALSE
2012-05-01,B0,Modelo base TVP-VAR,3.195107724009122,0.17121353199251343,0.2520246348694624,0.7710973650012751,5.539735017876096,3.9,5.28,4.5,1.0397350178760956,FALSE
2012-06-01,B0,Modelo base TVP-VAR,3.161114123386487,0.16987779412456736,0.25202463486946236,0.7728831696282937,5.468132512450637,3.47,5.11,4.5,0.9681325124506373,TRUE
2012-07-01,B0,Modelo base TVP-VAR,3.1316350418501315,0.1686932799574526,0.25202463486946236,0.7744667968737018,5.406062300225326,2.86,4.9,4.5,0.9060623002253259,TRUE
2012-08-01,B0,Modelo base TVP-VAR,3.1128340049140544,0.16782701326559257,0.25202463486946236,0.7756249455671536,5.365582777073376,2.71,4.55,4.5,0.8655827770733762,TRUE
2012-09-01,B0,Modelo base TVP-VAR,3.122319241589737,0.16765558772752995,0.25202463486946236,0.7758541316420622,5.380342637230883,3.28,5.17,4.5,0.8803426372308829,TRUE
2012-10-01,B0,Modelo base TVP-VAR,3.0863185055831965,0.16642541922168477,0.2520246348694624,0.7774987961098959,5.30705664628661,3.35,4.76,4.5,0.8070566462866102,TRUE
2012-11-01,B0,Modelo base TVP-VAR,3.0681569692307207,0.16569781656247418,0.25202463486946225,0.7784715589749986,5.269234537336927,3.11,4.82,4.5,0.7692345373369269,TRUE
2012-12-01,B0,Modelo base TVP-VAR,3.050288940085842,0.1649786590527101,0.2520246348694623,0.7794330311615039,5.23208606204139,3.45,4.93,4.5,0.7320860620413896,TRUE
2013-01-01,B0,Modelo base TVP-VAR,3.016953928402177,0.16384634965092457,0.25202463486946236,0.7809468636412512,5.164875992207021,3.86,4.83,4,1.1648759922070209,FALSE
2013-02-01,B0,Modelo base TVP-VAR,2.98307967936504,0.16269806149827915,0.25202463486946236,0.7824820587909538,5.096865470182949,4.18,4.61,4,1.0968654701829488,FALSE
2013-03-01,B0,Modelo base TVP-VAR,2.9714455260763057,0.16228711321725206,0.2520246348694623,0.783031472983165,5.073425182030533,4.34,4.66,4,1.0734251820305332,FALSE
2013-04-01,B0,Modelo base TVP-VAR,2.9752549856806256,0.1624306233147772,0.25202463486946225,0.7828396082450796,5.08117445723179,4.13,4.93,4,1.08117445723179,FALSE
2013-05-01,B0,Modelo base TVP-VAR,2.9713893143916774,0.16228803247411955,0.25202463486946225,0.7830302439896576,5.073337169364364,4.27,4.83,4,1.0733371693643639,FALSE
2013-06-01,B0,Modelo base TVP-VAR,2.9730354989581613,0.16234096184787677,0.2520246348694623,0.7829594804642466,5.076606637679385,4.79,5.21,4,1.0766066376793848,FALSE
2013-07-01,B0,Modelo base TVP-VAR,2.9414305304891335,0.16117440093226523,0.25202463486946225,0.7845191052460172,5.012654562536237,4.74,4.81,4,1.0126545625362366,FALSE
2013-08-01,B0,Modelo base TVP-VAR,2.931875318184741,0.16091499829123418,0.2520246348694623,0.7848659116424896,4.994163264622641,4.42,4.89,4,0.9941632646226406,TRUE
2013-09-01,B0,Modelo base TVP-VAR,2.924036276834515,0.1607254643482725,0.2520246348694623,0.7851193076121932,4.979202674942062,4.21,4.91,4,0.9792026749420621,TRUE
2013-10-01,B0,Modelo base TVP-VAR,2.911801964668907,0.16036907062387182,0.2520246348694623,0.785595785503064,4.955362105359264,4.15,4.71,4,0.9553621053592636,TRUE
2013-11-01,B0,Modelo base TVP-VAR,2.9112183219174708,0.16043396261799717,0.25202463486946225,0.7855090286429447,4.954916044159685,4.63,4.7,4,0.9549160441596847,TRUE
2013-12-01,B0,Modelo base TVP-VAR,2.917158355371103,0.16073138743058552,0.25202463486946225,0.7851113887921504,4.967540692024946,4.39,5.19,4,0.9675406920249463,TRUE
2014-01-01,B0,Modelo base TVP-VAR,2.888049688515938,0.15963502440520838,0.25202463486946225,0.7865771630361802,4.9088078593343365,4.14,4.94,4,0.9088078593343365,TRUE
2014-02-01,B0,Modelo base TVP-VAR,2.8545469736775693,0.15837298023872398,0.25202463486946225,0.7882644434271114,4.841477997415751,3.5,4.68,4,0.8414779974157511,TRUE
2014-03-01,B0,Modelo base TVP-VAR,2.828704265575613,0.15738331484222925,0.25202463486946225,0.7895875690842271,4.7896077574947515,3.25,4.54,4,0.7896077574947515,TRUE
2014-04-01,B0,Modelo base TVP-VAR,2.804798756835203,0.1564518847197447,0.2520246348694622,0.7908328375327702,4.741652444442889,3.27,4.66,4,0.7416524444428889,TRUE
2014-05-01,B0,Modelo base TVP-VAR,2.7602655951241504,0.15494464759876123,0.25202463486946225,0.7928479267873748,4.654506947991689,3.22,4.28,4,0.6545069479916892,TRUE
2014-06-01,B0,Modelo base TVP-VAR,2.7321670095845167,0.15389899370891816,0.2520246348694623,0.7942459058366722,4.599016458181067,3.13,4.36,4,0.5990164581810671,TRUE
2014-07-01,B0,Modelo base TVP-VAR,2.6986082588269853,0.15270232991993735,0.2520246348694623,0.795845776427025,4.533395768333856,3.41,4.41,4,0.5333957683338557,TRUE
2014-08-01,B0,Modelo base TVP-VAR,2.651340630516616,0.15113712157816803,0.2520246348694623,0.7979383698662437,4.442310222508344,3.7,4.06,4,0.4423102225083442,TRUE
2014-09-01,B0,Modelo base TVP-VAR,2.6262900476749063,0.15022261868686967,0.25202463486946225,0.7991610075812422,4.393605990604021,3.45,4.13,4,0.393605990604021,TRUE
2014-10-01,B0,Modelo base TVP-VAR,2.608911789274931,0.1495519375463503,0.2520246348694623,0.8000576696529969,4.359641800467286,3.64,4.17,4,0.3596418004672861,TRUE
2014-11-01,B0,Modelo base TVP-VAR,2.591098422461766,0.1488683632171698,0.2520246348694623,0.8009715691756919,4.324934300862076,3.38,4.16,4,0.3249343008620764,TRUE
2014-12-01,B0,Modelo base TVP-VAR,2.575721377656475,0.14826095816505133,0.25202463486946236,0.8017836347602483,4.29491329162734,2.95,4.21,4,0.29491329162734026,TRUE
2015-01-01,B0,Modelo base TVP-VAR,2.5517146351492355,0.14740302524374987,0.25202463486946236,0.8029306416822632,4.248804791160133,2.32,3.89,4,0.24880479116013277,TRUE
2015-02-01,B0,Modelo base TVP-VAR,2.5437562625724284,0.1469517197830803,0.25202463486946236,0.803534011100173,4.232373022698399,2.44,4.07,4,0.23237302269839866,TRUE
2015-03-01,B0,Modelo base TVP-VAR,2.5149258977006332,0.14608450787552213,0.25202463486946236,0.8046934234925942,4.178375310716977,2.43,4.11,4,0.17837531071697743,TRUE
2015-04-01,B0,Modelo base TVP-VAR,2.4644141092676555,0.14476291369282787,0.2520246348694624,0.8064603188267254,4.085482823495962,2.58,3.82,4,0.08548282349596192,TRUE
2015-05-01,B0,Modelo base TVP-VAR,2.4171622840162144,0.1435093592634522,0.25202463486946236,0.8081362489279219,3.9988390754065306,2.55,3.57,4,-0.0011609245934693924,TRUE
2015-06-01,B0,Modelo base TVP-VAR,2.3882577902193565,0.14266237581207447,0.25202463486946236,0.8092686170390426,3.945492385531582,2.39,3.67,4,-0.05450761446841801,TRUE
2015-07-01,B0,Modelo base TVP-VAR,2.3574971605278914,0.1417747392566555,0.2520246348694624,0.8104553360097457,3.8889718352391807,2.32,3.56,4,-0.11102816476081934,TRUE
2015-08-01,B0,Modelo base TVP-VAR,2.3329764582629835,0.14101519446368774,0.2520246348694624,0.8114708036686775,3.843706014020341,1.96,3.31,4,-0.15629398597965904,TRUE
2015-09-01,B0,Modelo base TVP-VAR,2.333645901010548,0.14075760193098702,0.2520246348694624,0.8118151900545256,3.8431779214002337,1.88,3.4,4,-0.15682207859976627,TRUE
2015-10-01,B0,Modelo base TVP-VAR,2.3387692399005515,0.14057498844574695,0.25202463486946236,0.812059333770687,3.8504573419358477,2.23,3.28,4,-0.14954265806415235,TRUE
2015-11-01,B0,Modelo base TVP-VAR,2.362217854874909,0.14068827984716278,0.25202463486946247,0.8119078696895189,3.8897877332145825,2.51,3.37,4,-0.11021226678541751,TRUE
2015-12-01,B0,Modelo base TVP-VAR,2.3991703835014944,0.14106021874381003,0.2520246348694625,0.8114106087983365,3.953057355356788,3.07,3.65,4,-0.046942644643212184,TRUE
2016-01-01,B0,Modelo base TVP-VAR,2.4312908567917217,0.14132798602902852,0.2520246348694625,0.8110526193541631,4.007749708558288,4.38,3.8,4,0.007749708558288049,TRUE
2016-02-01,B0,Modelo base TVP-VAR,2.461889538925347,0.14155562626793722,0.25202463486946247,0.8107482774606718,4.059712079199239,4.27,4.09,4,0.059712079199239376,TRUE
2016-03-01,B0,Modelo base TVP-VAR,2.487354934542443,0.14159015267675393,0.25202463486946247,0.8107021176398724,4.1019386414077825,4.26,3.99,4,0.10193864140778253,TRUE
2016-04-01,B0,Modelo base TVP-VAR,2.5263376996814277,0.1421204303412383,0.25202463486946247,0.8099931669321285,4.169872282314616,4.09,4.19,4,0.16987228231461593,TRUE
2016-05-01,B0,Modelo base TVP-VAR,2.559958255575712,0.1424545088573941,0.2520246348694625,0.8095465231899278,4.2276962536546305,4.36,4.16,4,0.22769625365463053,TRUE
2016-06-01,B0,Modelo base TVP-VAR,2.5975080126362955,0.14292661668894932,0.2520246348694625,0.8089153421997988,4.293055756790912,4.43,4.39,4,0.29305575679091156,TRUE
2016-07-01,B0,Modelo base TVP-VAR,2.622743813039598,0.14293758974848858,0.25202463486946247,0.8089006718509466,4.334843078820121,4.62,4.41,4,0.3348430788201213,TRUE
2016-08-01,B0,Modelo base TVP-VAR,2.643126265553893,0.1427638959710045,0.2520246348694626,0.8091328904313724,4.3672772249746785,4.74,4.45,4,0.3672772249746785,TRUE
2016-09-01,B0,Modelo base TVP-VAR,2.6598549574065564,0.1424452162721287,0.2520246348694625,0.8095589468414257,4.392605326788627,4.56,4.42,4,0.3926053267886269,TRUE
2016-10-01,B0,Modelo base TVP-VAR,2.680306563564225,0.14227810374369312,0.2520246348694625,0.8097823666707759,4.425158795381076,4.76,4.43,4,0.42515879538107626,TRUE
2016-11-01,B0,Modelo base TVP-VAR,2.7020865882119516,0.14216301998013298,0.2520246348694626,0.8099362270369392,4.46026993316075,4.67,4.6,4,0.4602699331607498,TRUE
2016-12-01,B0,Modelo base TVP-VAR,2.713198579901886,0.14161178703373745,0.2520246348694626,0.8106731937501401,4.474540816613412,4.23,4.66,4,0.47454081661341174,TRUE
2017-01-01,B0,Modelo base TVP-VAR,2.711461768979895,0.14054517914453407,0.2520246348694626,0.8120991870901979,4.4638245374298435,3.83,4.4,4,0.46382453742984353,TRUE
2017-02-01,B0,Modelo base TVP-VAR,2.7179135239345062,0.13977607468471884,0.2520246348694626,0.8131274354733261,4.468787725717729,3.96,4.46,4,0.4687877257177293,TRUE
2017-03-01,B0,Modelo base TVP-VAR,2.714401254583686,0.1386791941019921,0.2520246348694626,0.814593901661735,4.45497835642318,4,4.28,4,0.4549783564231804,TRUE
2017-04-01,B0,Modelo base TVP-VAR,2.7218475223967253,0.13795504110167675,0.2520246348694626,0.8155620525315019,4.461896456859612,4.09,4.51,4,0.4618964568596118,TRUE
2017-05-01,B0,Modelo base TVP-VAR,2.71323629465684,0.1366792153119851,0.2520246348694626,0.8172677581592119,4.438497274131688,3.93,4.17,4,0.43849727413168793,TRUE
2017-06-01,B0,Modelo base TVP-VAR,2.728954216847561,0.13625805075419356,0.2520246348694626,0.8178308309252756,4.461136137089361,4.36,4.26,4,0.46113613708936096,TRUE
2017-07-01,B0,Modelo base TVP-VAR,2.7503134132442413,0.13602730661787543,0.2520246348694625,0.8181393225509027,4.494357609253423,5.22,4.48,4,0.49435760925342276,TRUE
2017-08-01,B0,Modelo base TVP-VAR,2.76525818315997,0.1355563541411163,0.2520246348694626,0.8187689588981866,4.515304282753132,4.72,4.51,4,0.5153042827531316,TRUE
2017-09-01,B0,Modelo base TVP-VAR,2.7895657895577592,0.13550518162583805,0.2520246348694626,0.8188373736049588,4.554614844424268,4.36,4.75,4,0.5546148444242682,TRUE
2017-10-01,B0,Modelo base TVP-VAR,2.795111749707881,0.13469340844105546,0.2520246348694625,0.8199226676168023,4.5576291935865765,4.2,4.53,4,0.5576291935865765,TRUE
2017-11-01,B0,Modelo base TVP-VAR,2.805698197816216,0.13407039215465663,0.2520246348694625,0.8207556045228059,4.570248363058051,4.69,4.63,4,0.5702483630580506,TRUE
2017-12-01,B0,Modelo base TVP-VAR,2.804110715029092,0.13300821474800278,0.2520246348694625,0.8221756745627711,4.5597731737131335,5.68,4.56,4,0.5597731737131335,TRUE
2018-01-01,B0,Modelo base TVP-VAR,2.8060667367543544,0.1320887786238644,0.2520246348694625,0.8234049077260558,4.556141988203458,4.71,4.71,4,0.556141988203458,TRUE
2018-02-01,B0,Modelo base TVP-VAR,2.8075709087259444,0.1311472987157065,0.2520246348694625,0.824663612159448,4.551626395738272,4.15,4.56,4,0.5516263957382721,TRUE
2018-03-01,B0,Modelo base TVP-VAR,2.814402636552494,0.13042134133947098,0.2520246348694625,0.8256341753759368,4.557338351186382,4.14,4.62,4,0.5573383511863819,TRUE
2018-04-01,B0,Modelo base TVP-VAR,2.8095103921523457,0.12927748947862916,0.2520246348694626,0.8271634394589085,4.5410053965225385,3.92,4.46,4,0.5410053965225385,TRUE
2018-05-01,B0,Modelo base TVP-VAR,2.8096159614160947,0.12831135264928198,0.2520246348694625,0.828455108776358,4.534095743539866,4.09,4.48,4,0.5340957435398659,TRUE
2018-06-01,B0,Modelo base TVP-VAR,2.8053041638517895,0.1271964876293981,0.2520246348694625,0.8299456191218282,4.519007114327341,3.79,4.43,4,0.5190071143273407,TRUE
2018-07-01,B0,Modelo base TVP-VAR,2.8034985709487557,0.12616966333306215,0.2520246348694625,0.8313184240886825,4.508640822759562,2.61,4.36,4,0.5086408227595616,TRUE
2018-08-01,B0,Modelo base TVP-VAR,2.8055784177279772,0.12526931941126704,0.2520246348694625,0.8325221320766294,4.505461986461577,3.36,4.33,4,0.5054619864615768,TRUE
2018-09-01,B0,Modelo base TVP-VAR,2.7976122010402174,0.124143769370403,0.2520246348694626,0.8340269276799814,4.484563173866413,4.55,4.32,4,0.48456317386641334,TRUE
2018-10-01,B0,Modelo base TVP-VAR,2.7882203591958348,0.12297707704632922,0.2520246348694625,0.8355867281473005,4.461164794134873,4.34,4.32,4,0.46116479413487266,TRUE
2018-11-01,B0,Modelo base TVP-VAR,2.7906946665127497,0.12227411447565223,0.2520246348694625,0.8365265486326373,4.460107221444566,3.15,4.47,4,0.4601072214445656,TRUE
2018-12-01,B0,Modelo base TVP-VAR,2.787069585962826,0.12134378893028323,0.2520246348694626,0.8377703403251707,4.447700517843288,2.31,4.38,4,0.44770051784328757,TRUE
2019-01-01,B0,Modelo base TVP-VAR,2.774874564088778,0.12018160000417422,0.2520246348694625,0.8393241200086851,4.420041609572608,4.1,4.07,4,0.42004160957260783,TRUE
2019-02-01,B0,Modelo base TVP-VAR,2.7714750282260687,0.11919391917554846,0.2520246348694626,0.8406445924128174,4.407692125865405,4.46,4.25,4,0.40769212586540515,TRUE
2019-03-01,B0,Modelo base TVP-VAR,2.771732763142568,0.11833502911536861,0.2520246348694625,0.8417928789744076,4.402088946022978,4.17,4.35,4,0.4020889460229782,TRUE
2019-04-01,B0,Modelo base TVP-VAR,2.774089684319046,0.11755655267188543,0.2520246348694626,0.8428336571601267,4.400391659474777,4.75,4.3,4,0.40039165947477695,TRUE
2019-05-01,B0,Modelo base TVP-VAR,2.7826191601042596,0.1169991538366549,0.2520246348694626,0.8435788673117114,4.410022296083412,4.54,4.39,4,0.4100222960834117,TRUE
2019-06-01,B0,Modelo base TVP-VAR,2.794414896307835,0.1165750114330076,0.2520246348694625,0.8441459212862408,4.425741734136706,4.8,4.36,4,0.4257417341367056,TRUE
2019-07-01,B0,Modelo base TVP-VAR,2.813345202077975,0.11642907560551799,0.2520246348694625,0.8443410290856321,4.4546935810419654,4.37,4.6,4,0.45469358104196544,TRUE
2019-08-01,B0,Modelo base TVP-VAR,2.8191408510235294,0.11574163320915873,0.2520246348694625,0.845260099991449,4.4590168298298,3.01,4.53,4,0.45901682982979963,TRUE
2019-09-01,B0,Modelo base TVP-VAR,2.8202766184208627,0.11487928667822174,0.2520246348694625,0.8464130076554421,4.454737147188449,1.8,4.34,4,0.4547371471884487,TRUE
2019-10-01,B0,Modelo base TVP-VAR,2.8181263612679444,0.11393198668934827,0.2520246348694625,0.8476794932016715,4.44469015384464,2.17,4.22,4,0.4446901538446397,TRUE
2019-11-01,B0,Modelo base TVP-VAR,2.8054851946225527,0.11282249470872369,0.2520246348694625,0.8491628201029939,4.417023562783227,2.92,4.25,4,0.4170235627832266,TRUE
2019-12-01,B0,Modelo base TVP-VAR,2.778978310770869,0.11145457099863001,0.2520246348694625,0.8509916553479286,4.365887707660617,3.41,4.1,4,0.36588770766061707,TRUE
2020-01-01,B0,Modelo base TVP-VAR,2.7601637741719744,0.11027957094937883,0.2520246348694625,0.8525625627655093,4.32833931062098,1.78,4.11,4,0.3283393106209802,TRUE
2020-02-01,B0,Modelo base TVP-VAR,2.747410826897241,0.10928210617219208,0.2520246348694625,0.8538961157455767,4.301612375521287,1.24,3.85,4,0.3016123755212874,TRUE
2020-03-01,B0,Modelo base TVP-VAR,2.7476689378460097,0.1084835604485939,0.2520246348694625,0.8549637254033611,4.296644488216053,1.77,3.99,4,0.29664448821605305,TRUE
2020-04-01,B0,Modelo base TVP-VAR,2.7339217466224053,0.10753585281690688,0.2520246348694625,0.856230755944563,4.268821167429115,1.88,3.97,4,0.268821167429115,TRUE
2020-05-01,B0,Modelo base TVP-VAR,2.7160843296238197,0.10652596323923398,0.2520246348694625,0.8575809201675473,4.234292403446769,1.8,3.96,4,0.23429240344676927,TRUE
2020-06-01,B0,Modelo base TVP-VAR,2.6938564944104586,0.1054451799845308,0.2520246348694625,0.85902586515516,4.192575783499284,2.39,3.77,4,0.19257578349928384,TRUE
2020-07-01,B0,Modelo base TVP-VAR,2.68300217558013,0.1045402340370412,0.25202463486946247,0.8602357257865081,4.169809893688052,2.88,3.9,4,0.16980989368805233,TRUE
2020-08-01,B0,Modelo base TVP-VAR,2.6704150965773414,0.10359971839631266,0.25202463486946247,0.861493141049863,4.144189976935556,4.19,3.92,4,0.14418997693555635,TRUE
2020-09-01,B0,Modelo base TVP-VAR,2.6610542827404293,0.10273900889609787,0.2520246348694625,0.8626438600980291,4.124154283974607,4.97,3.99,4,0.12415428397460726,TRUE
2020-10-01,B0,Modelo base TVP-VAR,2.66080521632895,0.10220621301722242,0.2520246348694625,0.8633561775134329,4.120365935135364,5.34,4.15,4,0.12036593513536431,TRUE
2020-11-01,B0,Modelo base TVP-VAR,2.6630358980074242,0.10177927124585544,0.2520246348694625,0.8639269740814354,4.121095629034645,5.46,4.27,4,0.12109562903464521,TRUE
2020-12-01,B0,Modelo base TVP-VAR,2.663478134309314,0.10127030174340147,0.2520246348694625,0.8646074370033194,4.118536076336363,4.82,4.26,4,0.11853607633636276,TRUE
2021-01-01,B0,Modelo base TVP-VAR,2.6672363415023947,0.10091683822787621,0.2520246348694625,0.8650799973736246,4.1220944174399765,5.24,4.12,4,0.12209441743997651,TRUE
2021-02-01,B0,Modelo base TVP-VAR,2.681920466260695,0.10101569776215663,0.2520246348694625,0.8649478278679308,4.145421425063273,6,4.39,4,0.14542142506327327,TRUE
2021-03-01,B0,Modelo base TVP-VAR,2.682304023583965,0.10047093909273185,0.2520246348694625,0.8656761388455654,4.142526160010147,5.84,4.34,4,0.14252616001014662,TRUE
2021-04-01,B0,Modelo base TVP-VAR,2.687934383212165,0.10019656985483393,0.2520246348694625,0.8660429547203771,4.149463370544791,5.2,4.39,4,0.1494633705447912,TRUE
2021-05-01,B0,Modelo base TVP-VAR,2.691209006113192,0.09980403711275396,0.25202463486946247,0.8665677483972536,4.15200254899173,5.17,4.41,4,0.15200254899172982,TRUE
2021-06-01,B0,Modelo base TVP-VAR,2.6849691321154334,0.09898655916460028,0.25202463486946247,0.8676606693492839,4.137157848384147,3.91,4.23,4,0.13715784838414713,TRUE
2021-07-01,B0,Modelo base TVP-VAR,2.686689245086476,0.09852254641583,0.2520246348694625,0.8682810276797877,4.1368505419739945,3.82,4.12,4,0.1368505419739945,TRUE
2021-08-01,B0,Modelo base TVP-VAR,2.6902401756362733,0.09812001815957262,0.25202463486946247,0.8688191847836477,4.13975231284274,3.62,4.14,4,0.1397523128427398,TRUE
2021-09-01,B0,Modelo base TVP-VAR,2.6900636138075993,0.09759519062656706,0.25202463486946247,0.869520848979385,4.13614024421831,3.67,4.2,4,0.13614024421830972,TRUE
2021-10-01,B0,Modelo base TVP-VAR,2.6783521696614616,0.09671171749920858,0.25202463486946247,0.8707020016864722,4.11254670731697,2.96,3.89,4,0.11254670731697036,TRUE
2021-11-01,B0,Modelo base TVP-VAR,2.687191675749037,0.09647604554994799,0.25202463486946247,0.8710170815142944,4.124626987299002,2.89,4.08,4,0.12462698729900179,TRUE
2021-12-01,B0,Modelo base TVP-VAR,2.683110849233658,0.09591189342341416,0.25202463486946247,0.8717713204275443,4.114800116327919,3.07,4.02,4,0.11480011632791864,TRUE
2022-01-01,B0,Modelo base TVP-VAR,2.6758277004731434,0.09526825236950459,0.25202463486946247,0.8726318314602804,4.0995840985308964,2.87,4.09,4,0.09958409853089645,TRUE
2022-02-01,B0,Modelo base TVP-VAR,2.657488345946363,0.09433307796105485,0.25202463486946247,0.8738821058035893,4.06566159826392,2.98,3.92,4,0.06566159826391971,TRUE
2022-03-01,B0,Modelo base TVP-VAR,2.643121437713744,0.09349582632321878,0.2520246348694625,0.8750014630402944,4.038508892929484,4.17,3.8,4,0.03850889292948434,TRUE
2022-04-01,B0,Modelo base TVP-VAR,2.6399243769733562,0.09294447015223585,0.25202463486946247,0.8757385944976743,4.030228798690183,4.62,3.94,4,0.03022879869018258,TRUE
2022-05-01,B0,Modelo base TVP-VAR,2.6413303215854294,0.09255797625928872,0.25202463486946247,0.8762553145809349,4.029997321453881,5.82,4.01,4,0.02999732145388112,TRUE
2022-06-01,B0,Modelo base TVP-VAR,2.6480245627884718,0.09238132877524446,0.2520246348694625,0.8764914820969779,4.039122407991826,7.55,4.16,4,0.03912240799182598,TRUE
2022-07-01,B0,Modelo base TVP-VAR,2.6584160305182563,0.09238949867006674,0.2520246348694625,0.8764805594179659,4.055023402000916,8.36,4.51,4,0.05502340200091638,TRUE
2022-08-01,B0,Modelo base TVP-VAR,2.658050609142783,0.09170011525347699,0.2520246348694625,0.8774022253560806,4.050206997202339,8.87,4.55,4,0.05020699720233868,TRUE
2022-09-01,B0,Modelo base TVP-VAR,2.6588354877736275,0.09109332824496448,0.2520246348694625,0.8782134646519183,4.047660521179375,9.03,4.61,4,0.047660521179374804,TRUE
2022-10-01,B0,Modelo base TVP-VAR,2.659981445493986,0.09051404991447952,0.2520246348694625,0.8789879264289902,4.045837198223367,9.7,4.67,4,0.04583719822336718,TRUE
2022-11-01,B0,Modelo base TVP-VAR,2.657986203063409,0.08969114362795363,0.2520246348694625,0.8800881047568985,4.037748614111323,9.17,4.8,4,0.03774861411132324,TRUE
2022-12-01,B0,Modelo base TVP-VAR,2.6463101716059363,0.08806169670870855,0.25202463486946247,0.8822665814757951,4.010085406981396,9.24,4.71,4,0.010085406981396261,TRUE
2023-01-01,B0,Modelo base TVP-VAR,2.629903891141255,0.08605968903828162,0.2520246348694625,0.8849431504695848,3.973170580680895,9.69,4.62,4,-0.026829419319104986,TRUE
2023-02-01,B0,Modelo base TVP-VAR,2.61269624237055,0.08399408271814394,0.2520246348694625,0.8877047471964732,3.934894418827646,9.92,4.49,4,-0.06510558117235421,TRUE
2023-03-01,B0,Modelo base TVP-VAR,2.6057700670834945,0.08278417909050975,0.25202463486946247,0.8893223186888486,3.9173250063579355,8.71,4.43,4,-0.08267499364206454,TRUE
2023-04-01,B0,Modelo base TVP-VAR,2.611939023529141,0.08269002137789215,0.2520246348694625,0.8894482021296771,3.9260432355177004,8.32,4.39,4,-0.0739567644822996,TRUE
2023-05-01,B0,Modelo base TVP-VAR,2.6240799592360626,0.08304262976069907,0.2520246348694625,0.8889767850225838,3.9463840771450944,6.54,4.3,4,-0.05361592285490557,TRUE
2023-06-01,B0,Modelo base TVP-VAR,2.648583057466566,0.08427864656868857,0.25202463486946247,0.8873243017114874,3.990652633036558,4.93,4.24,4,-0.00934736696344185,TRUE
2023-07-01,B0,Modelo base TVP-VAR,2.677513469802838,0.08576335539391036,0.25202463486946247,0.8853393314912947,4.0432873920056664,4.53,4.21,4,0.04328739200566645,TRUE
2023-08-01,B0,Modelo base TVP-VAR,2.702259222579191,0.0870708694843477,0.25202463486946247,0.8835912604298779,4.088728765473287,4.47,4.17,4,0.08872876547328712,TRUE
2023-09-01,B0,Modelo base TVP-VAR,2.7257537118650053,0.08832969907226383,0.25202463486946247,0.8819082777454196,4.132148291298271,4.69,4.15,4,0.13214829129827077,TRUE
2023-10-01,B0,Modelo base TVP-VAR,2.7514409318325166,0.08967271402113008,0.25202463486946247,0.8801127440801739,4.179598741089131,4.98,4.32,4,0.17959874108913088,TRUE
2023-11-01,B0,Modelo base TVP-VAR,2.766730668561842,0.09059689216954547,0.25202463486946247,0.8788771711034435,4.20873329803426,4.3,4.43,4,0.20873329803426,TRUE
2023-12-01,B0,Modelo base TVP-VAR,2.7694578536493073,0.09098372809890379,0.2520246348694625,0.8783599937371932,4.2153624149038595,4.18,4.32,4,0.21536241490385954,TRUE
2024-01-01,B0,Modelo base TVP-VAR,2.7678217188847722,0.09120941441513017,0.25202463486946247,0.878058264125835,4.214319752523433,3.82,4.29,4,0.2143197525234326,TRUE
2024-02-01,B0,Modelo base TVP-VAR,2.7608716967765488,0.0912443209325625,0.25202463486946247,0.8780115961217005,4.203960999206655,3.3,4.28,4,0.20396099920665467,TRUE
2024-03-01,B0,Modelo base TVP-VAR,2.744817869585263,0.09098053099021262,0.25202463486946247,0.8783642680874462,4.1778378260414275,3.24,4.14,4,0.1778378260414275,TRUE
2024-04-01,B0,Modelo base TVP-VAR,2.727105918995468,0.09066974357027786,0.25202463486946247,0.8787797729749374,4.148916165545765,3.36,4.02,4,0.14891616554576537,TRUE
2024-05-01,B0,Modelo base TVP-VAR,2.713901387298449,0.09048439056068862,0.25202463486946247,0.8790275792774309,4.127663332677636,3.76,3.99,4,0.12766333267763574,TRUE
2024-06-01,B0,Modelo base TVP-VAR,2.704879400412254,0.09041974210120145,0.2520246348694625,0.87911401054576,4.113537023607171,3.62,4.02,4,0.11353702360717133,TRUE
2024-07-01,B0,Modelo base TVP-VAR,2.6989571433125454,0.0904551985664,0.2520246348694625,0.8790666072931244,4.104751885278148,3.78,4.07,4,0.10475188527814794,TRUE
2024-08-01,B0,Modelo base TVP-VAR,2.6899331112004616,0.0903942138272372,0.25202463486946247,0.8791481403783111,4.090648136536637,3.07,4.02,4,0.09064813653663695,TRUE
2024-09-01,B0,Modelo base TVP-VAR,2.684714344372093,0.09045677275866801,0.25202463486946247,0.879064502688693,4.0831002735413335,2.11,3.97,4,0.08310027354133354,TRUE
2024-10-01,B0,Modelo base TVP-VAR,2.6800613915638154,0.09053425124413114,0.25202463486946247,0.878960918414297,4.076504092846983,1.16,3.96,4,0.07650409284698334,TRUE
2024-11-01,B0,Modelo base TVP-VAR,2.6664080847947234,0.09044861776956627,0.25202463486946247,0.8790754054396149,4.055208545502575,1.66,3.66,4,0.055208545502575035,TRUE
2024-12-01,B0,Modelo base TVP-VAR,2.66389106437608,0.0904739380847041,0.25202463486946247,0.8790415536360419,4.0515365515554755,1.7,3.95,4,0.05153655155547554,TRUE
2025-01-01,B0,Modelo base TVP-VAR,2.6396290291709086,0.0901892228053775,0.25202463486946247,0.8794222015725911,4.012898508077834,2.19,3.76,4,0.012898508077833881,TRUE
2025-02-01,B0,Modelo base TVP-VAR,2.618264266347231,0.08994681158216485,0.25202463486946247,0.8797462914216871,3.9789523603929116,1.79,3.79,4,-0.021047639607088442,TRUE
2025-03-01,B0,Modelo base TVP-VAR,2.594135487112979,0.08965240932029066,0.25202463486946247,0.8801398902961939,3.9405210834858155,1.57,3.71,4,-0.059478916514184466,TRUE
2025-04-01,B0,Modelo base TVP-VAR,2.5699849809908613,0.08935767302161568,0.25202463486946247,0.8805339357586719,3.9020891964831073,1.47,3.62,4,-0.09791080351689274,TRUE
2025-05-01,B0,Modelo base TVP-VAR,2.5484099093641817,0.08909766585442043,0.25202463486946247,0.8808815503718214,3.8678041648154418,1.69,3.55,4,-0.13219583518455824,TRUE
2025-06-01,B0,Modelo base TVP-VAR,2.5310830400980016,0.08889129591116743,0.25202463486946247,0.8811574551046156,3.8403037765665577,1.79,3.53,4,-0.15969622343344225,TRUE
2025-07-01,B0,Modelo base TVP-VAR,2.5184406877897674,0.08875292383366588,0.25202463486946247,0.8813424506057407,3.8203200164656144,1.17,3.54,4,-0.17967998353438563,TRUE
2025-08-01,B0,Modelo base TVP-VAR,2.5085435914692646,0.08865675828537883,0.25202463486946247,0.8814710184072622,3.8047517018708947,1.17,3.49,4,-0.19524829812910527,TRUE
2025-09-01,B0,Modelo base TVP-VAR,2.50011704808736,0.0885753705541788,0.25202463486946247,0.8815798291181415,3.7915029855188234,1.47,3.42,4,-0.20849701448117663,TRUE
2025-10-01,B0,Modelo base TVP-VAR,2.498138908731173,0.08855878384624975,0.25202463486946247,0.8816020045916961,3.788407782931037,1.26,3.37,4,-0.2115922170689628,TRUE
2025-11-01,B0,Modelo base TVP-VAR,2.508407011157149,0.08869681651780899,0.25202463486946247,0.8814174628567754,3.804775714962069,1.73,3.3,4,-0.1952242850379311,TRUE
2025-12-01,B0,Modelo base TVP-VAR,2.535936526943286,0.08902165511984855,0.25202463486946247,0.8809831723477786,3.84842893881294,1.65,3.72,4,-0.15157106118705999,TRUE
2026-01-01,B0,Modelo base TVP-VAR,2.5432626799197844,0.0890462917589001,0.25202463486946247,0.8809502345797717,3.859691099842211,0.96,3.64,4,-0.14030890015778885,TRUE
2026-02-01,B0,Modelo base TVP-VAR,2.549338254706084,0.08905320534413223,0.25202463486946247,0.8809409915143521,3.868952070958535,1.56,3.62,4,-0.13104792904146478,TRUE
2026-03-01,B0,Modelo base TVP-VAR,2.548508674525317,0.08900318273645627,0.2520246348694625,0.8810078688608637,3.8673994784824584,2.5,3.61,4,-0.13260052151754165,TRUE
2026-04-01,B0,Modelo base TVP-VAR,2.5466283466466333,0.08893908129092566,0.2520246348694625,0.8810935688030261,3.8641701664887402,3.24,3.71,4,-0.13582983351125977,TRUE
2026-05-01,B0,Modelo base TVP-VAR,2.541568942543768,0.08880671694900912,0.2520246348694625,0.8812705323075574,3.855718789956536,2.86,3.74,4,-0.14428121004346384,TRUE
2026-06-01,B0,Modelo base TVP-VAR,2.5389857945568033,0.08874326293762791,0.25202463486946247,0.8813553666675368,3.85142924034034,2.27,3.71,4,-0.14857075965965993,TRUE
2010-03-01,R1,Inflación AR(2),6.683520433027405,0.11646794333679482,-0.1800520641252379,0.9013027078401566,6.283960339754659,3.93,6.26,5,1.2839603397546586,FALSE
2010-04-01,R1,Inflación AR(2),6.482831657372711,0.11646794292467884,-0.18005206412523833,0.9013027081893921,6.095269314527729,3.75,5.81,5,1.0952693145277292,FALSE
2010-05-01,R1,Inflación AR(2),6.295145242537431,0.11646794255492628,-0.1800520641252561,0.9013027085027294,5.918803331929173,3.51,5.7,5,0.9188033319291726,TRUE
2010-06-01,R1,Inflación AR(2),6.053537959983071,0.11646794201754773,-0.18005206412515662,0.9013027089581065,5.6916400256026005,4.07,5.45,5,0.6916400256026005,TRUE
2010-07-01,R1,Inflación AR(2),5.758944287484085,0.11646794132627301,-0.18005206412511043,0.9013027095439028,5.414658007802276,4.12,5.11,5,0.41465800780227635,TRUE
2010-08-01,R1,Inflación AR(2),6.002269989766748,0.1164679424478668,-0.18005206412513353,0.9013027085934435,5.643437004588972,4.1,5.57,5,0.64343700458897235,TRUE
2010-09-01,R1,Inflación AR(2),6.215419921584994,0.1164679434665064,-0.18005206412513286,0.9013027077302276,5.843844225256093,3.76,5.68,5,0.8438442252560927,TRUE
2010-10-01,R1,Inflación AR(2),6.466719810064363,0.11646794461466038,-0.18005206412513242,0.9013027067572587,6.080120689504796,4.51,5.89,5,1.0801206895047963,FALSE
2010-11-01,R1,Inflación AR(2),6.6874327298721585,0.11646794566758581,-0.18005206412513153,0.9013027058649883,6.287638762010244,5.25,6.22,5,1.2876387620102436,FALSE
2010-12-01,R1,Inflación AR(2),6.6507239236677345,0.11646794575920563,-0.1800520641251319,0.9013027057873478,6.253124514388012,5.39,6.2,5,1.2531245143880119,FALSE
2011-01-01,R1,Inflación AR(2),6.394788148911341,0.11646794489782335,-0.18005206412513175,0.9013027065173006,6.012489311665486,4.9,5.85,5,1.0124893116654858,FALSE
2011-02-01,R1,Inflación AR(2),6.352325141166565,0.11646794498917516,-0.18005206412513167,0.9013027064398872,5.972564865228639,5.24,5.81,5,0.9725648652286392,TRUE
2011-03-01,R1,Inflación AR(2),6.53656950027253,0.11646794600034538,-0.18005206412513142,0.9013027055830011,6.145794572221716,4.99,6.13,5,1.1457945722217158,FALSE
2011-04-01,R1,Inflación AR(2),6.609798086393461,0.11646794652983838,-0.18005206412513142,0.901302705134298,6.214645345906314,5.76114812916453,6.19,5,1.2146453459063142,FALSE
2011-05-01,R1,Inflación AR(2),6.292942695696672,0.11646794544757604,-0.1800520641251313,0.901302706051429,5.91673247577373,6.3930220625962,5.74,5,0.9167324757737303,TRUE
2011-06-01,R1,Inflación AR(2),6.391469793043354,0.11646794634683011,-0.1800520641251313,0.9013027052893829,6.009369344847273,6.42229936695938,6.16,5,1.009369344847273,FALSE
2011-07-01,R1,Inflación AR(2),6.271894832899484,0.11646794609155085,-0.18005206412513125,0.9013027055057117,5.896942918342319,7.03967446592064,5.88,5,0.8969429183423188,TRUE
2011-08-01,R1,Inflación AR(2),6.26912611784549,0.1164679464574225,-0.18005206412513125,0.9013027051956647,5.894339727066258,7.6258261311642,5.95,5,0.8943397270662583,TRUE
2011-09-01,R1,Inflación AR(2),6.571285481033516,0.11646794860071596,-0.1800520641251313,0.9013027033793944,6.1784351468933405,7.24931562404949,6.43,5,1.1784351468933405,FALSE
2011-10-01,R1,Inflación AR(2),6.71451989117637,0.11646794974050438,-0.18005206412513136,0.9013027024135146,6.313106599059432,6.65,6.51,5,1.3131065990594317,FALSE
2011-11-01,R1,Inflación AR(2),6.444298775291504,0.11646794839849552,-0.18005206412513153,0.9013027035507601,6.059040070271064,6.05484387510006,6.06,5,1.059040070271064,FALSE
2011-12-01,R1,Inflación AR(2),6.123475614975138,0.11646794677785521,-0.1800520641251313,0.9013027049241236,5.757396631916545,6.2,5.62,5,0.7573966319165448,TRUE
2012-01-01,R1,Inflación AR(2),6.24896130090381,0.11646794739479688,-0.18005206412513125,0.9013027044013147,5.875380426058204,5.44,5.95,4.5,1.3753804260582037,FALSE
2012-02-01,R1,Inflación AR(2),6.409261574247785,0.11646794819046685,-0.18005206412513136,0.9013027037270478,6.026097492642043,5.17,6.11,4.5,1.5260974926420428,FALSE
2012-03-01,R1,Inflación AR(2),6.04387693033057,0.11646794661822836,-0.1800520641251312,0.9013027050593945,5.682556584708819,4.55,5.47,4.5,1.182556584708819,FALSE
2012-04-01,R1,Inflación AR(2),5.966645886356259,0.11646794627953513,-0.18005206412513114,0.90130270534641,5.609942632880173,4.27,5.54,4.5,1.1099426328801734,FALSE
2012-05-01,R1,Inflación AR(2),5.781934473737373,0.11646794553591083,-0.1800520641251312,0.9013027059765724,5.436273796008496,3.9,5.28,4.5,0.9362737960084964,TRUE
2012-06-01,R1,Inflación AR(2),5.603920867050821,0.11646794481596766,-0.18005206412513114,0.9013027065866667,5.268902351316387,3.47,5.11,4.5,0.7689023513163873,TRUE
2012-07-01,R1,Inflación AR(2),5.416305519341321,0.11646794406501777,-0.18005206412513103,0.9013027072230368,5.092503185394677,2.86,4.9,4.5,0.5925031853946772,TRUE
2012-08-01,R1,Inflación AR(2),5.230145165643702,0.11646794331824843,-0.18005206412513108,0.9013027078558643,4.917472030022298,2.71,4.55,4.5,0.4174720300222976,TRUE
2012-09-01,R1,Inflación AR(2),5.541293294057458,0.11646794374917294,-0.18005206412513114,0.9013027074906901,5.210018829633061,3.28,5.17,4.5,0.7100188296330607,TRUE
2012-10-01,R1,Inflación AR(2),5.350094489211563,0.11646794305286484,-0.1800520641251312,0.9013027080807557,5.030250436437312,3.35,4.76,4.5,0.5302504364373117,TRUE
2012-11-01,R1,Inflación AR(2),5.315467499845669,0.11646794278179068,-0.1800520641251312,0.9013027083104694,4.997693546921389,3.11,4.82,4.5,0.497693546921389,TRUE
2012-12-01,R1,Inflación AR(2),5.3893745609061785,0.11646794281177529,-0.18005206412513122,0.9013027082850599,5.0671822312006345,3.45,4.93,4.5,0.5671822312006345,TRUE
2013-01-01,R1,Inflación AR(2),5.287647475249211,0.11646794238947736,-0.18005206412513122,0.9013027086429237,4.971536681668719,3.86,4.83,4,0.9715366816687192,TRUE
2013-02-01,R1,Inflación AR(2),5.078876435330531,0.1164679416613905,-0.18005206412513125,0.9013027092599193,4.775246572471918,4.18,4.61,4,0.775246572471918,TRUE
2013-03-01,R1,Inflación AR(2),5.055345412466922,0.1164679415253594,-0.1800520641251312,0.9013027093751947,4.753122301327598,4.34,4.66,4,0.7531223013275978,TRUE
2013-04-01,R1,Inflación AR(2),5.22977361954904,0.1164679420744892,-0.1800520641251312,0.9013027089098511,4.917122690272755,4.13,4.93,4,0.9171226902727554,TRUE
2013-05-01,R1,Inflación AR(2),5.275884349673078,0.1164679421624967,-0.18005206412513122,0.9013027088352717,4.960476788556672,4.27,4.83,4,0.9604767885566723,TRUE
2013-06-01,R1,Inflación AR(2),5.4709741191852626,0.11646794275997083,-0.18005206412513122,0.9013027083289601,5.143903532673098,4.79,5.21,4,1.1439035326730984,FALSE
2013-07-01,R1,Inflación AR(2),5.24327908428116,0.11646794186262897,-0.1800520641251313,0.9013027090893857,4.929820758444032,4.74,4.81,4,0.9298207584440323,TRUE
2013-08-01,R1,Inflación AR(2),5.217141983627355,0.11646794176470875,-0.18005206412513128,0.9013027091723653,4.905246208498206,4.42,4.89,4,0.9052462084982063,TRUE
2013-09-01,R1,Inflación AR(2),5.240928454262107,0.11646794186272914,-0.18005206412513128,0.9013027090893008,4.927610655858486,4.21,4.91,4,0.9276106558584862,TRUE
2013-10-01,R1,Inflación AR(2),5.132829775703127,0.11646794147807026,-0.18005206412513128,0.9013027094152686,4.825974425914217,4.15,4.71,4,0.8259744259142172,TRUE
2013-11-01,R1,Inflación AR(2),5.135227570262605,0.11646794147859782,-0.1800520641251313,0.9013027094148215,4.8282288734101595,4.63,4.7,4,0.8282288734101595,TRUE
2013-12-01,R1,Inflación AR(2),5.405376886862507,0.11646794239919468,-0.1800520641251313,0.9013027086346891,5.082227890061864,4.39,5.19,4,1.0822278900618638,FALSE
2014-01-01,R1,Inflación AR(2),5.32767837059579,0.11646794198623707,-0.18005206412513128,0.9013027089846377,5.009174412910279,4.14,4.94,4,1.009174412910279,FALSE
2014-02-01,R1,Inflación AR(2),5.115210285279856,0.11646794108339135,-0.18005206412513125,0.9013027097497275,4.809408277599036,3.5,4.68,4,0.8094082775990357,TRUE
2014-03-01,R1,Inflación AR(2),5.008782204046571,0.11646794054405077,-0.18005206412513125,0.9013027102067755,4.709342771291127,3.25,4.54,4,0.7093427712911273,TRUE
2014-04-01,R1,Inflación AR(2),5.030588853862551,0.1164679403763431,-0.18005206412513122,0.9013027103488944,4.729845756000344,3.27,4.66,4,0.7298457560003442,TRUE
2014-05-01,R1,Inflación AR(2),4.792987335362695,0.11646793951055175,-0.1800520641251312,0.9013027110825835,4.506448737282133,3.22,4.28,4,0.5064487372821329,TRUE
2014-06-01,R1,Inflación AR(2),4.763419233222778,0.11646793920803653,-0.18005206412513122,0.901302711338941,4.478648300240549,3.13,4.36,4,0.4786483002405486,TRUE
2014-07-01,R1,Inflación AR(2),4.763552434683438,0.11646793898471161,-0.18005206412513122,0.9013027115281911,4.478773537593494,3.41,4.41,4,0.4787735375934936,TRUE
2014-08-01,R1,Inflación AR(2),4.509580519432448,0.11646793810282224,-0.1800520641251312,0.90130271227552194,4.23998479208015,3.7,4.06,4,0.23998479208014967,TRUE
2014-09-01,R1,Inflación AR(2),4.4557136379614,0.1164679377859387,-0.18005206412513128,0.9013027125440556,4.189338226866699,3.45,4.13,4,0.189338226866699,TRUE
2014-10-01,R1,Inflación AR(2),4.499167002631446,0.11646793776721243,-0.18005206412513128,0.9013027125599246,4.230193824007279,3.64,4.17,4,0.23019382400727917,TRUE
2014-11-01,R1,Inflación AR(2),4.4946556905361135,0.11646793761146707,-0.18005206412513128,0.9013027126919063,4.225952210540412,3.38,4.16,4,0.22595221054041215,TRUE
2014-12-01,R1,Inflación AR(2),4.519688932522396,0.11646793754476868,-0.18005206412513128,0.9013027127484279,4.249488892857123,2.95,4.21,4,0.24948889285712283,TRUE
2015-01-01,R1,Inflación AR(2),4.371347226319881,0.11646793699284491,-0.18005206412513128,0.9013027132161393,4.110015479552359,2.32,3.89,4,0.11001547955235935,TRUE
2015-02-01,R1,Inflación AR(2),4.477029141620251,0.11646793706141377,-0.18005206412513125,0.9013027131580327,4.20937942537764,2.44,4.07,4,0.20937942537763998,TRUE
2015-03-01,R1,Inflación AR(2),4.494752633558147,0.11646793696101401,-0.18005206412513128,0.9013027132431134,4.226043355444491,2.43,4.11,4,0.2260433554444914,TRUE
2015-04-01,R1,Inflación AR(2),4.269959760489164,0.11646793637064216,-0.18005206412513125,0.9013027137434064,4.014689246542436,2.58,3.82,4,0.014689246542435974,TRUE
2015-05-01,R1,Inflación AR(2),4.01844979583092,0.11646793572651316,-0.18005206412513122,0.9013027142892545,3.7782152709266974,2.55,3.57,4,-0.2217847290733026,TRUE
2015-06-01,R1,Inflación AR(2),3.9990561493053023,0.11646793557825195,-0.1800520641251312,0.901302714414894,3.759981032030826,2.39,3.67,4,-0.2400189679691742,TRUE
2015-07-01,R1,Inflación AR(2),3.9161210185563413,0.11646793529582611,-0.1800520641251312,0.9013027146542273,3.682004001758511,2.32,3.56,4,-0.31799599824148883,TRUE
2015-08-01,R1,Inflación AR(2),3.733291314017097,0.1164679348157123,-0.18005206412513117,0.9013027150610855,3.510104383036544,1.96,3.31,4,-0.48989561696345607,TRUE
2015-09-01,R1,Inflación AR(2),3.7498262671594635,0.11646793471857894,-0.18005206412513122,0.9013027151433983,3.5256508286295625,1.88,3.4,4,-0.47434917137043753,TRUE
2015-10-01,R1,Inflación AR(2),3.6985203725218363,0.11646793451134549,-0.18005206412513125,0.9013027153190121,3.4774121477958326,2.23,3.28,4,-0.5225878522041674,TRUE
2015-11-01,R1,Inflación AR(2),3.7432797398984037,0.11646793445365454,-0.18005206412513125,0.9013027153679005,3.5194956707887695,2.51,3.37,4,-0.48050432921123054,TRUE
2015-12-01,R1,Inflación AR(2),3.94913756261829,0.11646793469342918,-0.18005206412513128,0.9013027151647107,3.713046719424449,3.07,3.65,4,-0.2869532805755508,TRUE
2016-01-01,R1,Inflación AR(2),4.09689481177675,0.11646793481245174,-0.1800520641251313,0.9013027150638485,3.851970614138712,4.38,3.8,4,-0.148029385861288,TRUE
2016-02-01,R1,Inflación AR(2),4.23425449624238,0.11646793490504351,-0.1800520641251313,0.9013027149853844,3.9811185405213805,4.27,4.09,4,-0.018881459478619522,TRUE
2016-03-01,R1,Inflación AR(2),4.258423582218799,0.11646793458712411,-0.18005206412513128,0.9013027152547958,4.003842727578631,4.26,3.99,4,0.0038427275786308,TRUE
2016-04-01,R1,Inflación AR(2),4.393941649913317,0.11646793466289491,-0.18005206412513128,0.901302715190586,4.131259134277378,4.09,4.19,4,0.13125913427737768,TRUE
2016-05-01,R1,Inflación AR(2),4.459934054597418,0.11646793449342349,-0.1800520641251313,0.9013027153341996,4.1933063218438384,4.36,4.16,4,0.19330632184383845,TRUE
2016-06-01,R1,Inflación AR(2),4.60895685508807,0.11646793460514275,-0.18005206412513128,0.9013027152395264,4.333420109576251,4.43,4.39,4,0.33342010957625057,TRUE
2016-07-01,R1,Inflación AR(2),4.67346943140419,0.11646793441176626,-0.18005206412513128,0.9013027154033976,4.394075937052281,4.62,4.41,4,0.39407593705228106,TRUE
2016-08-01,R1,Inflación AR(2),4.696196106981528,0.11646793406511376,-0.18005206412513125,0.9013027156971579,4.4154439449153156,4.74,4.45,4,0.41544394491531556,TRUE
2016-09-01,R1,Inflación AR(2),4.681899850483089,0.11646793357683193,-0.18005206412513125,0.9013027161109378,4.402002357885383,4.56,4.42,4,0.4020023578853831,TRUE
2016-10-01,R1,Inflación AR(2),4.715919581564877,0.11646793327818125,-0.18005206412513125,0.9013027163640204,4.433988289962083,4.76,4.43,4,0.43398828996208305,TRUE
2016-11-01,R1,Inflación AR(2),4.830363261290745,0.11646793328319277,-0.18005206412513125,0.9013027163597735,4.541590196035555,4.67,4.6,4,0.5415901960355551,TRUE
2016-12-01,R1,Inflación AR(2),4.895906848544152,0.11646793309547078,-0.18005206412513125,0.901302716518853,4.603215397548667,4.23,4.66,4,0.6032153975486674,TRUE
2017-01-01,R1,Inflación AR(2),4.7775916981682975,0.11646793219679458,-0.18005206412513128,0.9013027172804093,4.491973464766026,3.83,4.4,4,0.4919734647660263,TRUE
2017-02-01,R1,Inflación AR(2),4.777762015585073,0.11646793171311634,-0.18005206412513128,0.9013027176902881,4.492133598072754,3.96,4.46,4,0.4921335980727539,TRUE
2017-03-01,R1,Inflación AR(2),4.670128725887088,0.11646793088755901,-0.18005206412513128,0.9013027183898821,4.390934934005755,4,4.28,4,0.3909349340057551,TRUE
2017-04-01,R1,Inflación AR(2),4.745906660196873,0.11646793066339914,-0.1800520641251313,0.9013027185798397,4.462182643464219,4.09,4.51,4,0.4621826434642191,TRUE
2017-05-01,R1,Inflación AR(2),4.560310780121022,0.11646792957354896,-0.18005206412513136,0.9013027195034008,4.287682217113641,3.93,4.17,4,0.28768221711364106,TRUE
2017-06-01,R1,Inflación AR(2),4.582121591841137,0.1164679291861021,-0.1800520641251314,0.9013027198317312,4.308189113881255,4.36,4.26,4,0.30818911388125514,TRUE
2017-07-01,R1,Inflación AR(2),4.714122384707896,0.11646792915722623,-0.18005206412513142,0.9013027198562011,4.432298517549954,5.22,4.48,4,0.4322985175499543,TRUE
2017-08-01,R1,Inflación AR(2),4.750831788818043,0.11646792878433275,-0.18005206412513142,0.9013027201721986,4.466813325770188,4.72,4.51,4,0.46681332577018786,TRUE
2017-09-01,R1,Inflación AR(2),4.94760950715733,0.11646792910329637,-0.1800520641251314,0.9013027199019024,4.651827104449765,4.36,4.75,4,0.6518271044497652,TRUE
2017-10-01,R1,Inflación AR(2),4.898760791302871,0.11646792846229005,-0.1800520641251314,0.9013027204451041,4.605898703302763,4.2,4.53,4,0.6058987033027634,TRUE
2017-11-01,R1,Inflación AR(2),4.930831178219349,0.11646792811341504,-0.18005206412513142,0.9013027207407478,4.636051828216655,4.69,4.63,4,0.6360518282166554,TRUE
2017-12-01,R1,Inflación AR(2),4.865559500894491,0.11646792742601539,-0.18005206412513142,0.9013027213232642,4.574682277600517,5.68,4.56,4,0.5746822776005169,TRUE
2018-01-01,R1,Inflación AR(2),4.869207321312625,0.11646792700625842,-0.18005206412513142,0.9013027216789747,4.578112018953901,4.71,4.71,4,0.5781120189539006,TRUE
2018-02-01,R1,Inflación AR(2),4.871745530140044,0.11646792658128279,-0.18005206412513142,0.9013027220391077,4.580498484483269,4.15,4.56,4,0.580498484483269,TRUE
2018-03-01,R1,Inflación AR(2),4.920845977724402,0.11646792633789857,-0.18005206412513142,0.9013027222453565,4.626663564165343,4.14,4.62,4,0.6266635641653426,TRUE
2018-04-01,R1,Inflación AR(2),4.83004401191239,0.11646792561377041,-0.18005206412513142,0.9013027228589973,4.541289999560102,3.92,4.46,4,0.5412899995601022,TRUE
2018-05-01,R1,Inflación AR(2),4.8166190599122976,0.11646792515489067,-0.18005206412513142,0.9013027232478612,4.528667628097327,4.09,4.48,4,0.5286676280973266,TRUE
2018-06-01,R1,Inflación AR(2),4.765764033667791,0.11646792457451904,-0.1800520641251314,0.9013027237396799,4.480852860105108,3.79,4.43,4,0.48085286010510764,TRUE
2018-07-01,R1,Inflación AR(2),4.735731749696398,0.1164679240646657,-0.18005206412513142,0.90130272417174,4.45261599089581,2.61,4.36,4,0.4526159908958096,TRUE
2018-08-01,R1,Inflación AR(2),4.779788067913492,0.11646792378731674,-0.1800520641251314,0.9013027244067711,4.494038493649727,3.36,4.33,4,0.4940384936497271,TRUE
2018-09-01,R1,Inflación AR(2),4.705172057827789,0.11646792325350139,-0.18005206412513136,0.901302724859137,4.423883242534812,4.55,4.32,4,0.4238832425348118,TRUE
2018-10-01,R1,Inflación AR(2),4.6187063071323475,0.11646792268671832,-0.18005206412513136,0.9013027253394404,4.3425866625708744,4.34,4.32,4,0.34258666257087445,TRUE
2018-11-01,R1,Inflación AR(2),4.725146706009533,0.1164679228467069,-0.1800520641251314,0.9013027252038629,4.4426637466876135,3.15,4.47,4,0.44266374668761355,TRUE
2018-12-01,R1,Inflación AR(2),4.766257649469962,0.11646792277192725,-0.1800520641251314,0.9013027252672327,4.481316958530263,2.31,4.38,4,0.4813169585302628,TRUE
2019-01-01,R1,Inflación AR(2),4.611080893024583,0.11646792218517805,-0.1800520641251314,0.9013027257644558,4.335417115766766,4.1,4.07,4,0.3354171157667656,TRUE
2019-02-01,R1,Inflación AR(2),4.537506995203016,0.1164679217545127,-0.1800520641251314,0.9013027261294103,4.266241677023676,4.46,4.25,4,0.2662416770236762,TRUE
2019-03-01,R1,Inflación AR(2),4.586234667953007,0.11646792173904641,-0.1800520641251314,0.9013027261425168,4.312056268217835,4.17,4.35,4,0.3120562682178347,TRUE
2019-04-01,R1,Inflación AR(2),4.598744158632928,0.11646792158982758,-0.18005206412513142,0.9013027262689679,4.323817904684755,4.75,4.3,4,0.3238179046847547,TRUE
2019-05-01,R1,Inflación AR(2),4.615767457541091,0.11646792145619421,-0.1800520641251314,0.9013027263822115,4.339823500901748,4.54,4.39,4,0.3398235009017476,TRUE
2019-06-01,R1,Inflación AR(2),4.650886073126878,0.11646792139373138,-0.1800520641251314,0.9013027264351438,4.372842623605591,4.8,4.36,4,0.3728426236055906,TRUE
2019-07-01,R1,Inflación AR(2),4.796948020928252,0.11646792174832764,-0.18005206412513136,0.9013027261346517,4.510172566326964,4.37,4.6,4,0.5101725663269638,TRUE
2019-08-01,R1,Inflación AR(2),4.832783889179355,0.11646792166483108,-0.18005206412513136,0.9013027262054084,4.543866062162303,3.01,4.53,4,0.5438660621623033,TRUE
2019-09-01,R1,Inflación AR(2),4.806011078112051,0.1164679213547885,-0.18005206412513136,0.9013027264681447,4.518693806014934,1.8,4.34,4,0.5186938060149338,TRUE
2019-10-01,R1,Inflación AR(2),4.782820993869089,0.1164679210536753,-0.18005206412513136,0.9013027267233141,4.496890090949541,2.17,4.22,4,0.49689009094954084,TRUE
2019-11-01,R1,Inflación AR(2),4.725603232155068,0.11646792070184606,-0.1800520641251314,0.9013027270214614,4.443092971417468,2.92,4.25,4,0.4430929714174683,TRUE
2019-12-01,R1,Inflación AR(2),4.548864833396244,0.11646792013526186,-0.1800520641251314,0.9013027275015963,4.276920504222533,3.41,4.1,4,0.27692050422253267,TRUE
2020-01-01,R1,Inflación AR(2),4.462218970896667,0.11646791978650493,-0.1800520641251314,0.9013027277971399,4.195454581237134,1.78,4.11,4,0.19545458123713377,TRUE
2020-02-01,R1,Inflación AR(2),4.417947228461135,0.11646791955739327,-0.1800520641251314,0.9013027279912939,4.1538295310491655,1.24,3.85,4,0.15382953104916552,TRUE
2020-03-01,R1,Inflación AR(2),4.50749046005311,0.11646791952550806,-0.18005206412513136,0.901302728018314,4.238019608453184,1.77,3.99,4,0.23801960845318426,TRUE
2020-04-01,R1,Inflación AR(2),4.478239432104183,0.11646791937165159,-0.1800520641251314,0.901302728148695,4.210517291175077,1.88,3.97,4,0.21051729117507723,TRUE
2020-05-01,R1,Inflación AR(2),4.4337258040529735,0.1164679191954263,-0.1800520641251314,0.9013027282980319,4.168664816215373,1.8,3.96,4,0.16866481621537321,TRUE
2020-06-01,R1,Inflación AR(2),4.30522714997869,0.11646791888846353,-0.18005206412513136,0.9013027285581584,4.047848183201993,2.39,3.77,4,0.047848183201993244,TRUE
2020-07-01,R1,Inflación AR(2),4.297699958101578,0.1164679187618008,-0.1800520641251314,0.901302728665495,4.040770988207465,2.88,3.9,4,0.040770988207465386,TRUE
2020-08-01,R1,Inflación AR(2),4.279777724727961,0.11646791861456669,-0.1800520641251314,0.9013027287902642,4.023920197375159,4.19,3.92,4,0.02392019737515927,TRUE
2020-09-01,R1,Inflación AR(2),4.235288053304628,0.11646791840397731,-0.1800520641251314,0.9013027289687219,3.9820902467786676,4.97,3.99,4,-0.01790975322133237,TRUE
2020-10-01,R1,Inflación AR(2),4.2951457751885815,0.11646791855541087,-0.18005206412513136,0.901302728840394,4.038369500974312,5.34,4.15,4,0.03836950097431213,TRUE
2020-11-01,R1,Inflación AR(2),4.3762020885553925,0.1164679187940821,-0.18005206412513136,0.9013027286381392,4.114580033715399,5.46,4.27,4,0.1145800337153986,TRUE
2020-12-01,R1,Inflación AR(2),4.3848374368896685,0.11646791871253506,-0.18005206412513136,0.9013027287072437,4.122699135561727,4.82,4.26,4,0.12269913556172707,TRUE
2021-01-01,R1,Inflación AR(2),4.3628341893023395,0.1164679184924714,-0.1800520641251314,0.9013027288937302,4.10201130509252,5.24,4.12,4,0.10201130509252021,TRUE
2021-02-01,R1,Inflación AR(2),4.482017447030992,0.11646791883589058,-0.18005206412513136,0.9013027286027098,4.2140694432898975,6,4.39,4,0.21406944328989752,TRUE
2021-03-01,R1,Inflación AR(2),4.451215996325966,0.1164679185285529,-0.18005206412513136,0.901302728863154,4.185109391442856,5.84,4.34,4,0.18510939144285565,TRUE
2021-04-01,R1,Inflación AR(2),4.4948084242290705,0.11646791859081267,-0.1800520641251314,0.9013027288103937,4.2260957377951405,5.2,4.39,4,0.22609573779514047,TRUE
2021-05-01,R1,Inflación AR(2),4.551898131423799,0.11646791871834031,-0.18005206412513136,0.9013027287023243,4.2797724571973825,5.17,4.41,4,0.27977245719738253,TRUE
2021-06-01,R1,Inflación AR(2),4.44612477098471,0.11646791814462833,-0.18005206412513142,0.9013027291884994,4.180322532812758,3.91,4.23,4,0.18032253281275779,TRUE
2021-07-01,R1,Inflación AR(2),4.432359010131546,0.11646791796478802,-0.18005206412513142,0.9013027293408997,4.167379728376785,3.82,4.12,4,0.16737972837678505,TRUE
2021-08-01,R1,Inflación AR(2),4.441860006062932,0.11646791786027512,-0.18005206412513142,0.9013027294294661,4.176312726794642,3.62,4.14,4,0.1763127267946416,TRUE
2021-09-01,R1,Inflación AR(2),4.470165290582668,0.11646791781524084,-0.18005206412513144,0.901302729467629,4.202925839099731,3.67,4.2,4,0.2029258390997306,TRUE
2021-10-01,R1,Inflación AR(2),4.294835450619333,0.11646791715982449,-0.18005206412513142,0.9013027300230421,4.038077723209451,2.96,3.89,4,0.03807772320945091,TRUE
2021-11-01,R1,Inflación AR(2),4.408251230053234,0.11646791738185733,-0.18005206412513142,0.901302729834887,4.1447131790666765,2.89,4.08,4,0.14471317906667647,TRUE
2021-12-01,R1,Inflación AR(2),4.417616798062813,0.11646791734886959,-0.1800520641251314,0.9013027298628414,4.15351884611356,3.07,4.02,4,0.1535188461135597,TRUE
2022-01-01,R1,Inflación AR(2),4.425451042242491,0.11646791731221742,-0.18005206412513142,0.9013027298939013,4.1608847362981,2.87,4.09,4,0.16088473629810007,TRUE
2022-02-01,R1,Inflación AR(2),4.316343825772204,0.11646791697829781,-0.18005206412513142,0.9013027301768715,4.05830026458293,2.98,3.92,4,0.058300264582929806,TRUE
2022-03-01,R1,Inflación AR(2),4.185192897147823,0.1164679165919932,-0.18005206412513144,0.9013027305042338,3.9349899176806082,4.17,3.8,4,-0.06501008231939176,TRUE
2022-04-01,R1,Inflación AR(2),4.154511746949242,0.11646791645359751,-0.18005206412513144,0.9013027306215132,3.906142975188718,4.62,3.94,4,-0.09385702481128222,TRUE
2022-05-01,R1,Inflación AR(2),4.184519444632193,0.11646791652475075,-0.18005206412513142,0.9013027305612165,3.934356725862408,5.82,4.01,4,-0.06564327413759186,TRUE
2022-06-01,R1,Inflación AR(2),4.226661355806697,0.1164679166423228,-0.18005206412513142,0.9013027304615835,3.973979271701223,7.55,4.16,4,-0.026020728298777218,TRUE
2022-07-01,R1,Inflación AR(2),4.354210687712179,0.1164679171714794,-0.18005206412513142,0.9013027300131655,4.0939033363590775,8.36,4.51,4,0.09390333635907755,TRUE
2022-08-01,R1,Inflación AR(2),4.385049136830678,0.11646791709604348,-0.18005206412513144,0.9013027300770915,4.122898173199972,8.87,4.55,4,0.12289817319997187,TRUE
2022-09-01,R1,Inflación AR(2),4.40330613805464,0.11646791693351571,-0.18005206412513144,0.9013027302148208,4.140063717272892,9.03,4.61,4,0.14006371727289224,TRUE
2022-10-01,R1,Inflación AR(2),4.448669501569097,0.1164679169700715,-0.18005206412513142,0.9013027301838427,4.182715127400753,9.7,4.67,4,0.18271512740075302,TRUE
2022-11-01,R1,Inflación AR(2),4.495303871362566,0.11646791701613066,-0.18005206412513142,0.9013027301448112,4.226561559404164,9.17,4.8,4,0.22656155940416411,TRUE
2022-12-01,R1,Inflación AR(2),4.4819504017198915,0.11646791658038018,-0.18005206412513144,0.901302730514075,4.214006397205454,9.24,4.71,4,0.21400639720545378,TRUE
2023-01-01,R1,Inflación AR(2),4.3763827753416935,0.11646791544445337,-0.18005206412513142,0.9013027314766824,4.114749905562596,9.69,4.62,4,0.11474990556259623,TRUE
2023-02-01,R1,Inflación AR(2),4.211972226936543,0.1164679138583253,-0.18005206412513142,0.9013027328207993,3.960168291225425,9.92,4.49,4,-0.03983170877457498,TRUE
2023-03-01,R1,Inflación AR(2),4.11857974754325,0.11646791284201129,-0.18005206412513147,0.9013027336820444,3.8723590818597167,8.71,4.43,4,-0.12764091814028333,TRUE
2023-04-01,R1,Inflación AR(2),4.15999517557079,0.11646791293300295,-0.18005206412513144,0.9013027336049363,3.9112985755833414,8.32,4.39,4,-0.08870142441665863,TRUE
2023-05-01,R1,Inflación AR(2),4.151295882959476,0.11646791266256477,-0.18005206412513147,0.9013027338341111,3.903119350970869,6.54,4.3,4,-0.09688064902913096,TRUE
2023-06-01,R1,Inflación AR(2),4.256039898093197,0.11646791317365131,-0.18005206412513147,0.901302733401006,4.0016014664055986,4.93,4.24,4,0.0016014664055985506,TRUE
2023-07-01,R1,Inflación AR(2),4.374133368738711,0.1164679137570284,-0.18005206412513147,0.9013027329066404,4.112634968492937,4.53,4.21,4,0.1126349684929373,TRUE
2023-08-01,R1,Inflación AR(2),4.396930397410756,0.11646791395139257,-0.18005206412513147,0.9013027327419323,4.134069125317924,4.47,4.17,4,0.13406912531792425,TRUE
2023-09-01,R1,Inflación AR(2),4.406480600444389,0.11646791409606881,-0.18005206412513147,0.9013027326193307,4.1430483900347514,4.69,4.15,4,0.14304839003475145,TRUE
2023-10-01,R1,Inflación AR(2),4.515786337311976,0.1164679146099649,-0.18005206412513147,0.9013027321838447,4.245819514488337,4.98,4.32,4,0.24581951448833728,TRUE
2023-11-01,R1,Inflación AR(2),4.60536802037265,0.11646791504726436,-0.18005206412513144,0.9013027318132684,4.330045746136332,4.3,4.43,4,0.3300457461363324,TRUE
2023-12-01,R1,Inflación AR(2),4.60972897525593,0.11646791513315306,-0.18005206412513142,0.9013027317404845,4.3341459908224875,4.18,4.32,4,0.3341459908224875,TRUE
2024-01-01,R1,Inflación AR(2),4.587173532789163,0.11646791512320637,-0.18005206412513144,0.9013027317489135,4.312938978165291,3.82,4.29,4,0.3129389781652909,TRUE
2024-02-01,R1,Inflación AR(2),4.588098074176828,0.11646791519452675,-0.18005206412513142,0.9013027316884752,4.313808248073267,3.3,4.28,4,0.3138082480732667,TRUE
2024-03-01,R1,Inflación AR(2),4.515301116383475,0.1164679150326635,-0.18005206412513144,0.9013027318256415,4.245363303163439,3.24,4.14,4,0.24536330316343857,TRUE
2024-04-01,R1,Inflación AR(2),4.400826772591526,0.11646791475691834,-0.18005206412513144,0.9013027320593134,4.137732567005338,3.36,4.02,4,0.13773256700533842,TRUE
2024-05-01,R1,Inflación AR(2),4.334824458475091,0.1164679146112131,-0.18005206412513144,0.901302732182787,4.075676062355952,3.76,3.99,4,0.07567606235595203,TRUE
2024-06-01,R1,Inflación AR(2),4.3156999229058615,0.11646791459592862,-0.18005206412513144,0.9013027321957394,4.05769484700972,3.62,4.02,4,0.05769484700971983,TRUE
2024-07-01,R1,Inflación AR(2),4.354327314892423,0.11646791476044627,-0.18005206412513144,0.9013027320563238,4.0940129819473245,3.78,4.07,4,0.09401298194732455,TRUE
2024-08-01,R1,Inflación AR(2),4.325116826466247,0.11646791472162461,-0.18005206412513144,0.9013027320892221,4.066548781205432,3.07,4.02,4,0.06654878120543195,TRUE
2024-09-01,R1,Inflación AR(2),4.343567311603512,0.11646791483197767,-0.18005206412513144,0.9013027319957067,4.08389624317944,2.11,3.97,4,0.08389624317944033,TRUE
2024-10-01,R1,Inflación AR(2),4.389787964850667,0.11646791501292304,-0.18005206412513142,0.9013027318423699,4.127353692244189,1.16,3.96,4,0.12735369224418935,TRUE
2024-11-01,R1,Inflación AR(2),4.286911298451077,0.11646791493337738,-0.18005206412513142,0.9013027319097785,4.030627291417248,1.66,3.66,4,0.030627291417247626,TRUE
2024-12-01,R1,Inflación AR(2),4.37009731372523,0.11646791503254536,-0.18005206412513142,0.9013027318257415,4.108840205501041,1.7,3.95,4,0.1088402055010409,TRUE
2025-01-01,R1,Inflación AR(2),4.280324195400588,0.11646791489397892,-0.18005206412513142,0.9013027319431655,4.0244339843676356,2.19,3.76,4,0.024433984367635553,TRUE
2025-02-01,R1,Inflación AR(2),4.217559973209668,0.11646791479343109,-0.1800520641251314,0.9013027320283717,3.965421989280076,1.79,3.79,4,-0.034578010719923835,TRUE
2025-03-01,R1,Inflación AR(2),4.176166521228434,0.11646791473163622,-0.18005206412513142,0.901302732080738,3.9265031578459286,1.57,3.71,4,-0.07349684215407137,TRUE
2025-04-01,R1,Inflación AR(2),4.105337255450087,0.11646791462621292,-0.18005206412513136,0.9013027321700758,3.859908270901006,1.47,3.62,4,-0.14009172909899403,TRUE
2025-05-01,R1,Inflación AR(2),4.035262460371198,0.11646791452177041,-0.1800520641251314,0.9013027322585825,3.7940227502224966,1.69,3.55,4,-0.20597724977750342,TRUE
2025-06-01,R1,Inflación AR(2),3.9829626028340677,0.11646791443896336,-0.1800520641251314,0.9013027323287549,3.7448495297803386,1.79,3.53,4,-0.2551504702196614,TRUE
2025-07-01,R1,Inflación AR(2),3.9709390096669543,0.11646791441251703,-0.18005206412513142,0.9013027323511661,3.7335447418428727,1.17,3.54,4,-0.26645525815712734,TRUE
2025-08-01,R1,Inflación AR(2),3.973466930031767,0.11646791440763828,-0.1800520641251314,0.9013027323553005,3.735921535768647,1.17,3.49,4,-0.26407846423135295,TRUE
2025-09-01,R1,Inflación AR(2),3.908985439293889,0.11646791433784194,-0.1800520641251314,0.9013027324144472,3.675294935596458,1.47,3.42,4,-0.32470506440354185,TRUE
2025-10-01,R1,Inflación AR(2),3.8326251753645697,0.1164679142565377,-0.18005206412513142,0.9013027324833461,3.6034997097672927,1.26,3.37,4,-0.3965002902327073,TRUE
2025-11-01,R1,Inflación AR(2),3.8248120643808603,0.11646791425866823,-0.18005206412513142,0.9013027324815407,3.5961536892601114,1.73,3.3,4,-0.40384631073988864,TRUE
2025-12-01,R1,Inflación AR(2),4.062965195488357,0.11646791451741645,-0.18005206412513142,0.9013027322622722,3.820069335357164,1.65,3.72,4,-0.17993066464283602,TRUE
2026-01-01,R1,Inflación AR(2),4.112363037830194,0.11646791450577772,-0.18005206412513142,0.9013027322721351,3.866514031167133,0.96,3.64,4,-0.13348596883286712,TRUE
2026-02-01,R1,Inflación AR(2),4.141796227302387,0.1164679144668626,-0.18005206412513144,0.9013027323051126,3.8941876189421887,1.56,3.62,4,-0.10581238105781132,TRUE
2026-03-01,R1,Inflación AR(2),4.088524273520377,0.11646791436220534,-0.18005206412513142,0.9013027323938012,3.844100416907974,2.5,3.61,4,-0.155899583092026,TRUE
2026-04-01,R1,Inflación AR(2),4.067241387676541,0.11646791429886864,-0.18005206412513142,0.901302732447474,3.8240898835704993,3.24,3.71,4,-0.17591011642950072,TRUE
2026-05-01,R1,Inflación AR(2),4.039972129823529,0.11646791422313989,-0.18005206412513142,0.901302732511648,3.7984508608893903,2.86,3.74,4,-0.20154913911060968,TRUE
2026-06-01,R1,Inflación AR(2),4.048144046389503,0.11646791424249209,-0.18005206412513144,0.9013027324952486,3.806134236615121,2.27,3.71,4,-0.19386576338487904,TRUE
2010-05-01,R2,Inflación AR(4),3.291775355386753,0.17752946335646214,0.2821034127046703,0.7527088629501595,6.091738763439568,3.51,5.7,5,1.0917387634395679,FALSE
2010-06-01,R2,Inflación AR(4),3.276412132684564,0.176965556760777,0.28210341270465733,0.7534943613153389,6.056986838870579,4.07,5.45,5,1.0569868388705794,FALSE
2010-07-01,R2,Inflación AR(4),3.2692972079683082,0.17668502745269424,0.28210341270480477,0.7538851269395402,6.040700994856268,4.12,5.11,5,1.0407009948562678,FALSE
2010-08-01,R2,Inflación AR(4),3.3239314783633263,0.17886440855728816,0.28210341270482786,0.7508493399708197,6.166480610018756,4.1,5.57,5,1.1664806100187564,FALSE
2010-09-01,R2,Inflación AR(4),3.3685285307095687,0.18063902354014505,0.2821034127049522,0.7483773753253624,6.269857807430132,3.76,5.68,5,1.2698578074301317,FALSE
2010-10-01,R2,Inflación AR(4),3.413194558460903,0.1824164065587338,0.2821034127050126,0.7459015549216172,6.374081957184601,4.51,5.89,5,1.3740819571846012,FALSE
2010-11-01,R2,Inflación AR(4),3.429860914061161,0.18316332190506363,0.2821034127050126,0.7448611330007606,6.414152879679424,5.25,6.22,5,1.414152879679424,FALSE
2010-12-01,R2,Inflación AR(4),3.4016138171664783,0.1819275849295723,0.2821034127050046,0.7465824630604975,6.34666147137976,5.39,6.2,5,1.3466614713797602,FALSE
2011-01-01,R2,Inflación AR(4),3.360213686489161,0.1800159535987501,0.2821034127050073,0.7492452857631717,6.247136401618012,4.9,5.85,5,1.247136401618012,FALSE
2011-02-01,R2,Inflación AR(4),3.352896322940723,0.17990243614585033,0.282103412705007,0.7494034108398315,6.232217052507014,5.24,5.81,5,1.2322170525070142,FALSE
2011-03-01,R2,Inflación AR(4),3.356674040813864,0.18032105164622522,0.282103412705007,0.7488202969097986,6.244097467647769,4.99,6.13,5,1.2440974676477694,FALSE
2011-04-01,R2,Inflación AR(4),3.332325809402764,0.17929711322138517,0.2821034127050057,0.7502466004233708,6.187020169550598,5.76114812916453,6.19,5,1.187020169550598,FALSE
2011-05-01,R2,Inflación AR(4),3.2732790781465595,0.17657842798678486,0.2821034127050037,0.7540336155488288,6.046867303195062,6.3930220625962,5.74,5,1.0468673031950617,FALSE
2011-06-01,R2,Inflación AR(4),3.25830097620644,0.17634477577922225,0.28210341270500383,0.7543590833274721,6.016600640826283,6.42229936695938,6.16,5,1.016600640826283,FALSE
2011-07-01,R2,Inflación AR(4),3.220300773031984,0.17467051915134416,0.2821034127050024,0.756691252970717,5.928104267964533,7.03967446592064,5.88,5,0.9281042679645326,TRUE
2011-08-01,R2,Inflación AR(4),3.2119739042693922,0.17486157019895573,0.2821034127050024,0.7564251268308346,5.914855954310067,7.6258261311642,5.95,5,0.9148559543100667,TRUE
2011-09-01,R2,Inflación AR(4),3.226173370306699,0.17660478197735374,0.2821034127050024,0.7539969055392884,5.960137099089276,7.24931562404949,6.43,5,0.9601370990892759,TRUE
2011-10-01,R2,Inflación AR(4),3.213860720841274,0.1763690891340897,0.28210341270500233,0.7543252158383416,5.934806139588348,6.65,6.51,5,0.934806139588348,TRUE
2011-11-01,R2,Inflación AR(4),3.17130827937585,0.1739876943758104,0.28210341270500305,0.7576423993999073,5.830587292579972,6.05484387510006,6.06,5,0.8305872925799722,TRUE
2011-12-01,R2,Inflación AR(4),3.144319709957136,0.17261935427504926,0.2821034127050026,0.7595484400817792,5.766460654413763,6.2,5.62,5,0.7664606544137627,TRUE
2012-01-01,R2,Inflación AR(4),3.158765090977001,0.1737065873017269,0.2821034127050027,0.7580339698280979,5.804526160010406,5.44,5.95,4.5,1.3045261600104059,FALSE
2012-02-01,R2,Inflación AR(4),3.1540810594495743,0.17363294146649907,0.2821034127050027,0.7581365554045321,5.795134552204596,5.17,6.11,4.5,1.2951345522045958,FALSE
2012-03-01,R2,Inflación AR(4),3.0999760916686703,0.17092779517992665,0.2821034127050026,0.7619047113401458,5.667555693043087,4.55,5.47,4.5,1.167555693043087,FALSE
2012-04-01,R2,Inflación AR(4),3.081109649454133,0.17000585627064427,0.2821034127050027,0.7631889337833199,5.623584183827306,4.27,5.54,4.5,1.1235841838273064,FALSE
2012-05-01,R2,Inflación AR(4),3.0411203968055855,0.16814320537301072,0.28210341270500305,0.7657835287857169,5.531790247789948,3.9,5.28,4.5,1.0317902477899477,FALSE
2012-06-01,R2,Inflación AR(4),3.007359205989382,0.16654085459707152,0.28210341270500294,0.7680155365766674,5.454480705720787,3.47,5.11,4.5,0.9544807057207869,TRUE
2012-07-01,R2,Inflación AR(4),2.978998995738972,0.16514467635199348,0.28210341270500316,0.7699603546323414,5.389396104767424,2.86,4.9,4.5,0.8893961047674237,TRUE
2012-08-01,R2,Inflación AR(4),2.9645366553425765,0.1642205299486776,0.2821034127050033,0.7712476520226215,5.35428002711753,2.71,4.55,4.5,0.8542800271175297,TRUE
2012-09-01,R2,Inflación AR(4),2.9896469590492525,0.16440416651143996,0.2821034127050034,0.7709918539508486,5.401423482578011,3.28,5.17,4.5,0.9014234825780107,TRUE
2012-10-01,R2,Inflación AR(4),2.9477550059639848,0.16281053760744083,0.2821034127050033,0.7732117125380079,5.310446925522993,3.35,4.76,4.5,0.8104469255229931,TRUE
2012-11-01,R2,Inflación AR(4),2.93262673466501,0.16207614632013212,0.2821034127050033,0.7742346889670725,5.276212457248635,3.11,4.82,4.5,0.7762124572486346,TRUE
2012-12-01,R2,Inflación AR(4),2.9172600109722233,0.16133393623336498,0.2821034127050033,0.7752685566576318,5.241566255672403,3.45,4.93,4.5,0.741566255672403,TRUE
2013-01-01,R2,Inflación AR(4),2.879434883708761,0.15990807766862328,0.28210341270500316,0.7772547181605223,5.160383832342384,3.86,4.83,4,1.1603838323423838,FALSE
2013-02-01,R2,Inflación AR(4),2.840405204551131,0.1584415431083939,0.2821034127050031,0.779297539628382,5.077092849669133,4.18,4.61,4,1.0770928496691328,FALSE
2013-03-01,R2,Inflación AR(4),2.8317474521969626,0.1581225099631718,0.28210341270500316,0.7797419394916327,5.0587327403486535,4.34,4.66,4,1.0587327403486535,FALSE
2013-04-01,R2,Inflación AR(4),2.8428669985892387,0.15861264134619232,0.28210341270500316,0.7790592069202643,5.0830477419952045,4.13,4.93,4,1.0830477419952045,FALSE
2013-05-01,R2,Inflación AR(4),2.841491421755046,0.15857198135879014,0.2821034127050032,0.7791158445866382,5.080218877549489,4.27,4.83,4,1.0802188775494894,FALSE
2013-06-01,R2,Inflación AR(4),2.8486036212224115,0.15887443467487972,0.2821034127050032,0.7786945397337635,5.095690050691386,4.79,5.21,4,1.0956900506913856,FALSE
2013-07-01,R2,Inflación AR(4),2.8081356759089355,0.1571882889998075,0.2821034127050032,0.7810432703238134,5.008193537436414,4.74,4.81,4,1.008193537436414,FALSE
2013-08-01,R2,Inflación AR(4),2.8004565518639737,0.15703943012561244,0.2821034127050031,0.781250624526117,4.993172532553075,4.42,4.89,4,0.9931725325530749,TRUE
2013-09-01,R2,Inflación AR(4),2.7945207393900033,0.15697145233015172,0.28210341270500305,0.7813453147595905,4.98198523331486,4.21,4.91,4,0.9819852333148598,TRUE
2013-10-01,R2,Inflación AR(4),2.782321977213374,0.15663252102940184,0.28210341270500305,0.7818174319234663,4.957242311494701,4.15,4.71,4,0.9572423114947011,TRUE
2013-11-01,R2,Inflación AR(4),2.78747674262624,0.15700868424376807,0.28210341270500305,0.7812934522570028,4.969757285657924,4.63,4.7,4,0.9697572856579244,TRUE
2013-12-01,R2,Inflación AR(4),2.802694136858475,0.15779359309550767,0.282103412705003,0.7802001069679589,5.003890652047207,4.39,5.19,4,1.0038906520472066,FALSE
2014-01-01,R2,Inflación AR(4),2.76878829396762,0.15635231542176936,0.28210341270500294,0.782207746646494,4.930667861202387,4.14,4.94,4,0.9306678612023873,TRUE
2014-02-01,R2,Inflación AR(4),2.7318076292577786,0.15477891486100182,0.2821034127050029,0.7843994279953301,4.85121984797588,3.5,4.68,4,0.8512198479758801,TRUE
2014-03-01,R2,Inflación AR(4),2.7076236496439354,0.1537240652147204,0.2821034127050028,0.7858687895509492,4.799283098120585,3.25,4.54,4,0.7992830981205854,TRUE
2014-04-01,R2,Inflación AR(4),2.6872856379998566,0.15280097062381545,0.2821034127050028,0.787154621810416,4.755452986575786,3.27,4.66,4,0.7554529865757864,TRUE
2014-05-01,R2,Inflación AR(4),2.6379398561588094,0.15095511066291672,0.28210341270500283,0.789725827738353,4.652931501553756,3.22,4.28,4,0.6529315015537556,TRUE
2014-06-01,R2,Inflación AR(4),2.613266642994195,0.14989893899497508,0.282103412705003,0.7911970308149984,4.600840603505179,3.13,4.36,4,0.600840603505179,TRUE
2014-07-01,R2,Inflación AR(4),2.5801809878902184,0.14857762959803952,0.2821034127050029,0.7930375596882644,4.532048253456582,3.41,4.41,4,0.5320482534565816,TRUE
2014-08-01,R2,Inflación AR(4),2.5270798867810704,0.14664311872725877,0.2821034127050029,0.7957322526357123,4.423745370189228,3.7,4.06,4,0.423745370189228,TRUE
2014-09-01,R2,Inflación AR(4),2.5053395942706107,0.14575533915768563,0.2821034127050028,0.7969688925435829,4.37888301608581,3.45,4.13,4,0.3788830160858101,TRUE
2014-10-01,R2,Inflación AR(4),2.4925044137955132,0.145190063281237,0.2821034127050028,0.7977562982597441,4.352149502902514,3.64,4.17,4,0.3521495029025141,TRUE
2014-11-01,R2,Inflación AR(4),2.477961274266911,0.14456711206918021,0.2821034127050028,0.7986240433125573,4.322054562589718,3.38,4.16,4,0.32205456258971843,TRUE
2014-12-01,R2,Inflación AR(4),2.4664704561012636,0.1440529098441923,0.2821034127050028,0.7993403055627032,4.298157412935358,2.95,4.21,4,0.2981574129353577,TRUE
2015-01-01,R2,Inflación AR(4),2.442643646678342,0.14313059094984845,0.2821034127050028,0.8006250573092174,4.249805420311481,2.32,3.89,4,0.249805420311481,TRUE
2015-02-01,R2,Inflación AR(4),2.4429503089488493,0.1429051157872821,0.2821034127050027,0.8009391348052757,4.248672249943224,2.44,4.07,4,0.24867224994322434,TRUE
2015-03-01,R2,Inflación AR(4),2.413838523553369,0.14201160239293156,0.2821034127050027,0.8021837616918823,4.191528841412428,2.43,4.11,4,0.19152884141242765,TRUE
2015-04-01,R2,Inflación AR(4),2.3548086874237604,0.14040356519541,0.2821034127050027,0.8044236904308956,4.077640070632194,2.58,3.82,4,0.07764007063219402,TRUE
2015-05-01,R2,Inflación AR(4),2.301040231566964,0.1389206689763143,0.2821034127050027,0.8064893030070511,3.9743280484775068,2.55,3.57,4,-0.02567195152249324,TRUE
2015-06-01,R2,Inflación AR(4),2.2720817830573443,0.13806430031672678,0.2821034127050027,0.8076821888275761,3.91851546401122,2.39,3.67,4,-0.08148453598878014,TRUE
2015-07-01,R2,Inflación AR(4),2.2373703750729184,0.13706434136611537,0.28210341270500267,0.8090750899338194,3.8520078572684224,2.32,3.56,4,-0.14799214273157757,TRUE
2015-08-01,R2,Inflación AR(4),2.208638897869755,0.13620427272739505,0.28210341270500267,0.8102731296709367,3.7969195097781796,1.96,3.31,4,-0.2030804902218204,TRUE
2015-09-01,R2,Inflación AR(4),2.2124133235413233,0.13608235268596072,0.28210341270500267,0.8104429592029222,3.802611197761438,1.88,3.4,4,-0.19738880223856192,TRUE
2015-10-01,R2,Inflación AR(4),2.2181027309159598,0.1359971705405508,0.28210341270500267,0.8105616143782183,3.8118318510911453,2.23,3.28,4,-0.1881681489088547,TRUE
2015-11-01,R2,Inflación AR(4),2.246499400781321,0.13632983435766707,0.2821034127050027,0.8100982275576043,3.8628401459245807,2.51,3.37,4,-0.1371598540754193,TRUE
2015-12-01,R2,Inflación AR(4),2.2906076026765954,0.13700543725497644,0.2821034127050028,0.8091571409035292,3.9432647622859864,3.07,3.65,4,-0.056735237714013564,TRUE
2016-01-01,R2,Inflación AR(4),2.3250911404013217,0.13744458276488628,0.28210341270500267,0.808545429526596,4.005656147718079,4.38,3.8,4,0.005656147718078763,TRUE
2016-02-01,R2,Inflación AR(4),2.3561185231808,0.13777987381277051,0.2821034127050027,0.8080783830831136,4.061456028456566,4.27,4.09,4,0.061456028456565726,TRUE
2016-03-01,R2,Inflación AR(4),2.3784726556034834,0.13774333045386342,0.28210341270500267,0.8081292864577136,4.099731627042804,4.26,3.99,4,0.0997316270428037,TRUE
2016-04-01,R2,Inflación AR(4),2.420194774064745,0.13851626671454464,0.28210341270500267,0.8070526184885934,4.177212597832233,4.09,4.19,4,0.17721259783223342,TRUE
2016-05-01,R2,Inflación AR(4),2.453879049930664,0.13895405031044467,0.28210341270500267,0.8064428042010655,4.2385537305857675,4.36,4.16,4,0.23855373058576745,TRUE
2016-06-01,R2,Inflación AR(4),2.4941283868974207,0.13965465224213175,0.28210341270500267,0.8054668949349038,4.313295587372776,4.43,4.39,4,0.3132955873727763,TRUE
2016-07-01,R2,Inflación AR(4),2.5175357944551653,0.1396365140129259,0.2821034127050026,0.8054921607315754,4.353639323853383,4.62,4.41,4,0.3536393238533826,TRUE
2016-08-01,R2,Inflación AR(4),2.535680917537934,0.1393901989083006,0.2821034127050026,0.8058352673976112,4.383151108511154,4.74,4.45,4,0.38315110851115364,TRUE
2016-09-01,R2,Inflación AR(4),2.5499268470487095,0.13896756024114618,0.2821034127050026,0.8064239854311471,4.404558638258639,4.56,4.42,4,0.4045586382586386,TRUE
2016-10-01,R2,Inflación AR(4),2.570705001407114,0.1388479846643783,0.28210341270500255,0.8065905492216485,4.4395323462113465,4.76,4.43,4,0.4395323462113465,TRUE
2016-11-01,R2,Inflación AR(4),2.5945640009560855,0.13886591719327007,0.28210341270500255,0.8065655699569338,4.480874908578259,4.67,4.6,4,0.4808749085782589,TRUE
2016-12-01,R2,Inflación AR(4),2.6043593273203665,0.13822861138601714,0.2821034127050025,0.8074533103620726,4.492846656288813,4.23,4.66,4,0.49284665628881275,TRUE
2017-01-01,R2,Inflación AR(4),2.5974596881769627,0.13682818004120795,0.2821034127050025,0.8094040528082597,4.470144402537595,3.83,4.4,4,0.4701444025375947,TRUE
2017-02-01,R2,Inflación AR(4),2.604048899159439,0.13598623030661813,0.28210341270500255,0.8105768536677291,4.475000088736077,3.96,4.46,4,0.4750000887360768,TRUE
2017-03-01,R2,Inflación AR(4),2.596700244889549,0.13462177777930537,0.2821034127050025,0.8124774791219522,4.45193278112877,4,4.28,4,0.4519327811287699,TRUE
2017-04-01,R2,Inflación AR(4),2.605385267101599,0.1338787977045919,0.28210341270500255,0.8135124193736019,4.461140248705194,4.09,4.51,4,0.46114024870519366,TRUE
2017-05-01,R2,Inflación AR(4),2.590061145140146,0.1321958124400303,0.28210341270500255,0.8158567476436428,4.4221576209823255,3.93,4.17,4,0.42215762098232545,TRUE
2017-06-01,R2,Inflación AR(4),2.6093376335833445,0.13189798943124853,0.2821034127050025,0.8162716026715849,4.452805250892501,4.36,4.26,4,0.4528052508925011,TRUE
2017-07-01,R2,Inflación AR(4),2.6351574376012916,0.13185186687542427,0.2821034127050026,0.8163358494679069,4.496512545518158,5.22,4.48,4,0.4965125455181578,TRUE
2017-08-01,R2,Inflación AR(4),2.650849573272395,0.13137353956441408,0.28210341270500255,0.8170021394593562,4.5196000115072215,4.72,4.51,4,0.5196000115072215,TRUE
2017-09-01,R2,Inflación AR(4),2.6799708611031763,0.13158135215858105,0.2821034127050025,0.8167126651843077,4.570870242659879,4.36,4.75,4,0.5708702426598791,TRUE
2017-10-01,R2,Inflación AR(4),2.682858467184435,0.1305771865063807,0.2821034127050025,0.8181114260503873,4.56797181155953,4.2,4.53,4,0.5679718115595298,TRUE
2017-11-01,R2,Inflación AR(4),2.69497665954091,0.1299669420554552,0.2821034127050026,0.8189614711149904,4.583842099751386,4.69,4.63,4,0.5838420997513856,TRUE
2017-12-01,R2,Inflación AR(4),2.6905786049356855,0.1286777218927739,0.2821034127050026,0.8207573010235,4.566348368867981,5.68,4.56,4,0.5663483688679811,TRUE
2018-01-01,R2,Inflación AR(4),2.692151905641893,0.1276626208550898,0.28210341270500255,0.8221712944254034,4.561160588368112,4.71,4.71,4,0.5611605883681117,TRUE
2018-02-01,R2,Inflación AR(4),2.6927848903725704,0.12659524220664178,0.28210341270500255,0.8236581083584098,4.5539975728791875,4.15,4.56,4,0.5539975728791875,TRUE
2018-03-01,R2,Inflación AR(4),2.7019935567693487,0.12592321482893948,0.28210341270500255,0.8245942144628203,4.564383606501277,4.14,4.62,4,0.5643836065012771,TRUE
2018-04-01,R2,Inflación AR(4),2.6950126648150814,0.12459356492875541,0.28210341270500255,0.8264463613091986,4.542388228643588,3.92,4.46,4,0.5423882286435884,TRUE
2018-05-01,R2,Inflación AR(4),2.696071765076832,0.12358971388075857,0.28210341270500255,0.827844683944746,4.536497701243375,4.09,4.48,4,0.5364977012433751,TRUE
2018-06-01,R2,Inflación AR(4),2.691002205665244,0.1223507127407402,0.28210341270500255,0.8295705608495059,4.518547303647018,3.79,4.43,4,0.5185473036470176,TRUE
2018-07-01,R2,Inflación AR(4),2.689680327853923,0.12126174210708174,0.28210341270500255,0.8310874515172295,4.508084550453609,2.61,4.36,4,0.5080845504536091,TRUE
2018-08-01,R2,Inflación AR(4),2.694146359437853,0.12038748258211517,0.28210341270500255,0.8323052585669339,4.508962856277239,3.36,4.33,4,0.5089628562772388,TRUE
2018-09-01,R2,Inflación AR(4),2.6850007996270007,0.11916549239188108,0.28210341270500255,0.8340074399282335,4.484485309822558,4.55,4.32,4,0.4844853098225581,TRUE
2018-10-01,R2,Inflación AR(4),2.6739108084073147,0.11787955441966799,0.28210341270500255,0.835798697882333,4.45639150541064,4.34,4.32,4,0.45639150541064044,TRUE
2018-11-01,R2,Inflación AR(4),2.6789979006656868,0.11731406870033631,0.2821034127050026,0.8365863959008768,4.460665799821204,3.15,4.47,4,0.4606657998212036,TRUE
2018-12-01,R2,Inflación AR(4),2.6747050203796987,0.11635012284650972,0.28210341270500255,0.8379291322655372,4.446381415992417,2.31,4.38,4,0.4463814159924171,TRUE
2019-01-01,R2,Inflación AR(4),2.658861720635499,0.11503005246159705,0.2821034127050026,0.8397679352467391,4.41036542419835,4.1,4.07,4,0.41036542419834987,TRUE
2019-02-01,R2,Inflación AR(4),2.6564106530215263,0.11401278392991643,0.28210341270500255,0.8411849478773655,4.398877132022665,4.46,4.25,4,0.3988771320226654,TRUE
2019-03-01,R2,Inflación AR(4),2.657229754708103,0.11312674979352638,0.2821034127050026,0.8424191564696205,4.393786842422743,4.17,4.35,4,0.39378684242274264,TRUE
2019-04-01,R2,Inflación AR(4),2.6596397800662213,0.11231016654194335,0.2821034127050026,0.8435566228763908,4.391841839450309,4.75,4.3,4,0.3918418394503087,TRUE
2019-05-01,R2,Inflación AR(4),2.670234602026796,0.11182765332866634,0.2821034127050026,0.8442287436550883,4.405826552685731,4.54,4.39,4,0.4058265526857312,TRUE
2019-06-01,R2,Inflación AR(4),2.6844613962876482,0.11151400125573374,0.2821034127050026,0.844665647909104,4.4270093800382115,4.8,4.36,4,0.42700938003821154,TRUE
2019-07-01,R2,Inflación AR(4),2.7089585592226757,0.11165673849666707,0.2821034127050026,0.8444668208865782,4.468460073339436,4.37,4.6,4,0.4684600733394362,TRUE
2019-08-01,R2,Inflación AR(4),2.7148778728743133,0.11092664455546059,0.28210341270500267,0.8454838112917805,4.472837420286103,3.01,4.53,4,0.472837420286103,TRUE
2019-09-01,R2,Inflación AR(4),2.7159422596779925,0.10998888829120443,0.28210341270500267,0.8467900666506332,4.467688539113315,1.8,4.34,4,0.46768853911331476,TRUE
2019-10-01,R2,Inflación AR(4),2.71477009708201,0.10898523913460066,0.2821034127050026,0.8481881080598916,4.458399577021674,2.17,4.22,4,0.458399577021674,TRUE
2019-11-01,R2,Inflación AR(4),2.7010173705584544,0.10775994076451578,0.2821034127050026,0.8498948975777271,4.426905654524581,2.92,4.25,4,0.42690565452458085,TRUE
2019-12-01,R2,Inflación AR(4),2.668753769243607,0.10614147249845989,0.28210341270500267,0.8521493563600904,4.362454362365573,3.41,4.1,4,0.3624543623655727,TRUE
2020-01-01,R2,Inflación AR(4),2.6480163157272516,0.10485243231322211,0.2821034127050026,0.8539449355675287,4.319454470299895,1.78,4.11,4,0.3194544702998954,TRUE
2020-02-01,R2,Inflación AR(4),2.635027726780353,0.10382202637423299,0.28210341270500267,0.8553802480585264,4.291055019164614,1.24,3.85,4,0.29105501916461396,TRUE
2020-03-01,R2,Inflación AR(4),2.6412343387009147,0.10312605121694154,0.28210341270500267,0.8563497124209547,4.296292980387017,1.77,3.99,4,0.2962929803870171,TRUE
2020-04-01,R2,Inflación AR(4),2.6274268310387554,0.10218716250121448,0.2821034127050026,0.8576575452374677,4.267316245676683,1.88,3.97,4,0.26731624567668266,TRUE
2020-05-01,R2,Inflación AR(4),2.6082577327126026,0.1011553855953251,0.2821034127050026,0.8590947674281694,4.229095973358882,1.8,3.96,4,0.22909597335888243,TRUE
2020-06-01,R2,Inflación AR(4),2.582908858457179,0.10000989201300163,0.2821034127050026,0.8606903922056037,4.180230579780281,2.39,3.77,4,0.18023057978028056,TRUE
2020-07-01,R2,Inflación AR(4),2.5739013863608373,0.09915230753845669,0.2821034127050026,0.8618849716056484,4.159879081829409,2.88,3.9,4,0.15987908182940913,TRUE
2020-08-01,R2,Inflación AR(4),2.5610935476997736,0.0982058199505672,0.28210341270500267,0.8632033893341068,4.1328573583157695,4.19,3.92,4,0.1328573583157695,TRUE
2020-09-01,R2,Inflación AR(4),2.551868532002353,0.09736033004723364,0.28210341270500267,0.8643811215009629,4.112360079200754,4.97,3.99,4,0.11236007920075419,TRUE
2020-10-01,R2,Inflación AR(4),2.553876755868147,0.09697553421629138,0.28210341270500267,0.8649171260422188,4.113045842471097,5.34,4.15,4,0.11304584247109695,TRUE
2020-11-01,R2,Inflación AR(4),2.5575832880575686,0.09667335483113305,0.28210341270500267,0.865338049320733,4.11701165443187,5.46,4.27,4,0.11701165443187023,TRUE
2020-12-01,R2,Inflación AR(4),2.557510671561354,0.09617364737771184,0.28210341270500267,0.8660341209587166,4.113585823134669,4.82,4.26,4,0.11358582313466936,TRUE
2021-01-01,R2,Inflación AR(4),2.56147682874886,0.09588978181717032,0.28210341270500267,0.8664295338434763,4.118084892626099,5.24,4.12,4,0.11808489262609889,TRUE
2021-02-01,R2,Inflación AR(4),2.5810969053457415,0.09634443872468633,0.28210341270500267,0.8657962157367151,4.152663475273569,6,4.39,4,0.15266347527356938,TRUE
2021-03-01,R2,Inflación AR(4),2.5796633437467253,0.09571927400155747,0.28210341270500267,0.8666670441181181,4.146186768031622,5.84,4.34,4,0.14618676803162156,TRUE
2021-04-01,R2,Inflación AR(4),2.5860121840625254,0.09555115377800837,0.28210341270500267,0.8669012285766103,4.155268191570866,5.2,4.39,4,0.15526819157086624,TRUE
2021-05-01,R2,Inflación AR(4),2.589147826294413,0.09519936114341998,0.28210341270500267,0.8673912610420298,4.15795625475319,5.17,4.41,4,0.15795625475318964,TRUE
2021-06-01,R2,Inflación AR(4),2.5793088542688016,0.0941871923602589,0.28210341270500267,0.8688011699356978,4.135433705529938,3.91,4.23,4,0.1354337055299384,TRUE
2021-07-01,R2,Inflación AR(4),2.5813978702342615,0.09377862647591514,0.2821034127050027,0.8693702851698057,4.136073678838657,3.82,4.12,4,0.13607367883865695,TRUE
2021-08-01,R2,Inflación AR(4),2.586659915164519,0.09349149573062727,0.2821034127050027,0.8697702463207144,4.142599011619142,3.62,4.14,4,0.1425990116191418,TRUE
2021-09-01,R2,Inflación AR(4),2.5868829865545573,0.09301595712335757,0.2821034127050027,0.8704326517641802,4.139803446690294,3.67,4.2,4,0.1398034466902942,TRUE
2021-10-01,R2,Inflación AR(4),2.5709970393552752,0.09196963524801534,0.2821034127050027,0.8718901344906056,4.107503329178094,2.96,3.89,4,0.10750332917809402,TRUE
2021-11-01,R2,Inflación AR(4),2.585306457053547,0.09200798911323833,0.2821034127050027,0.8718367091562305,4.130617596428511,2.89,4.08,4,0.130617596428511,TRUE
2021-12-01,R2,Inflación AR(4),2.5810603864456785,0.09150874493520753,0.2821034127050027,0.8725321354709201,4.120546747398632,3.07,4.02,4,0.12054674739863191,TRUE
2022-01-01,R2,Inflación AR(4),2.573325363703195,0.09091080773807099,0.28210341270500267,0.8733650370443758,4.104280268559988,2.87,4.09,4,0.10428026855998773,TRUE
2022-02-01,R2,Inflación AR(4),2.5502190395920343,0.08985097625101775,0.28210341270500267,0.8748413380963792,4.060563428431398,2.98,3.92,4,0.06056342843139806,TRUE
2022-03-01,R2,Inflación AR(4),2.533333280328771,0.08896588998165997,0.28210341270500267,0.8760742263493974,4.028000686165662,4.17,3.8,4,0.028000686165661648,TRUE
2022-04-01,R2,Inflación AR(4),2.5319337882958814,0.08853251047618069,0.28210341270500267,0.8766779059226799,4.02300334822698,4.62,3.94,4,0.023003348226979803,TRUE
2022-05-01,R2,Inflación AR(4),2.5354501503694786,0.08829977609964301,0.28210341270500267,0.8770020952009917,4.0271013214880576,5.82,4.01,4,0.02710132148805755,TRUE
2022-06-01,R2,Inflación AR(4),2.5456307816045953,0.08836840344278325,0.28210341270500267,0.8769065001746958,4.043712175088572,7.55,4.16,4,0.04371217508857228,TRUE
2022-07-01,R2,Inflación AR(4),2.560439545134699,0.08870067747995797,0.28210341270500267,0.8764436563012812,4.069383645369491,8.36,4.51,4,0.06938364536949138,TRUE
2022-08-01,R2,Inflación AR(4),2.559461641888008,0.08786632733553117,0.28210341270500267,0.8776058712486605,4.062442400866069,8.87,4.55,4,0.062442400866069114,TRUE
2022-09-01,R2,Inflación AR(4),2.5609055647428107,0.08723014942888319,0.28210341270500267,0.8784920405353054,4.060633975398691,9.03,4.61,4,0.060633975398690865,TRUE
2022-10-01,R2,Inflación AR(4),2.563568159316695,0.08669977597205443,0.2821034127050027,0.879230828636844,4.0614402882417,9.7,4.67,4,0.0614402882417,TRUE
2022-11-01,R2,Inflación AR(4),2.5628102945601015,0.08586708329284232,0.2821034127050027,0.8803907348043181,4.054890283336145,9.17,4.8,4,0.054890283336145096,TRUE
2022-12-01,R2,Inflación AR(4),2.5491558361740134,0.08380994265852858,0.2821034127050027,0.8832562458970299,4.020201115630629,9.24,4.71,4,0.020201115630628763,TRUE
2023-01-01,R2,Inflación AR(4),2.529827776068961,0.08124356290103364,0.28210341270500267,0.8868311058460999,3.9736366264451957,9.69,4.62,4,-0.026363373554804337,TRUE
2023-02-01,R2,Inflación AR(4),2.5088998735352934,0.07853249172912671,0.28210341270500267,0.8906075148998358,3.924054996104818,9.92,4.49,4,-0.07594500389518188,TRUE
2023-03-01,R2,Inflación AR(4),2.500325330733907,0.07699308282983335,0.28210341270500267,0.8927518472821554,3.9012508331038633,8.71,4.43,4,-0.09874916689613666,TRUE
2023-04-01,R2,Inflación AR(4),2.506709055594358,0.07690607497601248,0.28210341270500267,0.8928730455931109,3.910680435074692,8.32,4.39,4,-0.08931956492530801,TRUE
2023-05-01,R2,Inflación AR(4),2.51847958524815,0.07727831057490617,0.2821034127050026,0.8923545369311652,3.9313264650246045,6.54,4.3,4,-0.06867353497539552,TRUE
2023-06-01,R2,Inflación AR(4),2.545078917156058,0.07885814582970292,0.28210341270500267,0.8901538923219612,3.982669510961304,4.93,4.24,4,-0.01733048903869605,TRUE
2023-07-01,R2,Inflación AR(4),2.5767052482010118,0.08075977671261544,0.2821034127050026,0.8875049998260687,4.044194599030852,4.53,4.21,4,0.044194599030851656,TRUE
2023-08-01,R2,Inflación AR(4),2.602536225833568,0.0823817539886638,0.28210341270500267,0.8852456531391595,4.095162047270551,4.47,4.17,4,0.09516204727055122,TRUE
2023-09-01,R2,Inflación AR(4),2.62738438958789,0.08396015368930983,0.2821034127050026,0.8830470081970051,4.144554958994737,4.69,4.15,4,0.14455495899473725,TRUE
2023-10-01,R2,Inflación AR(4),2.6565470809198337,0.08572732398852168,0.2821034127050026,0.8805854136853631,4.202271820406333,4.98,4.32,4,0.20227182040633274,TRUE
2023-11-01,R2,Inflación AR(4),2.672247973550976,0.08687652126682044,0.2821034127050026,0.87898462981393,4.234806652617053,4.3,4.43,4,0.2348066526170527,TRUE
2023-12-01,R2,Inflación AR(4),2.672147341574048,0.0872554859114801,0.2821034127050026,0.8784567478719255,4.237191860333588,4.18,4.32,4,0.23719186033358763,TRUE
2024-01-01,R2,Inflación AR(4),2.668641125284206,0.08749111508681268,0.2821034127050026,0.8781285262596451,4.23321376944348,3.82,4.29,4,0.2332137694434797,TRUE
2024-02-01,R2,Inflación AR(4),2.659647108891388,0.08750221748331947,0.28210341270500267,0.8781130610844329,4.219021038664928,3.3,4.28,4,0.21902103866492784,TRUE
2024-03-01,R2,Inflación AR(4),2.6393876193262544,0.08709210240415009,0.2821034127050026,0.8786843342823104,4.184161150634442,3.24,4.14,4,0.18416115063444227,TRUE
2024-04-01,R2,Inflación AR(4),2.618266065420367,0.08665414232632274,0.2821034127050027,0.8792943944018013,4.147797864812938,3.36,4.02,4,0.14779786481293833,TRUE
2024-05-01,R2,Inflación AR(4),2.6041133259077553,0.08643718490215255,0.2821034127050027,0.8795966070435799,4.123960013960929,3.76,3.99,4,0.1239600139609287,TRUE
2024-06-01,R2,Inflación AR(4),2.595691706856584,0.08640871056877114,0.28210341270500267,0.8796362706022112,4.110437907871213,3.62,4.02,4,0.11043790787121299,TRUE
2024-07-01,R2,Inflación AR(4),2.591157515903407,0.08652330465995399,0.2821034127050027,0.8794766458133336,4.104002477091179,3.78,4.07,4,0.10400247709117938,TRUE
2024-08-01,R2,Inflación AR(4),2.581935379863874,0.08647179300098835,0.28210341270500267,0.8795483994055324,4.089062392221571,3.07,4.02,4,0.08906239222157097,TRUE
2024-09-01,R2,Inflación AR(4),2.5782010998086067,0.08662332437222288,0.2821034127050027,0.8793373225263325,4.084128461059194,2.11,3.97,4,0.08412846105919414,TRUE
2024-10-01,R2,Inflación AR(4),2.575682953421802,0.08681139950665386,0.2821034127050027,0.8790753417093744,4.081355422789051,1.16,3.96,4,0.08135542278905117,TRUE
2024-11-01,R2,Inflación AR(4),2.561108863414603,0.08675048731334566,0.2821034127050027,0.8791601898537815,4.057870061288596,1.66,3.66,4,0.05787006128859584,TRUE
2024-12-01,R2,Inflación AR(4),2.5641847157398003,0.08688997380185604,0.2821034127050027,0.87896589099378,4.063641586171223,1.7,3.95,4,0.06364158617122317,TRUE
2025-01-01,R2,Inflación AR(4),2.5362159577833676,0.08652504542048087,0.2821034127050027,0.8794742210065333,4.016994415449017,2.19,3.76,4,0.01699441544901692,TRUE
2025-02-01,R2,Inflación AR(4),2.5138326633793504,0.08625305683707767,0.2821034127050028,0.8798530897575716,3.9798280868275646,1.79,3.79,4,-0.020171913172435385,TRUE
2025-03-01,R2,Inflación AR(4),2.4875050372232748,0.08589651873666061,0.2821034127050027,0.8803497324589397,3.9359252648461793,1.57,3.71,4,-0.06407473515382067,TRUE
2025-04-01,R2,Inflación AR(4),2.461241516832669,0.0855411038016064,0.2821034127050027,0.8808448106378086,3.892180238931055,1.47,3.62,4,-0.10781976106894486,TRUE
2025-05-01,R2,Inflación AR(4),2.438266095596513,0.08523621756812425,0.2821034127050027,0.8812695044431252,3.853988984088163,1.69,3.55,4,-0.14601101591183685,TRUE
2025-06-01,R2,Inflación AR(4),2.4204545480944395,0.08500563094388448,0.2821034127050028,0.8815907019920767,3.824441673253472,1.79,3.53,4,-0.17555832674652816,TRUE
2025-07-01,R2,Inflación AR(4),2.4079261784372856,0.0848624370917664,0.2821034127050027,0.8817901650549359,3.803785589867844,1.17,3.54,4,-0.19621441013215613,TRUE
2025-08-01,R2,Inflación AR(4),2.3977222984472695,0.08475996947170152,0.2821034127050027,0.8819328981753858,3.787053585197086,1.17,3.49,4,-0.21294641480291387,TRUE
2025-09-01,R2,Inflación AR(4),2.3883406460684298,0.08466691796110831,0.28210341270500267,0.882062515048122,3.7716815268317863,1.47,3.42,4,-0.22831847316821374,TRUE
2025-10-01,R2,Inflación AR(4),2.3866714427229296,0.08466218903103385,0.28210341270500267,0.8820691022504548,3.769017364290508,1.26,3.37,4,-0.23098263570949218,TRUE
2025-11-01,R2,Inflación AR(4),2.40072927400289,0.08488374613880367,0.2821034127050027,0.8817604824412916,3.7925443496817133,1.73,3.3,4,-0.20745565031828672,TRUE
2025-12-01,R2,Inflación AR(4),2.4383024504374387,0.08539531492266213,0.2821034127050027,0.8810478884647887,3.855015882089927,1.65,3.72,4,-0.14498411791007282,TRUE
2026-01-01,R2,Inflación AR(4),2.4457303809000677,0.08539642746844649,0.2821034127050027,0.8810463387349193,3.8667664235385413,0.96,3.64,4,-0.13323357646145872,TRUE
2026-02-01,R2,Inflación AR(4),2.4525731692914357,0.08538808986102377,0.28210341270500267,0.881057952674267,3.877533944984597,1.56,3.62,4,-0.12246605501540309,TRUE
2026-03-01,R2,Inflación AR(4),2.450715211218925,0.0852979959350335,0.2821034127050027,0.881183449755023,3.874044685983832,2.5,3.61,4,-0.125955314016168,TRUE
2026-04-01,R2,Inflación AR(4),2.448114015568506,0.08519655331629368,0.28210341270500267,0.8813247550913836,3.8693122871728947,3.24,3.71,4,-0.13068771282710534,TRUE
2026-05-01,R2,Inflación AR(4),2.440983917397808,0.08498428854989074,0.28210341270500267,0.8816204310566403,3.856749066557273,2.86,3.74,4,-0.1432509334427272,TRUE
2026-06-01,R2,Inflación AR(4),2.4372595108499535,0.08488002879606388,0.2821034127050026,0.8817656605446641,3.850230263532766,2.27,3.71,4,-0.1497697364672339,TRUE
2011-01-01,R3,Inflación AR(1) + rezago 12,3.739335071750421,0.2001644200487171,0.18467950315720738,0.7544960284650956,6.078676961525276,4.9,5.85,5,1.078676961525276,FALSE
2011-02-01,R3,Inflación AR(1) + rezago 12,3.7656566357563457,0.20154816267827727,0.18467950315721282,0.7527988521584531,6.13526616653763,5.24,5.81,5,1.1352661665376296,FALSE
2011-03-01,R3,Inflación AR(1) + rezago 12,3.797468196700477,0.20319428066716497,0.1846795031573869,0.7507798694451454,6.203733962624537,4.99,6.13,5,1.2037339626245371,FALSE
2011-04-01,R3,Inflación AR(1) + rezago 12,3.7839966700579946,0.20252608518942797,0.18467950315738868,0.75159941891106,6.174985603817128,5.76114812916453,6.19,5,1.1749856038171282,FALSE
2011-05-01,R3,Inflación AR(1) + rezago 12,3.70931745127759,0.1988789520541246,0.1846795031574331,0.7560726697975718,6.017306073279984,6.3930220625962,5.74,5,1.0173060732799843,FALSE
2011-06-01,R3,Inflación AR(1) + rezago 12,3.694670149736155,0.19860505020595515,0.1846795031574331,0.7564086135757918,5.990883104818957,6.42229936695938,6.16,5,0.9908831048189572,TRUE
2011-07-01,R3,Inflación AR(1) + rezago 12,3.6485062477868597,0.19636597696715902,0.18467950315743487,0.7591548627470892,5.894627360539017,7.03967446592064,5.88,5,0.8946273605390171,TRUE
2011-08-01,R3,Inflación AR(1) + rezago 12,3.6412207232894107,0.19656220974598484,0.18467950315743376,0.7589141809788944,5.884722353174812,7.6258261311642,5.95,5,0.8847223531748121,TRUE
2011-09-01,R3,Inflación AR(1) + rezago 12,3.671329854479952,0.19932598111487412,0.18467950315743487,0.7555243834948465,5.960004124619374,7.24931562404949,6.43,5,0.960004124619374,TRUE
2011-10-01,R3,Inflación AR(1) + rezago 12,3.6689417170029333,0.19967268584357886,0.18467950315743425,0.7550991461433422,5.959481462379423,6.65,6.51,5,0.959481462379423,TRUE
2011-11-01,R3,Inflación AR(1) + rezago 12,3.6186500800295476,0.19663236002036674,0.18467950315742598,0.7588281408576761,5.8489081407252534,6.05484387510006,6.06,5,0.8489081407252534,TRUE
2011-12-01,R3,Inflación AR(1) + rezago 12,3.584285811114579,0.1946250822554041,0.18467950315742554,0.7612900902048791,5.774629112571287,6.2,5.62,5,0.7746291125712874,TRUE
2012-01-01,R3,Inflación AR(1) + rezago 12,3.6107934050211714,0.19621260178360508,0.18467950315742487,0.7593429791800138,5.832252235577198,5.44,5.95,4.5,1.3322522355771982,FALSE
2012-02-01,R3,Inflación AR(1) + rezago 12,3.6175914406955383,0.1966082662535022,0.18467950315742515,0.7588576921408318,5.8469693370232045,5.17,6.11,4.5,1.3469693370232045,FALSE
2012-03-01,R3,Inflación AR(1) + rezago 12,3.5490710555709275,0.19300765937228026,0.18467950315742643,0.7632738780397088,5.703033654259697,4.55,5.47,4.5,1.2030336542596967,FALSE
2012-04-01,R3,Inflación AR(1) + rezago 12,3.528276032913808,0.19181360112582355,0.18467950315742687,0.7647384042610914,5.658760243313579,4.27,5.54,4.5,1.158760243313579,FALSE
2012-05-01,R3,Inflación AR(1) + rezago 12,3.4775469073049665,0.1892911317391985,0.1846795031574262,0.7678322420787272,5.554926176235718,3.9,5.28,4.5,1.0549261762357176,FALSE
2012-06-01,R3,Inflación AR(1) + rezago 12,3.4335459969541384,0.1870488716988338,0.18467950315742643,0.7705823998989317,5.4650661585561675,3.47,5.11,4.5,0.9650661585561675,TRUE
2012-07-01,R3,Inflación AR(1) + rezago 12,3.396087313432802,0.18505546591245142,0.1846795031574262,0.7730273351042922,5.3883479913537,2.86,4.9,4.5,0.8883479913537,TRUE
2012-08-01,R3,Inflación AR(1) + rezago 12,3.3776762532559403,0.18370671182816603,0.18467950315742604,0.7746815975563079,5.347692424380654,2.71,4.55,4.5,0.8476924243806536,TRUE
2012-09-01,R3,Inflación AR(1) + rezago 12,3.419239540270323,0.184030921094035,0.18467950315742587,0.7742839511496195,5.4162775240126955,3.28,5.17,4.5,0.9162775240126955,TRUE
2012-10-01,R3,Inflación AR(1) + rezago 12,3.365091735550927,0.1818253289792064,0.1846795031574261,0.7769891353359241,5.31194538847171,3.35,4.76,4.5,0.8119453884717096,TRUE
2012-11-01,R3,Inflación AR(1) + rezago 12,3.347269694919583,0.18078183677076018,0.18467950315742598,0.778268990573818,5.275123338490922,3.11,4.82,4.5,0.7751233384909222,TRUE
2012-12-01,R3,Inflación AR(1) + rezago 12,3.3322285480452525,0.179829206933985,0.18467950315742604,0.7794374020641023,5.243547159434034,3.45,4.93,4.5,0.7435471594340344,TRUE
2013-01-01,R3,Inflación AR(1) + rezago 12,3.2827036904168914,0.17783058296806148,0.1846795031574261,0.7818887374268995,5.149420593128128,3.86,4.83,4,1.149420593128128,FALSE
2013-02-01,R3,Inflación AR(1) + rezago 12,3.2277601705079038,0.17564962568050074,0.18467950315742587,0.7845637067132191,5.045970226288586,4.18,4.61,4,1.0459702262885857,FALSE
2013-03-01,R3,Inflación AR(1) + rezago 12,3.2164641721657876,0.17511191126550998,0.18467950315742596,0.7852232196496325,5.024087843599546,4.34,4.66,4,1.0240878435995464,FALSE
2013-04-01,R3,Inflación AR(1) + rezago 12,3.237666057207814,0.17589910637460174,0.18467950315742604,0.7842577157623388,5.063430947842186,4.13,4.93,4,1.0634309478421864,FALSE
2013-05-01,R3,Inflación AR(1) + rezago 12,3.242985554497578,0.17601400569856157,0.18467950315742604,0.7841167904153068,5.072661703613223,4.27,4.83,4,1.0726617036132229,FALSE
2013-06-01,R3,Inflación AR(1) + rezago 12,3.260019106113319,0.17660076392128427,0.1846795031574261,0.7833971246826348,5.10398996317694,4.79,5.21,4,1.1039899631769403,FALSE
2013-07-01,R3,Inflación AR(1) + rezago 12,3.2064118567116817,0.17424555136672165,0.1846795031574261,0.7862858200652278,5.001617797325788,4.74,4.81,4,1.001617797325788,FALSE
2013-08-01,R3,Inflación AR(1) + rezago 12,3.197720977994293,0.17398877146277664,0.1846795031574261,0.786600763581231,4.986063922068723,4.42,4.89,4,0.9860639220687233,TRUE
2013-09-01,R3,Inflación AR(1) + rezago 12,3.193850270372533,0.17395483284691135,0.1846795031574261,0.7866423896853173,4.979764975996802,4.21,4.91,4,0.9797649759968019,TRUE
2013-10-01,R3,Inflación AR(1) + rezago 12,3.1797082824351115,0.17347810024321608,0.18467950315742612,0.7872271077263104,4.954032795717461,4.15,4.71,4,0.9540327957174606,TRUE
2013-11-01,R3,Inflación AR(1) + rezago 12,3.1903985894053846,0.17402102396429595,0.18467950315742612,0.7865612055158515,4.974896634619469,4.63,4.7,4,0.9748966346194692,TRUE
2013-12-01,R3,Inflación AR(1) + rezago 12,3.2202490865206936,0.17533948513785036,0.18467950315742615,0.7849440976684954,5.031788486884769,4.39,5.19,4,1.0317884868847687,FALSE
2014-01-01,R3,Inflación AR(1) + rezago 12,3.182703399393489,0.17361446132149894,0.1846795031574261,0.7870598592898845,4.959752944834134,4.14,4.94,4,0.9597529448341344,TRUE
2014-02-01,R3,Inflación AR(1) + rezago 12,3.136640076953241,0.17152473526900403,0.18467950315742615,0.7896229324133833,4.87210426686663,3.5,4.68,4,0.8721042668666303,TRUE
2014-03-01,R3,Inflación AR(1) + rezago 12,3.1089565852098113,0.1701771677955509,0.1846795031574261,0.791275739473517,4.819016868394537,3.25,4.54,4,0.8190168683945371,TRUE
2014-04-01,R3,Inflación AR(1) + rezago 12,3.0879855623872965,0.1690587425844289,0.18467950315742612,0.7926475009040873,4.778227308116118,3.27,4.66,4,0.7782273081161177,TRUE
2014-05-01,R3,Inflación AR(1) + rezago 12,3.0242134110897347,0.1665835873212582,0.1846795031574261,0.7956833074031954,4.6616946973484445,3.22,4.28,4,0.6616946973484445,TRUE
2014-06-01,R3,Inflación AR(1) + rezago 12,2.995204102438214,0.16521714189194783,0.18467950315742612,0.7973592684940818,4.607273719831354,3.13,4.36,4,0.6072737198313538,TRUE
2014-07-01,R3,Inflación AR(1) + rezago 12,2.9563461516303144,0.16354139135337048,0.18467950315742615,0.7994145958715572,4.5358099496168744,3.41,4.41,4,0.5358099496168744,TRUE
2014-08-01,R3,Inflación AR(1) + rezago 12,2.8857429543773474,0.16089652003712113,0.1846795031574262,0.8026585610686692,4.409592338691499,3.7,4.06,4,0.4095923386914988,TRUE
2014-09-01,R3,Inflación AR(1) + rezago 12,2.859035298590649,0.1597115707234063,0.18467950315742632,0.8041119150789064,4.360885254437451,3.45,4.13,4,0.36088525443745123,TRUE
2014-10-01,R3,Inflación AR(1) + rezago 12,2.8485451238504296,0.15911186947599557,0.18467950315742632,0.8048474555807497,4.340913857353395,3.64,4.17,4,0.34091385735339497,TRUE
2014-11-01,R3,Inflación AR(1) + rezago 12,2.835778640852069,0.15843557241502748,0.18467950315742632,0.8056769417320082,4.317009776595738,3.38,4.16,4,0.3170097765957376,TRUE
2014-12-01,R3,Inflación AR(1) + rezago 12,2.8282650362129522,0.15794576451370773,0.18467950315742632,0.8062776967764559,4.3023634726472135,2.95,4.21,4,0.3023634726472135,TRUE
2015-01-01,R3,Inflación AR(1) + rezago 12,2.8022455372895716,0.15684588384182208,0.18467950315742626,0.8076267131156073,4.255662225942753,2.32,3.89,4,0.25566222594275256,TRUE
2015-02-01,R3,Inflación AR(1) + rezago 12,2.8116614533117654,0.15676556695985233,0.18467950315742632,0.8077252226983797,4.269441053022684,2.44,4.07,4,0.2694410530226836,TRUE
2015-03-01,R3,Inflación AR(1) + rezago 12,2.7801101544225246,0.15575825102722438,0.18467950315742632,0.8089607073164273,4.215083825766526,2.43,4.11,4,0.21508382576652618,TRUE
2015-04-01,R3,Inflación AR(1) + rezago 12,2.7024881551012334,0.1536545338856786,0.18467950315742632,0.8115409406721354,4.084369313821406,2.58,3.82,4,0.08436931382140589,TRUE
2015-05-01,R3,Inflación AR(1) + rezago 12,2.628330028896806,0.151632912955068,0.1846795031574262,0.8140204820775577,3.960191651471823,2.55,3.57,4,-0.03980834852817683,TRUE
2015-06-01,R3,Inflación AR(1) + rezago 12,2.5902063575510934,0.1505180523852186,0.18467950315742612,0.8153878714344632,3.8962046231122818,2.39,3.67,4,-0.10379537688771823,TRUE
2015-07-01,R3,Inflación AR(1) + rezago 12,2.5435594049546784,0.14919120841012457,0.1846795031574261,0.8170152608846639,3.8184170087164917,2.32,3.56,4,-0.1815829912835083,TRUE
2015-08-01,R3,Inflación AR(1) + rezago 12,2.501073389574553,0.1479613582247057,0.18467950315742615,0.8185236863323027,3.747717300694185,1.96,3.31,4,-0.25228269930581515,TRUE
2015-09-01,R3,Inflación AR(1) + rezago 12,2.503172386945934,0.1477403699935003,0.18467950315742615,0.8187947309485748,3.7496208863506975,1.88,3.4,4,-0.25037911364930254,TRUE
2015-10-01,R3,Inflación AR(1) + rezago 12,2.506208787535683,0.14753730173632446,0.18467950315742615,0.8190437965098629,3.753027638164698,2.23,3.28,4,-0.24697236183530213,TRUE
2015-11-01,R3,Inflación AR(1) + rezago 12,2.539810172871027,0.1478946835094366,0.18467950315742618,0.8186054636401556,3.8053819947226293,2.51,3.37,4,-0.19461800527737072,TRUE
2015-12-01,R3,Inflación AR(1) + rezago 12,2.59790369216365,0.1487847697678204,0.1846795031574262,0.8175137625706612,3.897621067613514,3.07,3.65,4,-0.1023789323864861,TRUE
2016-01-01,R3,Inflación AR(1) + rezago 12,2.642915578937835,0.14935460499943182,0.18467950315742626,0.8168148530819164,3.968544952990375,4.38,3.8,4,-0.03145504700962487,TRUE
2016-02-01,R3,Inflación AR(1) + rezago 12,2.682235730122798,0.14975401340480804,0.18467950315742632,0.8163249740626559,4.030004209750149,4.27,4.09,4,0.030004209750148725,TRUE
2016-03-01,R3,Inflación AR(1) + rezago 12,2.7099194124841812,0.1496563144594315,0.18467950315742637,0.8164448029468245,4.071000790191847,4.26,3.99,4,0.0710007901918468,TRUE
2016-04-01,R3,Inflación AR(1) + rezago 12,2.7641703209882973,0.15066505827545892,0.18467950315742637,0.8152075670133065,4.158801930436895,4.09,4.19,4,0.15880193043689506,TRUE
2016-05-01,R3,Inflación AR(1) + rezago 12,2.8074668378150154,0.15121865399724838,0.18467950315742632,0.8145285754707986,4.2274643084658585,4.36,4.16,4,0.22746430846585852,TRUE
2016-06-01,R3,Inflación AR(1) + rezago 12,2.8600052550873514,0.15214092112765318,0.18467950315742626,0.8133974041903311,4.312565344015924,4.43,4.39,4,0.3125653440159244,TRUE
2016-07-01,R3,Inflación AR(1) + rezago 12,2.889671845879554,0.15209057048549093,0.18467950315742626,0.8134591598341022,4.356968422326219,4.62,4.41,4,0.3569684223262186,TRUE
2016-08-01,R3,Inflación AR(1) + rezago 12,2.9110110836331016,0.15168041619097192,0.1846795031574263,0.8139622188104279,4.3864304892117065,4.74,4.45,4,0.38643048921170653,TRUE
2016-09-01,R3,Inflación AR(1) + rezago 12,2.926820561539871,0.1510210876746866,0.18467950315742632,0.814770892845778,4.405875605408195,4.56,4.42,4,0.4058756054081947,TRUE
2016-10-01,R3,Inflación AR(1) + rezago 12,2.952970522736598,0.15083980995161717,0.1846795031574263,0.8149932320654731,4.444027615841287,4.76,4.43,4,0.4440276158412866,TRUE
2016-11-01,R3,Inflación AR(1) + rezago 12,2.9854160989586846,0.15093853212465705,0.18467950315742626,0.814872148180765,4.493523691941626,4.67,4.6,4,0.4935236919416264,TRUE
2016-12-01,R3,Inflación AR(1) + rezago 12,2.999733575876483,0.15019563809358585,0.18467950315742632,0.8157833162845329,4.510030765529628,4.23,4.66,4,0.5100307655296277,TRUE
2017-01-01,R3,Inflación AR(1) + rezago 12,2.988637711816875,0.14829521072319196,0.18467950315742634,0.8181142123895045,4.4805463511048655,3.83,4.4,4,0.48054635110486554,TRUE
2017-02-01,R3,Inflación AR(1) + rezago 12,2.9953321120896415,0.14712875220966234,0.18467950315742632,0.8195448872198895,4.48274336842519,3.96,4.46,4,0.48274336842519006,TRUE
2017-03-01,R3,Inflación AR(1) + rezago 12,2.9814370528235132,0.14519316576162547,0.18467950315742634,0.8219189063394047,4.449060521101727,4,4.28,4,0.44906052110172734,TRUE
2017-04-01,R3,Inflación AR(1) + rezago 12,2.9908041024075893,0.1441560401142639,0.18467950315742632,0.8231909529166439,4.456141967032499,4.09,4.51,4,0.4561419670324991,TRUE
2017-05-01,R3,Inflación AR(1) + rezago 12,2.964805040237591,0.1417391588504453,0.18467950315742626,0.8261552856829343,4.4015546052320085,3.93,4.17,4,0.4015546052320085,TRUE
2017-06-01,R3,Inflación AR(1) + rezago 12,2.9870218941952813,0.1412456730853206,0.18467950315742632,0.8267605516697895,4.431291288325824,4.36,4.26,4,0.4312912883258244,TRUE
2017-07-01,R3,Inflación AR(1) + rezago 12,3.0213799497822196,0.14121756878927058,0.18467950315742626,0.8267950219132814,4.482075101657637,5.22,4.48,4,0.482075101657637,TRUE
2017-08-01,R3,Inflación AR(1) + rezago 12,3.0426795816487857,0.14063415882040173,0.1846795031574263,0.8275105809739551,4.509769073682941,4.72,4.51,4,0.509769073682941,TRUE
2017-09-01,R3,Inflación AR(1) + rezago 12,3.0858655509224735,0.1411650394274472,0.18467950315742626,0.826859449781864,4.577379767501135,4.36,4.75,4,0.5773797675011352,TRUE
2017-10-01,R3,Inflación AR(1) + rezago 12,3.0907129374235414,0.139930967957631,0.18467950315742623,0.8283730526835393,4.576193152603741,4.2,4.53,4,0.5761931526037412,TRUE
2017-11-01,R3,Inflación AR(1) + rezago 12,3.106727243232371,0.13917176648531956,0.1846795031574262,0.8293042220522128,4.59473944673516,4.69,4.63,4,0.5947394467351597,TRUE
2017-12-01,R3,Inflación AR(1) + rezago 12,3.098995796283613,0.13743983997158396,0.18467950315742626,0.8314284499116161,4.571594962730137,5.68,4.56,4,0.5715949627301367,TRUE
2018-01-01,R3,Inflación AR(1) + rezago 12,3.1002497372839137,0.13611893495779867,0.18467950315742623,0.8330485551572228,4.564550365109237,4.71,4.71,4,0.5645503651092367,TRUE
2018-02-01,R3,Inflación AR(1) + rezago 12,3.10279235301457,0.13486942144493066,0.1846795031574263,0.8345810979029368,4.559905135283026,4.15,4.56,4,0.5599051352830262,TRUE
2018-03-01,R3,Inflación AR(1) + rezago 12,3.116461950448548,0.13413106355827953,0.18467950315742626,0.8354867023732162,4.575029790792267,4.14,4.62,4,0.575029790792267,TRUE
2018-04-01,R3,Inflación AR(1) + rezago 12,3.1057808579657813,0.13240707495079124,0.1846795031574263,0.837601194298986,4.547839826258294,3.92,4.46,4,0.5478398262582944,TRUE
2018-05-01,R3,Inflación AR(1) + rezago 12,3.1060634877271154,0.13112579012310968,0.1846795031574263,0.839172704929031,4.53973621430058,4.09,4.48,4,0.5397362143005804,TRUE
2018-06-01,R3,Inflación AR(1) + rezago 12,3.0979190602966322,0.12952231172266457,0.1846795031574263,0.841139389694905,4.517245929653449,3.79,4.43,4,0.5172459296534493,TRUE
2018-07-01,R3,Inflación AR(1) + rezago 12,3.0955927974968107,0.1281509274637398,0.18467950315742632,0.8428214083173187,4.50484558024749,2.61,4.36,4,0.5048455802474896,TRUE
2018-08-01,R3,Inflación AR(1) + rezago 12,3.10242864834193,0.1271182233588875,0.1846795031574263,0.8440880318216357,4.508018598423699,3.36,4.33,4,0.5080185984236989,TRUE
2018-09-01,R3,Inflación AR(1) + rezago 12,3.0882066011569034,0.12554946297181957,0.18467950315742626,0.8460121345433791,4.4771474148848585,4.55,4.32,4,0.47714741488485846,TRUE
2018-10-01,R3,Inflación AR(1) + rezago 12,3.0715937916964537,0.123902354111839,0.1846795031574263,0.8480323325714665,4.442454720041463,4.34,4.32,4,0.4424547200414626,TRUE
2018-11-01,R3,Inflación AR(1) + rezago 12,3.081286446858425,0.12342262522339378,0.1846795031574263,0.8486207255902891,4.453383329027441,3.15,4.47,4,0.4533833290274414,TRUE
2018-12-01,R3,Inflación AR(1) + rezago 12,3.0781375240258413,0.12239931693776687,0.18467950315742626,0.8498758250138775,4.4422621407657275,2.31,4.38,4,0.44226214076572745,TRUE
2019-01-01,R3,Inflación AR(1) + rezago 12,3.053884888289022,0.12072763659740207,0.18467950315742632,0.851926160246266,4.396654591599296,4.1,4.07,4,0.3966545915992956,TRUE
2019-02-01,R3,Inflación AR(1) + rezago 12,3.0462902447255717,0.11943126570545812,0.18467950315742632,0.8535161741082555,4.377550489964891,4.46,4.25,4,0.37755048996489116,TRUE
2019-03-01,R3,Inflación AR(1) + rezago 12,3.0474367436208842,0.11848444289213059,0.18467950315742634,0.8546774632172554,4.373247805340464,4.17,4.35,4,0.37324780534046376,TRUE
2019-04-01,R3,Inflación AR(1) + rezago 12,3.0510856499899273,0.11764647492073392,0.18467950315742634,0.8557052406061985,4.373225251508274,4.75,4.3,4,0.37322525150827435,TRUE
2019-05-01,R3,Inflación AR(1) + rezago 12,3.0652012573394174,0.11723420409327091,0.18467950315742632,0.8562108955346095,4.390862976649499,4.54,4.39,4,0.3908629766494993,TRUE
2019-06-01,R3,Inflación AR(1) + rezago 12,3.085403767753637,0.11710393050695746,0.18467950315742632,0.8563706775918716,4.418978174560465,4.8,4.36,4,0.4189781745604648,TRUE
2019-07-01,R3,Inflación AR(1) + rezago 12,3.1213662320150823,0.11767151266628749,0.1846795031574263,0.8556745315222853,4.474121374519706,4.37,4.6,4,0.47412137451970615,TRUE
2019-08-01,R3,Inflación AR(1) + rezago 12,3.132082536518324,0.11705716571915843,0.18467950315742632,0.8564280351438773,4.485532029126045,3.01,4.53,4,0.48553202912604476,TRUE
2019-09-01,R3,Inflación AR(1) + rezago 12,3.1342325207063704,0.11607770298549558,0.18467950315742632,0.857629357491906,4.482323662454493,1.8,4.34,4,0.4823236624544931,TRUE
2019-10-01,R3,Inflación AR(1) + rezago 12,3.131785655670735,0.1149632875390406,0.18467950315742632,0.8589962008998305,4.471697605262213,2.17,4.22,4,0.4716976052622126,TRUE
2019-11-01,R3,Inflación AR(1) + rezago 12,3.1107957419837002,0.11352332898325511,0.18467950315742632,0.8607623266888447,4.432613701580635,2.92,4.25,4,0.4326137015806353,TRUE
2019-12-01,R3,Inflación AR(1) + rezago 12,3.0634198946417754,0.11152491686684475,0.1846795031574264,0.8632134022157687,4.352712608322179,3.41,4.1,4,0.35271260832217877,TRUE
2020-01-01,R3,Inflación AR(1) + rezago 12,3.0332363516670817,0.11001613902046943,0.18467950315742646,0.8650639356590198,4.30060628156808,1.78,4.11,4,0.3006062815680801,TRUE
2020-02-01,R3,Inflación AR(1) + rezago 12,3.0159718962256505,0.10893703716196121,0.18467950315742648,0.8663874665437298,4.269595861699971,1.24,3.85,4,0.26959586169997074,TRUE
2020-03-01,R3,Inflación AR(1) + rezago 12,3.02634895429753,0.10833781976271281,0.18467950315742648,0.8671224136002174,4.280655032168029,1.77,3.99,4,0.28065503216802856,TRUE
2020-04-01,R3,Inflación AR(1) + rezago 12,3.009227810010868,0.10740603406143409,0.18467950315742648,0.8682652595177273,4.250835331416598,1.88,3.97,4,0.25083533141659764,TRUE
2020-05-01,R3,Inflación AR(1) + rezago 12,2.984251566658712,0.10633864208176383,0.1846795031574265,0.8695744281008843,4.209207254909949,1.8,3.96,4,0.2092072549099493,TRUE
2020-06-01,R3,Inflación AR(1) + rezago 12,2.9493602621715587,0.10508944414473197,0.18467950315742654,0.8711065837891927,4.152677147765215,2.39,3.77,4,0.1526771477652149,TRUE
2020-07-01,R3,Inflación AR(1) + rezago 12,2.9376798156208164,0.10424773771596822,0.18467950315742657,0.8721389464392468,4.131335053854548,2.88,3.9,4,0.13133505385454836,TRUE
2020-08-01,R3,Inflación AR(1) + rezago 12,2.922064795225129,0.10331431415518809,0.18467950315742657,0.8732838012103398,4.1039879516159985,4.19,3.92,4,0.1039879516159985,TRUE
2020-09-01,R3,Inflación AR(1) + rezago 12,2.91106629842869,0.10251056743234767,0.18467950315742654,0.8742696058429389,4.083930622062584,4.97,3.99,4,0.08393062206258417,TRUE
2020-10-01,R3,Inflación AR(1) + rezago 12,2.917392298892501,0.10241481462922623,0.18467950315742654,0.8743870477611688,4.092255640093818,5.34,4.15,4,0.0922556400938177,TRUE
2020-11-01,R3,Inflación AR(1) + rezago 12,2.926801814062336,0.10246853294209388,0.18467950315742654,0.8743211616304072,4.105763836362164,5.46,4.27,4,0.10576383636216402,TRUE
2020-12-01,R3,Inflación AR(1) + rezago 12,2.92933160276152,0.10216393435430039,0.18467950315742657,0.8746947553140851,4.107557522209142,4.82,4.26,4,0.10755752220914161,TRUE
2021-01-01,R3,Inflación AR(1) + rezago 12,2.935517440499385,0.10205403288289552,0.18467950315742654,0.874829550737272,4.11559716995938,5.24,4.12,4,0.11559716995938007,TRUE
2021-02-01,R3,Inflación AR(1) + rezago 12,2.9635892664099983,0.10297301931842884,0.18467950315742657,0.8737024032669309,4.160314116237674,6,4.39,4,0.16031411623767422,TRUE
2021-03-01,R3,Inflación AR(1) + rezago 12,2.9623831188621943,0.10239567650905632,0.18467950315742657,0.874410520886454,4.155253168877395,5.84,4.34,4,0.15525316887739482,TRUE
2021-04-01,R3,Inflación AR(1) + rezago 12,2.9722185055846806,0.10246448695918006,0.18467950315742657,0.8743261240751508,4.169451424097366,5.2,4.39,4,0.1694514240973657,TRUE
2021-05-01,R3,Inflación AR(1) + rezago 12,2.977897679167838,0.10229656074583895,0.18467950315742654,0.8745320875140578,4.176434378163473,5.17,4.41,4,0.1764343781634734,TRUE
2021-06-01,R3,Inflación AR(1) + rezago 12,2.9627916141294075,0.10107445829437917,0.18467950315742654,0.8760310102765696,4.148138672426799,3.91,4.23,4,0.148138672426799,TRUE
2021-07-01,R3,Inflación AR(1) + rezago 12,2.963906814311085,0.10067031220095021,0.18467950315742654,0.8765267001249103,4.147353317759793,3.82,4.12,4,0.14735331775979343,TRUE
2021-08-01,R3,Inflación AR(1) + rezago 12,2.9693739958974312,0.10043213192626728,0.18467950315742654,0.8768188309809422,4.153619140584367,3.62,4.14,4,0.1536191405843672,TRUE
2021-09-01,R3,Inflación AR(1) + rezago 12,2.9687751679892393,0.09996794495214789,0.18467950315742657,0.8773881616624557,4.150086779090686,3.67,4.2,4,0.15008677909068613,TRUE
2021-10-01,R3,Inflación AR(1) + rezago 12,2.9438228312547294,0.09864390345996409,0.18467950315742657,0.8790121138350202,4.107602869183035,2.96,3.89,4,0.10760286918303485,TRUE
2021-11-01,R3,Inflación AR(1) + rezago 12,2.96338509705171,0.09891325688883683,0.18467950315742657,0.8786817487455666,4.136453307260094,2.89,4.08,4,0.1364533072600942,TRUE
2021-12-01,R3,Inflación AR(1) + rezago 12,2.958440280384599,0.09847509118663082,0.18467950315742654,0.8792191640367347,4.127026911301058,3.07,4.02,4,0.1270269113010576,TRUE
2022-01-01,R3,Inflación AR(1) + rezago 12,2.948038798858717,0.09788311710798467,0.18467950315742654,0.8799452270768995,4.109123502805673,2.87,4.09,4,0.10912350280567296,TRUE
2022-02-01,R3,Inflación AR(1) + rezago 12,2.9146132732949788,0.0966017373654663,0.18467950315742657,0.8815168541210872,4.0552903828688995,2.98,3.92,4,0.055290382868899535,TRUE
2022-03-01,R3,Inflación AR(1) + rezago 12,2.8875103196503114,0.09549734021002461,0.18467950315742657,0.88287140997945035,4.011416266682167,4.17,3.8,4,0.011416266682166665,TRUE
2022-04-01,R3,Inflación AR(1) + rezago 12,2.8827311743981947,0.09504178574238713,0.18467950315742654,0.8834301527921254,4.002244034111435,4.62,3.94,4,0.0022440341114347007,TRUE
2022-05-01,R3,Inflación AR(1) + rezago 12,2.8874448112835074,0.09497231761192863,0.18467950315742654,0.8835153562559505,4.008401623736166,5.82,4.01,4,0.00840162373616593,TRUE
2022-06-01,R3,Inflación AR(1) + rezago 12,2.9023524527294033,0.09536219730550716,0.1846795031574266,0.8830371643116924,4.031278554043503,7.55,4.16,4,0.03127855404350299,TRUE
2022-07-01,R3,Inflación AR(1) + rezago 12,2.9260759088820714,0.0962525035023594,0.1846795031574266,0.8819451934851279,4.069261788846791,8.36,4.51,4,0.06926178884679057,TRUE
2022-08-01,R3,Inflación AR(1) + rezago 12,2.9291225025869507,0.09562020749353045,0.18467950315742654,0.8827207118380671,4.069919862386458,8.87,4.55,4,0.069919862386457865,TRUE
2022-09-01,R3,Inflación AR(1) + rezago 12,2.934821842147546,0.09520421161770781,0.18467950315742654,0.8832309355812866,4.075483227311141,9.03,4.61,4,0.07548322731114077,TRUE
2022-10-01,R3,Inflación AR(1) + rezago 12,2.9427468990619685,0.09498076794682633,0.18467950315742654,0.8835049918226626,4.085220877061835,9.7,4.67,4,0.08522087706183523,TRUE
2022-11-01,R3,Inflación AR(1) + rezago 12,2.9464403329683595,0.09438463269308488,0.18467950315742654,0.884236158592111,4.08696595562543,9.17,4.8,4,0.08696595562542964,TRUE
2022-12-01,R3,Inflación AR(1) + rezago 12,2.932566072852769,0.09212645787703092,0.18467950315742654,0.8870058360683907,4.055019697130682,9.24,4.71,4,0.05501969713068178,TRUE
2023-01-01,R3,Inflación AR(1) + rezago 12,2.9079588598325876,0.08890834453101834,0.18467950315742657,0.8909528892315027,4.003180357843706,9.69,4.62,4,0.003180357843706183,TRUE
2023-02-01,R3,Inflación AR(1) + rezago 12,2.87854277013344,0.08525684957811759,0.18467950315742654,0.8954314899376564,3.9428655034657907,9.92,4.49,4,-0.05713449653420932,TRUE
2023-03-01,R3,Inflación AR(1) + rezago 12,2.864910417884071,0.08309707866810227,0.18467950315742654,0.8980804738873784,3.9126178523853654,8.71,4.43,4,-0.08738214761463459,TRUE
2023-04-01,R3,Inflación AR(1) + rezago 12,2.8718371795354245,0.08292647330776515,0.1846795031574266,0.8982897233309994,3.9211641374063393,8.32,4.39,4,-0.07883586259366071,TRUE
2023-05-01,R3,Inflación AR(1) + rezago 12,2.8839376249749513,0.08319538213707221,0.1846795031574266,0.8979599035480448,3.9391322153113424,6.54,4.3,4,-0.06086778468865761,TRUE
2023-06-01,R3,Inflación AR(1) + rezago 12,2.9162303316184834,0.08510285397488213,0.18467950315742654,0.8956203673224785,3.9936454016174427,4.93,4.24,4,-0.006354598382557253,TRUE
2023-07-01,R3,Inflación AR(1) + rezago 12,2.9547817863660515,0.08740955297839044,0.18467950315742657,0.8927911743702085,4.059262759095663,4.53,4.21,4,0.05926275909566314,TRUE
2023-08-01,R3,Inflación AR(1) + rezago 12,2.983745039334048,0.08925521161880362,0.1846795031574266,0.8905274527447119,4.109472109542426,4.47,4.17,4,0.10947210954242603,TRUE
2023-09-01,R3,Inflación AR(1) + rezago 12,3.011678959706056,0.09105539148065488,0.18467950315742657,0.8883195113660483,4.158254950307327,4.69,4.15,4,0.1582549503073274,TRUE
2023-10-01,R3,Inflación AR(1) + rezago 12,3.048634377744358,0.0932488868125339,0.18467950315742657,0.8856291640236552,4.222066531070968,4.98,4.32,4,0.2220665310709684,TRUE
2023-11-01,R3,Inflación AR(1) + rezago 12,3.06987406045047,0.09472349219267352,0.18467950315742654,0.8838205435046689,4.260181544803895,4.3,4.43,4,0.26018154480389466,TRUE
2023-12-01,R3,Inflación AR(1) + rezago 12,3.0700564634811895,0.0951753075746839,0.18467950315742657,0.8832663867236729,4.263107647226325,4.18,4.32,4,0.26310764722632474,TRUE
2024-01-01,R3,Inflación AR(1) + rezago 12,3.064994853340321,0.09540719163013703,0.18467950315742654,0.8829819782531988,4.257449933413696,3.82,4.29,4,0.25744993341369593,TRUE
2024-02-01,R3,Inflación AR(1) + rezago 12,3.0533344702909977,0.09537004963948363,0.18467950315742654,0.8830275333334369,4.241034201940966,3.3,4.28,4,0.24103420194096614,TRUE
2024-03-01,R3,Inflación AR(1) + rezago 12,3.025384550962595,0.09472599393840814,0.18467950315742654,0.8838174750846496,4.198456328447668,3.24,4.14,4,0.19845632844766836,TRUE
2024-04-01,R3,Inflación AR(1) + rezago 12,2.9947401840395935,0.09399521438816054,0.1846795031574266,0.8847137846378592,4.151719421021207,3.36,4.02,4,0.15171942102120717,TRUE
2024-05-01,R3,Inflación AR(1) + rezago 12,2.9742906726012515,0.09358660176034732,0.18467950315742657,0.885214952742176,4.121035041956003,3.76,3.99,4,0.12103504195600312,TRUE
2024-06-01,R3,Inflación AR(1) + rezago 12,2.96340733416074,0.0934914853984333,0.18467950315742654,0.8853316140579192,4.105414561035648,3.62,4.02,4,0.10541456103564784,TRUE
2024-07-01,R3,Inflación AR(1) + rezago 12,2.9599175012328423,0.09366750873594773,0.18467950315742654,0.8851157194027546,4.10158005303722,3.78,4.07,4,0.10158005303722017,TRUE
2024-08-01,R3,Inflación AR(1) + rezago 12,2.9497808050777885,0.09360884985918308,0.18467950315742657,0.8851876651921611,4.087201332287319,3.07,4.02,4,0.08720133228731886,TRUE
2024-09-01,R3,Inflación AR(1) + rezago 12,2.94784220155358,0.09385243623308757,0.18467950315742657,0.8848889036930355,4.085894251594846,2.11,3.97,4,0.08589425159484598,TRUE
2024-10-01,R3,Inflación AR(1) + rezago 12,2.947851731180519,0.09415435527983487,0.18467950315742657,0.8845185964973787,4.087618041513486,1.16,3.96,4,0.08761804151348596,TRUE
2024-11-01,R3,Inflación AR(1) + rezago 12,2.9291941828624393,0.09407211298398828,0.18467950315742657,0.8846194676224947,4.061283530635634,1.66,3.66,4,0.06128353063563363,TRUE
2024-12-01,R3,Inflación AR(1) + rezago 12,2.936024729124603,0.0942782407851821,0.18467950315742654,0.8843666494951545,4.071917705875632,1.7,3.95,4,0.07191770587563173,TRUE
2025-01-01,R3,Inflación AR(1) + rezago 12,2.9006543785608994,0.09380111073207006,0.18467950315742654,0.8849518550124447,4.020202969455146,2.19,3.76,4,0.02020296945514577,TRUE
2025-02-01,R3,Inflación AR(1) + rezago 12,2.872164689473576,0.09343806710547194,0.18467950315742654,0.885397132210803,3.97871532975193,1.79,3.79,4,-0.021284670248070015,TRUE
2025-03-01,R3,Inflación AR(1) + rezago 12,2.839302335758249,0.09298162385043358,0.1846795031574265,0.8859569651314838,3.930706821850837,1.57,3.71,4,-0.06929317814916303,TRUE
2025-04-01,R3,Inflación AR(1) + rezago 12,2.8054345695317666,0.09250762756194265,0.18467950315742646,0.8865383270502956,3.8812736861254766,1.47,3.62,4,-0.11872631387452337,TRUE
2025-05-01,R3,Inflación AR(1) + rezago 12,2.7752471061241253,0.09208998700232146,0.1846795031574265,0.8870505680171773,3.8372926312761955,1.69,3.55,4,-0.16270736872380454,TRUE
2025-06-01,R3,Inflación AR(1) + rezago 12,2.751837765763916,0.09176952750624834,0.18467950315742648,0.8874436152879305,3.80323969199852,1.79,3.53,4,-0.19676030800148014,TRUE
2025-07-01,R3,Inflación AR(1) + rezago 12,2.735992543207045,0.09157374888844796,0.1846795031574265,0.8876837400223859,3.780317564038941,1.17,3.54,4,-0.21968243596105896,TRUE
2025-08-01,R3,Inflación AR(1) + rezago 12,2.722896813978707,0.09142597240692293,0.1846795031574265,0.8878649895826476,3.7614551872753594,1.17,3.49,4,-0.23854481272464056,TRUE
2025-09-01,R3,Inflación AR(1) + rezago 12,2.708320512462706,0.09126130045287532,0.18467950315742648,0.8880669616349697,3.7404683566853723,1.47,3.42,4,-0.25953164331462775,TRUE
2025-10-01,R3,Inflación AR(1) + rezago 12,2.7029557645279154,0.0912017456563744,0.18467950315742648,0.8881400062802737,3.7327520660114493,1.26,3.37,4,-0.26724793398855073,TRUE
2025-11-01,R3,Inflación AR(1) + rezago 12,2.720516919816335,0.09147089006501345,0.1846795031574265,0.8878098975565493,3.758400770468821,1.73,3.3,4,-0.24159922953117885,TRUE
2025-12-01,R3,Inflación AR(1) + rezago 12,2.774838134877521,0.09219178806971987,0.18467950315742646,0.8869257078330011,3.8372672820394715,1.65,3.72,4,-0.16273271796052846,TRUE
2026-01-01,R3,Inflación AR(1) + rezago 12,2.7881947972386283,0.0922214773923838,0.18467950315742648,0.8868892935360726,3.855896249670812,0.96,3.64,4,-0.14410375032918799,TRUE
2026-02-01,R3,Inflación AR(1) + rezago 12,2.7986151179123553,0.09220391197271677,0.18467950315742646,0.8869108377260384,3.870212876414717,1.56,3.62,4,-0.12978712358528322,TRUE
2026-03-01,R3,Inflación AR(1) + rezago 12,2.7949405170375665,0.09205437243745354,0.18467950315742648,0.8870942496920595,3.864332121646621,2.5,3.61,4,-0.13566787835337912,TRUE
2026-04-01,R3,Inflación AR(1) + rezago 12,2.7905883498657973,0.09189452355280495,0.18467950315742648,0.8872903061940949,3.857462204703045,3.24,3.71,4,-0.14253779529695487,TRUE
2026-05-01,R3,Inflación AR(1) + rezago 12,2.780893884027596,0.0916044110799321,0.1846795031574265,0.8876461324906203,3.8425204838401936,2.86,3.74,4,-0.15747951615980638,TRUE
2026-06-01,R3,Inflación AR(1) + rezago 12,2.776511683492553,0.0914821711351641,0.18467950315742648,0.8877960611938007,3.835817453820312,2.27,3.71,4,-0.16418254617968797,TRUE
