fecha,variable,medida,c0_t,c_t,d_t,lambda_t,pi_estrella_t,expectativa,inflacion
2010-02-01,infl_interanual_base,Inflación interanual de la base,3.6022410876405515,0.18438580963360793,0.252024666810576,0.7534867776356037,6.391604061255758,4.25,2.48
2010-03-01,infl_interanual_base,Inflación interanual de la base,3.659889745505647,0.1850938651489229,0.25202466681057656,0.7525401481360774,6.502061185717186,6.26,3.93
2010-04-01,infl_interanual_base,Inflación interanual de la base,3.608567561213122,0.1834807661052882,0.2520246668105739,0.75469676877857494,6.392563846722133,5.81,3.75
2010-05-01,infl_interanual_base,Inflación interanual de la base,3.5671570261272487,0.1822022320918845,0.25202466681057345,0.7564060952184618,6.304925100198875,5.7,3.51
2010-06-01,infl_interanual_base,Inflación interanual de la base,3.5272414371811776,0.18097184836608599,0.2520246668105752,0.7580510474932268,6.220846135152344,5.45,4.07
2010-07-01,infl_interanual_base,Inflación interanual de la base,3.5024999907848833,0.18019892487432576,0.2520246668105761,0.7590844017463199,6.168801555490318,5.11,4.12
2010-08-01,infl_interanual_base,Inflación interanual de la base,3.528624180449032,0.18120412094737592,0.2520246668105708,0.75774051241141,6.225835229863524,5.57,4.1
2010-09-01,infl_interanual_base,Inflación interanual de la base,3.5540386366962835,0.18218420194181673,0.2520246668105708,0.756430200492083,6.281538257518031,5.68,3.76
2010-10-01,infl_interanual_base,Inflación interanual de la base,3.5819759097368684,0.18325312356873016,0.252024666810571,0.7550011137568887,6.342898948746389,5.89,4.51
2010-11-01,infl_interanual_base,Inflación interanual de la base,3.5908181270513198,0.18370537799917094,0.252024666810571,0.75439647559521,6.363652882848571,6.22,5.25
2010-12-01,infl_interanual_base,Inflación interanual de la base,3.5674524926099367,0.18291001804836182,0.25202466681057123,0.7554598261035984,6.313345372683744,6.2,5.39
2011-01-01,infl_interanual_base,Inflación interanual de la base,3.533426132501611,0.18163394257835544,0.252024666810571,0.7571658656123682,6.239039192754566,5.85,4.9
2011-02-01,infl_interanual_base,Inflación interanual de la base,3.522313363796582,0.181418643880439,0.2520246668105709,0.7574537075883843,6.217053704003791,5.81,5.24
2011-03-01,infl_interanual_base,Inflación interanual de la base,3.5189009588923597,0.18152742306723807,0.2520246668105709,0.7573082760721667,6.212223394262821,6.13,4.99
2011-04-01,infl_interanual_base,Inflación interanual de la base,3.4955645051177813,0.18073949443430168,0.252024666810571,0.7583616913359783,6.162453544524358,6.19,5.76114812916453
2011-05-01,infl_interanual_base,Inflación interanual de la base,3.447007865760776,0.17887065241487254,0.25202466681057056,0.7608602256278251,6.056896002101697,5.74,6.3930220625962
2011-06-01,infl_interanual_base,Inflación interanual de la base,3.428754132267536,0.17850127214032416,0.25202466681057045,0.7613540658096574,6.020913623266639,6.16,6.42229936695938
2011-07-01,infl_interanual_base,Inflación interanual de la base,3.3958896108319356,0.17732961935353972,0.25202466681057056,0.762920498196924,5.950959638344974,5.88,7.03967446592064
2011-08-01,infl_interanual_base,Inflación interanual de la base,3.384129865545935,0.17732212842861583,0.2520246668105706,0.7629305131327,5.930274004093915,5.95,7.6258261311642
2011-09-01,infl_interanual_base,Inflación interanual de la base,3.389105716444083,0.17832653340434643,0.2520246668105705,0.761587681449404,5.949465210358952,6.43,7.24931562404949
2011-10-01,infl_interanual_base,Inflación interanual de la base,3.3756008235066046,0.1781204840227205,0.25202466681057045,0.7618631576215223,5.923615159970472,6.51,6.65
2011-11-01,infl_interanual_base,Inflación interanual de la base,3.339422392398187,0.17650268275435693,0.25202466681057045,0.7640260648680288,5.843538426302332,6.06,6.05484387510006
2011-12-01,infl_interanual_base,Inflación interanual de la base,3.312801642497906,0.1754307854624437,0.25202466681057056,0.7654591298961797,5.786102855489237,5.62,6.2
2012-01-01,infl_interanual_base,Inflación interanual de la base,3.3149292705348006,0.17585394729083875,0.25202466681057056,0.7648933868701487,5.794101308288406,5.95,5.44
2012-02-01,infl_interanual_base,Inflación interanual de la base,3.3039803045706004,0.17558075780221688,0.25202466681057056,0.765258625503697,5.772207576103475,6.11,5.17
2012-03-01,infl_interanual_base,Inflación interanual de la base,3.2572519754740075,0.1736358096699149,0.25202466681057056,0.767858909291143,5.671300410450221,5.47,4.55
2012-04-01,infl_interanual_base,Inflación interanual de la base,3.2334203120837692,0.17270758971174296,0.2520246668105705,0.7690998859878129,5.620722435324913,5.54,4.27
2012-05-01,infl_interanual_base,Inflación interanual de la base,3.1951078634361516,0.1712134620816725,0.2520246668105706,0.771097448693122,5.53973489492201,5.28,3.9
2012-06-01,infl_interanual_base,Inflación interanual de la base,3.1611142332824738,0.16987772705576937,0.25202466681057056,0.7728832495967527,5.468132370282818,5.11,3.47
2012-07-01,infl_interanual_base,Inflación interanual de la base,3.1316351269461777,0.16869321530073267,0.2520246668105706,0.7744668736849775,5.406062141810995,4.9,2.86
2012-08-01,infl_interanual_base,Inflación interanual de la base,3.1128340747507792,0.16782695006693032,0.25202466681057056,0.7756250204785469,5.365582608360903,4.55,2.71
2012-09-01,infl_interanual_base,Inflación interanual de la base,3.1223193196213663,0.1676555238592957,0.25202466681057056,0.7758542074584218,5.380342475686771,5.17,3.28
2012-10-01,infl_interanual_base,Inflación interanual de la base,3.086318566682786,0.16642535821880844,0.25202466681057045,0.7774988681656696,5.307056486140682,4.76,3.35
2012-11-01,infl_interanual_base,Inflación interanual de la base,3.0681570279239736,0.16569775687858418,0.25202466681057056,0.7784716293089037,5.26923438708218,4.82,3.11
2012-12-01,infl_interanual_base,Inflación interanual de la base,3.050288997667033,0.16497860069218487,0.2520246668105705,0.7794330997672045,5.232085923708757,4.93,3.45
2013-01-01,infl_interanual_base,Inflación interanual de la base,3.0169539776449135,0.16384629402839432,0.2520246668105705,0.780946928651056,5.16487586711673,4.83,3.86
2013-02-01,infl_interanual_base,Inflación interanual de la base,2.9830797214195273,0.16269800871000348,0.2520246668105705,0.7824821200770813,5.096865360490129,4.61,4.18
2013-03-01,infl_interanual_base,Inflación interanual de la base,2.9714455749750273,0.16228706085931424,0.25202466681057045,0.7830315337174174,5.073425088662543,4.66,4.34
2013-04-01,infl_interanual_base,Inflación interanual de la base,2.975255049380663,0.16243056951533938,0.25202466681057045,0.7828396708983413,5.081174376339685,4.93,4.13
2013-05-01,infl_interanual_base,Inflación interanual de la base,2.9713893856561104,0.1622879780766949,0.25202466681057045,0.783030307450534,5.073337096519985,4.83,4.27
2013-06-01,infl_interanual_base,Inflación interanual de la base,2.973035581867109,0.16234090623638772,0.25202466681057045,0.7829595455452354,5.076606574062453,5.21,4.79
2013-07-01,infl_interanual_base,Inflación interanual de la base,2.9414306029027135,0.16117434804002204,0.25202466681057034,0.7845191667581322,5.012654506968466,4.81,4.74
2013-08-01,infl_interanual_base,Inflación interanual de la base,2.9318753932863375,0.16091494513067647,0.2520246668105704,0.7848659735281355,4.994163212035548,4.89,4.42
2013-09-01,infl_interanual_base,Inflación interanual de la base,2.924036353398223,0.16072541059761783,0.2520246668105704,0.7851193702975856,4.979202620398938,4.91,4.21
2013-10-01,infl_interanual_base,Inflación interanual de la base,2.9118020392808,0.1603690168028023,0.2520246668105704,0.7855958483029443,4.955362047818631,4.71,4.15
2013-11-01,infl_interanual_base,Inflación interanual de la base,2.911218402819699,0.1604339073852358,0.25202466681057034,0.7855090933264709,4.954915985430279,4.7,4.63
2013-12-01,infl_interanual_base,Inflación interanual de la base,2.917158447118668,0.16073133004365855,0.25202466681057034,0.7851114563386915,4.967540633011018,5.19,4.39
2014-01-01,infl_interanual_base,Inflación interanual de la base,2.8880497653747437,0.1596349692642656,0.25202466681057034,0.7865772276425632,4.9088077964035435,4.94,4.14
2014-02-01,infl_interanual_base,Inflación interanual de la base,2.854547032783097,0.1583729278804565,0.25202466681057045,0.7882645043852702,4.841477930008122,4.68,3.5
2014-03-01,infl_interanual_base,Inflación interanual de la base,2.828704312035077,0.1573832643883592,0.25202466681057045,0.7895876275528182,4.78960768602511,4.54,3.25
2014-04-01,infl_interanual_base,Inflación interanual de la base,2.804798793908055,0.15645183604165044,0.25202466681057045,0.7908328936804283,4.741652372952715,4.66,3.27
2014-05-01,infl_interanual_base,Inflación interanual de la base,2.7602656115254054,0.15494460262201598,0.25202466681057034,0.7928479780725934,4.654506873335847,4.28,3.22
2014-06-01,infl_interanual_base,Inflación interanual de la base,2.732167018093826,0.15389895099633477,0.25202466681057034,0.7942459541545351,4.599016389117754,4.36,3.13
2014-07-01,infl_interanual_base,Inflación interanual de la base,2.6986082565958314,0.15270228998034663,0.25202466681057034,0.7958458211058763,4.53339570367203,4.41,3.41
2014-08-01,infl_interanual_base,Inflación interanual de la base,2.6513406096530088,0.1511370856334888,0.2520246668105703,0.7979384092934889,4.442310157752586,4.06,3.7
2014-09-01,infl_interanual_base,Inflación interanual de la base,2.626290022690763,0.15022258463010338,0.25202466681057023,0.7991610445366673,4.393605933256711,4.13,3.45
2014-10-01,infl_interanual_base,Inflación interanual de la base,2.608911763101639,0.1495519045218932,0.25202466681057023,0.8000577052665744,4.35964174883778,4.17,3.64
2014-11-01,infl_interanual_base,Inflación interanual de la base,2.5910983939757846,0.14886833124189927,0.2520246668105702,0.800971603425594,4.324934253068054,4.16,3.38
2014-12-01,infl_interanual_base,Inflación interanual de la base,2.5757213472882348,0.1482609269560337,0.25202466681057023,0.8017836680203922,4.294913246232439,4.21,2.95
2015-01-01,infl_interanual_base,Inflación interanual de la base,2.551714596856597,0.14740299560043324,0.25202466681057023,0.8029306728981362,4.2488047436558265,3.89,2.32
2015-02-01,infl_interanual_base,Inflación interanual de la base,2.5437562279166843,0.14695169041612705,0.2520246668105702,0.80353404197233,4.232372983164243,4.07,2.44
2015-03-01,infl_interanual_base,Inflación interanual de la base,2.5149258549880695,0.1460844801702965,0.25202466681057023,0.8046934521926279,4.178375269158848,4.11,2.43
2015-04-01,infl_interanual_base,Inflación interanual de la base,2.464414046085333,0.14476288915728608,0.25202466681057,0.8064603433645267,4.08548276890987,3.82,2.58
2015-05-01,infl_interanual_base,Inflación interanual de la base,2.417162203395036,0.1435093376960961,0.25202466681057006,0.8081362695689974,3.998839010658116,3.57,2.55
2015-06-01,infl_interanual_base,Inflación interanual de la base,2.388257702908857,0.14266235586905723,0.25202466681057,0.8092686355568266,3.945492319496116,3.67,2.39
2015-07-01,infl_interanual_base,Inflación interanual de la base,2.3574970628356944,0.14177472101529662,0.25202466681056995,0.8104553523031873,3.8889717619725768,3.56,2.32
2015-08-01,infl_interanual_base,Inflación interanual de la base,2.3329763518876785,0.14101517746042364,0.25202466681057,0.8114708183502215,3.8437059333583314,3.31,1.96
2015-09-01,infl_interanual_base,Inflación interanual de la base,2.333645799432869,0.14075758448124043,0.25202466681057,0.8118152053476975,3.8431778458345893,3.4,1.88
2015-10-01,infl_interanual_base,Inflación interanual de la base,2.338769143021452,0.14057497025609142,0.25202466681057,0.8120593500635003,3.85045726961169,3.28,2.23
2015-11-01,infl_interanual_base,Inflación interanual de la base,2.3622177725914875,0.1406882599259824,0.25202466681057,0.8119078882908133,3.8897876747110214,3.37,2.51
2015-12-01,infl_interanual_base,Inflación interanual de la base,2.399170322559179,0.14106019621385177,0.2520246668105701,0.8114106308661821,3.9530573162417606,3.65,3.07
2016-01-01,infl_interanual_base,Inflación interanual de la base,2.4312908129739728,0.14132796120474408,0.25202466681057,0.8110526444741035,4.007749683345447,3.8,4.38
2016-02-01,infl_interanual_base,Inflación interanual de la base,2.461889510869509,0.14155559926953848,0.25202466681057,0.8107483054742816,4.059712066023772,4.09,4.27
2016-03-01,infl_interanual_base,Inflación interanual de la base,2.4873549162956765,0.14159012403174254,0.25202466681056995,0.8107021478529375,4.101938633613426,3.99,4.26
2016-04-01,infl_interanual_base,Inflación interanual de la base,2.5263376992221787,0.14212039841315244,0.2520246668105699,0.8099932015042006,4.16987228164622,4.19,4.09
2016-05-01,infl_interanual_base,Inflación interanual de la base,2.5599582684187188,0.14245447424557375,0.2520246668105699,0.8095465613309254,4.227696256217785,4.16,4.36
2016-06-01,infl_interanual_base,Inflación interanual de la base,2.5975080419152636,0.14292657896637764,0.2520246668105698,0.8089153844727384,4.293055764160266,4.39,4.43
2016-07-01,infl_interanual_base,Inflación interanual de la base,2.6227438503299427,0.14293755039405287,0.2520246668105699,0.8089007163049682,4.334843087339804,4.41,4.62
2016-08-01,infl_interanual_base,Inflación interanual de la base,2.6431263079511957,0.14276385559277097,0.25202466681056984,0.8091329362640693,4.367277234145082,4.45,4.74
2016-09-01,infl_interanual_base,Inflación interanual de la base,2.6598550021460454,0.14244517532455847,0.25202466681056984,0.809558993453487,4.392605335339237,4.42,4.56
2016-10-01,infl_interanual_base,Inflación interanual de la base,2.680306612386892,0.14227806170788576,0.25202466681056984,0.8097824147472884,4.425158802236013,4.43,4.76
2016-11-01,infl_interanual_base,Inflación interanual de la base,2.70208664182999,0.14216297668152736,0.25202466681056984,0.8099362768083108,4.4602699380476265,4.6,4.67
2016-12-01,infl_interanual_base,Inflación interanual de la base,2.7131986301024678,0.14161174383371078,0.2520246668105698,0.8106732434211884,4.474540816320003,4.66,4.23
2017-01-01,infl_interanual_base,Inflación interanual de la base,2.7114618067487255,0.14054513768694873,0.25202466681056984,0.812099234492597,4.463824529674125,4.4,3.83
2017-02-01,infl_interanual_base,Inflación interanual de la base,2.7179135558625376,0.13977603405138583,0.25202466681056984,0.813127481817657,4.468787714346982,4.46,3.96
2017-03-01,infl_interanual_base,Inflación interanual de la base,2.7144012757603226,0.13867915540681836,0.2520246668105698,0.8145939454774817,4.454978341795511,4.28,4
2017-04-01,infl_interanual_base,Inflación interanual de la base,2.7218475411685894,0.13795500317819043,0.2520246668105698,0.8155620953568902,4.461896443874974,4.51,4.09
2017-05-01,infl_interanual_base,Inflación interanual de la base,2.7132363007314098,0.13667917995325018,0.2520246668105698,0.8172677976285145,4.4384972592541825,4.17,3.93
2017-06-01,infl_interanual_base,Inflación interanual de la base,2.7289542269648432,0.13625801522260483,0.2520246668105698,0.817830870649719,4.46113612744382,4.26,4.36
2017-07-01,infl_interanual_base,Inflación interanual de la base,2.7503134315296616,0.13602727031171996,0.2520246668105698,0.8181393633240709,4.494357607075676,4.48,5.22
2017-08-01,infl_interanual_base,Inflación interanual de la base,2.7652582049466954,0.13555631782033117,0.25202466681056973,0.8187689997178015,4.51530428603707,4.51,4.72
2017-09-01,infl_interanual_base,Inflación interanual de la base,2.789565818555249,0.13550514382328407,0.25202466681056973,0.818837416408535,4.554614848180951,4.75,4.36
2017-10-01,infl_interanual_base,Inflación interanual de la base,2.795111772892276,0.13469337158840022,0.25202466681056973,0.8199227091967642,4.557629194890022,4.53,4.2
2017-11-01,infl_interanual_base,Inflación interanual de la base,2.805698219988344,0.13407035569718923,0.25202466681056973,0.8207556456099938,4.570248365552312,4.63,4.69
2017-12-01,infl_interanual_base,Inflación interanual de la base,2.8041107294931487,0.13300818015304758,0.25202466681056973,0.8221757132205291,4.559773177555797,4.56,5.68
2018-01-01,infl_interanual_base,Inflación interanual de la base,2.806066745877029,0.13208874543132115,0.25202466681056973,0.823404944561362,4.556141993757977,4.71,4.71
2018-02-01,infl_interanual_base,Inflación interanual de la base,2.8075709087685388,0.13114726682895816,0.25202466681056973,0.8246636473027324,4.551626396208444,4.56,4.15
2018-03-01,infl_interanual_base,Inflación interanual de la base,2.8144026310881975,0.13042131006442484,0.2520246668105698,0.8256342097428571,4.5573383472533955,4.62,4.14
2018-04-01,infl_interanual_base,Inflación interanual de la base,2.8095103744435685,0.12927746020124278,0.2520246668105698,0.8271634712203774,4.541005387450571,4.46,3.92
2018-05-01,infl_interanual_base,Inflación interanual de la base,2.809615935667371,0.1283113248275358,0.2520246668105698,0.8284551386468784,4.534095732128607,4.48,4.09
2018-06-01,infl_interanual_base,Inflación interanual de la base,2.8053041279044524,0.12719646176934463,0.2520246668105698,0.829945646433328,4.519007100688004,4.43,3.79
2018-07-01,infl_interanual_base,Inflación interanual de la base,2.803498526610077,0.1261696391556042,0.2520246668105698,0.8313184492092724,4.508640807746556,4.36,2.61
2018-08-01,infl_interanual_base,Inflación interanual de la base,2.805578368144722,0.12526929652667756,0.25202466681056973,0.8325221555201311,4.505461972362693,4.33,3.36
2018-09-01,infl_interanual_base,Inflación interanual de la base,2.797612142582208,0.12414374857362719,0.25202466681056973,0.8340269483964562,4.484563160272116,4.32,4.55
2018-10-01,infl_interanual_base,Inflación interanual de la base,2.788220291930414,0.12297705849940366,0.2520246668105698,0.8355867459224637,4.461164782116009,4.32,4.34
2018-11-01,infl_interanual_base,Inflación interanual de la base,2.7906945969387547,0.12227409662808195,0.25202466681056973,0.8365265655129364,4.460107210712112,4.47,3.15
2018-12-01,infl_interanual_base,Inflación interanual de la base,2.7870695091028446,0.12134377248124578,0.2520246668105698,0.8377703553888259,4.447700505146999,4.38,2.31
2019-01-01,infl_interanual_base,Inflación interanual de la base,2.774874475680118,0.1201815857405697,0.25202466681056973,0.8393241322168938,4.420041593208375,4.07,4.1
2019-02-01,infl_interanual_base,Inflación interanual de la base,2.771474936006301,0.11919390657184739,0.25202466681056973,0.8406446024582195,4.407692114754333,4.25,4.46
2019-03-01,infl_interanual_base,Inflación interanual de la base,2.7717326681286525,0.11833501770623144,0.25202466681056973,0.8417928874717822,4.402088938669005,4.35,4.17
2019-04-01,infl_interanual_base,Inflación interanual de la base,2.7740895868733064,0.11755654215828555,0.25202466681056973,0.8428336645046642,4.4003916544680814,4.3,4.75
2019-05-01,infl_interanual_base,Inflación interanual de la base,2.7826190640927027,0.11699914349679867,0.25202466681056973,0.8435788744557866,4.410022294895476,4.39,4.54
2019-06-01,infl_interanual_base,Inflación interanual de la base,2.7944148031102354,0.11657500080465809,0.25202466681056973,0.8441459288402301,4.425741735921882,4.36,4.8
2019-07-01,infl_interanual_base,Inflación interanual de la base,2.8133451163136063,0.11642906378623967,0.2520246668105698,0.8443410382401566,4.454693587173288,4.6,4.37
2019-08-01,infl_interanual_base,Inflación interanual de la base,2.8191407636286305,0.11574162193239312,0.25202466681056973,0.8452601084599127,4.459016837339282,4.53,3.01
2019-09-01,infl_interanual_base,Inflación interanual de la base,2.8202765273410404,0.11487927654744792,0.25202466681056973,0.8464130146410137,4.454737156791224,4.34,1.8
2019-10-01,infl_interanual_base,Inflación interanual de la base,2.818126266672645,0.1139319780395184,0.2520246668105697,0.8476794982613894,4.444690167924453,4.22,2.17
2019-11-01,infl_interanual_base,Inflación interanual de la base,2.8054850924338512,0.11282248810791506,0.2520246668105697,0.8491628224866314,4.417023578118108,4.25,2.92
2019-12-01,infl_interanual_base,Inflación interanual de la base,2.778978193629804,0.11145456731529706,0.2520246668105697,0.8509916539091666,4.36588771744695,4.1,3.41
2020-01-01,infl_interanual_base,Inflación interanual de la base,2.7601636479937053,0.11027956958116679,0.2520246668105697,0.8525625582986469,4.3283393202675775,4.11,1.78
2020-02-01,infl_interanual_base,Inflación interanual de la base,2.7474106957243474,0.10928210654667529,0.2520246668105696,0.8538961090057782,4.301612387790479,3.85,1.24
2020-03-01,infl_interanual_base,Inflación interanual de la base,2.747668810409316,0.10848356192521728,0.2520246668105696,0.8549637172356551,4.296644513466439,3.99,1.77
2020-04-01,infl_interanual_base,Inflación interanual de la base,2.733921613340413,0.10753585587404416,0.25202466681056956,0.8562307457179075,4.268821192598166,3.97,1.88
2020-05-01,infl_interanual_base,Inflación interanual de la base,2.7160841877331974,0.10652596807683844,0.2520246668105696,0.8575809076181662,4.234292425024773,3.96,1.8
2020-06-01,infl_interanual_base,Inflación interanual de la base,2.693856340381595,0.10544518682147075,0.25202466681056956,0.8590258499944865,4.192575796807667,3.77,2.39
2020-07-01,infl_interanual_base,Inflación interanual de la base,2.6830020154246514,0.10454024228203798,0.2520246668105696,0.8602357087950087,4.169809905208927,3.9,2.88
2020-08-01,infl_interanual_base,Inflación interanual de la base,2.6704149271028315,0.10359972812224247,0.25202466681056956,0.8614931221321371,4.1441899819040975,3.92,4.19
2020-09-01,infl_interanual_base,Inflación interanual de la base,2.6610541043718134,0.10273901980292949,0.2520246668105696,0.8626438396506452,4.1241542814063905,3.99,4.97
2020-10-01,infl_interanual_base,Inflación interanual de la base,2.6608050343657137,0.10220622401969297,0.2520246668105696,0.8633561569686036,4.120365927361715,4.15,5.34
2020-11-01,infl_interanual_base,Inflación interanual de la base,2.6630357141152863,0.10177928200316959,0.2520246668105696,0.8639269538887411,4.121095616766138,4.27,5.46
2020-12-01,infl_interanual_base,Inflación interanual de la base,2.6634779479209905,0.1012703125487276,0.2520246668105696,0.8646074167754939,4.1185360603544305,4.26,4.82
2021-01-01,infl_interanual_base,Inflación interanual de la base,2.6672361557393005,0.10091684862248973,0.2520246668105696,0.8650799777150782,4.122094400051662,4.12,5.24
2021-02-01,infl_interanual_base,Inflación interanual de la base,2.6819202884300255,0.10101570628848461,0.2520246668105696,0.8649478107015307,4.145421409488737,4.39,6
2021-03-01,infl_interanual_base,Inflación interanual de la base,2.6823038440175684,0.10047094782009865,0.2520246668105696,0.8656761214414892,4.142526142873306,4.34,5.84
2021-04-01,infl_interanual_base,Inflación interanual de la base,2.6879342067250573,0.10019657797923485,0.25202466681056956,0.8660429381380959,4.149463354741942,4.39,5.2
2021-05-01,infl_interanual_base,Inflación interanual de la base,2.6912088321148877,0.09980404506436916,0.2520246668105696,0.8665677320683876,4.152002536088321,4.41,5.17
2021-06-01,infl_interanual_base,Inflación interanual de la base,2.6849689550499987,0.09898656834883657,0.2520246668105696,0.8676606514191458,4.1371578377161695,4.23,3.91
2021-07-01,infl_interanual_base,Inflación interanual de la base,2.6866890713957665,0.09852255574333195,0.2520246668105696,0.868281009584603,4.136850537403005,4.12,3.82
2021-08-01,infl_interanual_base,Inflación interanual de la base,2.690240006322947,0.0981200274247635,0.2520246668105696,0.8688191667947506,4.139752314797854,4.14,3.62
2021-09-01,infl_interanual_base,Inflación interanual de la base,2.690063446156328,0.09759520021624905,0.2520246668105696,0.8695208305866253,4.136140250562134,4.2,3.67
2021-10-01,infl_interanual_base,Inflación interanual de la base,2.6783519959303175,0.09671172856823305,0.2520246668105696,0.870701981366356,4.11254671215377,3.89,2.96
2021-11-01,infl_interanual_base,Inflación interanual de la base,2.6871915097106265,0.09647605601172045,0.2520246668105696,0.8710170620194941,4.124627000894798,4.08,2.89
2021-12-01,infl_interanual_base,Inflación interanual de la base,2.683110681194052,0.09591190430966648,0.2520246668105696,0.8717713003974477,4.114800128882553,4.02,3.07
2022-01-01,infl_interanual_base,Inflación interanual de la base,2.675827527665419,0.0952682639208637,0.2520246668105697,0.8726318105777209,4.099584106947074,4.09,2.87
2022-02-01,infl_interanual_base,Inflación interanual de la base,2.6574881601075697,0.09433309109405846,0.2520246668105696,0.8738820828598529,4.065661594312658,3.92,2.98
2022-03-01,infl_interanual_base,Inflación interanual de la base,2.6431212397024355,0.09349584067799273,0.2520246668105696,0.8750014385109218,4.038508876053507,3.8,4.17
2022-04-01,infl_interanual_base,Inflación interanual de la base,2.639924171159504,0.092944484728151755,0.2520246668105696,0.8757385697041257,4.030228770692103,3.94,4.62
2022-05-01,infl_interanual_base,Inflación interanual de la base,2.64133010862075,0.0925579904381751,0.2520246668105696,0.8762552903402576,4.029997280104306,4.01,5.82
2022-06-01,infl_interanual_base,Inflación interanual de la base,2.648024343988748,0.09238134179275707,0.2520246668105696,0.8764914594190758,4.039122351239696,4.16,7.55
2022-07-01,infl_interanual_base,Inflación interanual de la base,2.6584158068191317,0.09238950985381365,0.2520246668105697,0.8764805391912365,4.055023327522746,4.51,8.36
2022-08-01,infl_interanual_base,Inflación interanual de la base,2.65805037274056,0.09170012681173764,0.2520246668105696,0.8774022046680062,4.050206905440866,4.55,8.87
2022-09-01,infl_interanual_base,Inflación interanual de la base,2.65883523986906,0.09109333994255812,0.2520246668105696,0.8782134438122065,4.0476604126820765,4.61,9.03
2022-10-01,infl_interanual_base,Inflación interanual de la base,2.6599811864478875,0.09051406167185243,0.2520246668105696,0.8789879055424291,4.0458370731222155,4.67,9.7
2022-11-01,infl_interanual_base,Inflación interanual de la base,2.657985930213675,0.08969115618664383,0.2520246668105696,0.8800880828460036,4.037748472575582,4.8,9.17
2022-12-01,infl_interanual_base,Inflación interanual de la base,2.646309878324943,0.08806171265496461,0.2520246668105697,0.8822665551289479,4.010085253554382,4.71,9.24
2023-01-01,infl_interanual_base,Inflación interanual de la base,2.6299035749213315,0.08605970962430805,0.2520246668105697,0.8849431180339301,3.973170418242273,4.62,9.69
2023-02-01,infl_interanual_base,Inflación interanual de la base,2.6126959051676257,0.08399410834664338,0.2520246668105697,0.8877047081372519,3.9348942521473287,4.49,9.92
2023-03-01,infl_interanual_base,Inflación interanual de la base,2.605769721713454,0.08278420749839677,0.2520246668105697,0.8893222759828217,3.9173248425502534,4.43,8.71
2023-04-01,infl_interanual_base,Inflación interanual de la base,2.6119386868325947,0.08269004965843425,0.2520246668105697,0.8894481595992787,3.926043084809801,4.39,8.32
2023-05-01,infl_interanual_base,Inflación interanual de la base,2.624079640391234,0.08304265686206035,0.2520246668105697,0.8889767440485512,3.9463839480484584,4.3,6.54
2023-06-01,infl_interanual_base,Inflación interanual de la base,2.64858276946661,0.08427866998183929,0.2520246668105697,0.8873242655978134,3.990652531935642,4.24,4.93
2023-07-01,infl_interanual_base,Inflación interanual de la base,2.6775132158433155,0.08576337433063916,0.2520246668105697,0.8853393012775744,4.043287319150126,4.21,4.53
2023-08-01,infl_interanual_base,Inflación interanual de la base,2.702258997313796,0.08707088440777368,0.25202466681056973,0.8835912355070641,4.088728714559679,4.17,4.47
2023-09-01,infl_interanual_base,Inflación interanual de la base,2.7257535120998626,0.08832971004756082,0.2520246668105697,0.881908258029158,4.132148257297899,4.15,4.69
2023-10-01,infl_interanual_base,Inflación interanual de la base,2.7514407572423587,0.0896727207082274,0.2520246668105697,0.8801127300203132,4.179598721129066,4.32,4.98
2023-11-01,infl_interanual_base,Inflación interanual de la base,2.766730511145544,0.09059689587591989,0.2520246668105697,0.8788771609758746,4.2087332867994,4.43,4.3
2023-12-01,infl_interanual_base,Inflación interanual de la base,2.7694577049537927,0.09098373055390076,0.2520246668105696,0.8783599852605588,4.215362409266847,4.32,4.18
2024-01-01,infl_interanual_base,Inflación interanual de la base,2.767821576350678,0.09120941615129224,0.2520246668105696,0.8780582565973566,4.21431975159873,4.29,3.82
2024-02-01,infl_interanual_base,Inflación interanual de la base,2.760871557146049,0.0912443225752911,0.2520246668105696,0.8780115887161445,4.203961001573889,4.28,3.3
2024-03-01,infl_interanual_base,Inflación interanual de la base,2.7448177271783893,0.09098053351543832,0.2520246668105697,0.8783642595171025,4.177837828458304,4.14,3.24
2024-04-01,infl_interanual_base,Inflación interanual de la base,2.7271057729778727,0.09066974713722914,0.2520246668105697,0.87877976302961,4.14891616752713,4.02,3.36
2024-05-01,infl_interanual_base,Inflación interanual de la base,2.7139012404409737,0.09048439475838203,0.2520246668105697,0.8790275684994198,4.1276633361930095,3.99,3.76
2024-06-01,infl_interanual_base,Inflación interanual de la base,2.7048792550532315,0.09041974652743247,0.2520246668105697,0.8791139994658982,4.113537030054336,4.02,3.62
2024-07-01,infl_interanual_base,Inflación interanual de la base,2.6989570013837856,0.09045520289402659,0.2520246668105697,0.8790665963430666,4.1047518958411615,4.07,3.78
2024-08-01,infl_interanual_base,Inflación interanual de la base,2.6899329708573103,0.09039421837417788,0.2520246668105697,0.8791481291385248,4.090648150096354,4.02,3.07
2024-09-01,infl_interanual_base,Inflación interanual de la base,2.684714208842102,0.09045677714897557,0.2520246668105697,0.8790644916547445,4.083100293031002,3.97,2.11
2024-10-01,infl_interanual_base,Inflación interanual de la base,2.680061261870111,0.09053425544672854,0.2520246668105697,0.8789609076268828,4.0765041196878,3.96,1.16
2024-11-01,infl_interanual_base,Inflación interanual de la base,2.6664079555611795,0.09044862232172574,0.2520246668105697,0.8790753941897453,4.05520857402501,3.66,1.66
2024-12-01,infl_interanual_base,Inflación interanual de la base,2.6638909432662743,0.09047394263103532,0.25202466681056973,0.8790415423925189,4.051536592194759,3.95,1.7
2025-01-01,infl_interanual_base,Inflación interanual de la base,2.6396289020649215,0.09018922835097554,0.2520246668105697,0.8794221890093608,4.012898543536711,3.76,2.19
2025-02-01,infl_interanual_base,Inflación interanual de la base,2.61826413603627,0.08994681800317102,0.2520246668105697,0.8797462777019261,3.978952394327704,3.79,1.79
2025-03-01,infl_interanual_base,Inflación interanual de la base,2.5941353521510595,0.08965241679181409,0.2520246668105697,0.8801398751887598,3.9405211143891647,3.71,1.57
2025-04-01,infl_interanual_base,Inflación interanual de la base,2.569984841309446,0.0893576815439025,0.25202466681056973,0.8805339192632546,3.9020892241324687,3.62,1.47
2025-05-01,infl_interanual_base,Inflación interanual de la base,2.5484097658815332,0.08909767530471484,0.25202466681056973,0.8808815326505558,3.8678041900267788,3.55,1.69
2025-06-01,infl_interanual_base,Inflación interanual de la base,2.531082894216988,0.08889130609846821,0.25202466681056973,0.8811574364097969,3.840303800698338,3.53,1.79
2025-07-01,infl_interanual_base,Inflación interanual de la base,2.518440541070024,0.08875293451601794,0.25202466681056973,0.8813424312569669,3.820320040911858,3.54,1.17
2025-08-01,infl_interanual_base,Inflación interanual de la base,2.5085434442243564,0.0886567693033686,0.25202466681056973,0.8814709986152502,3.804751726447465,3.49,1.17
2025-09-01,infl_interanual_base,Inflación interanual de la base,2.5001168991277,0.08857538183834845,0.25202466681056973,0.881579808974909,3.7915030081592653,3.42,1.47
2025-10-01,infl_interanual_base,Inflación interanual de la base,2.498138759871831,0.08855879516268488,0.25202466681056973,0.8816019844062736,3.7884078057055164,3.37,1.26
2025-11-01,infl_interanual_base,Inflación interanual de la base,2.5084068682008094,0.08869682733811705,0.25202466681056973,0.8814174433267655,3.8047757449057937,3.3,1.73
2025-12-01,infl_interanual_base,Inflación interanual de la base,2.535936399160519,0.08902166481745614,0.2520246668105698,0.880983154300209,3.8484289880741707,3.72,1.65
2026-01-01,infl_interanual_base,Inflación interanual de la base,2.543262553305182,0.08904630129384979,0.25202466681056973,0.8809502167482599,3.8596911506370066,3.64,0.96
2026-02-01,infl_interanual_base,Inflación interanual de la base,2.5493381292365642,0.08905321478506094,0.25202466681056973,0.8809409738081462,3.8689521235225532,3.62,1.56
2026-03-01,infl_interanual_base,Inflación interanual de la base,2.5485085455946948,0.08900319226693462,0.25202466681056973,0.881007851037791,3.867399526218264,3.61,2.5
2026-04-01,infl_interanual_base,Inflación interanual de la base,2.5466282137154295,0.0889390909585089,0.25202466681056973,0.8810935508003117,3.864170208750234,3.71,3.24
2026-05-01,infl_interanual_base,Inflación interanual de la base,2.541568804164512,0.08880672698824166,0.25202466681056973,0.8812705138155262,3.855718825584945,3.74,2.86
2026-06-01,infl_interanual_base,Inflación interanual de la base,2.5389856536644513,0.08874327316204024,0.2520246668105697,0.8813553479315536,3.8514292729618766,3.71,2.27
2011-02-01,infl_interanual_ipc,Inflación interanual calculada desde IPC,3.670558012631932,0.20938695560244447,0.20803574932942404,0.7356105967849542,6.300551092027481,5.81,5.05429581964405
2011-03-01,infl_interanual_ipc,Inflación interanual calculada desde IPC,3.6846246427602463,0.21011422769443439,0.20803574932944002,0.7346922824906179,6.332602040494262,6.13,4.765552937782136
2011-04-01,infl_interanual_ipc,Inflación interanual calculada desde IPC,3.661964884468356,0.2088103299864313,0.20803574933016478,0.7363386922959949,6.279585465492305,6.19,5.606177740459106
2011-05-01,infl_interanual_ipc,Inflación interanual calculada desde IPC,3.585136917672963,0.20468177916421365,0.20803574932948976,0.7415517442979005,6.10462101563766,5.74,6.2006417891272925
2011-06-01,infl_interanual_ipc,Inflación interanual calculada desde IPC,3.567245133060062,0.2041686271681572,0.20803574932950664,0.7421996927319587,6.068852829840582,6.16,6.22929132280543
2011-07-01,infl_interanual_ipc,Inflación interanual calculada desde IPC,3.5214675872228525,0.20176345179593796,0.20803574932949864,0.7452366674062386,5.966558489818779,5.88,6.798302529205191
2011-08-01,infl_interanual_ipc,Inflación interanual calculada desde IPC,3.513489145684945,0.20193476072853692,0.20803574932949842,0.7450203584851556,5.95476871169699,5.95,7.352947891525119
2011-09-01,infl_interanual_ipc,Inflación interanual calculada desde IPC,3.539051223620251,0.20460111029197695,0.20803574932949953,0.7416536035322863,6.025320590154032,6.43,6.996365343283983
2011-10-01,infl_interanual_ipc,Inflación interanual calculada desde IPC,3.533351136879351,0.2047521708915075,0.20803574932949953,0.7414628618423644,6.0171635743753535,6.51,6.432642267197952
2011-11-01,infl_interanual_ipc,Inflación interanual calculada desde IPC,3.484250355800338,0.20158064337036233,0.20803574932950042,0.7454674965445747,5.901671917575832,6.06,5.8818313927715415
2011-12-01,infl_interanual_ipc,Inflación interanual calculada desde IPC,3.4509702438004184,0.19952269629738448,0.20803574932950086,0.748066031858808,5.82499694413236,5.62,6.015392281310206
2012-01-01,infl_interanual_ipc,Inflación interanual calculada desde IPC,3.4734447224561418,0.20105314678856084,0.20803574932949953,0.7461335576468973,5.878117198403695,5.95,5.352383387403403
2012-02-01,infl_interanual_ipc,Inflación interanual calculada desde IPC,3.4753221037678736,0.20122785441836247,0.2080357493294996,0.7459129572477583,5.88303366072697,6.11,5.088446492358578
2012-03-01,infl_interanual_ipc,Inflación interanual calculada desde IPC,3.4099690522130275,0.19746506290595084,0.20803574932949953,0.750664171092608,5.735868311334919,5.47,4.552530107782715
2012-04-01,infl_interanual_ipc,Inflación interanual calculada desde IPC,3.3899926974814267,0.19622880710447696,0.20803574932950009,0.7522251705953343,5.690433117743023,5.54,4.185664357737284
2012-05-01,infl_interanual_ipc,Inflación interanual calculada desde IPC,3.3450607648503756,0.19374938906796943,0.2080357493295002,0.7553558902388137,5.59173798506016,5.28,3.822603636672728
2012-06-01,infl_interanual_ipc,Inflación interanual calculada desde IPC,3.306130220467918,0.1915448385831702,0.20803574932950042,0.7581395392266723,5.506367971971983,5.11,3.414137613532109
2012-07-01,infl_interanual_ipc,Inflación interanual calculada desde IPC,3.272824829940304,0.1895755767737102,0.20803574932950075,0.7606260931434592,5.433078296058828,4.9,2.820519486275952
2012-08-01,infl_interanual_ipc,Inflación interanual calculada desde IPC,3.256993531086841,0.18825911922850627,0.20803574932950086,0.7622883620452302,5.395007200464371,4.55,2.675277268201981
2012-09-01,infl_interanual_ipc,Inflación interanual calculada desde IPC,3.2952627358488025,0.18861235905311852,0.20803574932950109,0.7618423320327476,5.4615934442756595,5.17,3.227736964373751
2012-10-01,infl_interanual_ipc,Inflación interanual calculada desde IPC,3.2444879207693975,0.18635895976407155,0.20803574932950075,0.7646876615878876,5.357429945688345,4.76,3.293014471840472
2012-11-01,infl_interanual_ipc,Inflación interanual calculada desde IPC,3.2276735311616327,0.18530500069907468,0.20803574932950067,0.7660184780535356,5.320406029107221,4.82,3.066584843094766
2012-12-01,infl_interanual_ipc,Inflación interanual calculada desde IPC,3.2125694025434552,0.18431266754894843,0.2080357493295007,0.7672714805082375,5.286860911379922,4.93,3.388271869386994
2013-01-01,infl_interanual_ipc,Inflación interanual calculada desde IPC,3.166040594159789,0.18226586690533828,0.20803574932950053,0.7698559414127256,5.192798076006151,4.83,3.7844848634885686
2013-02-01,infl_interanual_ipc,Inflación interanual calculada desde IPC,3.115144167207246,0.18005713514740404,0.20803574932950053,0.7726448700241677,5.090877501145303,4.61,4.0990471327168265
2013-03-01,infl_interanual_ipc,Inflación interanual calculada desde IPC,3.1044788743971132,0.17951440876732955,0.20803574932950059,0.7733301615377871,5.068952038178402,4.66,4.247019654526163
2013-04-01,infl_interanual_ipc,Inflación interanual calculada desde IPC,3.123109586236731,0.18028569235161976,0.20803574932950053,0.7723562746689832,5.10580196700077,4.93,4.044266936395591
2013-05-01,infl_interanual_ipc,Inflación interanual calculada desde IPC,3.1266537665779404,0.18035587422763077,0.20803574932950056,0.7722676571891517,5.112182708750075,4.83,4.1816672092077845
2013-06-01,infl_interanual_ipc,Inflación interanual calculada desde IPC,3.1410613239483083,0.18090679804853618,0.20803574932950053,0.7715720149042392,5.140369879248583,5.21,4.682342088027092
2013-07-01,infl_interanual_ipc,Inflación interanual calculada desde IPC,3.0907994171508935,0.1784986461363252,0.20803574932950042,0.7746127480057299,5.038260326751072,4.81,4.6310003683702305
2013-08-01,infl_interanual_ipc,Inflación interanual calculada desde IPC,3.082676783253478,0.17824951851253135,0.20803574932950034,0.7749273172853192,5.022979931431736,4.89,4.320326359891524
2013-09-01,infl_interanual_ipc,Inflación interanual calculada desde IPC,3.078506691188373,0.17820068060033764,0.20803574932950034,0.774988984099386,5.015785949688176,4.91,4.124295828940205
2013-10-01,infl_interanual_ipc,Inflación interanual calculada desde IPC,3.0650212315050336,0.17771146642293217,0.20803574932950036,0.7756067066506138,4.989836937018608,4.71,4.070485642100508
2013-11-01,infl_interanual_ipc,Inflación interanual calculada desde IPC,3.074535759988347,0.1782602221754562,0.20803574932950034,0.7749138019493481,5.00980214767024,4.7,4.526712053533188
2013-12-01,infl_interanual_ipc,Inflación interanual calculada desde IPC,3.1008653958338193,0.1795579286130699,0.20803574932950036,0.7732752097571942,5.063411797278979,5.19,4.293881394219223
2014-01-01,infl_interanual_ipc,Inflación interanual calculada desde IPC,3.064433156195858,0.17774688265309332,0.20803574932950036,0.7755619871697393,4.989167216302186,4.94,4.056109114905215
2014-02-01,infl_interanual_ipc,Inflación interanual calculada desde IPC,3.0211400525107175,0.17561348035894292,0.2080357493295003,0.778255798528452,4.901656975270061,4.68,3.4440490859433126
2014-03-01,infl_interanual_ipc,Inflación interanual calculada desde IPC,2.9949047035074825,0.17423715295890255,0.2080357493295003,0.7799936640935643,4.848265058473663,4.54,3.1944288607718363
2014-04-01,infl_interanual_ipc,Inflación interanual calculada desde IPC,2.9746801161540914,0.17308734536956136,0.20803574932950025,0.781445506886175,4.806577997457519,4.66,3.2150331230997864
2014-05-01,infl_interanual_ipc,Inflación interanual calculada desde IPC,2.9149513136246723,0.17055669571173682,0.2080357493295003,0.7846409158401548,4.690884895691542,4.28,3.172087476252816
2014-06-01,infl_interanual_ipc,Inflación interanual calculada desde IPC,2.887331543268285,0.16915563391731672,0.2080357493295003,0.7864100131109394,4.635985221785274,4.36,3.0841368960842885
2014-07-01,infl_interanual_ipc,Inflación interanual calculada desde IPC,2.85010513372853,0.16742112729515213,0.20803574932950014,0.7886001455830758,4.56350414735994,4.41,3.3569221438616736
2014-08-01,infl_interanual_ipc,Inflación interanual calculada desde IPC,2.7841823339171974,0.16471819059916581,0.2080357493295003,0.7920130984956573,4.438740250677006,4.06,3.6329890241030505
2014-09-01,infl_interanual_ipc,Inflación interanual calculada desde IPC,2.7591603712335906,0.16351763744171371,0.20803574932950025,0.7935290168675229,4.390445127960485,4.13,3.3936683917416666
2014-10-01,infl_interanual_ipc,Inflación interanual calculada desde IPC,2.7484001281164745,0.1628840324165213,0.20803574932950028,0.7943290593248129,4.368918380146654,4.17,3.5727331355455583
2014-11-01,infl_interanual_ipc,Inflación interanual calculada desde IPC,2.735613861701613,0.16217519217237505,0.20803574932950028,0.7952241000334638,4.343698615891021,4.16,3.3204495850421623
2014-12-01,infl_interanual_ipc,Inflación interanual calculada desde IPC,2.7275640933041263,0.16165151965219232,0.20803574932950025,0.7958853325572038,4.327318740488686,4.21,2.904732821809919
2015-01-01,infl_interanual_ipc,Inflación interanual calculada desde IPC,2.702644213814947,0.16051490117645376,0.20803574932950022,0.7973205216768848,4.2800649267917725,3.89,2.2957888529126613
2015-02-01,infl_interanual_ipc,Inflación interanual calculada desde IPC,2.7102504949627892,0.16041210607028386,0.2080357493295002,0.7974503193364166,4.2914120680857275,4.07,2.409961806872918
2015-03-01,infl_interanual_ipc,Inflación interanual calculada desde IPC,2.6795516844148333,0.15934704350450707,0.20803574932950025,0.798795156006601,4.235660450051186,4.11,2.396144108726972
2015-04-01,infl_interanual_ipc,Inflación interanual calculada desde IPC,2.606868081623906,0.15717482315152476,0.2080357493295003,0.801537982278296,4.106665877868582,3.82,2.5434503300348688
2015-05-01,infl_interanual_ipc,Inflación interanual calculada desde IPC,2.5380752623641,0.15510461622930635,0.2080357493295003,0.8041519978989072,3.985297740829674,3.57,2.5209988439816478
2015-06-01,infl_interanual_ipc,Inflación interanual calculada desde IPC,2.5023436217616477,0.15395453878432883,0.20803574932950025,0.8056041814337118,3.922108982265928,3.67,2.3570400295503724
2015-07-01,infl_interanual_ipc,Inflación interanual calculada desde IPC,2.4588656329838052,0.15259077487638664,0.2080357493295002,0.807326183287694,3.8457423181808577,3.56,2.29371716360669
2015-08-01,infl_interanual_ipc,Inflación interanual calculada desde IPC,2.4200164652284517,0.1513463945757788,0.20803574932950017,0.8088974414594541,3.777628803513449,3.31,1.9432788177224936
2015-09-01,infl_interanual_ipc,Inflación interanual calculada desde IPC,2.422741544689643,0.15114546419300312,0.20803574932950017,0.8091511528897435,3.7806968144725595,3.4,1.8589928836333591
2015-10-01,infl_interanual_ipc,Inflación interanual calculada desde IPC,2.42652982194234,0.1509671415181222,0.2080357493295002,0.8093763179457797,3.7855550162325398,3.28,2.2050778800881687
2015-11-01,infl_interanual_ipc,Inflación interanual calculada desde IPC,2.4585917223550444,0.15136394953353183,0.2080357493295002,0.8088752751082101,3.8379496824953385,3.37,2.4818487139321554
2015-12-01,infl_interanual_ipc,Inflación interanual calculada desde IPC,2.5126670389621713,0.1522919094349936,0.20803574932950014,0.807703555676839,3.928053281323743,3.65,3.0201678780470864
2016-01-01,infl_interanual_ipc,Inflación interanual calculada desde IPC,2.5544895171719966,0.15288711834287422,0.20803574932950014,0.8069519953540383,3.997153689208248,3.8,4.284646627625666
2016-02-01,infl_interanual_ipc,Inflación interanual calculada desde IPC,2.591175327835075,0.15331257329897813,0.20803574932950009,0.8064147805040704,4.057259097008077,4.09,4.182141048974497
2016-03-01,infl_interanual_ipc,Inflación interanual calculada desde IPC,2.6170563454351226,0.15323145901634536,0.2080357493295001,0.8065172021507092,4.097263174257292,3.99,4.173482004328122
2016-04-01,infl_interanual_ipc,Inflación interanual calculada desde IPC,2.6679021764652213,0.15429278723487358,0.20803574932950014,0.805177080778274,4.183819301072659,4.19,4.005986254095806
2016-05-01,infl_interanual_ipc,Inflación interanual calculada desde IPC,2.7086372647541874,0.15489238453565554,0.20803574932950014,0.8044199793052285,4.251698134447002,4.16,4.264371553121382
2016-06-01,infl_interanual_ipc,Inflación interanual calculada desde IPC,2.757949952363838,0.15586797726166057,0.20803574932950014,0.8031881147037909,4.335742980514549,4.39,4.337278513816756
2016-07-01,infl_interanual_ipc,Inflación interanual calculada desde IPC,2.785832764428958,0.15584361134801494,0.2080357493295001,0.8032188811350093,4.379409489678049,4.41,4.515108484506758
2016-08-01,infl_interanual_ipc,Inflación interanual calculada desde IPC,2.806367879058416,0.1554705261811249,0.20803574932950009,0.8036899695289288,4.409105339270729,4.45,4.631549985145522
2016-09-01,infl_interanual_ipc,Inflación interanual calculada desde IPC,2.8218098532673483,0.15484581172536308,0.20803574932950009,0.8044787860130478,4.429019285549728,4.42,4.457857663816256
2016-10-01,infl_interanual_ipc,Inflación interanual calculada desde IPC,2.8466579363299855,0.15469779568299247,0.2080357493295001,0.8046656833916167,4.466982239612455,4.43,4.6501168003076465
2016-11-01,infl_interanual_ipc,Inflación interanual calculada desde IPC,2.876928888853624,0.15481430218932307,0.20803574932950009,0.8045185725766626,4.515308987643458,4.6,4.565677195212281
2016-12-01,infl_interanual_ipc,Inflación interanual calculada desde IPC,2.890052942350621,0.15405832603938932,0.20803574932950006,0.8054731310043868,4.530531588998622,4.66,4.145295846464769
2017-01-01,infl_interanual_ipc,Inflación interanual calculada desde IPC,2.880136939668199,0.15215129485985912,0.20803574932950003,0.8078811073466468,4.501529569714753,4.4,3.756235044697487
2017-02-01,infl_interanual_ipc,Inflación interanual calculada desde IPC,2.8871003383514475,0.15100989540758183,0.2080357493295,0.8093223333253585,4.5043774406793204,4.46,3.8814292248418703
2017-03-01,infl_interanual_ipc,Inflación interanual calculada desde IPC,2.8750783870540073,0.14908816521058074,0.20803574932950003,0.8117488698708832,4.472212378217725,4.28,3.9205116087289937
2017-04-01,infl_interanual_ipc,Inflación interanual calculada desde IPC,2.8844128679468874,0.14807347769439036,0.20803574932950003,0.8130300988093503,4.479661751658473,4.51,4.007359806474042
2017-05-01,infl_interanual_ipc,Inflación interanual calculada desde IPC,2.861233230120393,0.1456639576014223,0.20803574932950003,0.8160725594897763,4.427095671786395,4.17,3.8575759848583857
2017-06-01,infl_interanual_ipc,Inflación interanual calculada desde IPC,2.882872053419772,0.1452197093390086,0.20803574932950009,0.816633504332978,4.457512772329911,4.26,4.272341954477898
2017-07-01,infl_interanual_ipc,Inflación interanual calculada desde IPC,2.9151429917124867,0.14522424935476,0.20803574932950014,0.816627771731099,4.50744191758955,4.48,5.087883308176622
2017-08-01,infl_interanual_ipc,Inflación interanual calculada desde IPC,2.935184203427728,0.1446570605252301,0.20803574932950017,0.8173439515700875,4.534453267495776,4.51,4.608967461779923
2017-09-01,infl_interanual_ipc,Inflación interanual calculada desde IPC,2.9748138528274723,0.1451804184563446,0.20803574932950014,0.8166831162726971,4.599394271566281,4.75,4.267584652145118
2017-10-01,infl_interanual_ipc,Inflación interanual calculada desde IPC,2.97916657102079,0.1439246705243862,0.20803574932950017,0.8182687281622429,4.597198477211958,4.53,4.117339289333
2017-11-01,infl_interanual_ipc,Inflación interanual calculada desde IPC,2.9943552931514636,0.14317493206777565,0.2080357493295002,0.8192154103590413,4.615296841816549,4.63,4.584954908737338
2017-12-01,infl_interanual_ipc,Inflación interanual calculada desde IPC,2.9877356198003064,0.1414426593090421,0.2080357493295002,0.8214027221692234,4.592830829100325,4.56,5.521604917877454
2018-01-01,infl_interanual_ipc,Inflación interanual calculada desde IPC,2.989408816411555,0.14012643822544993,0.2080357493295002,0.8230646924948761,4.586123663489624,4.71,4.6063547771842295
2018-02-01,infl_interanual_ipc,Inflación interanual calculada desde IPC,2.9914550750475684,0.13883275713203116,0.2080357493295002,0.8246982019523086,4.580172759455788,4.56,4.067188908032193
2018-03-01,infl_interanual_ipc,Inflación interanual calculada desde IPC,3.004183731627099,0.13807751129179618,0.2080357493295002,0.8256518382302032,4.594348762113683,4.62,4.057553160174798
2018-04-01,infl_interanual_ipc,Inflación interanual calculada desde IPC,2.994716578032771,0.13633445709232858,0.2080357493295002,0.8278527635850937,4.567694463195118,4.46,3.8454538596113252
2018-05-01,infl_interanual_ipc,Inflación interanual calculada desde IPC,2.995555464702187,0.13504897906818863,0.2080357493295002,0.8294759151642864,4.560033225282759,4.48,4.0052466986202795
2018-06-01,infl_interanual_ipc,Inflación interanual calculada desde IPC,2.988557413584016,0.13343373847749776,0.20803574932950025,0.8315154524152714,4.538221628686098,4.43,3.720201117080002
2018-07-01,infl_interanual_ipc,Inflación interanual calculada desde IPC,2.986813199380711,0.13204875508160888,0.2080357493295002,0.8332642477614203,4.5260540468372525,4.36,2.5719121067134587
2018-08-01,infl_interanual_ipc,Inflación interanual calculada desde IPC,2.9934060300102443,0.13100315142085128,0.20803574932950022,0.8345845139980242,4.528868693495711,4.33,3.3096062230461243
2018-09-01,infl_interanual_ipc,Inflación interanual calculada desde IPC,2.980526691593899,0.1294095512349726,0.20803574932950022,0.8365967262721635,4.49853679120109,4.32,4.451485459855942
2018-10-01,infl_interanual_ipc,Inflación interanual calculada desde IPC,2.9654645042231733,0.12773690005054605,0.2080357493295002,0.8387087549186718,4.464532364491419,4.32,4.246148947963757
2018-11-01,infl_interanual_ipc,Inflación interanual calculada desde IPC,2.9741141947389513,0.12721923896032236,0.20803574932950025,0.8393623969104478,4.474067713704992,4.47,3.0997588687033506
2018-12-01,infl_interanual_ipc,Inflación interanual calculada desde IPC,2.970785898663501,0.12614505066688458,0.20803574932950025,0.8407187564841638,4.461850752647822,4.38,2.2865724862277226
2019-01-01,infl_interanual_ipc,Inflación interanual calculada desde IPC,2.9489008067810034,0.12444144568918715,0.20803574932950022,0.8428698699671968,4.417677995081468,4.07,4.022856073289827
2019-02-01,infl_interanual_ipc,Inflación interanual calculada desde IPC,2.9427065808801385,0.12313043071507612,0.2080357493295002,0.84452526662557,4.3997574480851815,4.25,4.3619249469916355
2019-03-01,infl_interanual_ipc,Inflación interanual calculada desde IPC,2.9438169440597686,0.12214095768660495,0.20803574932950022,0.8457746576525431,4.394915755983645,4.35,4.086392827511975
2019-04-01,infl_interanual_ipc,Inflación interanual calculada desde IPC,2.9471847220602405,0.12125922960499981,0.20803574932950022,0.8468880009390093,4.394159324136658,4.3,4.643495567548683
2019-05-01,infl_interanual_ipc,Inflación interanual calculada desde IPC,2.9605699207328247,0.12082542453643859,0.20803574932950025,0.8474357593361768,4.4112630732251,4.39,4.43707829588984
2019-06-01,infl_interanual_ipc,Inflación interanual calculada desde IPC,2.979457716016296,0.12067120845598563,0.20803574932950025,0.8476304853990292,4.438386112549934,4.36,4.688358602852194
2019-07-01,infl_interanual_ipc,Inflación interanual calculada desde IPC,3.01267428122941,0.12121267851755457,0.20803574932950028,0.8469467802177529,4.491490450867641,4.6,4.276872535856935
2019-08-01,infl_interanual_ipc,Inflación interanual calculada desde IPC,3.0223464151666044,0.12054628919564128,0.20803574932950025,0.8477882188576273,4.501438133301677,4.53,2.968436306428668
2019-09-01,infl_interanual_ipc,Inflación interanual calculada desde IPC,3.0246340901385516,0.11953431689853768,0.20803574932950025,0.8490660193344125,4.49806580318639,4.34,1.7882829775658138
2019-10-01,infl_interanual_ipc,Inflación interanual calculada desde IPC,3.0231097238576456,0.11839852406615296,0.20803574932950025,0.8505001659280538,4.488217859744848,4.22,2.146437868763762
2019-11-01,infl_interanual_ipc,Inflación interanual calculada desde IPC,3.00428775396864,0.11692425394485584,0.20803574932950025,0.8523617021275084,4.450532958848764,4.25,2.8789320978757083
2019-12-01,infl_interanual_ipc,Inflación interanual calculada desde IPC,2.960906139689853,0.11487315394661782,0.20803574932950025,0.854951591755104,4.3729804660203815,4.1,3.348823296243353
2020-01-01,infl_interanual_ipc,Inflación interanual calculada desde IPC,2.933452579704993,0.11332382026022529,0.20803574932950025,0.8569079094614661,4.322543202932315,4.11,1.768695345984117
2020-02-01,infl_interanual_ipc,Inflación interanual calculada desde IPC,2.91775019854981,0.11220509350714707,0.20803574932950025,0.8583205070024928,4.292329375488864,3.85,1.2283236674178077
2020-03-01,infl_interanual_ipc,Inflación interanual calculada desde IPC,2.9275330447935266,0.11157959608702579,0.20803574932950028,0.8591103121225998,4.302761717319653,3.99,1.752930814188769
2020-04-01,infl_interanual_ipc,Inflación interanual calculada desde IPC,2.911149626740848,0.11060240714886427,0.20803574932950025,0.8603441922344032,4.272545717697515,3.97,1.8618029022022142
2020-05-01,infl_interanual_ipc,Inflación interanual calculada desde IPC,2.8874277151601526,0.10948445828089765,0.20803574932950025,0.861755807552923,4.23078858503671,3.96,1.7869599640607525
2020-06-01,infl_interanual_ipc,Inflación interanual calculada desde IPC,2.854701874380085,0.10818307824768594,0.20803574932950022,0.863399038332734,4.1748763924943075,3.77,2.360939395547046
2020-07-01,infl_interanual_ipc,Inflación interanual calculada desde IPC,2.843384868495032,0.10730031361918069,0.20803574932950022,0.8645136904496167,4.152964271407076,3.9,2.8377126754612014
2020-08-01,infl_interanual_ipc,Inflación interanual calculada desde IPC,2.8280756960747793,0.10631441523349491,0.20803574932950025,0.8657585678349925,4.124664733963336,3.92,4.102171772650287
2020-09-01,infl_interanual_ipc,Inflación interanual calculada desde IPC,2.8172030992681574,0.10546627701412087,0.20803574932950025,0.8668294977647917,4.1037311213948104,3.99,4.846207949718373
2020-10-01,infl_interanual_ipc,Inflación interanual calculada desde IPC,2.8221689916111954,0.10532908205902244,0.20803574932950025,0.8670027315376322,4.110143378350722,4.15,5.2066172958117996
2020-11-01,infl_interanual_ipc,Inflación interanual calculada desde IPC,2.8298000533898393,0.1053332170588331,0.20803574932950025,0.8669975103426008,4.121281903768816,4.27,5.318933232473544
2020-12-01,infl_interanual_ipc,Inflación interanual calculada desde IPC,2.8314564014221757,0.10499695945871791,0.20803574932950025,0.8674220971845327,4.121675715342435,4.26,4.710966079509227
2021-01-01,infl_interanual_ipc,Inflación interanual calculada desde IPC,2.8369472646014002,0.10488387521601776,0.20803574932950028,0.8675648867644972,4.128988930479712,4.12,5.105644987092273
2021-02-01,infl_interanual_ipc,Inflación interanual calculada desde IPC,2.862888729271056,0.10582499194881223,0.20803574932950022,0.8663765544224784,4.172460171721938,4.39,5.824614098039316
2021-03-01,infl_interanual_ipc,Inflación interanual calculada desde IPC,2.861565409682943,0.10524289781369121,0.20803574932950022,0.8671115549412873,4.166996406589997,4.34,5.677376273052737
2021-04-01,infl_interanual_ipc,Inflación interanual calculada desde IPC,2.8702991443534516,0.105301784891894,0.20803574932950025,0.8670371992135473,4.1800728704441745,4.39,5.073204870816017
2021-05-01,infl_interanual_ipc,Inflación interanual calculada desde IPC,2.8750413369244465,0.10511270391069216,0.20803574932950022,0.8672759486028558,4.185826399441523,4.41,5.043888619671666
2021-06-01,infl_interanual_ipc,Inflación interanual calculada desde IPC,2.8611955419452286,0.10389175972928179,0.20803574932950025,0.8688176143792803,4.158276314798436,4.23,3.8328206842365375
2021-07-01,infl_interanual_ipc,Inflación interanual calculada desde IPC,2.862622260000894,0.10351372969496274,0.20803574932950022,0.8692949465745139,4.158065355146435,4.12,3.744239807922156
2021-08-01,infl_interanual_ipc,Inflación interanual calculada desde IPC,2.8681193920934356,0.1033064118135857,0.2080357493295002,0.8695567233923457,4.164795970164451,4.14,3.5513853867739087
2021-09-01,infl_interanual_ipc,Inflación interanual calculada desde IPC,2.867736932158422,0.10285820424968857,0.2080357493295002,0.8701226675792426,4.161532099527106,4.2,3.6052641099843186
2021-10-01,infl_interanual_ipc,Inflación interanual calculada desde IPC,2.845133433427163,0.10154648243037188,0.2080357493295002,0.8717789567592228,4.120886750466166,3.89,2.913248123674972
2021-11-01,infl_interanual_ipc,Inflación interanual calculada desde IPC,2.863518923475057,0.10185176664317518,0.20803574932950017,0.8713934794948831,4.149350996759649,4.08,2.8451138184076186
2021-12-01,infl_interanual_ipc,Inflación interanual calculada desde IPC,2.8586750542449018,0.10141655598096702,0.2080357493295002,0.8719430127116157,4.139721378014518,4.02,3.021698290221231
2022-01-01,infl_interanual_ipc,Inflación interanual calculada desde IPC,2.8487865478290426,0.10082429568336303,0.2080357493295002,0.8726908498735868,4.121866385053752,4.09,2.8279093644507647
2022-02-01,infl_interanual_ipc,Inflación interanual calculada desde IPC,2.817824108013563,0.09953524194682475,0.2080357493295002,0.8743185164449591,4.069477264113383,3.92,2.9362450109338134
2022-03-01,infl_interanual_ipc,Inflación interanual calculada desde IPC,2.793203235177717,0.098442420025161,0.20803574932950014,0.8756984043890658,4.027563534054255,3.8,4.086470683338916
2022-04-01,infl_interanual_ipc,Inflación interanual calculada desde IPC,2.7891318707036943,0.09800983695784073,0.2080357493295001,0.8762446197857254,4.019186009325637,3.94,4.516455198742175
2022-05-01,infl_interanual_ipc,Inflación interanual calculada desde IPC,2.7935073989103065,0.0979549588736978,0.20803574932950014,0.8763139134237861,4.025172907523857,4.01,5.6544392973194135
2022-06-01,infl_interanual_ipc,Inflación interanual calculada desde IPC,2.807464015182166,0.09837358068694882,0.2080357493295001,0.8757853266688959,4.047724597057724,4.16,7.28211272789574
2022-07-01,infl_interanual_ipc,Inflación interanual calculada desde IPC,2.829395120661162,0.09928560321158418,0.2080357493295001,0.8746337310964148,4.084715374208181,4.51,8.025661542114104
2022-08-01,infl_interanual_ipc,Inflación interanual calculada desde IPC,2.8319512407095075,0.09865377207234957,0.20803574932950014,0.8754315336976051,4.084679704301621,4.55,8.502698606359349
2022-09-01,infl_interanual_ipc,Inflación interanual calculada desde IPC,2.837020331664741,0.09824262737471941,0.20803574932950014,0.8759506792237852,4.089565953251435,4.61,8.648920512824265
2022-10-01,infl_interanual_ipc,Inflación interanual calculada desde IPC,2.8439625365896033,0.09800575496725757,0.2080357493295002,0.8762497740468929,4.098173816155381,4.67,9.261870948987383
2022-11-01,infl_interanual_ipc,Inflación interanual calculada desde IPC,2.8468373481606126,0.097383949305735365,0.2080357493295002,0.8770349176452255,4.098643947383663,4.8,8.770857541220511
2022-12-01,infl_interanual_ipc,Inflación interanual calculada desde IPC,2.8329625729490084,0.09506464211821407,0.2080357493295002,0.8799634680003174,4.0650942233044205,4.71,8.834317006977521
2023-01-01,infl_interanual_ipc,Inflación interanual calculada desde IPC,2.809698013751952,0.09184416849253962,0.2080357493295002,0.8840299061292455,4.013165862935165,4.62,9.24923895443639
2023-02-01,infl_interanual_ipc,Inflación interanual calculada desde IPC,2.782423989746093,0.08823611006776902,0.2080357493295002,0.8885857410949222,3.9538336314972367,4.49,9.460649333491578
2023-03-01,infl_interanual_ipc,Inflación interanual calculada desde IPC,2.76979485002163,0.08611022599767647,0.2080357493295002,0.8912700593179893,3.924033515719461,4.43,8.354047800635467
2023-04-01,infl_interanual_ipc,Inflación interanual calculada desde IPC,2.7757769423641627,0.08591099456083996,0.2080357493295002,0.8915216255176857,3.9313988262849198,4.39,7.988093745214631
2023-05-01,infl_interanual_ipc,Inflación interanual calculada desde IPC,2.787031214184797,0.086193704810213,0.2080357493295002,0.8911646520190287,3.948919702773362,4.3,6.330726302024647
2023-06-01,infl_interanual_ipc,Inflación interanual calculada desde IPC,2.816959263797344,0.08810865007459917,0.2080357493295002,0.8887466826943213,4.002183489642535,4.24,4.811634581447599
2023-07-01,infl_interanual_ipc,Inflación interanual calculada desde IPC,2.8530476259368744,0.0904503356152844,0.20803574932950014,0.8857898755673548,4.066986505481241,4.21,4.434547932435429
2023-08-01,infl_interanual_ipc,Inflación interanual calculada desde IPC,2.8807974004539947,0.09235299288746002,0.20803574932950014,0.8833874220846821,4.11771161256438,4.17,4.376013609464913
2023-09-01,infl_interanual_ipc,Inflación interanual calculada desde IPC,2.9077424021048635,0.09421659935117813,0.20803574932950009,0.8810342774040474,4.167326678358313,4.15,4.58050230110576
2023-10-01,infl_interanual_ipc,Inflación interanual calculada desde IPC,2.942579864175734,0.09645812455424502,0.20803574932950006,0.8782039410584749,4.2308467944161245,4.32,4.862758973295644
2023-11-01,infl_interanual_ipc,Inflación interanual calculada desde IPC,2.9622302756181385,0.09793845831514054,0.20803574932950009,0.8763347484028187,4.2681847104918536,4.43,4.210531002418794
2023-12-01,infl_interanual_ipc,Inflación interanual calculada desde IPC,2.9623718020679592,0.09838073186916386,0.20803574932950009,0.8757762969908404,4.27111043121034,4.32,4.091998841547451
2024-01-01,infl_interanual_ipc,Inflación interanual calculada desde IPC,2.9579317409914467,0.0986119190452805,0.20803574932950009,0.8754843808141684,4.266130805470933,4.29,3.742651614835779
2024-02-01,infl_interanual_ipc,Inflación interanual calculada desde IPC,2.947220115185775,0.09856229221755797,0.20803574932950009,0.8755470437786652,4.250377546901303,4.28,3.2471100698183264
2024-03-01,infl_interanual_ipc,Inflación interanual calculada desde IPC,2.921494428656924,0.09789779310010382,0.20803574932950009,0.8763860956890154,4.209243072894947,4.14,3.177355465377829
2024-04-01,infl_interanual_ipc,Inflación interanual calculada desde IPC,2.8936187295443916,0.0971569024254641,0.20803574932950014,0.8773216059396516,4.164634609655723,4.02,3.302263053315979
2024-05-01,infl_interanual_ipc,Inflación interanual calculada desde IPC,2.8749060652783,0.09673458733844563,0.20803574932950014,0.8778548561294941,4.135189012936569,3.99,3.6902576468760273
2024-06-01,infl_interanual_ipc,Inflación interanual calculada desde IPC,2.864739260628778,0.09662107045880465,0.20803574932950014,0.8779981919928804,4.119892654669622,4.02,3.5550059667865064
2024-07-01,infl_interanual_ipc,Inflación interanual calculada desde IPC,2.861164511461303,0.09677373938505333,0.20803574932950014,0.8778054194957388,4.1156552988199575,4.07,3.7118285475007617
2024-08-01,infl_interanual_ipc,Inflación interanual calculada desde IPC,2.8515985007614595,0.09669334926627723,0.20803574932950014,0.8779069267527999,4.10142074837614,4.02,3.025926607014906
2024-09-01,infl_interanual_ipc,Inflación interanual calculada desde IPC,2.849855271761766,0.0969306878647041,0.20803574932950014,0.877607243278166,4.100313170859152,3.97,2.086210407312983
2024-10-01,infl_interanual_ipc,Inflación interanual calculada desde IPC,2.8501015509132888,0.09723390007302714,0.20803574932950014,0.8772243822991933,4.10245723173341,3.96,1.1574780058879242
2024-11-01,infl_interanual_ipc,Inflación interanual calculada desde IPC,2.833289642887412,0.09714771014145801,0.20803574932950014,0.8773332128827659,4.077752151280265,3.66,1.646047974441256
2024-12-01,infl_interanual_ipc,Inflación interanual calculada desde IPC,2.8395084413319105,0.09735321411737125,0.20803574932950017,0.8770737264529943,4.0879114956514595,3.95,1.6885193482677252
2025-01-01,infl_interanual_ipc,Inflación interanual calculada desde IPC,2.8060316685260664,0.09684374138272302,0.2080357493295001,0.8777170291452774,4.0367556862926355,3.76,2.1623264880425985
2025-02-01,infl_interanual_ipc,Inflación interanual calculada desde IPC,2.779133679218373,0.09645581977411469,0.20803574932950009,0.878206851265758,3.995830324639731,3.79,1.7775217373399599
2025-03-01,infl_interanual_ipc,Inflación interanual calculada desde IPC,2.7480139447406136,0.09596800848267258,0.20803574932950014,0.8788228024163676,3.9483172151941193,3.71,1.5586774097522849
2025-04-01,infl_interanual_ipc,Inflación interanual calculada desde IPC,2.7162750529578386,0.09546815450773892,0.20803574932950014,0.8794539596617994,3.899914253536728,3.62,1.4611140622553087
2025-05-01,infl_interanual_ipc,Inflación interanual calculada desde IPC,2.6880870682912317,0.09502886290864203,0.20803574932950014,0.880008645809217,3.85701044242246,3.55,1.6797030183490769
2025-06-01,infl_interanual_ipc,Inflación interanual calculada desde IPC,2.666210699760292,0.09469048080831047,0.20803574932950017,0.880435915222003,3.8237645168944865,3.53,1.7666413246159252
2025-07-01,infl_interanual_ipc,Inflación interanual calculada desde IPC,2.6514374107070036,0.09448265160918,0.20803574932950014,0.8806983376722014,3.8014442449454493,3.54,1.1575827664608518
2025-08-01,infl_interanual_ipc,Inflación interanual calculada desde IPC,2.6393381824496402,0.0943265148477011,0.2080357493295002,0.8808954889468287,3.783250313053646,3.49,1.1609707545424008
2025-09-01,infl_interanual_ipc,Inflación interanual calculada desde IPC,2.626182722318594,0.09415699923968497,0.2080357493295002,0.8811095334669855,3.7634786926242927,3.42,1.46008627596812
2025-10-01,infl_interanual_ipc,Inflación interanual calculada desde IPC,2.6217598308083074,0.09409841915524077,0.2080357493295002,0.8811835015588465,3.756825040589456,3.37,1.2495496799229677
2025-11-01,infl_interanual_ipc,Inflación interanual calculada desde IPC,2.638491756500534,0.09437782229642257,0.2080357493295002,0.880830703890334,3.782315207379086,3.3,1.7232826872556117
2025-12-01,infl_interanual_ipc,Inflación interanual calculada desde IPC,2.688333062709066,0.09510992693738951,0.20803574932950017,0.8799062876173177,3.8578121296678307,3.72,1.6345637861915563
2026-01-01,infl_interanual_ipc,Inflación interanual calculada desde IPC,2.7000732790932345,0.09512357376237142,0.20803574932950017,0.8798890559998926,3.874735457570329,3.64,0.9580218061074675
2026-02-01,infl_interanual_ipc,Inflación interanual calculada desde IPC,2.709596102465963,0.09509756066150016,0.2080357493295002,0.879921902306843,3.88825601985793,3.62,1.536219280635276
2026-03-01,infl_interanual_ipc,Inflación interanual calculada desde IPC,2.706075418839121,0.09493481337114346,0.20803574932950017,0.8801274005856087,3.8822971800499877,3.61,2.4678103119313732
2026-04-01,infl_interanual_ipc,Inflación interanual calculada desde IPC,2.701504818011961,0.09475441726326614,0.20803574932950017,0.8803551837307754,3.8747371143774987,3.71,3.184455261611596
2026-05-01,infl_interanual_ipc,Inflación interanual calculada desde IPC,2.6919625762689634,0.09443976973823849,0.20803574932950017,0.8807524838926971,3.859309099332369,3.74,2.8127006253680698
2026-06-01,infl_interanual_ipc,Inflación interanual calculada desde IPC,2.687573649875041,0.09430469032739255,0.2080357493295002,0.880923046403229,3.852270939358014,3.71,2.2490360403242704
2010-03-01,infl_mensual_sa_anualizada,Inflación mensual desestacionalizada anualizada,6.965475550169813,0.0024337587262800685,-0.1707069173956789,0.9979211204015996,5.9621977090555776,6.26,13.207102417925398
2010-04-01,infl_mensual_sa_anualizada,Inflación mensual desestacionalizada anualizada,6.84420933525524,0.0024337587073076437,-0.17070691739567678,0.9979211204178056,5.8583981702869,5.81,-1.0255976890768181
2010-05-01,infl_mensual_sa_anualizada,Inflación mensual desestacionalizada anualizada,6.687160170797533,0.002433758673737315,-0.17070691739567811,0.9979211204464808,5.723969707660753,5.7,0.2980101654536327
2010-06-01,infl_mensual_sa_anualizada,Inflación mensual desestacionalizada anualizada,6.41766366867576,0.002433758643726753,-0.17070691739567811,0.9979211204721155,5.493290349605956,5.45,3.87129752022517
2010-07-01,infl_mensual_sa_anualizada,Inflación mensual desestacionalizada anualizada,6.075116131650143,0.0024337586130435684,-0.17070691739567811,0.9979211204983245,5.200081920893007,5.11,1.832495525175304
2010-08-01,infl_mensual_sa_anualizada,Inflación mensual desestacionalizada anualizada,6.428138923353899,0.002433758665550532,-0.17070691739567834,0.9979211204534739,5.502256792701684,5.57,1.7058311007051685
2010-09-01,infl_mensual_sa_anualizada,Inflación mensual desestacionalizada anualizada,6.628249257821605,0.0024337587094006266,-0.17070691739567834,0.9979211204160178,5.673544075321448,5.68,5.649338573485352
2010-10-01,infl_mensual_sa_anualizada,Inflación mensual desestacionalizada anualizada,6.852969430827222,0.002433758754547661,-0.17070691739567823,0.9979211203774538,5.865896498724845,5.89,6.759987248660337
2010-11-01,infl_mensual_sa_anualizada,Inflación mensual desestacionalizada anualizada,7.189510257577144,0.002433758819210829,-0.17070691739567823,0.9979211203222196,6.153963398711919,6.22,8.861555470115334
2010-12-01,infl_mensual_sa_anualizada,Inflación mensual desestacionalizada anualizada,7.219058701760194,0.002433758819760769,-0.17070691739567828,0.9979211203217498,6.179255809112283,6.2,2.4050636282108684
2011-01-01,infl_mensual_sa_anualizada,Inflación mensual desestacionalizada anualizada,6.915323362681481,0.0024337587290679673,-0.17070691739567823,0.9979211203992182,5.919269232012635,5.85,8.07019962235529
2011-02-01,infl_mensual_sa_anualizada,Inflación mensual desestacionalizada anualizada,6.81299016797613,0.0024337586533397645,-0.17070691739567817,0.9979211204639041,5.831675680463639,5.81,9.016266252493566
2011-03-01,infl_mensual_sa_anualizada,Inflación mensual desestacionalizada anualizada,7.088399462557793,0.0024337586717905904,-0.17070691739567806,0.9979211204481437,6.067416177138314,6.13,9.742187835582428
2011-04-01,infl_mensual_sa_anualizada,Inflación mensual desestacionalizada anualizada,7.183335920304851,0.0024337586399709853,-0.17070691739567806,0.9979211204753236,6.148678386102448,6.19,9.061899943046825
2011-05-01,infl_mensual_sa_anualizada,Inflación mensual desestacionalizada anualizada,6.8156524979548765,0.0024337584689142835,-0.1707069173956779,0.9979211206214376,5.8339545386937495,5.74,7.431578749471868
2011-06-01,infl_mensual_sa_anualizada,Inflación mensual desestacionalizada anualizada,7.093887415418466,0.0024337584786878223,-0.1707069173956779,0.9979211206130891,6.072113667316148,6.16,4.215091924362824
2011-07-01,infl_mensual_sa_anualizada,Inflación mensual desestacionalizada anualizada,6.933174337352191,0.002433758387682751,-0.17070691739567795,0.9979211206908243,5.9345490255372235,5.88,8.660630001972436
2011-08-01,infl_mensual_sa_anualizada,Inflación mensual desestacionalizada anualizada,6.959450244647689,0.0024337583210275807,-0.17070691739567795,0.9979211207477601,5.957040261166348,5.95,8.3615754485443
2011-09-01,infl_mensual_sa_anualizada,Inflación mensual desestacionalizada anualizada,7.407166176816361,0.002433758367133554,-0.170706917395678,0.9979211207083771,6.340269071126866,6.43,1.3703479945917252
2011-10-01,infl_mensual_sa_anualizada,Inflación mensual desestacionalizada anualizada,7.568533656064022,0.0024337583392692644,-0.17070691739567792,0.9979211207321783,6.478393856259592,6.51,-0.004689664372037328
2011-11-01,infl_mensual_sa_anualizada,Inflación mensual desestacionalizada anualizada,7.16669875752434,0.0024337582875615,-0.1707069173956779,0.9979211207763463,6.134437568518261,6.06,2.2518249769984067
2011-12-01,infl_mensual_sa_anualizada,Inflación mensual desestacionalizada anualizada,6.692218773549226,0.0024337582358642594,-0.17070691739567778,0.9979211208205053,5.728299688372594,5.62,4.007794290674838
2012-01-01,infl_mensual_sa_anualizada,Inflación mensual desestacionalizada anualizada,6.89803949370778,0.0024337582314941045,-0.17070691739567775,0.9979211208242382,5.904474856413579,5.95,0.11409289547366086
2012-02-01,infl_mensual_sa_anualizada,Inflación mensual desestacionalizada anualizada,7.078997391442376,0.0024337582240455164,-0.1707069173956778,0.9979211208306007,6.059368338532882,6.11,5.849023511955664
2012-03-01,infl_mensual_sa_anualizada,Inflación mensual desestacionalizada anualizada,6.529030356550874,0.0024337582140205685,-0.17070691739567767,0.9979211208391638,5.58861624547146,5.47,3.3111912206720717
2012-04-01,infl_mensual_sa_anualizada,Inflación mensual desestacionalizada anualizada,6.455203353962214,0.0024337582900340053,-0.17070691739567773,0.9979211207742343,5.525422974626851,5.54,4.6595109425016545
2012-05-01,infl_mensual_sa_anualizada,Inflación mensual desestacionalizada anualizada,6.216007569731974,0.002433758349130886,-0.17070691739567767,0.9979211207237547,5.320679946807126,5.28,3.0748500966971903
2012-06-01,infl_mensual_sa_anualizada,Inflación mensual desestacionalizada anualizada,6.002493062573036,0.0024337584119246128,-0.1707069173956777,0.9979211206701173,5.1379191727681475,5.11,-0.6865003533246039
2012-07-01,infl_mensual_sa_anualizada,Inflación mensual desestacionalizada anualizada,5.767631909596289,0.002433758472690526,-0.17070691739567762,0.9979211206182119,4.936886434088223,4.9,1.5372124748985527
2012-08-01,infl_mensual_sa_anualizada,Inflación mensual desestacionalizada anualizada,5.432789027463022,0.002433758535576927,-0.17070691739567773,0.9979211205644953,4.6502729145672275,4.55,6.618668831656649
2012-09-01,infl_mensual_sa_anualizada,Inflación mensual desestacionalizada anualizada,5.886097606277214,0.0024337586358931513,-0.17070691739567784,0.9979211204788068,5.038288830093277,5.17,7.999864348652963
2012-10-01,infl_mensual_sa_anualizada,Inflación mensual desestacionalizada anualizada,5.638713521490266,0.0024337585929337193,-0.1707069173956779,0.9979211205155021,4.826536909628965,4.76,0.7786404252286161
2012-11-01,infl_mensual_sa_anualizada,Inflación mensual desestacionalizada anualizada,5.637355485320171,0.0024337586107790925,-0.17070691739567792,0.9979211205002588,4.825374479358483,4.82,-0.4653305679500619
2012-12-01,infl_mensual_sa_anualizada,Inflación mensual desestacionalizada anualizada,5.741242831828133,0.0024337586311561753,-0.17070691739567792,0.997921120482853,4.914298328911059,4.93,7.868038606181571
2013-01-01,infl_mensual_sa_anualizada,Inflación mensual desestacionalizada anualizada,5.645251985596379,0.0024337586544066923,-0.17070691739567792,0.99792112046299275,4.8321336010824085,4.83,4.868648824692556
2013-02-01,infl_mensual_sa_anualizada,Inflación mensual desestacionalizada anualizada,5.4361662711229055,0.002433758650166652,-0.17070691739567795,0.9979211204666145,4.653163714691731,4.61,9.62377074269476
2013-03-01,infl_mensual_sa_anualizada,Inflación mensual desestacionalizada anualizada,5.439614866053673,0.002433758677894333,-0.17070691739567795,0.99792112044293,4.656115588604142,4.66,5.0868614823841085
2013-04-01,infl_mensual_sa_anualizada,Inflación mensual desestacionalizada anualizada,5.696164269273025,0.0024337587808731364,-0.170706917395678,0.997921120354967,4.875712693790584,4.93,2.2264783249347886
2013-05-01,infl_mensual_sa_anualizada,Inflación mensual desestacionalizada anualizada,5.6858879254980454,0.0024337588419193353,-0.17070691739567798,0.9979211203028223,4.866916511663062,4.83,4.723653370443515
2013-06-01,infl_mensual_sa_anualizada,Inflación mensual desestacionalizada anualizada,5.98607080540829,0.00243375892432042,-0.170706917395678,0.9979211202324366,5.123862310797967,5.21,5.321598192507082
2013-07-01,infl_mensual_sa_anualizada,Inflación mensual desestacionalizada anualizada,5.704622843527602,0.002433758921842624,-0.170706917395678,0.997921120234553,4.882952931127675,4.81,0.9211118390162198
2013-08-01,infl_mensual_sa_anualizada,Inflación mensual desestacionalizada anualizada,5.709544798949237,0.0024337589664456104,-0.17070691739567795,0.9979211201964538,4.88716594895139,4.89,2.8905807299121733
2013-09-01,infl_mensual_sa_anualizada,Inflación mensual desestacionalizada anualizada,5.725270437647494,0.002433759011356035,-0.17070691739567795,0.9979211201580921,4.900626532895209,4.91,5.647497977237137
2013-10-01,infl_mensual_sa_anualizada,Inflación mensual desestacionalizada anualizada,5.5449841665005355,0.0024337590387622805,-0.17070691739567792,0.997921120134682,4.7463079390603475,4.71,0.1329181831522419
2013-11-01,infl_mensual_sa_anualizada,Inflación mensual desestacionalizada anualizada,5.530901108644368,0.002433759095166636,-0.17070691739567792,0.9979211200865024,4.73425334592997,4.7,5.009386369242108
2013-12-01,infl_mensual_sa_anualizada,Inflación mensual desestacionalizada anualizada,5.944925941703711,0.0024337591533289634,-0.17070691739567787,0.997921120036821,5.0886437814318795,5.19,5.07407069441399
2014-01-01,infl_mensual_sa_anualizada,Inflación mensual desestacionalizada anualizada,5.804749704442917,0.002433759125723131,-0.1707069173956779,0.9979211200604015,4.968657940441703,4.94,2.01538147292446
2014-02-01,infl_mensual_sa_anualizada,Inflación mensual desestacionalizada anualizada,5.524938590271536,0.002433759076228367,-0.17070691739567787,0.9979211201026791,4.729149643580882,4.68,2.279050395151927
2014-03-01,infl_mensual_sa_anualizada,Inflación mensual desestacionalizada anualizada,5.348260104602055,0.0024337590331549724,-0.1707069173956779,0.9979211201394718,4.577919184669356,4.54,2.091418780326393
2014-04-01,infl_mensual_sa_anualizada,Inflación mensual desestacionalizada anualizada,5.406114226414371,0.002433759006594781,-0.17070691739567792,0.9979211201621591,4.627440241688676,4.66,2.4737294728701897
2014-05-01,infl_mensual_sa_anualizada,Inflación mensual desestacionalizada anualizada,5.089223951909437,0.0024337589558214934,-0.17070691739567784,0.9979211202055288,4.356193511032749,4.28,4.208305608279872
2014-06-01,infl_mensual_sa_anualizada,Inflación mensual desestacionalizada anualizada,5.083243819959336,0.002433758928809017,-0.17070691739567784,0.9979211202286025,4.351074732068744,4.36,4.2661912304847505
2014-07-01,infl_mensual_sa_anualizada,Inflación mensual desestacionalizada anualizada,5.122289601378067,0.002433758907650423,-0.17070691739567784,0.9979211202466758,4.384496523062555,4.41,4.194534812344841
2014-08-01,infl_mensual_sa_anualizada,Inflación mensual desestacionalizada anualizada,4.821152732562648,0.00243375884165585,-0.17070691739567787,0.9979211203030474,4.126734143691031,4.06,6.203383292808695
2014-09-01,infl_mensual_sa_anualizada,Inflación mensual desestacionalizada anualizada,4.811933659747299,0.0024337588134897285,-0.17070691739567787,0.9979211203271064,4.118842947300992,4.13,2.77565038890053
2014-10-01,infl_mensual_sa_anualizada,Inflación mensual desestacionalizada anualizada,4.8650710110401425,0.0024337587972740483,-0.17070691739567787,0.9979211203409577,4.16432661765237,4.17,2.2816951087989423
2014-11-01,infl_mensual_sa_anualizada,Inflación mensual desestacionalizada anualizada,4.8679390652251096,0.002433758776747729,-0.17070691739567787,0.9979211203584909,4.166781569286181,4.16,1.981983763201356
2014-12-01,infl_mensual_sa_anualizada,Inflación mensual desestacionalizada anualizada,4.89669216535485,0.002433758758046065,-0.17070691739567784,0.9979211203744656,4.191393193579034,4.21,0.0854695356270696
2015-01-01,infl_mensual_sa_anualizada,Inflación mensual desestacionalizada anualizada,4.632248772374416,0.002433758721391565,-0.17070691739567778,0.9979211204057753,3.965039116049643,3.89,-5.2919461538426305
2015-02-01,infl_mensual_sa_anualizada,Inflación mensual desestacionalizada anualizada,4.742163984530032,0.0024337586857255578,-0.17070691739567784,0.9979211204362407,4.05912260259963,4.07,3.649125842675005
2015-03-01,infl_mensual_sa_anualizada,Inflación mensual desestacionalizada anualizada,4.777064039821942,0.002433758662323733,-0.1707069173956778,0.9979211204562302,4.088995800435279,4.11,1.925606402575042
2015-04-01,infl_mensual_sa_anualizada,Inflación mensual desestacionalizada anualizada,4.51550769243534,0.002433758605500569,-0.17070691739567778,0.9979211205047677,3.865112930533679,3.82,4.241404128564952
2015-05-01,infl_mensual_sa_anualizada,Inflación mensual desestacionalizada anualizada,4.231734821112867,0.0024337585473557513,-0.17070691739567773,0.997921120554434,3.622213511508294,3.57,3.93888777564122
2015-06-01,infl_mensual_sa_anualizada,Inflación mensual desestacionalizada anualizada,4.262127128584012,0.0024337585303772376,-0.17070691739567775,0.9979211205689368,3.6482282386112983,3.67,2.298685457309446
2015-07-01,infl_mensual_sa_anualizada,Inflación mensual desestacionalizada anualizada,4.171143339410296,0.0024337584986287085,-0.17070691739567775,0.997921120596056,3.5703493721863957,3.56,3.434660421020652
2015-08-01,infl_mensual_sa_anualizada,Inflación mensual desestacionalizada anualizada,3.926569716577683,0.002433758455972905,-0.17070691739567778,0.9979211206324918,3.3610031066204913,3.31,1.998123142198338
2015-09-01,infl_mensual_sa_anualizada,Inflación mensual desestacionalizada anualizada,3.9529534057363365,0.0024337584420684936,-0.17070691739567778,0.9979211206443688,3.3835865999668178,3.4,1.764219179830917
2015-10-01,infl_mensual_sa_anualizada,Inflación mensual desestacionalizada anualizada,3.865623061938446,0.0024337584211445115,-0.17070691739567775,0.9979211206622418,3.3088349520342883,3.28,6.434715066256658
2015-11-01,infl_mensual_sa_anualizada,Inflación mensual desestacionalizada anualizada,3.9280512904771188,0.00243375840838294,-0.17070691739567778,0.9979211206731425,3.3622712807012602,3.37,5.303233769329196
2015-12-01,infl_mensual_sa_anualizada,Inflación mensual desestacionalizada anualizada,4.207613163704689,0.002433758438786258,-0.17070691739567773,0.9979211206471724,3.6015662359832987,3.65,6.545299505006241
2016-01-01,infl_mensual_sa_anualizada,Inflación mensual desestacionalizada anualizada,4.4122053130866945,0.0024337584569066764,-0.17070691739567773,0.9979211206316942,3.776689791533538,3.8,9.88179884110032
2016-02-01,infl_mensual_sa_anualizada,Inflación mensual desestacionalizada anualizada,4.696369947280454,0.0024337584911174872,-0.17070691739567773,0.997921120602472,4.01992454545822,4.09,2.419058898860982
2016-03-01,infl_mensual_sa_anualizada,Inflación mensual desestacionalizada anualizada,4.692981862295049,0.002433758437541811,-0.17070691739567767,0.9979211206482355,4.017024465819486,3.99,1.821697866818539
2016-04-01,infl_mensual_sa_anualizada,Inflación mensual desestacionalizada anualizada,4.857687996985896,0.0024337583965285572,-0.17070691739567773,0.9979211206832683,4.158007020504897,4.19,2.2314551257771598
2016-05-01,infl_mensual_sa_anualizada,Inflación mensual desestacionalizada anualizada,4.880730093068224,0.0024337583475425167,-0.17070691739567773,0.9979211207251115,4.177730229670652,4.16,7.039511363948137
2016-06-01,infl_mensual_sa_anualizada,Inflación mensual desestacionalizada anualizada,5.0753447388660895,0.002433758310384445,-0.17070691739567773,0.9979211207568514,4.344313399136776,4.39,3.1735689856539295
2016-07-01,infl_mensual_sa_anualizada,Inflación mensual desestacionalizada anualizada,5.149318392254399,0.0024337582469895294,-0.17070691739567773,0.9979211208110023,4.407632197941335,4.41,5.568620069300678
2016-08-01,infl_mensual_sa_anualizada,Inflación mensual desestacionalizada anualizada,5.186120508555981,0.002433758179950158,-0.17070691739567773,0.9979211208682663,4.439133491723349,4.45,3.395421149863509
2016-09-01,infl_mensual_sa_anualizada,Inflación mensual desestacionalizada anualizada,5.173424247882064,0.002433758104395235,-0.17070691739567773,0.9979211209328042,4.428265946827413,4.42,-0.32008867612027814
2016-10-01,infl_mensual_sa_anualizada,Inflación mensual desestacionalizada anualizada,5.192875006538654,0.0024337580322124756,-0.17070691739567775,0.9979211209944616,4.444915099622761,4.43,8.741824704153345
2016-11-01,infl_mensual_sa_anualizada,Inflación mensual desestacionalizada anualizada,5.331516041078442,0.0024337579588510645,-0.17070691739567775,0.9979211210571258,4.563586861525204,4.6,4.28995850818481
2016-12-01,infl_mensual_sa_anualizada,Inflación mensual desestacionalizada anualizada,5.4160022508969945,0.002433757870864063,-0.17070691739567775,0.9979211211322829,4.635904032152816,4.66,1.5007233200361014
2017-01-01,infl_mensual_sa_anualizada,Inflación mensual desestacionalizada anualizada,5.2043968587749365,0.00243375774363486,-0.17070691739567775,0.9979211212409602,4.454777391551996,4.4,5.21306921989293
2017-02-01,infl_mensual_sa_anualizada,Inflación mensual desestacionalizada anualizada,5.190434407328434,0.002433757625569045,-0.17070691739567775,0.9979211213418102,4.442826032526333,4.46,3.921389060593583
2017-03-01,infl_mensual_sa_anualizada,Inflación mensual desestacionalizada anualizada,5.050712971694678,0.002433757487249423,-0.17070691739567773,0.9979211214599607,4.323229485209233,4.28,2.290686473464021
2017-04-01,infl_mensual_sa_anualizada,Inflación mensual desestacionalizada anualizada,5.208578346624327,0.002433757384981671,-0.17070691739567773,0.9979211215473163,4.458356594083391,4.51,3.273633498717743
2017-05-01,infl_mensual_sa_anualizada,Inflación mensual desestacionalizada anualizada,4.949713210634337,0.0024337572532225366,-0.17070691739567775,0.9979211216598629,4.236777304745052,4.17,5.242105504560257
2017-06-01,infl_mensual_sa_anualizada,Inflación mensual desestacionalizada anualizada,4.970936112725807,0.002433757149790285,-0.17070691739567778,0.9979211217482131,4.254943348762348,4.26,8.150760621088082
2017-07-01,infl_mensual_sa_anualizada,Inflación mensual desestacionalizada anualizada,5.178644840602036,0.0024337570765593417,-0.17070691739567778,0.9979211218107659,4.432734583397832,4.48,15.355116313685357
2017-08-01,infl_mensual_sa_anualizada,Inflación mensual desestacionalizada anualizada,5.24893006639006,0.002433756968723839,-0.17070691739567775,0.9979211219028774,4.492896219983177,4.51,-2.351569006896881
2017-09-01,infl_mensual_sa_anualizada,Inflación mensual desestacionalizada anualizada,5.500780420631568,0.002433756947019384,-0.17070691739567773,0.997921121921417,4.7084711066366305,4.75,-4.416682391737936
2017-10-01,infl_mensual_sa_anualizada,Inflación mensual desestacionalizada anualizada,5.361738796519972,0.002433756953712991,-0.17070691739567778,0.9979211219156994,4.589456454252184,4.53,6.938880350407928
2017-11-01,infl_mensual_sa_anualizada,Inflación mensual desestacionalizada anualizada,5.382193540930792,0.0024337569386434763,-0.17070691739567775,0.9979211219285715,4.606964983108275,4.63,9.901345941036865
2017-12-01,infl_mensual_sa_anualizada,Inflación mensual desestacionalizada anualizada,5.336196813474588,0.0024337569093287746,-0.17070691739567775,0.9979211219536117,4.567593431020143,4.56,12.740523429717499
2018-01-01,infl_mensual_sa_anualizada,Inflación mensual desestacionalizada anualizada,5.446381908726186,0.0024337569277888744,-0.17070691739567773,0.9979211219378434,4.661907927889854,4.71,-5.769932468425765
2018-02-01,infl_mensual_sa_anualizada,Inflación mensual desestacionalizada anualizada,5.382863507680099,0.0024337568778782775,-0.17070691739567775,0.9979211219804762,4.60753845042055,4.56,-2.548601369230852
2018-03-01,infl_mensual_sa_anualizada,Inflación mensual desestacionalizada anualizada,5.39477065899792,0.0024337568145225996,-0.17070691739567773,0.9979211220345937,4.61773054540969,4.62,2.1750574991752814
2018-04-01,infl_mensual_sa_anualizada,Inflación mensual desestacionalizada anualizada,5.251530163836984,0.0024337567633827034,-0.17070691739567773,0.9979211220782767,4.49512180952162,4.46,0.7284418919560665
2018-05-01,infl_mensual_sa_anualizada,Inflación mensual desestacionalizada anualizada,5.236710399420246,0.0024337567208721975,-0.17070691739567775,0.9979211221145885,4.482436621582124,4.48,7.159619572667708
2018-06-01,infl_mensual_sa_anualizada,Inflación mensual desestacionalizada anualizada,5.176716950776515,0.0024337566773450807,-0.17070691739567775,0.9979211221517686,4.431084377213222,4.43,4.7302136426047525
2018-07-01,infl_mensual_sa_anualizada,Inflación mensual desestacionalizada anualizada,5.106880455777594,0.002433756631640787,-0.17070691739567773,0.9979211221908085,4.371306837553089,4.36,1.575648189286838
2018-08-01,infl_mensual_sa_anualizada,Inflación mensual desestacionalizada anualizada,5.071062741840448,0.002433756590907836,-0.17070691739567773,0.997921122225602,4.340648156589702,4.33,6.500760389095106
2018-09-01,infl_mensual_sa_anualizada,Inflación mensual desestacionalizada anualizada,5.044931580773759,0.0024337565506464087,-0.17070691739567775,0.9979211222599927,4.3182808180962375,4.32,9.285868449979873
2018-10-01,infl_mensual_sa_anualizada,Inflación mensual desestacionalizada anualizada,5.0438602852966765,0.0024337565154178664,-0.17070691739567775,0.9979211222900845,4.317363827391425,4.32,4.4748422077017125
2018-11-01,infl_mensual_sa_anualizada,Inflación mensual desestacionalizada anualizada,5.184561870322213,0.0024337565208607946,-0.17070691739567778,0.9979211222854352,4.437799346892426,4.47,-3.8553350100880124
2018-12-01,infl_mensual_sa_anualizada,Inflación mensual desestacionalizada anualizada,5.136336692318445,0.0024337565001853927,-0.17070691739567778,0.9979211223030957,4.396520320967911,4.38,2.9822868400099622
2019-01-01,infl_mensual_sa_anualizada,Inflación mensual desestacionalizada anualizada,4.834565791127001,0.002433756509708994,-0.17070691739567775,0.9979211222949609,4.138215233379728,4.07,15.065470576319484
2019-02-01,infl_mensual_sa_anualizada,Inflación mensual desestacionalizada anualizada,4.912615870630121,0.002433756554227317,-0.17070691739567784,0.997921122256934,4.205023307298956,4.25,1.5202251151908541
2019-03-01,infl_mensual_sa_anualizada,Inflación mensual desestacionalizada anualizada,5.061574934597579,0.0024337566317489986,-0.17070691739567778,0.9979211221907162,4.3325269334167,4.35,-1.1313279345806393
2019-04-01,infl_mensual_sa_anualizada,Inflación mensual desestacionalizada anualizada,5.049498064584796,0.002433756701707493,-0.1707069173956778,0.9979211221309586,4.322189565311356,4.3,7.413674772396561
2019-05-01,infl_mensual_sa_anualizada,Inflación mensual desestacionalizada anualizada,5.103059589415239,0.002433756769371843,-0.1707069173956778,0.9979211220731607,4.368036313253581,4.39,4.6826123127615915
2019-06-01,infl_mensual_sa_anualizada,Inflación mensual desestacionalizada anualizada,5.1103852696615535,0.002433756826446424,-0.1707069173956778,0.9979211220244085,4.374306833490517,4.36,7.745577326152997
2019-07-01,infl_mensual_sa_anualizada,Inflación mensual desestacionalizada anualizada,5.312571014312331,0.0024337569117103657,-0.17070691739567778,0.99792112195157745,4.547370592774341,4.6,-3.3621846146562717
2019-08-01,infl_mensual_sa_anualizada,Inflación mensual desestacionalizada anualizada,5.312308175219789,0.0024337569485300033,-0.17070691739567784,0.9979211219201266,4.547145612064341,4.53,-9.200474364044098
2019-09-01,infl_mensual_sa_anualizada,Inflación mensual desestacionalizada anualizada,5.136892184678324,0.002433757003543034,-0.17070691739567784,0.9979211218731353,4.396995804435076,4.34,-4.875971496374376
2019-10-01,infl_mensual_sa_anualizada,Inflación mensual desestacionalizada anualizada,4.98033732812776,0.002433757053194985,-0.17070691739567778,0.9979211218307233,4.262990452222457,4.22,8.77270090207709
2019-11-01,infl_mensual_sa_anualizada,Inflación mensual desestacionalizada anualizada,4.943460176916456,0.0024337570848188936,-0.17070691739567778,0.9979211218037107,4.231424931136037,4.25,4.934595739255343
2019-12-01,infl_mensual_sa_anualizada,Inflación mensual desestacionalizada anualizada,4.818861637439517,0.0024337570926682137,-0.17070691739567778,0.997921121797006,4.124773042110864,4.1,8.620981220421697
2020-01-01,infl_mensual_sa_anualizada,Inflación mensual desestacionalizada anualizada,4.7787487573427185,0.002433757113397323,-0.17070691739567778,0.9979211217792995,4.090437852897407,4.11,-3.8960648267913456
2020-02-01,infl_mensual_sa_anualizada,Inflación mensual desestacionalizada anualizada,4.578566145174526,0.002433757091494002,-0.1707069173956778,0.997921121798009,3.9190887035206754,3.85,-4.9642350276048575
2020-03-01,infl_mensual_sa_anualizada,Inflación mensual desestacionalizada anualizada,4.653534784837447,0.002433757036472089,-0.1707069173956778,0.9979211218450078,3.98325917494042,3.99,5.163957826670895
2020-04-01,infl_mensual_sa_anualizada,Inflación mensual desestacionalizada anualizada,4.637693466277809,0.002433756995377254,-0.1707069173956778,0.9979211218801104,3.9696995732476945,3.97,8.720139828557905
2020-05-01,infl_mensual_sa_anualizada,Inflación mensual desestacionalizada anualizada,4.608324677296127,0.0024337569521243104,-0.1707069173956778,0.9979211219170564,3.944560941164225,3.96,3.784497055064051
2020-06-01,infl_mensual_sa_anualizada,Inflación mensual desestacionalizada anualizada,4.450514417844518,0.002433756874269231,-0.17070691739567778,0.9979211219835591,3.8094810085838335,3.77,14.633330503988518
2020-07-01,infl_mensual_sa_anualizada,Inflación mensual desestacionalizada anualizada,4.508774064928501,0.0024337568216766694,-0.1707069173956778,0.9979211220284828,3.8593491805574214,3.9,2.3590947443135946
2020-08-01,infl_mensual_sa_anualizada,Inflación mensual desestacionalizada anualizada,4.579988776651766,0.002433756774940861,-0.1707069173956778,0.9979211220684038,3.920306424071479,3.92,5.97303480222493
2020-09-01,infl_mensual_sa_anualizada,Inflación mensual desestacionalizada anualizada,4.6507825690375695,0.002433756728174376,-0.1707069173956778,0.997921122108351,3.980903375697087,3.99,4.052462628442655
2020-10-01,infl_mensual_sa_anualizada,Inflación mensual desestacionalizada anualizada,4.818364830363984,0.0024337566992683594,-0.1707069173956778,0.9979211221330421,4.124347791651524,4.15,13.09761305519821
2020-11-01,infl_mensual_sa_anualizada,Inflación mensual desestacionalizada anualizada,4.940404094251004,0.0024337566646605055,-0.1707069173956778,0.9979211221626036,4.228809032264057,4.27,6.282386979196275
2020-12-01,infl_mensual_sa_anualizada,Inflación mensual desestacionalizada anualizada,4.965578643812149,0.002433756590857537,-0.1707069173956778,0.997921122225645,4.250357545140705,4.26,1.3253753848498917
2021-01-01,infl_mensual_sa_anualizada,Inflación mensual desestacionalizada anualizada,4.864027476198123,0.0024337564924586173,-0.1707069173956778,0.9979211223096959,4.163433380971989,4.12,0.8400820642052054
2021-02-01,infl_mensual_sa_anualizada,Inflación mensual desestacionalizada anualizada,5.0779748285071005,0.002433756406978147,-0.17070691739567778,0.9979211223827119,4.3465646546306465,4.39,3.6633943037596595
2021-03-01,infl_mensual_sa_anualizada,Inflación mensual desestacionalizada anualizada,5.082660037132906,0.002433756316066593,-0.1707069173956778,0.9979211224603672,4.3505750251387925,4.34,3.397103926831946
2021-04-01,infl_mensual_sa_anualizada,Inflación mensual desestacionalizada anualizada,5.1215447191509655,0.0024337562290256292,-0.17070691739567778,0.9979211225347163,4.383858920491272,4.39,1.4700830017172706
2021-05-01,infl_mensual_sa_anualizada,Inflación mensual desestacionalizada anualizada,5.143812316895764,0.0024337561402407,-0.1707069173956778,0.997921122610555,4.402919186612295,4.41,3.4327020413318365
2021-06-01,infl_mensual_sa_anualizada,Inflación mensual desestacionalizada anualizada,4.976965969417044,0.0024337560428668303,-0.17070691739567778,0.9979211226937303,4.260104686179668,4.23,0.10051527876697719
2021-07-01,infl_mensual_sa_anualizada,Inflación mensual desestacionalizada anualizada,4.849519421959962,0.002433755949671306,-0.1707069173956778,0.9979211227733364,4.151015004023174,4.12,1.296124228541018
2021-08-01,infl_mensual_sa_anualizada,Inflación mensual desestacionalizada anualizada,4.8428747959686635,0.002433755856850911,-0.17070691739567778,0.9979211228526222,4.1453274417343655,4.14,3.6587817484459606
2021-09-01,infl_mensual_sa_anualizada,Inflación mensual desestacionalizada anualizada,4.8789975796414105,0.002433755765743028,-0.17070691739567778,0.9979211229304452,4.1762472509720245,4.2,4.699007306967573
2021-10-01,infl_mensual_sa_anualizada,Inflación mensual desestacionalizada anualizada,4.61878273744199,0.0024337556411387954,-0.17070691739567778,0.9979211230368803,3.9535126618036815,3.89,4.793421219486049
2021-11-01,infl_mensual_sa_anualizada,Inflación mensual desestacionalizada anualizada,4.724571476519975,0.0024337555696677215,-0.17070691739567778,0.9979211230979298,4.0440640347634735,4.08,5.464775315988035
2021-12-01,infl_mensual_sa_anualizada,Inflación mensual desestacionalizada anualizada,4.70737603119911,0.0024337554799841697,-0.17070691739567778,0.9979211231745361,4.0293453488909385,4.02,3.4443890466132387
2022-01-01,infl_mensual_sa_anualizada,Inflación mensual desestacionalizada anualizada,4.756167482281947,0.002433755401441105,-0.17070691739567778,0.9979211232416264,4.071109083909103,4.09,-1.4853850450403883
2022-02-01,infl_mensual_sa_anualizada,Inflación mensual desestacionalizada anualizada,4.620909263131154,0.0024337553033131377,-0.17070691739567778,0.9979211233254458,3.955332890516081,3.92,4.963422061556244
2022-03-01,infl_mensual_sa_anualizada,Inflación mensual desestacionalizada anualizada,4.471528880995836,0.002433755205833229,-0.17070691739567775,0.9979211234087116,3.827468631235417,3.8,17.19981199569318
2022-04-01,infl_mensual_sa_anualizada,Inflación mensual desestacionalizada anualizada,4.549425999517757,0.002433755143204047,-0.17070691739567775,0.9979211234622085,3.8941457755875315,3.94,6.629897186556377
2022-05-01,infl_mensual_sa_anualizada,Inflación mensual desestacionalizada anualizada,4.668250241032624,0.002433755102322352,-0.17070691739567773,0.997921123497129,3.995855072001062,4.01,17.088511224258696
2022-06-01,infl_mensual_sa_anualizada,Inflación mensual desestacionalizada anualizada,4.81541872552923,0.002433755067246241,-0.17070691739567775,0.9979211235270905,4.121826025629006,4.16,19.632596445682893
2022-07-01,infl_mensual_sa_anualizada,Inflación mensual desestacionalizada anualizada,5.158942708504772,0.002433755135832581,-0.17070691739567775,0.9979211234685051,4.415870256341068,4.51,10.21870999916139
2022-08-01,infl_mensual_sa_anualizada,Inflación mensual desestacionalizada anualizada,5.2912522169713965,0.0024337550763111134,-0.17070691739567778,0.9979211235193475,4.52912245836984,4.55,9.383226519388899
2022-09-01,infl_mensual_sa_anualizada,Inflación mensual desestacionalizada anualizada,5.364274558647022,0.002433754998072874,-0.17070691739567778,0.9979211235861773,4.591626968163948,4.61,6.453670184546567
2022-10-01,infl_mensual_sa_anualizada,Inflación mensual desestacionalizada anualizada,5.443508103810668,0.002433754921635173,-0.17070691739567778,0.9979211236514692,4.659448045766108,4.67,12.148826453443462
2022-11-01,infl_mensual_sa_anualizada,Inflación mensual desestacionalizada anualizada,5.558253818802393,0.002433754852277877,-0.17070691739567778,0.9979211237107133,4.757666269335286,4.8,-0.42738557721442305
2022-12-01,infl_mensual_sa_anualizada,Inflación mensual desestacionalizada anualizada,5.525334760617026,0.00243375472749817,-0.1707069173956778,0.9979211238172981,4.729488733609099,4.71,4.205902635697356
2023-01-01,infl_mensual_sa_anualizada,Inflación mensual desestacionalizada anualizada,5.412152894148592,0.0024337546037782255,-0.17070691739567778,0.9979211239229778,4.632609107629258,4.62,3.493678324466032
2023-02-01,infl_mensual_sa_anualizada,Inflación mensual desestacionalizada anualizada,5.2731452241394905,0.0024337544767025496,-0.17070691739567778,0.997921124031524,4.5136235184623565,4.49,7.5003466102185
2023-03-01,infl_mensual_sa_anualizada,Inflación mensual desestacionalizada anualizada,5.181080957871497,0.0024337543546936492,-0.17070691739567778,0.9979211241357421,4.4348198022329655,4.43,3.920593601419853
2023-04-01,infl_mensual_sa_anualizada,Inflación mensual desestacionalizada anualizada,5.134053390451691,0.00243375424312046,-0.17070691739567778,0.9979211242310462,4.3945658878250455,4.39,2.238448521506342
2023-05-01,infl_mensual_sa_anualizada,Inflación mensual desestacionalizada anualizada,5.045521782312433,0.0024337541265201843,-0.17070691739567784,0.9979211243306444,4.318786000522037,4.3,-2.7998980940211027
2023-06-01,infl_mensual_sa_anualizada,Inflación mensual desestacionalizada anualizada,4.981646279593192,0.002433754011624992,-0.1707069173956778,0.9979211244287861,4.264110856713694,4.24,1.403495798758314
2023-07-01,infl_mensual_sa_anualizada,Inflación mensual desestacionalizada anualizada,4.930242829859886,0.0024337538956509673,-0.17070691739567775,0.9979211245278493,4.220111343728366,4.21,5.693670211015345
2023-08-01,infl_mensual_sa_anualizada,Inflación mensual desestacionalizada anualizada,4.876655369729264,0.002433753779582244,-0.17070691739567778,0.9979211246269934,4.174242396046147,4.17,8.680814643742707
2023-09-01,infl_mensual_sa_anualizada,Inflación mensual desestacionalizada anualizada,4.851974246128424,0.0024337536685981533,-0.17070691739567778,0.9979211247217944,4.153116237515402,4.15,8.907534484236734
2023-10-01,infl_mensual_sa_anualizada,Inflación mensual desestacionalizada anualizada,5.004445213050418,0.002433753605123615,-0.17070691739567778,0.9979211247760134,4.283625925989006,4.32,15.535906519722076
2023-11-01,infl_mensual_sa_anualizada,Inflación mensual desestacionalizada anualizada,5.120555763823879,0.0024337535316430767,-0.17070691739567778,0.9979211248387794,4.383012400017619,4.43,-8.254121227736633
2023-12-01,infl_mensual_sa_anualizada,Inflación mensual desestacionalizada anualizada,5.093608765332841,0.0024337533894997305,-0.1707069173956778,0.997921124960196,4.359946733575663,4.32,2.78351670524124
2024-01-01,infl_mensual_sa_anualizada,Inflación mensual desestacionalizada anualizada,5.023978923746149,0.0024337532582406297,-0.17070691739567778,0.9979211250723156,4.300346081693546,4.29,-0.6984883960740262
2024-02-01,infl_mensual_sa_anualizada,Inflación mensual desestacionalizada anualizada,5.006289237742289,0.0024337531314480697,-0.17070691739567778,0.9979211251806198,4.285204343365376,4.28,1.5538480700090673
2024-03-01,infl_mensual_sa_anualizada,Inflación mensual desestacionalizada anualizada,4.866702053065043,0.002433753007285948,-0.1707069173956778,0.9979211252866772,4.1657227105895505,4.14,3.083538348133885
2024-04-01,infl_mensual_sa_anualizada,Inflación mensual desestacionalizada anualizada,4.72488151510394,0.0024337528830166155,-0.17070691739567784,0.9979211253928262,4.044329407390691,4.02,3.7373395767641426
2024-05-01,infl_mensual_sa_anualizada,Inflación mensual desestacionalizada anualizada,4.672152812066603,0.002433752767234424,-0.17070691739567784,0.9979211254917255,3.99919552509154,3.99,1.8560370286994754
2024-06-01,infl_mensual_sa_anualizada,Inflación mensual desestacionalizada anualizada,4.698241318170121,0.0024337526605525766,-0.17070691739567784,0.9979211255828516,4.021526351874496,4.02,-0.21952436231593708
2024-07-01,infl_mensual_sa_anualizada,Inflación mensual desestacionalizada anualizada,4.750113138755653,0.002433752555349154,-0.17070691739567784,0.9979211256727147,4.065926772703766,4.07,7.575541179586409
2024-08-01,infl_mensual_sa_anualizada,Inflación mensual desestacionalizada anualizada,4.697096044971419,0.0024337524508570877,-0.1707069173956778,0.9979211257619702,4.020546038300271,4.02,0.44999135791243816
2024-09-01,infl_mensual_sa_anualizada,Inflación mensual desestacionalizada anualizada,4.655978171334518,0.0024337523491499,-0.1707069173956778,0.997921125848847,3.9853506103164564,3.97,-2.3690599121863443
2024-10-01,infl_mensual_sa_anualizada,Inflación mensual desestacionalizada anualizada,4.62795037709296,0.002433752247624691,-0.1707069173956778,0.9979211259355683,3.961359821618832,3.96,4.391117702621372
2024-11-01,infl_mensual_sa_anualizada,Inflación mensual desestacionalizada anualizada,4.3555763359129935,0.0024337521639831213,-0.1707069173956778,0.9979211260070137,3.7282173943019443,3.66,-2.391281605096651
2024-12-01,infl_mensual_sa_anualizada,Inflación mensual desestacionalizada anualizada,4.559619939074233,0.0024337521449719892,-0.17070691739567778,0.9979211260232527,3.9028714128649535,3.95,3.2931731911588713
2025-01-01,infl_mensual_sa_anualizada,Inflación mensual desestacionalizada anualizada,4.433280568981667,0.002433752150368316,-0.17070691739567778,0.9979211260186431,3.7947294356031747,3.76,4.987197281224454
2025-02-01,infl_mensual_sa_anualizada,Inflación mensual desestacionalizada anualizada,4.417183629898473,0.0024337521669806307,-0.17070691739567778,0.9979211260044532,3.780951032144764,3.79,-3.0638089384225964
2025-03-01,infl_mensual_sa_anualizada,Inflación mensual desestacionalizada anualizada,4.361152377631422,0.0024337521774400865,-0.17070691739567775,0.9979211259955189,3.732990286408524,3.71,0.45740641708178487
2025-04-01,infl_mensual_sa_anualizada,Inflación mensual desestacionalizada anualizada,4.2534335127167,0.0024337521927919473,-0.17070691739567778,0.9979211259824056,3.6407867949085655,3.62,2.566579406800429
2025-05-01,infl_mensual_sa_anualizada,Inflación mensual desestacionalizada anualizada,4.164984024267485,0.0024337522084161055,-0.17070691739567775,0.9979211259690597,3.5650771997316943,3.55,4.479104501824693
2025-06-01,infl_mensual_sa_anualizada,Inflación mensual desestacionalizada anualizada,4.128033409940978,0.002433752228123708,-0.17070691739567778,0.9979211259522257,3.533448796924934,3.53,0.8237353128862424
2025-07-01,infl_mensual_sa_anualizada,Inflación mensual desestacionalizada anualizada,4.137126735984241,0.002433752254202754,-0.17070691739567778,0.9979211259299494,3.541232358515438,3.54,0.2668384817255287
2025-08-01,infl_mensual_sa_anualizada,Inflación mensual desestacionalizada anualizada,4.091690618172828,0.002433752278894108,-0.17070691739567778,0.9979211259088584,3.5023406685574368,3.49,0.4906472148910268
2025-09-01,infl_mensual_sa_anualizada,Inflación mensual desestacionalizada anualizada,4.015361320232714,0.0024337523033307884,-0.17070691739567778,0.997921125887985,3.437005522518629,3.42,1.2203263449222845
2025-10-01,infl_mensual_sa_anualizada,Inflación mensual desestacionalizada anualizada,3.9514414331618077,0.002433752327955571,-0.17070691739567778,0.9979211258669508,3.382292387870393,3.37,1.864678550079546
2025-11-01,infl_mensual_sa_anualizada,Inflación mensual desestacionalizada anualizada,3.8968684085372054,0.0024337523529327377,-0.17070691739567778,0.9979211258456158,3.335579832816434,3.3,3.293514482895077
2025-12-01,infl_mensual_sa_anualizada,Inflación mensual desestacionalizada anualizada,4.2535472827173555,0.0024337524016010506,-0.17070691739567775,0.997921125804044,3.6408841786063983,3.72,2.228546378390206
2026-01-01,infl_mensual_sa_anualizada,Inflación mensual desestacionalizada anualizada,4.267520539296215,0.002433752415399119,-0.1707069173956778,0.9979211257922579,3.65284478597799,3.64,-3.1313064797846124
2026-02-01,infl_mensual_sa_anualizada,Inflación mensual desestacionalizada anualizada,4.248664133092377,0.002433752426936908,-0.17070691739567778,0.9979211257824026,3.636704377444172,3.62,3.874560755911105
2026-03-01,infl_mensual_sa_anualizada,Inflación mensual desestacionalizada anualizada,4.224614850623946,0.0024337524389770487,-0.1707069173956778,0.997921125772118,3.6161190527563996,3.61,11.636498792634953
2026-04-01,infl_mensual_sa_anualizada,Inflación mensual desestacionalizada anualizada,4.296364877246552,0.0024337524624844322,-0.17070691739567778,0.9979211257520384,3.677534506659867,3.71,11.166318802963104
2026-05-01,infl_mensual_sa_anualizada,Inflación mensual desestacionalizada anualizada,4.3434511054375,0.002433752477125229,-0.17070691739567778,0.9979211257395324,3.7178386321492782,3.74,0.01804886690237595
2026-06-01,infl_mensual_sa_anualizada,Inflación mensual desestacionalizada anualizada,4.3481043528602825,0.002433752477127824,-0.17070691739567778,0.9979211257395302,3.721821645337052,3.71,-5.94023970763935
2010-05-01,infl_3m_sa_anualizada,Inflación de tres meses desestacionalizada anualizada,5.389174551184095,0.032081931657423755,0.011659145010042948,0.9675396079242826,5.635685502837439,5.7,4.159838298100738
2010-06-01,infl_3m_sa_anualizada,Inflación de tres meses desestacionalizada anualizada,5.264394329353593,0.03194540084222211,0.011659145009616623,0.9676777493504172,5.50441170179177,5.45,1.0479033322006615
2010-07-01,infl_3m_sa_anualizada,Inflación de tres meses desestacionalizada anualizada,5.168840557393804,0.03183201050513959,0.011659145010753491,0.9677924773174676,5.403860703642128,5.11,2.000601070284702
2010-08-01,infl_3m_sa_anualizada,Inflación de tres meses desestacionalizada anualizada,5.404582238384155,0.03178469810458441,0.011659145127850934,0.9678403478436637,5.650041767173972,5.57,2.4698747153685474
2010-09-01,infl_3m_sa_anualizada,Inflación de tres meses desestacionalizada anualizada,5.5504459522353295,0.03170316149138454,0.01165914513162214,0.9679228463184327,5.802035598912995,5.68,3.0625550664552748
2010-10-01,infl_3m_sa_anualizada,Inflación de tres meses desestacionalizada anualizada,5.72543202982684,0.03163531544348625,0.011659145131633686,0.9679914927247446,5.984528983984625,5.89,4.705052307616953
2010-11-01,infl_3m_sa_anualizada,Inflación de tres meses desestacionalizada anualizada,5.89731419105461,0.031565660082424465,0.011659145131632798,0.9680619697881168,6.163740681397999,6.22,7.090293764087008
2010-12-01,infl_3m_sa_anualizada,Inflación de tres meses desestacionalizada anualizada,5.844782675223366,0.031295033623940365,0.011659145131631465,0.9683357887415184,6.107108505654941,6.2,6.008868782328847
2011-01-01,infl_3m_sa_anualizada,Inflación de tres meses desestacionalizada anualizada,5.662901384691527,0.030849845156232715,0.011659145131631021,0.9687862289570723,5.914312852288862,5.85,6.445606240227164
2011-02-01,infl_3m_sa_anualizada,Inflación de tres meses desestacionalizada anualizada,5.631119571189803,0.030576325628566433,0.011659145131632132,0.9690629751082801,5.879440508889325,5.81,6.497176501019908
2011-03-01,infl_3m_sa_anualizada,Inflación de tres meses desestacionalizada anualizada,5.783149202182265,0.030528311085135876,0.011659145131632354,0.9691115560641255,6.037871647973618,6.13,8.942884570143761
2011-04-01,infl_3m_sa_anualizada,Inflación de tres meses desestacionalizada anualizada,5.763376039895288,0.030267837747803474,0.01165914513163202,0.9693751021232097,6.015591647927625,6.19,9.273451343707606
2011-05-01,infl_3m_sa_anualizada,Inflación de tres meses desestacionalizada anualizada,5.563911688117205,0.029701503318305195,0.011659145131633686,0.9699481174212301,5.803967549548953,5.74,8.745222176033707
2011-06-01,infl_3m_sa_anualizada,Inflación de tres meses desestacionalizada anualizada,5.72930522383631,0.029779167547989358,0.011659145131632798,0.9698695370111402,5.976981241397579,6.16,6.902856872293839
2011-07-01,infl_3m_sa_anualizada,Inflación de tres meses desestacionalizada anualizada,5.674857612459513,0.029490900396306828,0.01165914513163302,0.9701612047594302,5.918400043710772,5.88,6.769100225269042
2011-08-01,infl_3m_sa_anualizada,Inflación de tres meses desestacionalizada anualizada,5.769847173254649,0.029398972588594603,0.011659145131632909,0.9702542170104765,6.016889323404574,5.95,7.079099124959853
2011-09-01,infl_3m_sa_anualizada,Inflación de tres meses desestacionalizada anualizada,6.050773316577886,0.029546605503893826,0.011659145131632798,0.9701048425162704,6.310815193758804,6.43,6.130851148369487
2011-10-01,infl_3m_sa_anualizada,Inflación de tres meses desestacionalizada anualizada,6.117504906909242,0.0294056318300046,0.011659145131632798,0.9702474792120973,6.379476694500885,6.51,3.242411259587996
2011-11-01,infl_3m_sa_anualizada,Inflación de tres meses desestacionalizada anualizada,5.892283297647689,0.028923972509002912,0.011659145131633242,0.970734820516091,6.141525551601297,6.06,1.2058277690726982
2011-12-01,infl_3m_sa_anualizada,Inflación de tres meses desestacionalizada anualizada,5.6712475524666415,0.02844489647731462,0.01165914513163191,0.9712195480565224,5.908189843795783,5.62,2.0849765344337357
2012-01-01,infl_3m_sa_anualizada,Inflación de tres meses desestacionalizada anualizada,5.782489726397272,0.028042082164437713,0.011659145131631687,0.9716271142427149,6.021552761246806,5.95,2.1245707210489684
2012-02-01,infl_3m_sa_anualizada,Inflación de tres meses desestacionalizada anualizada,5.8011570940027894,0.027602529995359403,0.011659145131631809,0.9720718516700034,6.038228041719467,6.11,3.3236368993680543
2012-03-01,infl_3m_sa_anualizada,Inflación de tres meses desestacionalizada anualizada,5.4351615196745655,0.027007427342137243,0.01165914513163191,0.9726739745614035,5.65377356497495,5.47,3.091435876033799
2012-04-01,infl_3m_sa_anualizada,Inflación de tres meses desestacionalizada anualizada,5.337541995232927,0.026582101024082032,0.011659145131631354,0.9731043183197943,5.549772200042902,5.54,4.60657522504313
2012-05-01,infl_3m_sa_anualizada,Inflación de tres meses desestacionalizada anualizada,5.119721604035996,0.026086047310125336,0.01165914513163191,0.9736062238228536,5.3205466616763175,5.28,3.6818507532903055
2012-06-01,infl_3m_sa_anualizada,Inflación de tres meses desestacionalizada anualizada,4.953977275576723,0.02563565362015909,0.011659145131631798,0.9740619306650302,5.145892293044199,5.11,2.3492868952914137
2012-07-01,infl_3m_sa_anualizada,Inflación de tres meses desestacionalizada anualizada,4.788071729039141,0.025185146950667318,0.011659145131631798,0.9745177518195162,4.97123330078242,4.9,1.308520739423713
2012-08-01,infl_3m_sa_anualizada,Inflación de tres meses desestacionalizada anualizada,4.636667764609726,0.02474112470314155,0.011659145131631687,0.9749670120573568,4.811819284979133,4.55,2.489793651076866
2012-09-01,infl_3m_sa_anualizada,Inflación de tres meses desestacionalizada anualizada,4.860023144196189,0.024390439255499514,0.011659145131631576,0.9753218344305438,5.0417771137182825,5.17,5.385248551736055
2012-10-01,infl_3m_sa_anualizada,Inflación de tres meses desestacionalizada anualizada,4.666013308107432,0.02384196603856446,0.011659145131631798,0.9758767778129137,4.837759132899116,4.76,5.132391201846076
2012-11-01,infl_3m_sa_anualizada,Inflación de tres meses desestacionalizada anualizada,4.67342307285951,0.02349994872703749,0.011659145131631986,0.9762228297947196,4.843724020315267,4.82,2.771058068643839
2012-12-01,infl_3m_sa_anualizada,Inflación de tres meses desestacionalizada anualizada,4.74365341985342,0.023219299354126914,0.011659145131631965,0.9765067898997059,4.915083900831415,4.93,2.7271161544867084
2013-01-01,infl_3m_sa_anualizada,Inflación de tres meses desestacionalizada anualizada,4.673895649381326,0.022864815942286027,0.01165914513163202,0.9768654550404766,4.841027079843632,4.83,4.090452287641355
2013-02-01,infl_3m_sa_anualizada,Inflación de tres meses desestacionalizada anualizada,4.526983498133568,0.022470284233512265,0.01165914513163191,0.9772646409152994,4.686946300846533,4.61,7.453486057856296
2013-03-01,infl_3m_sa_anualizada,Inflación de tres meses desestacionalizada anualizada,4.518790186224904,0.022183753233088677,0.011659145131631798,0.9775545520315021,4.6770759937246,4.66,6.526427016590475
2013-04-01,infl_3m_sa_anualizada,Inflación de tres meses desestacionalizada anualizada,4.676277056211056,0.022132266591481438,0.01165914513163191,0.9776066460447705,4.839821455686518,4.93,5.645703516671219
2013-05-01,infl_3m_sa_anualizada,Inflación de tres meses desestacionalizada anualizada,4.716879242274346,0.02193558452938707,0.011659145131631854,0.977805648303076,4.880850081270594,4.83,4.012331059254137
2013-06-01,infl_3m_sa_anualizada,Inflación de tres meses desestacionalizada anualizada,4.902560366682295,0.021894801084321003,0.01165914513163191,0.9778469128575717,5.072771881562025,5.21,4.090576629295128
2013-07-01,infl_3m_sa_anualizada,Inflación de tres meses desestacionalizada anualizada,4.740913040246714,0.021588766690969364,0.011659145131631854,0.9781565574420733,4.903959451677706,4.81,3.655454467322272
2013-08-01,infl_3m_sa_anualizada,Inflación de tres meses desestacionalizada anualizada,4.749375974206498,0.021415177084361733,0.01165914513163183,0.978332194830483,4.9118314709472655,4.89,3.044430253811825
2013-09-01,infl_3m_sa_anualizada,Inflación de tres meses desestacionalizada anualizada,4.744519566689212,0.021232320375432094,0.011659145131631823,0.9785172086422959,4.90588118858532,4.91,3.15306351538851
2013-10-01,infl_3m_sa_anualizada,Inflación de tres meses desestacionalizada anualizada,4.646432950089752,0.020995440191845873,0.011659145131631854,0.9787568832266453,4.8032821364471,4.71,2.890332296767184
2013-11-01,infl_3m_sa_anualizada,Inflación de tres meses desestacionalizada anualizada,4.675723837590047,0.020835004338567633,0.011659145131631861,0.9789192116910491,4.832760272229515,4.7,3.5966008432104957
2013-12-01,infl_3m_sa_anualizada,Inflación de tres meses desestacionalizada anualizada,4.898292315506714,0.020780896842654342,0.01165914513163202,0.9789739574760147,5.062520699493993,5.19,3.40545841560278
2014-01-01,infl_3m_sa_anualizada,Inflación de tres meses desestacionalizada anualizada,4.775888599681085,0.020490634883249405,0.011659145131632076,0.9792676435641442,4.934532741806391,4.94,4.032946178860186
2014-02-01,infl_3m_sa_anualizada,Inflación de tres meses desestacionalizada anualizada,4.5815407968633,0.020153740229030628,0.01165914513163202,0.9796085124582705,4.732081978358063,4.68,3.1228341874967924
2014-03-01,infl_3m_sa_anualizada,Inflación de tres meses desestacionalizada anualizada,4.473167256771144,0.019882840526106567,0.011659145131631965,0.9798826078794904,4.618855118679711,4.54,2.1286168828009266
2014-04-01,infl_3m_sa_anualizada,Inflación de tres meses desestacionalizada anualizada,4.470778787891236,0.019674936891803524,0.011659145131631979,0.9800929640873502,4.615398048927123,4.66,2.281399549449503
2014-05-01,infl_3m_sa_anualizada,Inflación de tres meses desestacionalizada anualizada,4.267561475690813,0.019385667173341413,0.011659145131631854,0.9803856462293838,4.404291890776278,4.28,2.9244846204921515
2014-06-01,infl_3m_sa_anualizada,Inflación de tres meses desestacionalizada anualizada,4.247540876535614,0.01917594721142847,0.01165914513163182,0.9805978401914971,4.382681257831033,4.36,3.6494087705449374
2014-07-01,infl_3m_sa_anualizada,Inflación de tres meses desestacionalizada anualizada,4.213739566561125,0.018958556447257257,0.01165914513163184,0.9808177954459019,4.346829494848715,4.41,4.223010550369821
2014-08-01,infl_3m_sa_anualizada,Inflación de tres meses desestacionalizada anualizada,4.0177597248617625,0.018628514514319194,0.011659145131631854,0.9811517307793572,4.143249041664098,4.06,4.888036445212762
2014-09-01,infl_3m_sa_anualizada,Inflación de tres meses desestacionalizada anualizada,4.008646982331624,0.018448674277390276,0.011659145131631826,0.9813336925348013,4.133085164053041,4.13,4.391189498018022
2014-10-01,infl_3m_sa_anualizada,Inflación de tres meses desestacionalizada anualizada,4.033912318296782,0.01830081826756345,0.011659145131631812,0.9814832927553108,4.158500851606433,4.17,3.7535762635027226
2014-11-01,infl_3m_sa_anualizada,Inflación de tres meses desestacionalizada anualizada,4.043067976472544,0.018139497800246148,0.011659145131631818,0.9816465162692661,4.167246259776838,4.16,2.346443086966943
2014-12-01,infl_3m_sa_anualizada,Inflación de tres meses desestacionalizada anualizada,4.051744155443636,0.017977834774351272,0.011659145131631804,0.9818100863828546,4.175493162395109,4.21,1.4497161358757893
2015-01-01,infl_3m_sa_anualizada,Inflación de tres meses desestacionalizada anualizada,3.9166832569929637,0.01775197712418608,0.011659145131631798,0.9820386084044351,4.035367957333303,3.89,-1.0748309516714016
2015-02-01,infl_3m_sa_anualizada,Inflación de tres meses desestacionalizada anualizada,3.997544579181307,0.01758569942438736,0.011659145131631854,0.982206847629779,4.117974091369112,4.07,-0.5191169251801853
2015-03-01,infl_3m_sa_anualizada,Inflación de tres meses desestacionalizada anualizada,3.980546599990914,0.017439441633698777,0.011659145131631847,0.9823548307774634,4.0998463342732885,4.11,0.09426203046913884
2015-04-01,infl_3m_sa_anualizada,Inflación de tres meses desestacionalizada anualizada,3.7698555989264513,0.01731232195051382,0.01165914513163191,0.9824834500514303,3.8823324661721017,3.82,3.272045457938333
2015-05-01,infl_3m_sa_anualizada,Inflación de tres meses desestacionalizada anualizada,3.557902252739868,0.01718517961907507,0.011659145131631798,0.9826120922408252,3.663575617602774,3.57,3.368632768927071
2015-06-01,infl_3m_sa_anualizada,Inflación de tres meses desestacionalizada anualizada,3.5345729077336965,0.017175509759671515,0.011659145131631823,0.9826218761725083,3.639517128093253,3.67,3.4929924538385393
2015-07-01,infl_3m_sa_anualizada,Inflación de tres meses desestacionalizada anualizada,3.4347779751310172,0.017116812425432452,0.011659145131631798,0.9826812659406737,3.536545457103249,3.56,3.224077884657106
2015-08-01,infl_3m_sa_anualizada,Inflación de tres meses desestacionalizada anualizada,3.286813739975928,0.01702609018754202,0.01165914513163177,0.9827730584001715,3.3838811675594926,3.31,2.5771563401761455
2015-09-01,infl_3m_sa_anualizada,Inflación de tres meses desestacionalizada anualizada,3.294592503183765,0.01703094065559126,0.011659145131631805,0.9827681507126815,3.391906594358148,3.4,2.399000914349969
2015-10-01,infl_3m_sa_anualizada,Inflación de tres meses desestacionalizada anualizada,3.253605775485581,0.017011870461776386,0.011659145131631798,0.982787445871554,3.3496434552226266,3.28,3.3990191294286376
2015-11-01,infl_3m_sa_anualizada,Inflación de tres meses desestacionalizada anualizada,3.3276140150093734,0.01704530870284994,0.01165914513163177,0.982753613170104,3.4259541579760477,3.37,4.50072267180559
2015-12-01,infl_3m_sa_anualizada,Inflación de tres meses desestacionalizada anualizada,3.5160534605913143,0.017152778675971658,0.011659145131631798,0.9826448754076283,3.620363085980443,3.65,6.0944161135306985
2016-01-01,infl_3m_sa_anualizada,Inflación de tres meses desestacionalizada anualizada,3.6673612962207796,0.017228439953559462,0.01165914513163177,0.9825683215778285,3.776453930457166,3.8,7.243444038478586
2016-02-01,infl_3m_sa_anualizada,Inflación de tres meses desestacionalizada anualizada,3.8503957242929374,0.017340903564901127,0.011659145131631854,0.9824545312687588,3.965392293917399,4.09,6.282052414989181
2016-03-01,infl_3m_sa_anualizada,Inflación de tres meses desestacionalizada anualizada,3.885179449566158,0.017248976210215847,0.011659145131631812,0.9825475430614339,4.0008361051630565,3.99,4.70751853559328
2016-04-01,infl_3m_sa_anualizada,Inflación de tres meses desestacionalizada anualizada,4.02892947495786,0.017287339606376528,0.01165914513163177,0.9825087271043966,4.149029287918132,4.19,2.1574039638188935
2016-05-01,infl_3m_sa_anualizada,Inflación de tres meses desestacionalizada anualizada,4.102118899923947,0.017262480143320873,0.011659145131631798,0.982533879826692,4.224292298842951,4.16,3.697554785514612
2016-06-01,infl_3m_sa_anualizada,Inflación de tres meses desestacionalizada anualizada,4.235323777361126,0.017262264860893765,0.011659145131631743,0.982534097648738,4.361463449964978,4.39,4.148178491793075
2016-07-01,infl_3m_sa_anualizada,Inflación de tres meses desestacionalizada anualizada,4.278448642312155,0.017198653428880238,0.011659145131631785,0.9825984594847383,4.405584100835459,4.41,5.260566806300915
2016-08-01,infl_3m_sa_anualizada,Inflación de tres meses desestacionalizada anualizada,4.302375984908521,0.01711988467602602,0.011659145131631792,0.9826781574477096,4.429863148503137,4.45,4.045870068272706
2016-09-01,infl_3m_sa_anualizada,Inflación de tres meses desestacionalizada anualizada,4.31322743762831,0.017028023391870553,0.01165914513163179,0.9827711023904416,4.440616141219663,4.42,2.8813175143479697
2016-10-01,infl_3m_sa_anualizada,Inflación de tres meses desestacionalizada anualizada,4.353868304745269,0.016959102124090984,0.011659145131631812,0.9828408367006647,4.482139274744493,4.43,3.939052392632192
2016-11-01,infl_3m_sa_anualizada,Inflación de tres meses desestacionalizada anualizada,4.446129318452922,0.016918490224634222,0.011659145131631798,0.9828819276858817,4.57692707135019,4.6,4.237231512072626
2016-12-01,infl_3m_sa_anualizada,Inflación de tres meses desestacionalizada anualizada,4.462707801767761,0.016821135987030177,0.01165914513163183,0.9829804303807005,4.593532910383303,4.66,4.844168844124752
2017-01-01,infl_3m_sa_anualizada,Inflación de tres meses desestacionalizada anualizada,4.325306031170294,0.01659959734719895,0.011659145131631854,0.9832045824419453,4.451088185968134,4.4,3.667917016037947
2017-02-01,infl_3m_sa_anualizada,Inflación de tres meses desestacionalizada anualizada,4.3156425242058045,0.016495835604034316,0.011659145131631857,0.9833095682296455,4.440669488096626,4.46,3.545060533507538
2017-03-01,infl_3m_sa_anualizada,Inflación de tres meses desestacionalizada anualizada,4.2367334392831895,0.016343731108599435,0.011659145131631826,0.9834634670538069,4.358792156601389,4.28,3.808381584650178
2017-04-01,infl_3m_sa_anualizada,Inflación de tres meses desestacionalizada anualizada,4.2996531041764,0.01628732569175436,0.011659145131631812,0.9835205378675522,4.423267829518049,4.51,3.1619030109251156
2017-05-01,infl_3m_sa_anualizada,Inflación de tres meses desestacionalizada anualizada,4.153215590633156,0.016079163482247676,0.011659145131631743,0.9837311557009457,4.271705475417896,4.17,3.6021418255806736
2017-06-01,infl_3m_sa_anualizada,Inflación de tres meses desestacionalizada anualizada,4.191079988323424,0.015981918296931543,0.011659145131631764,0.9838295480570212,4.310219025806749,4.26,5.555499874788694
2017-07-01,infl_3m_sa_anualizada,Inflación de tres meses desestacionalizada anualizada,4.30822175750976,0.015939026907194988,0.011659145131631743,0.9838729454229453,4.4304953298399,4.48,9.582660813111232
2017-08-01,infl_3m_sa_anualizada,Inflación de tres meses desestacionalizada anualizada,4.3539712660080765,0.015820644704410337,0.011659145131631743,0.9839927241432134,4.47699823664748,4.51,7.051435975958853
2017-09-01,infl_3m_sa_anualizada,Inflación de tres meses desestacionalizada anualizada,4.501419968952187,0.015887753763352847,0.011659145131631743,0.983924823419883,4.628932710314919,4.75,2.862288305016847
2017-10-01,infl_3m_sa_anualizada,Inflación de tres meses desestacionalizada anualizada,4.470253467234289,0.01571513644698869,0.011659145131631736,0.984099477048248,4.596067513503278,4.53,0.05687631725770359
2017-11-01,infl_3m_sa_anualizada,Inflación de tres meses desestacionalizada anualizada,4.525486110750545,0.015589588962627826,0.011659145131631743,0.9842265055766575,4.652254146939413,4.63,4.141181299902286
2017-12-01,infl_3m_sa_anualizada,Inflación de tres meses desestacionalizada anualizada,4.472631093412293,0.015462871366322581,0.01165914513163177,0.9843547180204526,4.59731967344175,4.56,9.860249907054097
2018-01-01,infl_3m_sa_anualizada,Inflación de tres meses desestacionalizada anualizada,4.484970560218755,0.015387540966396175,0.011659145131631757,0.9844309370693316,4.609646214402667,4.71,5.623978967442866
2018-02-01,infl_3m_sa_anualizada,Inflación de tres meses desestacionalizada anualizada,4.454470149697105,0.015231810581596431,0.011659145131631778,0.9845885045563303,4.577565254222823,4.56,1.4739965306869607
2018-03-01,infl_3m_sa_anualizada,Inflación de tres meses desestacionalizada anualizada,4.498525379184113,0.015155887753796993,0.011659145131631798,0.9846653230217671,4.622477258893489,4.62,-2.047825446160445
2018-04-01,infl_3m_sa_anualizada,Inflación de tres meses desestacionalizada anualizada,4.444793223354341,0.01505253029510744,0.011659145131631785,0.9847698997557759,4.566779556616139,4.46,0.11829934063349867
2018-05-01,infl_3m_sa_anualizada,Inflación de tres meses desestacionalizada anualizada,4.407724822507345,0.014942677739546578,0.01165914513163175,0.9848810482072637,4.52818273762189,4.48,3.3543729879330186
2018-06-01,infl_3m_sa_anualizada,Inflación de tres meses desestacionalizada anualizada,4.331286190406566,0.014831938701589045,0.011659145131631743,0.9849930935987014,4.449148968723508,4.43,4.206091702409509
2018-07-01,infl_3m_sa_anualizada,Inflación de tres meses desestacionalizada anualizada,4.261805783939875,0.014725642186641064,0.011659145131631743,0.9851006440600877,4.377299911123154,4.36,4.488493801519766
2018-08-01,infl_3m_sa_anualizada,Inflación de tres meses desestacionalizada anualizada,4.225070364112301,0.014645560280477506,0.011659145131631736,0.9851816706672233,4.339212059046182,4.33,4.268874073662232
2018-09-01,infl_3m_sa_anualizada,Inflación de tres meses desestacionalizada anualizada,4.2130975687123735,0.014586633573892142,0.011659145131631753,0.9852412925135683,4.326653971380605,4.32,5.7874256761206055
2018-10-01,infl_3m_sa_anualizada,Inflación de tres meses desestacionalizada anualizada,4.2135694714680065,0.014537818412736624,0.011659145131631753,0.9852906835317732,4.326921681004622,4.32,6.753823682258897
2018-11-01,infl_3m_sa_anualizada,Inflación de tres meses desestacionalizada anualizada,4.273760419314288,0.01455478692295208,0.011659145131631743,0.9852735148493983,4.3888083430187725,4.47,3.301791882531191
2018-12-01,infl_3m_sa_anualizada,Inflación de tres meses desestacionalizada anualizada,4.2327552625197296,0.01444166860031656,0.011659145131631743,0.9853879675931843,4.346194474953308,4.38,1.2005980125412208
2019-01-01,infl_3m_sa_anualizada,Inflación de tres meses desestacionalizada anualizada,4.090823382766431,0.01426512305518489,0.011659145131631715,0.9855665957903917,4.1996974661832605,4.07,4.730807468747145
2019-02-01,infl_3m_sa_anualizada,Inflación de tres meses desestacionalizada anualizada,4.138252040503895,0.014131849505624709,0.011659145131631729,0.9857014415259533,4.247807213569156,4.25,6.5226608438401
2019-03-01,infl_3m_sa_anualizada,Inflación de tres meses desestacionalizada anualizada,4.191126043809953,0.014003479166649329,0.011659145131631729,0.9858313262093021,4.3015141862863455,4.35,5.151455918976566
2019-04-01,infl_3m_sa_anualizada,Inflación de tres meses desestacionalizada anualizada,4.2057466944847395,0.01382761752006386,0.011659145131631719,0.9860092624402282,4.31574095999842,4.3,2.6008573176689254
2019-05-01,infl_3m_sa_anualizada,Inflación de tres meses desestacionalizada anualizada,4.279284030207726,0.013709523977952399,0.011659145131631729,0.986128749094584,4.390669471191947,4.39,3.654986383525838
2019-06-01,infl_3m_sa_anualizada,Inflación de tres meses desestacionalizada anualizada,4.299799698014904,0.013565182827371378,0.011659145131631712,0.9862747929921626,4.41106587017291,4.36,6.613954803770383
2019-07-01,infl_3m_sa_anualizada,Inflación de tres meses desestacionalizada anualizada,4.406604417573794,0.013480870701309985,0.011659145131631687,0.9863600997217651,4.5202434084304866,4.6,3.0220016747527723
2019-08-01,infl_3m_sa_anualizada,Inflación de tres meses desestacionalizada anualizada,4.399815001682852,0.013253558271606217,0.011659145131631675,0.9865900936844593,4.512226768863704,4.53,-1.6056938841824575
2019-09-01,infl_3m_sa_anualizada,Inflación de tres meses desestacionalizada anualizada,4.315380027557705,0.012981584564192333,0.011659145131631674,0.9868652757798612,4.424400483948759,4.34,-5.812876825024915
2019-10-01,infl_3m_sa_anualizada,Inflación de tres meses desestacionalizada anualizada,4.246583447599264,0.012704831441860296,0.01165914513163166,0.9871452936714304,4.35263084350344,4.22,-1.7679149861137944
2019-11-01,infl_3m_sa_anualizada,Inflación de tres meses desestacionalizada anualizada,4.1848759227994,0.012420235010943083,0.01165914513163166,0.9874332473966209,4.288131470580855,4.25,2.9437750483193525
2019-12-01,infl_3m_sa_anualizada,Inflación de tres meses desestacionalizada anualizada,4.042587786272608,0.012162753714554332,0.011659145131631687,0.9876937661185986,4.141239986324614,4.1,7.442759287251377
2020-01-01,infl_3m_sa_anualizada,Inflación de tres meses desestacionalizada anualizada,3.9597422433063745,0.011938578396570781,0.011659145131631701,0.9879205859620558,4.055441428931109,4.11,3.219837377628565
2020-02-01,infl_3m_sa_anualizada,Inflación de tres meses desestacionalizada anualizada,3.8479677687982212,0.011673421734949143,0.01165914513163166,0.9881888705931277,3.939895647439453,3.85,-0.0797728779915019
2020-03-01,infl_3m_sa_anualizada,Inflación de tres meses desestacionalizada anualizada,3.913760976808847,0.011517087320668853,0.011659145131631687,0.988347049235152,4.006619317458134,3.99,-1.2321140092417693
2020-04-01,infl_3m_sa_anualizada,Inflación de tres meses desestacionalizada anualizada,3.9109080952673647,0.011361795201952298,0.011659145131631682,0.9885041732859808,4.003062354890925,3.97,2.973287542541314
2020-05-01,infl_3m_sa_anualizada,Inflación de tres meses desestacionalizada anualizada,3.8515325114680357,0.01121975850767426,0.011659145131631687,0.9886478855423126,3.9417146204427898,3.96,5.889531570097617
2020-06-01,infl_3m_sa_anualizada,Inflación de tres meses desestacionalizada anualizada,3.7308475765874123,0.011043025490014213,0.011659145131631687,0.9888267034236028,3.8175134175428935,3.77,9.045989129203491
2020-07-01,infl_3m_sa_anualizada,Inflación de tres meses desestacionalizada anualizada,3.7634429396663416,0.01103811769538825,0.011659145131631653,0.988831669113933,3.850846617449125,3.9,6.925640767788721
2020-08-01,infl_3m_sa_anualizada,Inflación de tres meses desestacionalizada anualizada,3.8114578157368033,0.011059758801574943,0.011659145131631653,0.9888097727144468,3.900062971724877,3.92,7.655153350175681
2020-09-01,infl_3m_sa_anualizada,Inflación de tres meses desestacionalizada anualizada,3.8882422970396053,0.011119323868641812,0.011659145131631646,0.9887495049770832,3.9788749773675356,3.99,4.128197391660393
2020-10-01,infl_3m_sa_anualizada,Inflación de tres meses desestacionalizada anualizada,4.026857645409442,0.011268979448315264,0.01165914513163166,0.9885980839577697,4.121352529647069,4.15,7.707703495288598
2020-11-01,infl_3m_sa_anualizada,Inflación de tres meses desestacionalizada anualizada,4.101439332785607,0.011368321054824927,0.011659145131631646,0.9884975704496816,4.198111196407874,4.27,7.81082088761238
2020-12-01,infl_3m_sa_anualizada,Inflación de tres meses desestacionalizada anualizada,4.106776110413432,0.011366076937511476,0.011659145131631651,0.9884998410401387,4.203564107469804,4.26,6.901791806414792
2021-01-01,infl_3m_sa_anualizada,Inflación de tres meses desestacionalizada anualizada,4.080925570043304,0.011317467364372084,0.011659145131631642,0.9885490240450706,4.176896502415212,4.12,2.8159481427504574
2021-02-01,infl_3m_sa_anualizada,Inflación de tres meses desestacionalizada anualizada,4.243770199217122,0.011516738348331836,0.011659145131631632,0.9883474023242056,4.344456824362275,4.39,1.9429505842715855
2021-03-01,infl_3m_sa_anualizada,Inflación de tres meses desestacionalizada anualizada,4.26672007305565,0.011641029250111786,0.011659145131631628,0.9882216452018852,4.368507049087258,4.34,2.6335267649322702
2021-04-01,infl_3m_sa_anualizada,Inflación de tres meses desestacionalizada anualizada,4.290779651680153,0.011765730534587992,0.011659145131631625,0.9880954728557133,4.393701564544072,4.39,2.843527077436292
2021-05-01,infl_3m_sa_anualizada,Inflación de tres meses desestacionalizada anualizada,4.277326904993427,0.011871628628445338,0.011659145131631622,0.9879883255154656,4.380401133033216,4.41,2.7666296566270177
2021-06-01,infl_3m_sa_anualizada,Inflación de tres meses desestacionalizada anualizada,4.162336544183594,0.011922572109941892,0.011659145131631632,0.9879367810697962,4.262862154142385,4.23,1.6677667739386948
2021-07-01,infl_3m_sa_anualizada,Inflación de tres meses desestacionalizada anualizada,4.082953405141759,0.01199226592265191,0.011659145131631618,0.9878662651011739,4.18186030211876,4.12,1.6097805162132772
2021-08-01,infl_3m_sa_anualizada,Inflación de tres meses desestacionalizada anualizada,4.072220240120587,0.012083751656612709,0.011659145131631604,0.9877737001388837,4.1712579880069764,4.14,1.685140418584652
2021-09-01,infl_3m_sa_anualizada,Inflación de tres meses desestacionalizada anualizada,4.060866147364919,0.012175047139309223,0.0116591451316316,0.9876813276721919,4.160016787324349,4.2,3.217971094651517
2021-10-01,infl_3m_sa_anualizada,Inflación de tres meses desestacionalizada anualizada,3.899864462889065,0.012218344344337882,0.011659145131631576,0.9876375197037006,3.9952612718616907,3.89,4.383736758299861
2021-11-01,infl_3m_sa_anualizada,Inflación de tres meses desestacionalizada anualizada,3.947653575504945,0.012389524697026817,0.011659145131631583,0.9874643199904177,4.044928731038135,4.08,4.985734614147219
2021-12-01,infl_3m_sa_anualizada,Inflación de tres meses desestacionalizada anualizada,3.9259247089264546,0.012502700583777697,0.011659145131631573,0.9873498090034507,4.023130978932301,4.02,4.567528527362441
2022-01-01,infl_3m_sa_anualizada,Inflación de tres meses desestacionalizada anualizada,3.93786824033883,0.012647830308587144,0.011659145131631571,0.9872029672290825,4.035970475565858,4.09,2.4745931058536286
2022-02-01,infl_3m_sa_anualizada,Inflación de tres meses desestacionalizada anualizada,3.848783588289138,0.012705129880461243,0.011659145131631549,0.9871449917122435,3.9448981722526026,3.92,2.307475354376365
2022-03-01,infl_3m_sa_anualizada,Inflación de tres meses desestacionalizada anualizada,3.77652435997242,0.012770354276506296,0.011659145131631563,0.987078997884584,3.87109322973713,3.8,6.8926163374030125
2022-04-01,infl_3m_sa_anualizada,Inflación de tres meses desestacionalizada anualizada,3.814233702712,0.01288387626463595,0.011659145131631556,0.9869641367133893,3.9102018708930535,3.94,9.597710414601934
2022-05-01,infl_3m_sa_anualizada,Inflación de tres meses desestacionalizada anualizada,3.867561371645191,0.01301788808583943,0.011659145131631556,0.986828543997027,3.965416075870542,4.01,13.639406802169418
2022-06-01,infl_3m_sa_anualizada,Inflación de tres meses desestacionalizada anualizada,3.9813883595869597,0.013262419163525557,0.011659145131631549,0.9865811282633946,4.08314676419747,4.16,14.450334952165989
2022-07-01,infl_3m_sa_anualizada,Inflación de tres meses desestacionalizada anualizada,4.1995203087768775,0.013777732542558329,0.011659145131631521,0.986059735895069,4.309131150740299,4.51,15.646605889700993
2022-08-01,infl_3m_sa_anualizada,Inflación de tres meses desestacionalizada anualizada,4.283881367032349,0.013925120869742428,0.01165914513163148,0.9859106088743068,4.396358984735348,4.55,13.078177654744394
2022-09-01,infl_3m_sa_anualizada,Inflación de tres meses desestacionalizada anualizada,4.377485249944019,0.014100035296973554,0.011659145131631465,0.9857336310367829,4.493227097454035,4.61,8.685202234365619
2022-10-01,infl_3m_sa_anualizada,Inflación de tres meses desestacionalizada anualizada,4.48159157358047,0.014301092837071809,0.011659145131631465,0.9855302016843405,4.601035551397206,4.67,9.328574385792976
2022-11-01,infl_3m_sa_anualizada,Inflación de tres meses desestacionalizada anualizada,4.563464259197681,0.014465395896354078,0.011659145131631451,0.9853639603937241,4.685880742918298,4.8,6.058370353591869
2022-12-01,infl_3m_sa_anualizada,Inflación de tres meses desestacionalizada anualizada,4.545046187523254,0.014451626800080471,0.011659145131631422,0.9853778919196807,4.666902617393526,4.71,5.309114503975465
2023-01-01,infl_3m_sa_anualizada,Inflación de tres meses desestacionalizada anualizada,4.4810273612088665,0.014385274423570104,0.01165914513163141,0.9854450270342351,4.600853931308052,4.62,2.424065127649655
2023-02-01,infl_3m_sa_anualizada,Inflación de tres meses desestacionalizada anualizada,4.40066072392743,0.014302402371048987,0.011659145131631424,0.9855288767022042,4.517953796017658,4.49,5.066642523460629
2023-03-01,infl_3m_sa_anualizada,Inflación de tres meses desestacionalizada anualizada,4.318583637330072,0.014218741141709105,0.011659145131631438,0.9856135248566621,4.433308284942472,4.43,4.971539512034795
2023-04-01,infl_3m_sa_anualizada,Inflación de tres meses desestacionalizada anualizada,4.264106344062133,0.014161696104327187,0.011659145131631445,0.9856712428363459,4.377127457204157,4.39,4.553129577714898
2023-05-01,infl_3m_sa_anualizada,Inflación de tres meses desestacionalizada anualizada,4.201464264358223,0.01409692505187155,0.011659145131631438,0.9857367779724647,4.312538303574123,4.3,1.1197146763016974
2023-06-01,infl_3m_sa_anualizada,Inflación de tres meses desestacionalizada anualizada,4.174630051913696,0.014063185893997172,0.011659145131631434,0.985770915140536,4.284846286488694,4.24,0.28068207541451784
2023-07-01,infl_3m_sa_anualizada,Inflación de tres meses desestacionalizada anualizada,4.148883137753856,0.01402967846272827,0.011659145131631438,0.9858048178483962,4.258273165930028,4.21,1.4324226385841854
2023-08-01,infl_3m_sa_anualizada,Inflación de tres meses desestacionalizada anualizada,4.106662455744614,0.013995290940728692,0.011659145131631424,0.9858396110291396,4.2147905299537,4.17,5.259326884505455
2023-09-01,infl_3m_sa_anualizada,Inflación de tres meses desestacionalizada anualizada,4.076768323655175,0.013964264140359808,0.01165914513163143,0.9858710038428801,4.183976054483415,4.15,7.760673112998262
2023-10-01,infl_3m_sa_anualizada,Inflación de tres meses desestacionalizada anualizada,4.1507463173440895,0.014037217147814134,0.011659145131631424,0.9857971902318218,4.260218433603538,4.32,11.041418549233839
2023-11-01,infl_3m_sa_anualizada,Inflación de tres meses desestacionalizada anualizada,4.199346418860592,0.014072683666369585,0.01165914513163143,0.9857613053259405,4.310257219713611,4.43,5.3964399254073925
2023-12-01,infl_3m_sa_anualizada,Inflación de tres meses desestacionalizada anualizada,4.19497047376197,0.01399681709953989,0.01165914513163143,0.9858380668667147,4.3054304343752365,4.32,3.3551006657422278
2024-01-01,infl_3m_sa_anualizada,Inflación de tres meses desestacionalizada anualizada,4.1951754690752345,0.01392565577309158,0.01165914513163143,0.9859100676608716,4.305326387530041,4.29,-2.0563643061898063
2024-02-01,infl_3m_sa_anualizada,Inflación de tres meses desestacionalizada anualizada,4.200198557049347,0.013857571255588046,0.01165914513163143,0.9859789553499398,4.310180202863627,4.28,1.2129587930587604
2024-03-01,infl_3m_sa_anualizada,Inflación de tres meses desestacionalizada anualizada,4.08124641014187,0.013838010540194142,0.011659145131631438,0.9859987468169196,4.188029243727344,4.14,1.3129660073563088
2024-04-01,infl_3m_sa_anualizada,Inflación de tres meses desestacionalizada anualizada,3.9791685478648766,0.013822345576275392,0.011659145131631424,0.9860145965754736,4.083214951715399,4.02,2.7915753316356984
2024-05-01,infl_3m_sa_anualizada,Inflación de tres meses desestacionalizada anualizada,3.931517497227662,0.013820282093457427,0.01165914513163141,0.9860166844005471,4.034309389726697,3.99,2.892304984532501
2024-06-01,infl_3m_sa_anualizada,Inflación de tres meses desestacionalizada anualizada,3.9412329739851533,0.013848699507361428,0.011659145131631405,0.9859879317553802,4.044396819721034,4.02,1.791284081049227
2024-07-01,infl_3m_sa_anualizada,Inflación de tres meses desestacionalizada anualizada,3.96755712384876,0.01388626013452715,0.01165914513163141,0.9859499280373505,4.071566951698188,4.07,3.070684615323316
2024-08-01,infl_3m_sa_anualizada,Inflación de tres meses desestacionalizada anualizada,3.9285774774739846,0.013901555760586872,0.011659145131631403,0.9859344519736176,4.0316287336431085,4.02,2.60200272506097
2024-09-01,infl_3m_sa_anualizada,Inflación de tres meses desestacionalizada anualizada,3.8868696312243434,0.013915256862045925,0.01165914513163141,0.9859205892445889,3.98888292669742,3.97,1.8854908751041677
2024-10-01,infl_3m_sa_anualizada,Inflación de tres meses desestacionalizada anualizada,3.845048894462551,0.01392890205408116,0.011659145131631417,0.9859067830845298,3.9460198362277032,3.96,0.8240163827824887
2024-11-01,infl_3m_sa_anualizada,Inflación de tres meses desestacionalizada anualizada,3.713030141410757,0.01391017735433388,0.011659145131631438,0.9859257286736502,3.810461048787412,3.66,-0.12307460488720778
2024-12-01,infl_3m_sa_anualizada,Inflación de tres meses desestacionalizada anualizada,3.816416943058227,0.013928373563074694,0.011659145131631424,0.9859073178099779,3.91663388583228,3.95,1.7643364295611974
2025-01-01,infl_3m_sa_anualizada,Inflación de tres meses desestacionalizada anualizada,3.722768777207006,0.013951185408145396,0.01165914513163141,0.9858842368607706,3.820616016248701,3.76,1.9630296224288912
2025-02-01,infl_3m_sa_anualizada,Inflación de tres meses desestacionalizada anualizada,3.7002490156591956,0.01399788330081972,0.011659145131631413,0.9858369880877949,3.797686362643061,3.79,1.7388538446535762
2025-03-01,infl_3m_sa_anualizada,Inflación de tres meses desestacionalizada anualizada,3.638515039140346,0.01402992941970972,0.011659145131631403,0.9858045639309545,3.734449593146923,3.71,0.7935982532945474
2025-04-01,infl_3m_sa_anualizada,Inflación de tres meses desestacionalizada anualizada,3.5706103637389712,0.014059933249307125,0.011659145131631396,0.9857742061556489,3.6648673750126664,3.62,-0.013274371513460892
2025-05-01,infl_3m_sa_anualizada,Inflación de tres meses desestacionalizada anualizada,3.5133923559031435,0.014091551299296578,0.011659145131631417,0.9857422151175028,3.606255958338545,3.55,2.501030108568969
2025-06-01,infl_3m_sa_anualizada,Inflación de tres meses desestacionalizada anualizada,3.467685690565926,0.014123140264908716,0.011659145131631403,0.9857102535068333,3.5594566169199595,3.53,2.623139740503788
2025-07-01,infl_3m_sa_anualizada,Inflación de tres meses desestacionalizada anualizada,3.4526071054823344,0.014169309264047483,0.011659145131631412,0.9856635398665832,3.5441469431757335,3.54,1.8565594321454881
2025-08-01,infl_3m_sa_anualizada,Inflación de tres meses desestacionalizada anualizada,3.4182386596507808,0.014205847286184141,0.011659145131631406,0.9856265708169313,3.5089988893170903,3.49,0.527073669834266
2025-09-01,infl_3m_sa_anualizada,Inflación de tres meses desestacionalizada anualizada,3.3751188298769725,0.014239292838853964,0.011659145131631406,0.9855927307176324,3.4648531133088447,3.42,0.6592706805129467
2025-10-01,infl_3m_sa_anualizada,Inflación de tres meses desestacionalizada anualizada,3.3390495214256726,0.014273445705725345,0.011659145131631406,0.9855581749601696,3.4279450169635437,3.37,1.1918840366309524
2025-11-01,infl_3m_sa_anualizada,Inflación de tres meses desestacionalizada anualizada,3.341980689440614,0.014312492454680914,0.011659145131631403,0.9855186675890403,3.431091761187559,3.3,2.126173125965636
2025-12-01,infl_3m_sa_anualizada,Inflación de tres meses desestacionalizada anualizada,3.55408489453064,0.014398991751023901,0.011659145131631382,0.9854311478877986,3.649175612140648,3.72,2.462246470454943
2026-01-01,infl_3m_sa_anualizada,Inflación de tres meses desestacionalizada anualizada,3.560218964257414,0.01440213776526567,0.01165914513163137,0.9854279647610198,3.6554856088347933,3.64,0.7969181271668901
2026-02-01,infl_3m_sa_anualizada,Inflación de tres meses desestacionalizada anualizada,3.564337682974786,0.014404339279323065,0.011659145131631372,0.9854257372763959,3.659722811418609,3.62,0.9906002181722329
2026-03-01,infl_3m_sa_anualizada,Inflación de tres meses desestacionalizada anualizada,3.564746606794453,0.014405978084937432,0.011659145131631368,0.985424079138309,3.6601488372277755,3.61,4.126584356253815
2026-04-01,infl_3m_sa_anualizada,Inflación de tres meses desestacionalizada anualizada,3.5890301052978026,0.01441211835566927,0.011659145131631368,0.9854178664327412,3.6851054607433325,3.71,8.892459450503054
2026-05-01,infl_3m_sa_anualizada,Inflación de tres meses desestacionalizada anualizada,3.5720291198236085,0.01438583232505963,0.011659145131631366,0.9854444625513578,3.667550386973615,3.74,7.606955487500144
2026-06-01,infl_3m_sa_anualizada,Inflación de tres meses desestacionalizada anualizada,3.5618565213675955,0.01437110368655517,0.011659145131631366,0.9854593649389621,3.6570504546426044,3.71,1.7480426540753768
2010-02-01,infl_subyacente,Inflación subyacente interanual,3.329333971374824,0.19516606299265066,0.32855661383048895,0.7093335536357797,6.990326453435852,4.25,1.97
2010-03-01,infl_subyacente,Inflación subyacente interanual,3.4622854839271997,0.1951660631980007,0.3285566138304894,0.7093335533299457,7.2694737224226555,6.26,2.39
2010-04-01,infl_subyacente,Inflación subyacente interanual,3.3793934487598687,0.19516606298770472,0.3285566138304761,0.7093335536431513,7.095432186826545,5.81,2.66
2010-05-01,infl_subyacente,Inflación subyacente interanual,3.316157909872831,0.19516606282330454,0.3285566138304761,0.7093335538879972,6.96266176725408,5.7,2.57
2010-06-01,infl_subyacente,Inflación subyacente interanual,3.2623072440025798,0.19516606268332212,0.3285566138304734,0.7093335540964782,6.849595987739848,5.45,2.42
2010-07-01,infl_subyacente,Inflación subyacente interanual,3.248076765233066,0.1951660626428697,0.3285566138304731,0.7093335541567254,6.819717430975425,5.11,2.42
2010-08-01,infl_subyacente,Inflación subyacente interanual,3.318966057955857,0.1951660628037848,0.32855661383047297,0.70933355391707,6.968557802629543,5.57,2.6
2010-09-01,infl_subyacente,Inflación subyacente interanual,3.3686699223033845,0.19516606291458188,0.3285566138304734,0.7093335537520564,7.072916886492582,5.68,2.54
2010-10-01,infl_subyacente,Inflación subyacente interanual,3.423926998452284,0.19516606303949352,0.32855661383047363,0.7093335535660219,7.188935588935202,5.89,2.81
2010-11-01,infl_subyacente,Inflación subyacente interanual,3.4570770326843405,0.19516606310951243,0.32855661383047385,0.7093335534617407,7.258537967907258,6.22,2.76
2010-12-01,infl_subyacente,Inflación subyacente interanual,3.4309405327165625,0.1951660630166734,0.32855661383047363,0.7093335536000085,7.20366132488626,6.2,3.06
2011-01-01,infl_subyacente,Inflación subyacente interanual,3.365157892038554,0.19516606281686447,0.32855661383047363,0.7093335538975898,7.065542966333516,5.85,3.44
2011-02-01,infl_subyacente,Inflación subyacente interanual,3.3310908593097324,0.19516606271192835,0.32855661383047374,0.7093335540538741,6.994015241219633,5.81,3.78
2011-03-01,infl_subyacente,Inflación subyacente interanual,3.3213317465555643,0.1951660626887369,0.32855661383047374,0.7093335540884138,6.973524841120281,6.13,3.84
2011-04-01,infl_subyacente,Inflación subyacente interanual,3.27718049151344,0.19516606253845895,0.32855661383047363,0.7093335543122271,6.880824110055679,6.19,4.15
2011-05-01,infl_subyacente,Inflación subyacente interanual,3.20133215147552,0.1951660622691943,0.3285566138304735,0.7093335547132508,6.721571636581725,5.74,4.56
2011-06-01,infl_subyacente,Inflación subyacente interanual,3.1902316160347453,0.19516606226260602,0.3285566138304734,0.7093335547230629,6.698264762775513,6.16,4.7
2011-07-01,infl_subyacente,Inflación subyacente interanual,3.1379742305455323,0.195166062072552,0.3285566138304733,0.709333555006116,6.588544261466057,5.88,5.18
2011-08-01,infl_subyacente,Inflación subyacente interanual,3.1279917415644816,0.19516606207673348,0.3285566138304734,0.7093335549998883,6.5675848572523154,5.95,5.4
2011-09-01,infl_subyacente,Inflación subyacente interanual,3.1436643009229113,0.19516606221082744,0.3285566138304734,0.7093335548001782,6.600491232279446,6.43,5.38
2011-10-01,infl_subyacente,Inflación subyacente interanual,3.1004283150886356,0.19516606203395015,0.32855661383047335,0.7093335550636067,6.509712215914928,6.51,5.27
2011-11-01,infl_subyacente,Inflación subyacente interanual,3.00477218999092,0.1951660615813782,0.3285566138304735,0.7093335557376351,6.30887097677648,6.06,5.46
2011-12-01,infl_subyacente,Inflación subyacente interanual,2.9329320849285256,0.19516606125150163,0.3285566138304734,0.7093335562289298,6.158034261726255,5.62,5.27
2012-01-01,infl_subyacente,Inflación subyacente interanual,2.939542401061232,0.1951660613403567,0.32855661383047347,0.7093335560965954,6.171913395447874,5.95,4.64
2012-02-01,infl_subyacente,Inflación subyacente interanual,2.917403000398736,0.19516606128109915,0.3285566138304734,0.7093335561848495,6.125429131194028,6.11,4.4
2012-03-01,infl_subyacente,Inflación subyacente interanual,2.824768183211348,0.1951660609020796,0.3285566138304736,0.7093335567493341,5.93093148330154,5.47,4.25
2012-04-01,infl_subyacente,Inflación subyacente interanual,2.7790390403493714,0.19516606072481585,0.3285566138304736,0.7093335570133381,5.834917792390226,5.54,4.11
2012-05-01,infl_subyacente,Inflación subyacente interanual,2.704802958261017,0.19516606042911502,0.32855661383047363,0.7093335574537338,5.679050444100365,5.28,3.98
2012-06-01,infl_subyacente,Inflación subyacente interanual,2.6405727318926235,0.1951660601736159,0.32855661383047363,0.7093335578342561,5.54419156186179,5.11,3.85
2012-07-01,infl_subyacente,Inflación subyacente interanual,2.585281417356425,0.19516605995289565,0.3285566138304736,0.7093335581629812,5.428100971954587,4.9,3.56
2012-08-01,infl_subyacente,Inflación subyacente interanual,2.5545265738797145,0.195166059824522,0.3285566138304736,0.7093335583541717,5.36352757642986,4.55,3.53
2012-09-01,infl_subyacente,Inflación subyacente interanual,2.589412820785831,0.19516605992458913,0.32855661383047363,0.7093335582051388,5.436775336758656,5.17,3.66
2012-10-01,infl_subyacente,Inflación subyacente interanual,2.540090705436242,0.19516605973406825,0.3285566138304735,0.7093335584888871,5.33321777974761,4.76,3.74
2012-11-01,infl_subyacente,Inflación subyacente interanual,2.5317428947420955,0.19516605969014952,0.3285566138304736,0.7093335585542965,5.315690573508168,4.82,3.73
2012-12-01,infl_subyacente,Inflación subyacente interanual,2.524582360495269,0.19516605965057165,0.3285566138304736,0.709333558613241,5.3006561932038485,4.93,3.73
2013-01-01,infl_subyacente,Inflación subyacente interanual,2.4975104843455695,0.19516605953839028,0.3285566138304736,0.7093335587803159,5.243815618961479,4.83,3.76
2013-02-01,infl_subyacente,Inflación subyacente interanual,2.473678578502282,0.19516605943802295,0.3285566138304735,0.709333558929796,5.193777741800405,4.61,3.89
2013-03-01,infl_subyacente,Inflación subyacente interanual,2.4889945088062393,0.19516605948154991,0.3285566138304735,0.70933355886497,5.2259353308179914,4.66,3.9
2013-04-01,infl_subyacente,Inflación subyacente interanual,2.5261387456093045,0.19516605960808442,0.32855661383047363,0.7093335586765184,5.303924005467897,4.93,3.8
2013-05-01,infl_subyacente,Inflación subyacente interanual,2.5395860604429386,0.1951660596442738,0.3285566138304736,0.7093335586226206,5.332158217505002,4.83,3.83
2013-06-01,infl_subyacente,Inflación subyacente interanual,2.5681042524605386,0.19516605973644804,0.32855661383047363,0.7093335584853429,5.3920355010252266,5.21,3.92
2013-07-01,infl_subyacente,Inflación subyacente interanual,2.531355755234239,0.19516605958425765,0.3285566138304735,0.7093335587120044,5.314877727611175,4.81,3.85
2013-08-01,infl_subyacente,Inflación subyacente interanual,2.536674817410501,0.19516605959327327,0.3285566138304736,0.7093335586985772,5.326045721398358,4.89,3.65
2013-09-01,infl_subyacente,Inflación subyacente interanual,2.5374135687405106,0.1951660595850503,0.3285566138304736,0.7093335587108238,5.327596816201697,4.91,3.52
2013-10-01,infl_subyacente,Inflación subyacente interanual,2.526777507269679,0.19516605953624044,0.3285566138304736,0.7093335587835177,5.305265159546834,4.71,3.48
2013-11-01,infl_subyacente,Inflación subyacente interanual,2.5409708316049526,0.19516605957286973,0.3285566138304736,0.7093335587289646,5.335065705860938,4.7,3.58
2013-12-01,infl_subyacente,Inflación subyacente interanual,2.5695237796534554,0.19516605965834963,0.3285566138304736,0.7093335586016569,5.395015963652338,5.19,3.56
2014-01-01,infl_subyacente,Inflación subyacente interanual,2.517933773007172,0.19516605946335314,0.3285566138304735,0.709333558892071,5.286696703411507,4.94,3.44
2014-02-01,infl_subyacente,Inflación subyacente interanual,2.46165993754457,0.1951660592520562,0.32855661383047347,0.7093335592067616,5.168543196202006,4.68,3.23
2014-03-01,infl_subyacente,Inflación subyacente interanual,2.4215394449584906,0.19516605909508045,0.3285566138304735,0.7093335594405501,5.084305523911669,4.54,3.17
2014-04-01,infl_subyacente,Inflación subyacente interanual,2.39194095813671,0.19516605897132844,0.3285566138304735,0.7093335596248576,5.022160034801169,4.66,3.14
2014-05-01,infl_subyacente,Inflación subyacente interanual,2.3288611470151817,0.19516605874382123,0.3285566138304735,0.7093335599636905,4.889716585088678,4.28,3.04
2014-06-01,infl_subyacente,Inflación subyacente interanual,2.306696252602083,0.19516605864190523,0.3285566138304736,0.7093335601154769,4.843178793700417,4.36,2.93
2014-07-01,infl_subyacente,Inflación subyacente interanual,2.273116608279593,0.19516605850606672,0.3285566138304735,0.7093335603177853,4.772674398403843,4.41,2.99
2014-08-01,infl_subyacente,Inflación subyacente interanual,2.211403716753081,0.19516605828964667,0.3285566138304735,0.7093335606401059,4.643100956740925,4.06,3.14
2014-09-01,infl_subyacente,Inflación subyacente interanual,2.1887226581630843,0.19516605818731414,0.3285566138304735,0.7093335607925126,4.595479418337602,4.13,3.2
2014-10-01,infl_subyacente,Inflación subyacente interanual,2.1672056318556674,0.19516605808855467,0.3285566138304735,0.7093335609395979,4.550301902019617,4.17,3.24
2014-11-01,infl_subyacente,Inflación subyacente interanual,2.1411622886061217,0.1951660579756359,0.3285566138304736,0.7093335611077711,4.495620853349676,4.16,3.15
2014-12-01,infl_subyacente,Inflación subyacente interanual,2.1116338945963165,0.1951660578516788,0.3285566138304735,0.709333561292384,4.433622532599536,4.21,3.19
2015-01-01,infl_subyacente,Inflación subyacente interanual,2.0573137915754924,0.19516605765137945,0.3285566138304736,0.7093335615906955,4.319571116215971,3.89,3.16
2015-02-01,infl_subyacente,Inflación subyacente interanual,2.039739872820026,0.1951660575656712,0.3285566138304736,0.7093335617183434,4.282672615971995,4.07,3.21
2015-03-01,infl_subyacente,Inflación subyacente interanual,1.9934149909660994,0.19516605739114778,0.3285566138304735,0.7093335619782661,4.185408102626012,4.11,3.12
2015-04-01,infl_subyacente,Inflación subyacente interanual,1.91464018044761,0.19516605711479645,0.3285566138304735,0.7093335623898441,4.020011165023551,3.82,3.15
2015-05-01,infl_subyacente,Inflación subyacente interanual,1.8473118189976006,0.19516605687335697,0.3285566138304735,0.7093335627494269,3.8786473874948255,3.57,3.2
2015-06-01,infl_subyacente,Inflación subyacente interanual,1.8112223483322258,0.19516605672811285,0.3285566138304735,0.7093335629657431,3.802873318485385,3.67,3.25
2015-07-01,infl_subyacente,Inflación subyacente interanual,1.7621213767246848,0.19516605654216584,0.3285566138304735,0.7093335632426794,3.6997800800289373,3.56,3.3
2015-08-01,infl_subyacente,Inflación subyacente interanual,1.7219808108081498,0.19516605638468695,0.3285566138304735,0.7093335634772173,3.615500262391373,3.31,3.24
2015-09-01,infl_subyacente,Inflación subyacente interanual,1.7297457978928878,0.19516605638175052,0.3285566138304735,0.7093335634815906,3.6318037616101613,3.4,3.15
2015-10-01,infl_subyacente,Inflación subyacente interanual,1.7480403141218461,0.19516605641216458,0.3285566138304736,0.7093335634362941,3.6702152399577375,3.28,3.14
2015-11-01,infl_subyacente,Inflación subyacente interanual,1.8087673136573998,0.1951660565732429,0.3285566138304736,0.7093335631963954,3.7977186845962243,3.37,3.15
2015-12-01,infl_subyacente,Inflación subyacente interanual,1.8969301557427964,0.19516605681853744,0.3285566138304736,0.7093335628310712,3.982826892742712,3.65,3.16
2016-01-01,infl_subyacente,Inflación subyacente interanual,1.9784999232189608,0.19516605704352968,0.3285566138304735,0.7093335624959838,4.154092169051276,3.8,3.15
2016-02-01,infl_subyacente,Inflación subyacente interanual,2.058892972976114,0.19516605726488687,0.3285566138304735,0.7093335621663102,4.322886788903501,4.09,3.2
2016-03-01,infl_subyacente,Inflación subyacente interanual,2.1036644138625045,0.1951660573765528,0.3285566138304736,0.7093335620000027,4.416889670549314,3.99,3.28
2016-04-01,infl_subyacente,Inflación subyacente interanual,2.1658397398139506,0.19516605754266203,0.3285566138304735,0.7093335617526115,4.547434046584149,4.19,3.23
2016-05-01,infl_subyacente,Inflación subyacente interanual,2.2125040607773325,0.1951660576590363,0.3285566138304735,0.7093335615792921,4.6454112516686825,4.16,3.31
2016-06-01,infl_subyacente,Inflación subyacente interanual,2.271807039735946,0.1951660578153178,0.3285566138304734,0.7093335613465376,4.769924799037247,4.39,3.23
2016-07-01,infl_subyacente,Inflación subyacente interanual,2.308738039350796,0.19516605789920896,0.3285566138304735,0.709333561221596,4.8474657564225705,4.41,3.21
2016-08-01,infl_subyacente,Inflación subyacente interanual,2.3396170035221977,0.19516605796399045,0.3285566138304735,0.709333561125115,4.912299756818454,4.45,3.09
2016-09-01,infl_subyacente,Inflación subyacente interanual,2.363074155920711,0.19516605800548237,0.3285566138304735,0.7093335610633199,4.9615507944287405,4.42,3
2016-10-01,infl_subyacente,Inflación subyacente interanual,2.3882748747957527,0.19516605805224108,0.3285566138304735,0.7093335609936808,5.014462654009912,4.43,3.04
2016-11-01,infl_subyacente,Inflación subyacente interanual,2.4126251184766514,0.19516605809650553,0.3285566138304736,0.7093335609277565,5.065588841354124,4.6,3.09
2016-12-01,infl_subyacente,Inflación subyacente interanual,2.4075633912705094,0.19516605805336315,0.3285566138304736,0.7093335609920097,5.054961152136364,4.66,3.09
2017-01-01,infl_subyacente,Inflación subyacente interanual,2.3732066921440063,0.19516605792172964,0.32855661383047363,0.7093335611880552,4.9828252393934624,4.4,3.21
2017-02-01,infl_subyacente,Inflación subyacente interanual,2.3616350000473085,0.19516605785892266,0.3285566138304736,0.7093335612815954,4.958529116689701,4.46,3.15
2017-03-01,infl_subyacente,Inflación subyacente interanual,2.3444950619380016,0.1951660577786425,0.32855661383047363,0.7093335614011591,4.922541809535514,4.28,3.13
2017-04-01,infl_subyacente,Inflación subyacente interanual,2.358054757685664,0.1951660577928971,0.3285566138304735,0.7093335613799292,4.951011978090562,4.51,3.07
2017-05-01,infl_subyacente,Inflación subyacente interanual,2.3429902073762663,0.19516605771956744,0.3285566138304735,0.7093335614891413,4.919382190627276,4.17,2.94
2017-06-01,infl_subyacente,Inflación subyacente interanual,2.3818276183354814,0.19516605780800514,0.3285566138304736,0.7093335613574284,5.000925881837357,4.26,2.97
2017-07-01,infl_subyacente,Inflación subyacente interanual,2.434610006634056,0.19516605793652145,0.32855661383047363,0.7093335611660254,5.1117486857215955,4.48,2.89
2017-08-01,infl_subyacente,Inflación subyacente interanual,2.473362784702617,0.19516605802430442,0.32855661383047363,0.7093335610352877,5.193114680336962,4.51,2.77
2017-09-01,infl_subyacente,Inflación subyacente interanual,2.511972566398788,0.19516605811168344,0.32855661383047363,0.7093335609051515,5.274180437355846,4.75,2.86
2017-10-01,infl_subyacente,Inflación subyacente interanual,2.504812836946115,0.19516605807512463,0.3285566138304736,0.7093335609595997,5.2591477468976695,4.53,2.91
2017-11-01,infl_subyacente,Inflación subyacente interanual,2.517527583761481,0.19516605809413184,0.32855661383047363,0.7093335609312916,5.285843846346087,4.63,2.92
2017-12-01,infl_subyacente,Inflación subyacente interanual,2.5183179166622467,0.1951660580792173,0.32855661383047363,0.7093335609535043,5.2875032426165305,4.56,2.92
2018-01-01,infl_subyacente,Inflación subyacente interanual,2.5295982376226456,0.1951660580942465,0.32855661383047363,0.7093335609311209,5.311187597035524,4.71,2.67
2018-02-01,infl_subyacente,Inflación subyacente interanual,2.5170417743877236,0.1951660580412335,0.32855661383047363,0.7093335610100747,5.2848238321134575,4.56,2.62
2018-03-01,infl_subyacente,Inflación subyacente interanual,2.509927037606846,0.195166058002424,0.32855661383047363,0.7093335610678748,5.2698856090127295,4.62,2.67
2018-04-01,infl_subyacente,Inflación subyacente interanual,2.481475750607536,0.1951660579089666,0.3285566138304736,0.7093335612070636,5.2101488006373895,4.46,2.62
2018-05-01,infl_subyacente,Inflación subyacente interanual,2.4658664778429453,0.19516605784902835,0.3285566138304736,0.7093335612963314,5.177375304716597,4.48,2.63
2018-06-01,infl_subyacente,Inflación subyacente interanual,2.4423109632967113,0.19516605776873788,0.32855661383047363,0.7093335614159102,5.127917743843353,4.43,2.6
2018-07-01,infl_subyacente,Inflación subyacente interanual,2.418231442136403,0.19516605768710016,0.3285566138304736,0.7093335615374956,5.077359969750548,4.36,2.63
2018-08-01,infl_subyacente,Inflación subyacente interanual,2.398645299955482,0.19516605761688324,0.3285566138304736,0.7093335616420717,5.036236570917019,4.33,2.79
2018-09-01,infl_subyacente,Inflación subyacente interanual,2.382123985182118,0.19516605755454597,0.3285566138304736,0.7093335617349125,5.001548136060476,4.32,2.82
2018-10-01,infl_subyacente,Inflación subyacente interanual,2.371819286558855,0.19516605750916402,0.3285566138304736,0.7093335618025012,4.979912214654712,4.32,2.86
2018-11-01,infl_subyacente,Inflación subyacente interanual,2.366089295025389,0.19516605747639346,0.3285566138304736,0.7093335618513072,4.967881426390272,4.47,2.94
2018-12-01,infl_subyacente,Inflación subyacente interanual,2.333535458986988,0.19516605736862733,0.3285566138304736,0.7093335620118064,4.899530836082457,4.38,2.96
2019-01-01,infl_subyacente,Inflación subyacente interanual,2.300126573372174,0.1951660572584038,0.3285566138304736,0.7093335621759655,4.829384969111971,4.07,2.94
2019-02-01,infl_subyacente,Inflación subyacente interanual,2.3191244178155426,0.19516605729982478,0.3285566138304735,0.7093335621142761,4.869273167629611,4.25,2.98
2019-03-01,infl_subyacente,Inflación subyacente interanual,2.333906317749328,0.1951660573291289,0.3285566138304735,0.7093335620706327,4.900309497056555,4.35,2.89
2019-04-01,infl_subyacente,Inflación subyacente interanual,2.340593971820771,0.19516605733485318,0.3285566138304735,0.7093335620621073,4.914351009626252,4.3,2.98
2019-05-01,infl_subyacente,Inflación subyacente interanual,2.3544656750672157,0.19516605736087372,0.3285566138304736,0.7093335620233541,4.943476274540745,4.39,3
2019-06-01,infl_subyacente,Inflación subyacente interanual,2.3596036260434934,0.19516605736145143,0.3285566138304736,0.7093335620224936,4.954264004017586,4.36,3.05
2019-07-01,infl_subyacente,Inflación subyacente interanual,2.370571431970199,0.1951660573791264,0.3285566138304736,0.7093335619961698,4.977292196524936,4.6,3.15
2019-08-01,infl_subyacente,Inflación subyacente interanual,2.338733304980398,0.1951660572691717,0.3285566138304736,0.7093335621599286,4.910444321127242,4.53,3.1
2019-09-01,infl_subyacente,Inflación subyacente interanual,2.293069856514996,0.19516605711664403,0.3285566138304735,0.7093335623870924,4.814568564653199,4.34,2.95
2019-10-01,infl_subyacente,Inflación subyacente interanual,2.257265163226841,0.195166056993993,0.3285566138304735,0.7093335625697602,4.739392418980579,4.22,3.01
2019-11-01,infl_subyacente,Inflación subyacente interanual,2.229726120322049,0.1951660568951787,0.3285566138304735,0.7093335627169272,4.68157097403574,4.25,3.08
2019-12-01,infl_subyacente,Inflación subyacente interanual,2.1923561192989056,0.19516605676743692,0.3285566138304735,0.7093335629071766,4.603108281578618,4.1,3.12
2020-01-01,infl_subyacente,Inflación subyacente interanual,2.1740543170539492,0.19516605669710796,0.3285566138304736,0.7093335630119196,4.564681504916875,4.11,2.56
2020-02-01,infl_subyacente,Inflación subyacente interanual,2.16000933577951,0.19516605663976233,0.3285566138304736,0.7093335630973261,4.53519242226398,3.85,2.41
2020-03-01,infl_subyacente,Inflación subyacente interanual,2.179926774614059,0.19516605666741038,0.3285566138304736,0.709333563056149,4.577011416631734,3.99,2.45
2020-04-01,infl_subyacente,Inflación subyacente interanual,2.1839712241082014,0.19516605665766254,0.32855661383047363,0.7093335630706668,4.585503211640477,3.97,2.35
2020-05-01,infl_subyacente,Inflación subyacente interanual,2.1886670964601165,0.1951660566494749,0.3285566138304736,0.709333563082861,4.595362745200688,3.96,2.28
2020-06-01,infl_subyacente,Inflación subyacente interanual,2.191596327978479,0.1951660566372288,0.32855661383047363,0.7093335631010993,4.601513009511954,3.77,2.13
2020-07-01,infl_subyacente,Inflación subyacente interanual,2.230113273005396,0.19516605670430265,0.32855661383047363,0.7093335630012043,4.682383844533234,3.9,2.03
2020-08-01,infl_subyacente,Inflación subyacente interanual,2.2653349322817737,0.19516605676451507,0.3285566138304736,0.7093335629115283,4.756335841371538,3.92,2.06
2020-09-01,infl_subyacente,Inflación subyacente interanual,2.3054158746855236,0.19516605683437052,0.3285566138304736,0.7093335628074906,4.840490472019097,3.99,2.1
2020-10-01,infl_subyacente,Inflación subyacente interanual,2.3466430076543525,0.19516605690653416,0.3285566138304736,0.7093335627000151,4.927051663965673,4.15,2.21
2020-11-01,infl_subyacente,Inflación subyacente interanual,2.370344197169114,0.19516605694271888,0.3285566138304735,0.7093335626461242,4.976815085902052,4.27,2.26
2020-12-01,infl_subyacente,Inflación subyacente interanual,2.3717941688372712,0.1951660569308314,0.3285566138304735,0.7093335626638286,4.979859471011276,4.26,2.33
2021-01-01,infl_subyacente,Inflación subyacente interanual,2.363863462194074,0.19516605689821906,0.3285566138304735,0.7093335627123991,4.9632080238014415,4.12,2.69
2021-02-01,infl_subyacente,Inflación subyacente interanual,2.3767878562910756,0.19516605691310923,0.3285566138304736,0.7093335626902226,4.990344302135502,4.39,2.71
2021-03-01,infl_subyacente,Inflación subyacente interanual,2.3611497668461445,0.1951660568528896,0.3285566138304736,0.7093335627799096,4.957510302314672,4.34,2.79
2021-04-01,infl_subyacente,Inflación subyacente interanual,2.3439013102644077,0.19516605678840382,0.3285566138304736,0.7093335628759501,4.921295148165222,4.39,2.84
2021-05-01,infl_subyacente,Inflación subyacente interanual,2.31059527643246,0.19516605668012227,0.3285566138304735,0.709333563037217,4.851365230651534,4.41,2.89
2021-06-01,infl_subyacente,Inflación subyacente interanual,2.255475132643493,0.1951660565112782,0.3285566138304735,0.7093335632886812,4.735634035451371,4.23,3.05
2021-07-01,infl_subyacente,Inflación subyacente interanual,2.208514288937734,0.19516605636548565,0.3285566138304735,0.7093335635058143,4.6370342460902,4.12,3.09
2021-08-01,infl_subyacente,Inflación subyacente interanual,2.177168572331197,0.19516605626625094,0.3285566138304735,0.7093335636536074,4.571220244250017,4.14,3.18
2021-09-01,infl_subyacente,Inflación subyacente interanual,2.1445248579489746,0.19516605616309543,0.3285566138304735,0.70933356380724,4.502680944146592,4.2,3.3
2021-10-01,infl_subyacente,Inflación subyacente interanual,2.0960415565397796,0.19516605601069978,0.3285566138304735,0.7093335640342071,4.4008845767250815,3.89,3.17
2021-11-01,infl_subyacente,Inflación subyacente interanual,2.0963843849554396,0.1951660560158163,0.3285566138304735,0.709333564026587,4.401604385157001,4.08,3.11
2021-12-01,infl_subyacente,Inflación subyacente interanual,2.0782913850289617,0.19516605596380213,0.3285566138304735,0.7093335641040532,4.3636160136600655,4.02,3.2
2022-01-01,infl_subyacente,Inflación subyacente interanual,2.0614228846511153,0.19516605591551073,0.3285566138304735,0.709333564175975,4.328198622327216,4.09,3.29
2022-02-01,infl_subyacente,Inflación subyacente interanual,2.026883940034348,0.19516605581194219,0.32855661383047347,0.7093335643302227,4.255680064622398,3.92,3.37
2022-03-01,infl_subyacente,Inflación subyacente interanual,2.012038016170624,0.1951660557717105,0.32855661383047347,0.7093335643901408,4.224509309502609,3.8,3.47
2022-04-01,infl_subyacente,Inflación subyacente interanual,2.0306636402723175,0.19516605584174782,0.3285566138304735,0.7093335642858323,4.263615987926184,3.94,3.71
2022-05-01,infl_subyacente,Inflación subyacente interanual,2.0527714246988227,0.19516605592359718,0.32855661383047347,0.7093335641639316,4.310033869634019,4.01,4.12
2022-06-01,infl_subyacente,Inflación subyacente interanual,2.0879016186317574,0.19516605605267612,0.32855661383047347,0.7093335639716907,4.383793824743893,4.16,4.34
2022-07-01,infl_subyacente,Inflación subyacente interanual,2.133538327949324,0.19516605622407088,0.32855661383047347,0.7093335637164275,4.479613439072696,4.51,4.6
2022-08-01,infl_subyacente,Inflación subyacente interanual,2.144651533397583,0.1951660562489944,0.3285566138304735,0.7093335636793081,4.5029469148897405,4.55,4.85
2022-09-01,infl_subyacente,Inflación subyacente interanual,2.150289585539498,0.19516605624929714,0.32855661383047347,0.7093335636788574,4.5147846652698025,4.61,4.92
2022-10-01,infl_subyacente,Inflación subyacente interanual,2.152059698650777,0.19516605623126115,0.32855661383047347,0.7093335637057188,4.518501224758535,4.67,5.09
2022-11-01,infl_subyacente,Inflación subyacente interanual,2.1446861214546122,0.1951660561692472,0.32855661383047347,0.709333563798078,4.503019535809849,4.8,5.03
2022-12-01,infl_subyacente,Inflación subyacente interanual,2.1102365199873643,0.19516605597250752,0.32855661383047347,0.709333564091088,4.430688563561138,4.71,5.04
2023-01-01,infl_subyacente,Inflación subyacente interanual,2.0670827900959887,0.19516605573296816,0.3285566138304735,0.7093335644478409,4.340082254600046,4.62,5.24
2023-02-01,infl_subyacente,Inflación subyacente interanual,2.0193062762568226,0.19516605547065252,0.3285566138304735,0.7093335648385151,4.239769869571071,4.49,5.36
2023-03-01,infl_subyacente,Inflación subyacente interanual,1.9863685879815045,0.19516605528434824,0.3285566138304735,0.7093335651159834,4.170613336330261,4.43,5.08
2023-04-01,infl_subyacente,Inflación subyacente interanual,1.969918977422148,0.19516605518443783,0.3285566138304735,0.709333565264783,4.136075452820203,4.39,4.99
2023-05-01,infl_subyacente,Inflación subyacente interanual,1.9591725021033082,0.19516605511284954,0.3285566138304735,0.7093335653714015,4.113511969500323,4.3,4.69
2023-06-01,infl_subyacente,Inflación subyacente interanual,1.9644337148697384,0.1951660551193479,0.3285566138304736,0.7093335653617232,4.124558501531483,4.24,4.32
2023-07-01,infl_subyacente,Inflación subyacente interanual,1.9808505755085077,0.19516605517699276,0.3285566138304736,0.709333565275871,4.1590276223739915,4.21,4.21
2023-08-01,infl_subyacente,Inflación subyacente interanual,1.9987634559117735,0.19516605524095543,0.3285566138304735,0.7093335651806096,4.196637811870864,4.17,4.19
2023-09-01,infl_subyacente,Inflación subyacente interanual,2.023815968545246,0.19516605533430176,0.3285566138304735,0.7093335650415862,4.2492384951351285,4.15,4.17
2023-10-01,infl_subyacente,Inflación subyacente interanual,2.06195292846301,0.19516605548124227,0.3285566138304736,0.7093335648227435,4.329311507400979,4.32,4.12
2023-11-01,infl_subyacente,Inflación subyacente interanual,2.082961450859917,0.19516605555835922,0.3285566138304735,0.709333564707891,4.373421359750683,4.43,4.05
2023-12-01,infl_subyacente,Inflación subyacente interanual,2.0777365109660537,0.1951660555298186,0.3285566138304736,0.7093335647503973,4.362450986645449,4.32,3.87
2024-01-01,infl_subyacente,Inflación subyacente interanual,2.073289477436971,0.19516605550435784,0.3285566138304735,0.7093335647883168,4.35311391902994,4.29,3.76
2024-02-01,infl_subyacente,Inflación subyacente interanual,2.0599161099748824,0.19516605544512697,0.3285566138304735,0.7093335648765311,4.325034968264875,4.28,3.71
2024-03-01,infl_subyacente,Inflación subyacente interanual,2.0302512604881997,0.19516605532601408,0.3285566138304735,0.7093335650539293,4.262750143687328,4.14,3.65
2024-04-01,infl_subyacente,Inflación subyacente interanual,2.0049462009035537,0.19516605522271327,0.3285566138304735,0.7093335652077781,4.209619208451157,4.02,3.63
2024-05-01,infl_subyacente,Inflación subyacente interanual,1.9918518880010312,0.19516605516298197,0.3285566138304735,0.7093335652967377,4.182126165424533,3.99,3.67
2024-06-01,infl_subyacente,Inflación subyacente interanual,1.9853594117198763,0.19516605512667778,0.3285566138304735,0.7093335653508066,4.16849445127436,4.02,3.61
2024-07-01,infl_subyacente,Inflación subyacente interanual,1.9772876451139008,0.19516605508470763,0.3285566138304735,0.7093335654133139,4.151546832200106,4.07,3.66
2024-08-01,infl_subyacente,Inflación subyacente interanual,1.954916762633949,0.19516605499227554,0.3285566138304736,0.7093335655509757,4.104576545354012,4.02,3.48
2024-09-01,infl_subyacente,Inflación subyacente interanual,1.9296697136054712,0.19516605488955274,0.3285566138304736,0.7093335657039637,4.051567410146462,3.97,3.55
2024-10-01,infl_subyacente,Inflación subyacente interanual,1.8958568556771471,0.19516605475768953,0.3285566138304736,0.7093335659003515,3.9805733564039825,3.96,3.62
2024-11-01,infl_subyacente,Inflación subyacente interanual,1.8478364551047477,0.19516605457652086,0.3285566138304736,0.7093335661701712,3.879748903699209,3.66,3.65
2024-12-01,infl_subyacente,Inflación subyacente interanual,1.8412967291522864,0.19516605454214417,0.3285566138304736,0.7093335662213693,3.8660179833896304,3.95,3.73
2025-01-01,infl_subyacente,Inflación subyacente interanual,1.7936142073596615,0.19516605436096454,0.3285566138304736,0.7093335664912054,3.7659029468162872,3.76,3.98
2025-02-01,infl_subyacente,Inflación subyacente interanual,1.7585362915492853,0.19516605422574557,0.3285566138304735,0.709333566692591,3.692252756124997,3.79,3.92
2025-03-01,infl_subyacente,Inflación subyacente interanual,1.719355357070524,0.19516605407456286,0.3285566138304736,0.7093335669177516,3.6099877974618937,3.71,3.87
2025-04-01,infl_subyacente,Inflación subyacente interanual,1.684342374599224,0.1951660539393521,0.3285566138304736,0.709333567119125,3.536473942004065,3.62,3.82
2025-05-01,infl_subyacente,Inflación subyacente interanual,1.6575184806157357,0.19516605383512226,0.3285566138304736,0.7093335672743575,3.480154036497286,3.55,3.87
2025-06-01,infl_subyacente,Inflación subyacente interanual,1.6397003984335612,0.19516605376452295,0.3285566138304736,0.709333567379503,3.4427428871194703,3.53,3.86
2025-07-01,infl_subyacente,Inflación subyacente interanual,1.628540773792426,0.19516605371911394,0.3285566138304736,0.7093335674471319,3.419311948804495,3.54,3.76
2025-08-01,infl_subyacente,Inflación subyacente interanual,1.6177391482070793,0.19516605367505577,0.3285566138304736,0.7093335675127491,3.3966326714191477,3.49,3.69
2025-09-01,infl_subyacente,Inflación subyacente interanual,1.6121706212257396,0.1951660536502327,0.3285566138304736,0.7093335675497188,3.3849408971409147,3.42,3.76
2025-10-01,infl_subyacente,Inflación subyacente interanual,1.6191247089658063,0.19516605367058168,0.3285566138304736,0.7093335675194126,3.399541818357257,3.37,3.58
2025-11-01,infl_subyacente,Inflación subyacente interanual,1.6487086524045749,0.1951660537741104,0.3285566138304736,0.7093335673652241,3.4616567706728074,3.3,3.56
2025-12-01,infl_subyacente,Inflación subyacente interanual,1.7111166085969154,0.19516605399251336,0.32855661383047363,0.7093335670399503,3.5926895801981242,3.72,3.53
2026-01-01,infl_subyacente,Inflación subyacente interanual,1.7247349241105137,0.195166054041121,0.32855661383047363,0.7093335669675576,3.621282827807395,3.64,3.42
2026-02-01,infl_subyacente,Inflación subyacente interanual,1.7374833246500534,0.19516605408672674,0.3285566138304737,0.7093335668996357,3.6480495871006435,3.62,3.54
2026-03-01,infl_subyacente,Inflación subyacente interanual,1.7461769428334672,0.19516605411877622,0.32855661383047363,0.7093335668519034,3.6663028561842235,3.61,3.68
2026-04-01,infl_subyacente,Inflación subyacente interanual,1.7583600931864602,0.19516605416290153,0.32855661383047363,0.7093335667861864,3.6918828065535614,3.71,3.79
2026-05-01,infl_subyacente,Inflación subyacente interanual,1.7604948622715382,0.19516605417087823,0.32855661383047363,0.7093335667743064,3.696365004153788,3.74,3.76
2026-06-01,infl_subyacente,Inflación subyacente interanual,1.7581974340758286,0.19516605416243366,0.3285566138304736,0.7093335667868832,3.6915412847102402,3.71,3.74
