fecha_inicio,fecha_fin,theta1_m1,se_theta1_m1_hac,p_theta1_m1_hac,rmse_m1,sse_m1,theta2_m2,se_theta2_m2_hac,p_theta2_m2_hac,rmse_m2,sse_m2,theta1_m3_ols,se_theta1_m3_hac,p_theta1_m3_hac,theta2_m3_ols,se_theta2_m3_hac,p_theta2_m3_hac,anclaje_m3_ols,se_anclaje_m3_hac,anclaje_m3_ols_ic_inf,anclaje_m3_ols_ic_sup,rmse_m3_ols,sse_m3_ols,theta1_restringido,theta2_restringido,anclaje_restringido,theta1_frontera,theta2_frontera,anclaje_frontera,rmse_m3_restringido,sse_m3_restringido,correlacion_x1_x2,vif_aproximado,numero_condicion_X,mejora_rmse_al_agregar_inflacion,mejora_rmse_al_agregar_exp12,penalizacion_sse,penalizacion_sse_pct,n,n_boot_validas,theta1_se_boot,theta1_ic_inf_boot,theta1_ic_sup_boot,theta2_se_boot,theta2_ic_inf_boot,theta2_ic_sup_boot,anclaje_se_boot,anclaje_ic_inf_boot,anclaje_ic_sup_boot,anclaje_sesgo_boot,freq_theta1_frontera_boot,freq_theta2_frontera_boot,freq_anclaje_frontera_boot
2010-02-01,2013-01-01,0.1522717884348578,0.17559487531850196,0.3917518198115252,0.9010927167932479,29.23085103328211,0.7591579964812442,0.09099003887371504,7.729151628776535e-10,0.516922275690641,9.619511007786874,-0.1974327995726259,0.09270051091632582,0.04050952224892976,0.9036675767485193,0.06347444762530395,6.901597310928983e-16,0.29376522282410666,0.09753646505181165,0.10259375132255583,0.4849366943256575,0.4616764163127904,7.673224081659154,0,0.7591579964802139,0.24084200351978613,TRUE,FALSE,FALSE,0.516922275690641,9.61951100778687,0.8537370392804435,3.6882258894467688,1.8727027749748528,0.05524585937785059,0.4394163004804575,1.9462869261277165,25.364656439264024,36,1000,0.03919350667765624,0,0.12877924869610063,0.08826220803670523,0.5765415373751713,0.922871527056184,0.08374872981523218,0.062086530880630944,0.37757906796033763,-0.008635276722932295,0.495,0,0.005
2010-03-01,2013-02-01,0.13777876313610488,0.2203461878466358,0.5358411709459511,0.906379507461822,29.57485721568246,0.7870126468062811,0.08179490863581683,2.302383003487496e-11,0.5103284629368336,9.375665043004966,-0.1958968613987257,0.10851228602134719,0.07989030051929129,0.9065124612964667,0.06343950279117853,6.194424723921151e-16,0.2893844001022591,0.11662002703916724,0.06080914710549129,0.5179596530990269,0.46191856814072474,7.681275489354385,0,0.7870126468051359,0.21298735319486406,TRUE,FALSE,FALSE,0.5103284629368335,9.375665043004965,0.8206850030039194,3.0630111081274922,1.7535491734248758,0.04840989479610891,0.4444609393210973,1.6943895536505797,22.058700485340804,36,1000,0.03991426245916167,0,0.13304292220432587,0.08848421652518414,0.5899237386181895,0.944110999897652,0.08603883873230654,0.0073039435396387315,0.36723391572897496,-0.005638747741047639,0.507,0,0.02
2010-04-01,2013-03-01,0.22004924911572382,0.20723624654391712,0.2955859192867255,0.8668689171546485,27.052621903039434,0.8548785699130699,0.06706127630499563,1.0357655587380327e-14,0.37445689557117406,5.047846799068841,-0.114226802455321,0.05903441030884321,0.061354882013433136,0.9178094991086219,0.07214160419790248,1.7541210646964033e-14,0.19641730334669916,0.06581193682701607,0.06742590716574767,0.3254086995276506,0.354334379079531,4.519902679116364,0,0.8548785699117928,0.14512143008820722,TRUE,FALSE,FALSE,0.37445689557117406,5.04784679906884,0.7914066768675657,2.676118919868444,1.7151846713693866,0.02012251649164304,0.5125345380751175,0.5279441199524761,11.680431138302486,36,1000,0.03645020074359394,0,0.12528949646207602,0.07266313741879349,0.6958022624444735,0.9783193056010486,0.07019951923732595,0.006780278275086346,0.28142699087263134,-0.009738438031942465,0.5,0,0.015
2010-05-01,2013-04-01,0.24847015273941694,0.202088391009266,0.22708134297194918,0.8604090215140614,26.65093263490024,0.8568169056765212,0.06778354926898511,1.3224244446804155e-14,0.37274242957168136,5.001729076907992,-0.10318912181979358,0.05737612533740113,0.08098655923477958,0.9152300831042826,0.07395841799332388,3.821739579102302e-14,0.187959038715511,0.0653387942256081,0.059895002033319156,0.31602307539770286,0.3570147725429925,4.588543721301288,0,0.8568169056752485,0.14318309432475151,TRUE,FALSE,FALSE,0.37274242957168136,5.001729076907993,0.7828155114333,2.5826454614597605,1.7687753269915505,0.015727657028688835,0.5033942489710689,0.41318535560670533,9.004716544131089,36,1000,0.035917055903766426,0,0.12202587541649518,0.07046710902476742,0.6965132298164617,0.9634731944042464,0.06805868345049074,0.011692247977297126,0.2745010480999672,-0.009275564241027545,0.471,0,0.016
2010-06-01,2013-05-01,0.27692157230706466,0.1988393021588864,0.17249805386272948,0.8535396463276278,26.22707740271132,0.8585568605550805,0.06705369163304478,9.115713207757723e-15,0.3562449281195804,4.5687761571933,-0.08556828564696431,0.05461870424358524,0.1264580850587953,0.9063790497272697,0.07364251604753103,4.4493864241013226e-14,0.1791892359196947,0.06326544614480846,0.05518896147587013,0.30318951036351927,0.3454314700336985,4.295624417627109,0,0.858556860553832,0.14144313944616804,TRUE,FALSE,FALSE,0.3562449281195804,4.568776157193301,0.7741578138318428,2.4957592104226625,1.8015926663409887,0.01081345808588191,0.5081081762939292,0.27315173956619176,6.3588366442213315,36,1000,0.03880145779050917,0,0.12917297686919502,0.07001117284417893,0.7030910509406176,0.9696724260961755,0.06616964042857032,0.016789388294056483,0.2695484210960897,-0.010984073852590537,0.51,0,0.01
2010-07-01,2013-06-01,0.31160344875111373,0.19844501209957627,0.12536026779273096,0.8614670782941221,26.716518971446003,0.8693630575081064,0.07074997881325663,2.981905521401508e-14,0.36913446398313,4.905369090004058,-0.08810626025020782,0.057748251364560195,0.13633513333467295,0.919918853603127,0.07956141987983749,2.499080096538768e-13,0.16818740664708087,0.06537774876494055,0.040047019067797396,0.29632779422636435,0.3589301750733284,4.637911340814127,0,0.8693630575068559,0.13063694249314406,TRUE,FALSE,FALSE,0.36913446398313,4.905369090004057,0.7679796924586497,2.4377924609142614,1.8916383199020705,0.010204288909801573,0.5025369032207936,0.2674577491899299,5.766771495528008,36,1000,0.04071541858117477,0,0.13655679310896646,0.07225924525409251,0.7070632032366962,0.9829903509932457,0.06701882520608862,0,0.25652272879651705,-0.010609759367709845,0.523,0,0.03
2010-08-01,2013-07-01,0.3295030540631026,0.1961781298003714,0.10193949550954864,0.8637766840467707,26.85996575650205,0.872152644471317,0.07011214754692904,2.0986212467516716e-14,0.36637292472590377,4.8322483189996595,-0.08251662290202595,0.05668341411262418,0.15463537038019723,0.9197267043518533,0.07978426064356203,2.7126335698278965e-13,0.16278991855017266,0.06427585080671129,0.03680925096901855,0.2887705861313268,0.3575248834388129,4.601665522005723,0,0.8721526444700879,0.1278473555299121,TRUE,FALSE,FALSE,0.36637292472590377,4.8322483189996595,0.7642203927842922,2.4040357533695182,1.9256981001977103,0.00884804128709088,0.5062518006079577,0.2305827969939367,5.010855219512626,36,1000,0.040766224062582596,0,0.1369716553453674,0.06850826590164273,0.7107137586341177,0.9761949105435019,0.06495953175866338,0.004110079664820277,0.2584743044223256,-0.009632463965940322,0.499,0,0.022
2010-09-01,2013-08-01,0.35668637482688026,0.1907325109866941,0.06985444914277458,0.8580402921651422,26.50439314723834,0.8771489753906098,0.07017005047150407,1.8236236885178205e-14,0.3497173272619797,4.402879523541454,-0.06684416968519033,0.052339055966765774,0.2102067991926579,0.9158992029080408,0.08024854589012205,3.5582523738011656e-13,0.15094496677714941,0.06363023355092795,0.026229709017330627,0.2756602245369682,0.3437662114508382,4.254307492869445,0,0.8771489753893996,0.12285102461060038,TRUE,FALSE,FALSE,0.34971732726197974,4.402879523541455,0.7605160797199234,2.3718304763098512,1.9627727291016237,0.005951115811141494,0.514274080714304,0.1485720306720104,3.492272970889595,36,1000,0.03681112137963758,0,0.1245775032658587,0.06639942919261996,0.7150183245946463,0.9805382747717588,0.06294354775958608,0.0013209885679777032,0.250963301222484,-0.007731884150126572,0.505,0,0.024
2010-10-01,2013-09-01,0.3839252482848054,0.18640965851768507,0.04693765505158867,0.8506045450495627,26.047011314123054,0.8773990042944549,0.0689110108169204,1.0726006366421752e-14,0.34523682946137274,4.290784862995475,-0.05691235146261517,0.052254628117947136,0.2837540606673892,0.9108924838153453,0.08011118120445374,3.9413393446411453e-13,0.14601986764726982,0.06331357739316731,0.02192525595666188,0.27011447933787774,0.3410366152668055,4.187015026295007,0,0.8773990042932642,0.12260099570673577,TRUE,FALSE,FALSE,0.3452368294613728,4.2907848629954755,0.7519579565634764,2.3011822724559976,2.0219476699005843,0.004200214194567231,0.5095679297827572,0.10376983670046869,2.4783726843295386,36,1000,0.04039553098585104,0,0.13009350377257992,0.06516453122683762,0.7277126254367499,0.9808440649633897,0.060082700725775394,0.003068155563267125,0.24092357810103027,-0.015138332467108773,0.527,0,0.02
2010-11-01,2013-10-01,0.4260957073201289,0.1839961126813271,0.02655124850005881,0.8249575416776387,24.499978040549266,0.8741391554676382,0.06780419556622284,7.469944322096782e-15,0.3447711832800248,4.279218077531104,-0.05590112506771361,0.0587786911476752,0.3482941481473327,0.9090618912733966,0.08503253917395323,2.0519511358478224e-12,0.14683923379431685,0.06221261695013625,0.02490250457204979,0.2687759630165839,0.3411061409247276,4.188722377556165,0,0.8741391554664492,0.12586084453355084,TRUE,FALSE,FALSE,0.3447711832800249,4.279218077531104,0.7722531518013757,2.477546801434824,2.1704867827534318,0.0036650423552972433,0.4838514007529111,0.09049569997493911,2.160460680321745,36,1000,0.03903274257892424,0,0.1338426299938461,0.06646195866727239,0.7221883995644621,0.9777552061270596,0.05940992309199173,0.014618412432023786,0.2520162468228997,-0.009095527446255774,0.522,0,0.012
2010-12-01,2013-11-01,0.44455961867612775,0.18421168294996446,0.021180189966312664,0.7966677581821502,22.84846260937103,0.86548000605252,0.06465193484822898,2.4827832921187793e-15,0.33897111633730026,4.136451037594399,-0.04373998908951381,0.06085907407402417,0.47723054965530276,0.8938045248394813,0.08405816703367974,2.3662497675010877e-12,0.14993546425003257,0.061039205986740175,0.030298620516021835,0.2695723079840433,0.3367814541392238,4.0831829226766825,0,0.8654800060513292,0.13451999394867076,TRUE,FALSE,FALSE,0.33897111633730015,4.136451037594397,0.7811551215674188,2.565440039499763,2.2361205516776845,0.0021896621980764808,0.4598863040429264,0.05326811491771455,1.3045733175920333,36,1000,0.03773895465979746,0,0.1296125923248564,0.06260685656858639,0.7092193637761982,0.9575435192124848,0.05770297280322789,0.020523375165362023,0.24762171483890186,-0.01048250030877422,0.512,0,0.008
2011-01-01,2013-12-01,0.4514929010609857,0.18319010341862055,0.01876958138824711,0.7903713448337442,22.488727058434847,0.8668758229613525,0.06546875127465315,3.4244203304805745e-15,0.3474145327744286,4.345086872983482,-0.035041763453896806,0.06166295172032909,0.573579886202429,0.8900293911673623,0.08573531746743032,4.437532741595315e-12,0.14501237228653452,0.06246748974845756,0.022576092379557697,0.2674486521935113,0.34605027096787755,4.311028441329893,0,0.8668758229601461,0.1331241770398539,TRUE,FALSE,FALSE,0.3474145327744286,4.345086872983482,0.7752341878246598,2.5061905787670398,2.250488840394566,0.001364261806551026,0.4443210738658666,0.03405843165358924,0.7900303168281275,36,1000,0.038448554268655524,0,0.1332482435586378,0.06471820527787608,0.7177722287972347,0.9744883557339528,0.058895735307971216,0.013493869664353397,0.2455049146897067,-0.010718641856654318,0.538,0,0.013
2011-02-01,2014-01-01,0.45230129465346053,0.18361015826015192,0.018824570158063273,0.7926415730918231,22.618103882165283,0.8621814397054048,0.06277091189569757,1.161426897133744e-15,0.34517730400934543,4.289305363313764,-0.03424209601689875,0.0618632421979589,0.5835342495433524,0.8845225022510096,0.0825037484224014,1.9042965202797285e-12,0.14971959376588917,0.06042387938734772,0.03128879016668763,0.2681503973650907,0.3438614908907828,4.256666097034747,0,0.8621814397042271,0.13781856029577289,TRUE,FALSE,FALSE,0.3451773040093455,4.289305363313763,0.7763800927471648,2.51740818227554,2.251508650415956,0.0013158131185626587,0.4487800822010404,0.032639266279015366,0.7667800465193249,36,1000,0.03833571901312942,0,0.1284329443944706,0.05987187748519697,0.7214991975617192,0.9551548238707215,0.05545890752815993,0.023364387822428837,0.23892748358405438,-0.011341732815373595,0.499,0,0.005
2011-03-01,2014-02-01,0.4562585060792971,0.18370594499901172,0.017941411046967653,0.7864529505225226,22.26629676188093,0.8643957642516786,0.06423888230274263,2.1329351849583517e-15,0.3451968742155722,4.289791750855258,-0.036652458514408605,0.06275543893941726,0.5630403964817219,0.8888091562828753,0.08563873545660582,4.4659400986430376e-12,0.1478433022315333,0.06121409703622529,0.027863672040531737,0.26782293242253485,0.3437133922290597,4.253000255913869,0,0.8643957642504834,0.13560423574951663,TRUE,FALSE,FALSE,0.345196874215572,4.289791750855252,0.7809832866150381,2.5636745880270713,2.2785544477831032,0.0014834819865124915,0.4427395582934629,0.03679149494138301,0.8650715430882895,36,1000,0.04015524445340052,0,0.12796031561844634,0.0662815819356559,0.7129497403791283,0.9654396768437551,0.058057060865268906,0.019005224422842516,0.2476973466294982,-0.010048196942167492,0.519,0,0.003
2011-04-01,2014-03-01,0.4418393561252293,0.1827115669424439,0.020937101910372364,0.7782786171218214,21.805833811285968,0.8556284077576095,0.06125788977969343,7.052854266683691e-16,0.3250302874078907,3.8032087583684167,-0.03524392632839375,0.061909750842388436,0.5729087816648877,0.8786731957997934,0.08106307807743841,1.4232589028637077e-12,0.15657073052860027,0.05932061472010246,0.04030232567719945,0.2728391353800011,0.3235335062390877,3.7682614677368798,0,0.8556284077564285,0.14437159224357154,TRUE,FALSE,FALSE,0.32503028740789064,3.8032087583684158,0.7898779738531766,2.6589183204354225,2.23315111071434,0.0014967811688029742,0.4547451108827337,0.03494729063153601,0.9274115114024837,36,1000,0.036888886213030075,0,0.12447821403467796,0.06106412353610995,0.7142956074584754,0.9464112892493317,0.05499803177634676,0.03890985757942138,0.2530984300574063,-0.00747093546365013,0.522,0,0.003
2011-05-01,2014-04-01,0.42528148351445,0.18225201354188283,0.025493742880346924,0.7700995296024913,21.349918277783217,0.8545556144599029,0.06354991265063702,2.1752309075871406e-15,0.32734186263460086,3.8574970211912363,-0.04079716043119854,0.06179828839881236,0.5135948471714633,0.8818562626613565,0.08432783611647743,3.664743419257239e-12,0.158940897769842,0.06081933403957868,0.03973500305226778,0.2781467924874162,0.3253189167207938,3.8099663127500687,0,0.8545556144586787,0.14544438554132133,TRUE,FALSE,FALSE,0.32734186263460086,3.8574970211912363,0.8080394273751224,2.8812441864567346,2.2081023789203003,0.0020229459138070283,0.44478061288169746,0.04753070844116758,1.2475361863989678,36,1000,0.03714624034615819,0,0.12771471777900462,0.05989499461327827,0.7132735678379138,0.9456277205887881,0.05504663427389844,0.03737221240979845,0.2448137822026437,-0.009868330204138076,0.49,0,0.005
2011-06-01,2014-05-01,0.40833674189863867,0.18363556932435962,0.03272428834330086,0.7730275829421508,21.512579183617817,0.8577048486256205,0.06569920539836058,5.181059275021839e-15,0.3270675327773138,3.8510341558934127,-0.03328729060353838,0.05901159256224239,0.5764016607824938,0.8793980684816873,0.08356431973099784,3.1069107121567073e-12,0.15388922212185108,0.06356652491201263,0.029298833294306326,0.27847961094939583,0.3256674237933299,3.818133753126636,0,0.8577048486243595,0.14229515137564053,TRUE,FALSE,FALSE,0.3270675327773138,3.851034155893412,0.8100749372456149,2.908848926315064,2.1197492627585657,0.0014001089839839054,0.4473601591488209,0.03290040276677564,0.8616880626519118,36,1000,0.03818628419664701,0,0.1344565288923408,0.06388050874070378,0.7072049404867226,0.954584504868688,0.05786753310314758,0.03428687339239333,0.2538307400210248,-0.009462917665060383,0.504,0,0.002
2011-07-01,2014-06-01,0.3767341981448109,0.19033258012907847,0.055685416949133336,0.7742505909258371,21.58070319176429,0.8490801842650229,0.06558544664880608,6.613712557039578e-15,0.323783684357257,3.7740914732145554,-0.047920541339482495,0.05641165425475759,0.4015566144770606,0.8789957157442373,0.08039921258519413,1.1322580369475475e-12,0.16892482559524524,0.06269535130744905,0.046041937032645114,0.29180771415784534,0.3208253363348695,3.7054402716377566,0,0.8490801842637417,0.15091981573625834,TRUE,FALSE,FALSE,0.323783684357257,3.774091473214553,0.8209062921325353,3.0664230825460304,2.0469586944710927,0.002958348022387536,0.45342525459096766,0.0686512015767966,1.8527137544833145,36,1000,0.03229385009693033,0,0.11029812323856822,0.05990732818161739,0.7183261882834565,0.9449065437497316,0.05697418847224888,0.03913003011661132,0.2579154892656019,-0.008690201618082205,0.516,0,0.002
2011-08-01,2014-07-01,0.3494981612389279,0.1980990329631211,0.0864153101721324,0.7813045265258799,21.97572347411385,0.8635331879767516,0.07339668083012249,1.0225820945893405e-13,0.32167002442969234,3.724977766197561,-0.04788146022582561,0.055353298205462635,0.39309277713474755,0.8918649845089205,0.08369983826679016,2.2388118591436348e-12,0.15601647571690502,0.07236909390181416,0.014173051669349263,0.2978598997644608,0.318627749551875,3.6548511402417256,0,0.8635331879753713,0.13646681202462874,TRUE,FALSE,FALSE,0.3216700244296924,3.7249777661975605,0.8188808264341182,3.035507618774353,1.929628530943198,0.0030422748778173303,0.4626767769740049,0.07012662595583485,1.9187272823154378,36,1000,0.0348887167810044,0,0.11526123039450094,0.06596120261422805,0.7165834244659466,0.9728297017275663,0.06208225962538348,0.019400998805409266,0.25993533767018334,-0.012847092472397723,0.524,0,0.003
2011-09-01,2014-08-01,0.3325145071475162,0.21595202626983942,0.1326118341992829,0.7813711528142043,21.97947162420715,0.858551917778494,0.07388469024209181,1.4485597493266341e-13,0.3219412498451402,3.7312620606666353,-0.05343015349252513,0.05355367588931789,0.3254759821838159,0.8873765106790237,0.08102222542682785,1.080012313353005e-12,0.16605364281350155,0.07138779292963592,0.02613356867141514,0.30597371695558795,0.31836519705184574,3.6488303529789814,0,0.8585519177770823,0.14144808222291771,TRUE,FALSE,FALSE,0.32194124984514016,3.7312620606666353,0.8431908142308941,3.459857427038035,1.8724828443565495,0.003576052793294482,0.4630059557623586,0.08243170768765395,2.259126890356933,36,1000,0.03606322806507997,0,0.12028588628362684,0.06342030785023607,0.7143482168215168,0.9611180910932605,0.059738063988530175,0.02270377275657554,0.2583037025130466,-0.010725824576047538,0.532,0,0.006
2011-10-01,2014-09-01,0.28299711727571847,0.24714338398683425,0.25994907584500954,0.7754269267527318,21.64632907439472,0.8453442030249944,0.07819917693361579,1.0622222762927734e-12,0.3182428916080349,3.6460273701255623,-0.0853730086394341,0.046635573413416676,0.07593102880415058,0.8837460712561186,0.07680132652033203,2.849213857808074e-13,0.2016269373833156,0.07292934257586992,0.05868542593461057,0.34456844883202065,0.31014812762809263,3.4629069985636196,0,0.8453442030235194,0.15465579697648058,TRUE,FALSE,FALSE,0.3182428916080349,3.646027370125564,0.846789620883119,3.534226570900018,1.7886838535722955,0.008094763979942243,0.4652787991246392,0.1831203715619445,5.2880534082463395,36,1000,0.04084860684962177,0,0.13692482323254443,0.06372612144998567,0.6978541075821869,0.9513468133615846,0.06357393146064641,0.024195377683587798,0.27004947455552436,-0.014695253228228872,0.509,0,0.007
2011-11-01,2014-10-01,0.20106492926022423,0.25977408971391985,0.44412830391323743,0.7603693705790477,20.813816869731983,0.8397206075162151,0.08837332059637475,3.1718383658885526e-11,0.31796532575060127,3.6396701416686943,-0.09797102453228963,0.05035019050868408,0.05998418411223493,0.8736551488542172,0.0807765604856665,1.5083796795252152e-12,0.22431587567807232,0.09388011212198771,0.0403108559189764,0.4083208954371682,0.3081442145378041,3.4183028503123287,0,0.8397206075145908,0.16027939248540923,TRUE,FALSE,FALSE,0.3179653257506013,3.6396701416686965,0.8279030852110264,3.1788771850897395,1.6052992229354777,0.009821111212797162,0.45222515604124364,0.2213672913563678,6.47594145545476,36,1000,0.04420640732496493,0,0.1386270480067172,0.06840493831028854,0.6800466165290961,0.9516292746642487,0.07042139493421962,0.018116620923520253,0.2913298404252518,-0.017084011877270072,0.505,0,0.011
2011-12-01,2014-11-01,0.14654080625221402,0.2633329776671609,0.5814203478102213,0.7503222201097813,20.267403623656953,0.8664241254607412,0.08618659986710708,7.38377208444117e-12,0.31193428705923004,3.5029079799534046,-0.08499406150097578,0.05329096669472691,0.11998818585037624,0.8891022170143952,0.08308065626513844,1.9973252524352836e-12,0.1958918444865807,0.09772567836839996,0.004349514884516792,0.3874341740886446,0.3047974754027728,3.344454036428541,0,0.8664241254588582,0.13357587454114184,TRUE,FALSE,FALSE,0.31193428705922993,3.502907979953403,0.7928380330403877,2.692457876000262,1.4363022694436045,0.007136811656457243,0.44552474470700854,0.15845394352486197,4.737811965688456,36,1000,0.03681010567705203,0,0.12179864871663507,0.06301581715764674,0.7323565827229443,0.9819700016808233,0.06577996121241408,0,0.2499690811810527,-0.018406885691659214,0.52,0,0.047
2012-01-01,2014-12-01,0.11688408334792531,0.2580235164361936,0.6533461996881758,0.7476111550400737,20.121207809052716,0.959733802493689,0.06890664099041247,7.675902870794241e-16,0.2566453351768315,2.3712058104490157,-0.05698464745788259,0.05536568491054077,0.31063297646747945,0.9716131232485822,0.07588586203858827,1.4649278178350142e-14,0.08537152420930039,0.08101422021666431,-0.07341634741536165,0.24415939583396243,0.25275113413039824,2.299792888951292,0,0.9597338024912417,0.04026619750875826,TRUE,FALSE,FALSE,0.2566453351768316,2.3712058104490157,0.7814849134518299,2.5688362703620724,1.2703921335877364,0.0038942010464332877,0.49486002090967546,0.07141292149772349,3.105189247292953,36,1000,0.028874433519978968,0,0.10230310427509322,0.04826365655785076,0.8331110685995895,1,0.044478374713207924,0,0.14462868867945083,-0.001948183582954413,0.511,0,0.355
2012-02-01,2015-01-01,0.015225702277206645,0.2049971529510832,0.9412162406729938,0.7137152139771844,18.338018639849928,0.9507279854801163,0.07585662024275958,1.6907967065611272e-14,0.2612114105165573,2.4563304354257793,-0.049610197693275265,0.06188975630317391,0.4283571863621166,0.9547640588352015,0.07934259609478654,8.332235453786992e-14,0.09484613885807369,0.09894759583655807,-0.09909114898158011,0.2887834266977275,0.2584565879434931,2.404793082650133,0,0.9507279854774123,0.04927201452258767,TRUE,FALSE,FALSE,0.2612114105165574,2.456330435425781,0.7560096888742093,2.3339981709242847,1.0928778456385388,0.0027548225730641973,0.4552586260336913,0.05153735277564797,2.1431096566051626,36,1000,0.028919689933407017,0,0.1001077961229493,0.052684684872343145,0.821674487942832,1,0.051581810570084735,0,0.1700781135573771,-0.0037753222719429033,0.564,0,0.343
2012-03-01,2015-02-01,-0.05698555791835734,0.14992541279512966,0.7061734722657202,0.6599879233933793,15.681026124903786,0.9255822968825702,0.09075173455228465,5.049055238084655e-12,0.26331675525608506,2.496085689549348,-0.07587373204739141,0.05117655760158049,0.14739451883098642,0.9278770146322972,0.09666028294808204,3.288868537193961e-11,0.14799671741509424,0.1176372329113894,-0.08257225909122898,0.3785656939214175,0.25624355346943706,2.3637873130071934,0,0.9255822968795814,0.07441770312041862,TRUE,FALSE,FALSE,0.2633167552560849,2.496085689549345,0.7563207770618914,2.3365638858061963,1.135324909020854,0.007073201786647998,0.40374436992394225,0.1322983765421517,5.5968815728113315,36,1000,0.029025022538687696,0,0.09683819571691285,0.05779130519236081,0.7873888645490852,1,0.058215702211661356,0,0.19860862657777437,-0.010936608659618277,0.514,0,0.214
2012-04-01,2015-03-01,-0.08534427542033642,0.13108415057679895,0.5192566306047979,0.637812113993163,14.644954539231389,0.9680520811356584,0.08154679276330042,7.94554461732298e-14,0.25764715764876317,2.389754082401517,-0.07724346125959886,0.04720819231635891,0.11101646612559762,0.966833911778411,0.092737856937168,3.970642379894669e-12,0.11040954948118786,0.10746216681108214,-0.10021629746853314,0.32103539643090884,0.24948442948388264,2.240729299976343,0,0.9680520811320108,0.0319479188679892,TRUE,FALSE,FALSE,0.2576471576487631,2.389754082401517,0.7623298173439793,2.387471031877951,1.222618202150139,0.008162728164880534,0.38832768450928035,0.14902478242517425,6.650726726639743,36,1000,0.022151134920950367,0,0.07475543646289586,0.04408363841085343,0.8497811017858513,1,0.04289201541941402,0,0.13995787975864216,0.0017793174900465891,0.557,0,0.408
2012-05-01,2015-04-01,-0.06928329883683645,0.12369536326337142,0.5789705122694834,0.615674238897702,13.64597166392152,0.969502884639193,0.08853497545184867,7.476074034915537e-13,0.25763514877709126,2.3895313158741813,-0.0699475517706953,0.04306299849565669,0.11354630551029588,0.9696114208579878,0.09966653446082797,2.3490525995044152e-11,0.10033613091270754,0.11041214030311562,-0.11607166408139907,0.31674392590681416,0.25029233607102724,2.2552651258521133,0,0.9695028846351921,0.030497115364807925,TRUE,FALSE,FALSE,0.25763514877709115,2.389531315874181,0.7815977399652302,2.5700005646167927,1.3040985049939868,0.007342812706064017,0.36538190282667476,0.13426619002206763,5.953454805954908,36,1000,0.020459556682622664,0,0.07035260974015357,0.04693502060905367,0.8381914782337718,1,0.04545985801445637,0,0.15684168532481163,0.003182762886305847,0.572,0,0.434
2012-06-01,2015-05-01,-0.03779173567209306,0.12310816650282781,0.7606777145131275,0.6080981747343197,13.312202044147606,1.0382141867420942,0.057142712049502345,2.1199649852781523e-19,0.24004734178455042,2.074418146721836,-0.06855550335519012,0.036965707293109024,0.07234760339506337,1.0438913871594606,0.0645336726039834,1.5475357847375373e-17,0.024664116195729502,0.07800011689655019,-0.12821611292150886,0.17754434531296787,0.23193341382751667,1.9365519041886998,0,1,0,TRUE,FALSE,TRUE,0.24092991143115086,2.089699999999999,0.8327717211914694,3.262735775068333,1.4610054918212152,0.00811392795703375,0.37616476090680306,0.15314809581129896,7.90828768803173,36,1000,0.01659283098621243,0,0.05452989279232131,0.03271197570160231,0.8887192495987781,1,0.030104974733438664,0,0.10261472655710958,0.01899888183462984,0.551,0,0.555
2012-07-01,2015-06-01,-0.008565447984487199,0.12116446203422587,0.9440446929564099,0.6029721464563347,13.08871473847774,1.0393468714079397,0.05783770965337104,3.004420821281663e-19,0.2412664259233117,2.0955415780011193,-0.07994212484659893,0.03195864220687586,0.01734767484239475,1.0558839673118372,0.06200441387518012,3.248770842094504e-18,0.024058157534761815,0.0697648028140299,-0.1126808559807368,0.16079717105026042,0.22968963202218587,1.8992637741055367,0,1,0,TRUE,FALSE,TRUE,0.24217188569737447,2.1112999999999986,0.8443761635173916,3.4839697996222436,1.5750358572202263,0.011576793901125843,0.37328251443414884,0.21203622589446192,11.16412732056246,36,1000,0.015638529748646397,0,0.05400781284332591,0.0333513019864081,0.8847990515159528,1,0.03096064902709102,0,0.10543868522062558,0.01929840877468315,0.55,0,0.559
2012-08-01,2015-07-01,0.02612027074994792,0.1210078010919974,0.8303529983121827,0.6032850748860094,13.102303736887842,1.015497067739468,0.06603519268122272,3.851671965367445e-17,0.24747373211806364,2.204756931183952,-0.09302433412927301,0.030202428294857257,0.004080792202196304,1.0481312667198748,0.0641644107474039,1.1510209819521436e-17,0.044893067409398135,0.06781071430478872,-0.08801593262798774,0.177802067446784,0.2317350279426311,1.9332404343205924,0,1,0,TRUE,FALSE,TRUE,0.24761641482116825,2.2072999999999983,0.8479961977036626,3.5599547269832463,1.664067503087809,0.01573870417543255,0.37155004694337823,0.2740595656794058,14.176175958978419,36,1000,0.016375328523122692,0,0.05632701280134854,0.033845117589072014,0.8847482448025281,1,0.0311192433555877,0,0.10423914471135443,0.020059048157014793,0.58,0,0.535
2012-09-01,2015-08-01,0.06384171837476063,0.13037192160043296,0.62740921340332,0.6115659401248512,13.464464368348557,1.0063729934403491,0.06775994837758213,1.1125642676889262e-16,0.24741682420396524,2.20374305637033,-0.11310706790846169,0.034342902559458675,0.0023164832818790594,1.0613692517986995,0.06187505239738775,2.6016745173338155e-18,0.051737816109762136,0.06068451250872538,-0.0672038284073396,0.17067946062686387,0.22472177898547194,1.8179956062142306,0,1,0,TRUE,FALSE,TRUE,0.24744247367373642,2.2041999999999984,0.8634134063984265,3.92900616445112,1.7281822847504136,0.022695045218493304,0.38684416113937925,0.38620439378576776,21.2434173364145,36,1000,0.01806831032651421,0,0.061938728239315455,0.037953691623739017,0.8725052536077111,1,0.03461620019336618,0,0.11703416799194823,0.023621786686893458,0.553,0,0.519
2012-10-01,2015-09-01,0.13379074264359675,0.11765167358450321,0.26319007790153753,0.5987213237313418,12.904820045661967,0.9810906760021691,0.07753975744811809,1.2859114124985642e-14,0.2233923407463064,1.7965489645480994,-0.09074980260072692,0.030240898748921576,0.0050137000252061465,1.0356915014677912,0.063813027444051,1.398855776835831e-17,0.05505830113293575,0.062328097616752676,-0.0671047701958995,0.177221372461771,0.20781359789064177,1.554713692857121,0,0.9810906759981382,0.01890932400186185,TRUE,FALSE,FALSE,0.22339234074630637,1.7965489645480992,0.8807159863326194,4.4575327229864,1.8039428089338878,0.015578742855664629,0.3909077258407,0.24183527169097818,15.554971491024423,36,1000,0.01724744536311685,0,0.05776884916805702,0.038210063868857565,0.8728798109386184,1,0.0350259795420948,0,0.11407390556281251,0.008754870573160118,0.531,0,0.419
2012-11-01,2015-10-01,0.1729855693538431,0.10922060441323043,0.12223048978755416,0.5976718187043616,12.85961770344166,0.970863312144426,0.08023069956766088,4.616264565925674e-14,0.2245898785304138,1.8158620873790172,-0.10808052494114614,0.031535790779060505,0.0016123103364292955,1.053193122063814,0.06406251844518585,9.48014896020686e-18,0.05488740287733207,0.05480673673966836,-0.052533801132417915,0.16230860688708204,0.202319814866797,1.47359906955846,0,0.9708633121406582,0.02913668785934176,TRUE,FALSE,FALSE,0.22458987853041382,1.815862087379017,0.9075446275224166,5.670131619954617,1.9865209964009802,0.02227006366361678,0.3953520038375646,0.342263017820557,23.226332378393163,36,1000,0.019802192603948436,0,0.0669285906978265,0.04234159692581016,0.8581688910486552,1,0.03888887916361427,0,0.12137956492634794,0.008731154981280465,0.521,0,0.302
2012-12-01,2015-11-01,0.20330531820879433,0.10088137822872269,0.05160469360016208,0.5930081140468778,12.659710439715653,0.9387730263393398,0.08699868737155758,1.1155198536230022e-12,0.23243509799783085,1.9449386921254037,-0.11776172492631722,0.03442839279653844,0.0016422792495159298,1.0392756443907483,0.06864773813475922,1.1262511114637021e-16,0.07848608053556894,0.05709597674909457,-0.033422033892656425,0.19039419496379428,0.20755958265227278,1.550915292628284,0,0.938773026335979,0.06122697366402097,TRUE,FALSE,FALSE,0.2324350979978308,1.9449386921254028,0.9117496685017644,5.927241615964228,2.1010329496965374,0.02487551534555807,0.385448531394605,0.39402339949711873,25.405862033211402,36,1000,0.02047006698052254,0,0.06813684722351247,0.051976624681299564,0.8200295298975323,1,0.048002015326189626,0,0.16018220031223607,0.003894769342686108,0.51,0,0.139
2013-01-01,2015-12-01,0.23058936109460484,0.09227741666531354,0.01730226516663477,0.5803542253358902,12.125196967147966,0.901954085358093,0.09932512824410107,9.926566016642707e-11,0.23852556346403683,2.048199999330105,-0.1143633786484048,0.032988733880299353,0.0014471940202957511,1.0042534479586374,0.07493103303614955,3.976507682953631e-15,0.11010993068976749,0.07169092837710364,-0.03040428892935565,0.2506241503088906,0.21704994801148705,1.6959844775444117,0,0.9019540853550713,0.09804591464492873,TRUE,FALSE,FALSE,0.2385255634640368,2.0481999993301043,0.9105196926808904,5.849530563147213,2.159663878931736,0.02147561545254978,0.3633042773244032,0.3522155217856926,20.76761470692584,36,1000,0.022225157386314913,0,0.07398420075943582,0.05507316739433005,0.7864393723182589,0.9933674621259855,0.05140166294608154,0,0.19965204801974853,-6.44653581875293e-4,0.461,0,0.036
2013-02-01,2016-01-01,0.24359289697160258,0.08983603588828866,0.010309920525155768,0.5578536455629216,11.2032248352423,0.8615581047906751,0.10925807572344134,2.856591905726014e-9,0.25083125544140367,2.264987473427185,-0.11200276115640571,0.03217414106103395,0.00139114917781828,0.968314595018562,0.08929875256406992,1.4088032943156034e-12,0.14368816613784363,0.08575709142947048,-0.024395733063918512,0.3117720653396058,0.23234525839189232,1.9434354874990276,0,0.86155810478784,0.13844189521216,TRUE,FALSE,FALSE,0.2508312554414037,2.2649874734271864,0.9006057670395051,5.293546967270521,2.268054271891174,0.018485997049511343,0.32550838717102926,0.3215519859281588,16.54554462942108,36,1000,0.023361684379961452,0,0.07769603315229044,0.06105026956343989,0.7215088073581607,0.9615163726340562,0.05771359581148671,0.02676172199279722,0.2575361181431202,2.9052028487519532e-5,0.493,0,0.008
2013-03-01,2016-02-01,0.24584760436282757,0.08968039672388775,0.009571538817901204,0.5474222830484379,10.788161615206704,0.8456261289979811,0.11331548966332558,9.760740971972825e-9,0.25883595925131847,2.411857936855807,-0.09551866262015132,0.0287145892508357,0.002119335185137268,0.9370506634134357,0.10401871259578421,1.575973757047822e-10,0.15846799920671573,0.09471950245128814,-0.02718222559780903,0.3441182240112405,0.24589769000543027,2.1767642622002406,0,0.8456261289951732,0.1543738710048268,TRUE,FALSE,FALSE,0.25883595925131847,2.4118579368558075,0.8502609642063584,3.6093747955893862,2.274875671303314,0.012938269245888201,0.3015245930430076,0.23509367465556696,10.800143990692764,36,1000,0.026398152863361307,0,0.08759720270982511,0.07028406360022307,0.6920192485609651,0.9653966445308034,0.06417522725656113,0.027318253758991266,0.27700806667843575,-0.003172579569655054,0.488,0,0.005
2013-04-01,2016-03-01,0.24252815514367965,0.08928519864076659,0.010187626835158493,0.5378561889861921,10.414414081107017,0.8368371930625591,0.1122111669676472,9.90126246853632e-9,0.2535423687550958,2.314214379142019,-0.09217417031086994,0.027823117206341903,0.002198635278346182,0.9254780335877917,0.10366431801040105,1.9596446331028676e-10,0.16669613672307815,0.0941955667294972,-0.017927174066736357,0.3513194475128927,0.24122204822296534,2.094770755759774,0,0.8368371930597495,0.16316280694025054,TRUE,FALSE,FALSE,0.2535423687550958,2.3142143791420193,0.830557365443431,3.223992043930705,2.2828240231716164,0.012320320532130447,0.2966341407632268,0.21944362338224543,10.475782267766727,36,1000,0.024651009779365865,0,0.08025571494661815,0.06061467587545616,0.707989328073405,0.9436228914848299,0.055692545978198414,0.05261875234824122,0.26497738891011524,-8.820587984503803e-4,0.487,0,0.002
2013-05-01,2016-04-01,0.23607726146533858,0.08844206288595073,0.011445532266737172,0.5193627972998623,9.710557747888968,0.8190043382307446,0.10950287479758619,9.294788622037038e-9,0.24487019355082454,2.1586108208262575,-0.08610604661217616,0.026845986762442268,0.002915953440036817,0.9025879005381409,0.10243182480821886,2.683220202478477e-10,0.18351814607403527,0.09251013649847184,0.0021982785370304736,0.36483801361104007,0.23374741097167331,1.9669626768945723,0,0.8190043382279292,0.18099566177207083,TRUE,FALSE,FALSE,0.24487019355082457,2.1586108208262575,0.8113343589230751,2.926230678280637,2.2988554893859265,0.011122782579151225,0.28561538632818906,0.19164814393168528,9.743354369807266,36,1000,0.02260740829290833,0,0.07152257482543475,0.06016700283804074,0.6899091127716984,0.9286786898483593,0.05584915667572809,0.06221018912158453,0.2814948312782673,-0.0035983778544485256,0.489,0,0
2013-06-01,2016-05-01,0.2337654127428866,0.0880170954314531,0.011828668467695327,0.5025131948234719,9.090702394980937,0.8109563334536265,0.11217351854273502,1.936521567357312e-8,0.2438098546785622,2.139956828581738,-0.08399316283669468,0.027108420789056356,0.0038888959489715995,0.8959782685554524,0.10797055889111801,1.0993186715876642e-9,0.1880148942812424,0.09622997347138346,-5.95853722669154e-4,0.37662564228515394,0.2334003097550968,1.9611253653759047,0,0.8109563334507006,0.18904366654929938,TRUE,FALSE,FALSE,0.2438098546785623,2.1399568285817394,0.8037466644553716,2.82492818823602,2.3768438009352737,0.010409544923465408,0.2691128850683751,0.17883146320583476,9.118818529561812,36,1000,0.02220495063465276,0,0.07162724110508838,0.06039066935226949,0.67908250636712,0.9074184051959507,0.054965519504505046,0.08751486276901767,0.29967948592096316,-0.0011830381385397326,0.479,0,0
2013-07-01,2016-06-01,0.22872639949093349,0.08609570985118274,0.011807067452616105,0.467496175665021,7.867896273411127,0.7802952128852799,0.10514733341455786,1.1026217722532829e-8,0.22343053820542239,1.7971633944995296,-0.07060557542829937,0.02487684799232102,0.007598712929830829,0.8536123667857681,0.1021612031569732,9.37942921206581e-10,0.21699320864253113,0.09135705309470983,0.037933384576899876,0.3960530327081624,0.215485854933211,1.6716295323466865,0,0.7802952128823629,0.21970478711763708,TRUE,FALSE,FALSE,0.22343053820542236,1.7971633944995289,0.7884645297798093,2.6432392126394646,2.4256382489508868,0.007944683272211372,0.25201032073180996,0.12553386215284235,7.5096700389478,36,1000,0.0203555917229893,0,0.06632471989457864,0.05422400620104475,0.6565961469564522,0.8646212496332767,0.04967746564108639,0.12625796184991164,0.3188190891465659,0.00198814595484309,0.483,0,0
2013-08-01,2016-07-01,0.21945371488686943,0.08438965071043968,0.013545815149861098,0.4584280808969898,7.565626992776295,0.775284077514263,0.1084473592776875,2.4566906023438448e-8,0.22378699868276197,1.8029023480597866,-0.06947867930721234,0.025218683036517496,0.009359552162219582,0.8481271117485583,0.1058520647435523,2.4462085000454047e-9,0.22135156755865415,0.09444593310004604,0.03623753868256391,0.4064655964347444,0.21611308140447746,1.681375102348979,0,0.7752840775112173,0.2247159224887827,TRUE,FALSE,FALSE,0.22378699868276197,1.8029023480597866,0.7732406483902412,2.486950351774618,2.441881195308546,0.007673917278284509,0.2423149994925123,0.12152724571080764,7.2278485354652275,36,1000,0.02162697759568643,0,0.07106314004825619,0.05559177018912871,0.6538565139147285,0.8641075198831939,0.050691556256489065,0.12678056492689715,0.316753340847209,-0.002203858243405993,0.494,0,0
2013-09-01,2016-08-01,0.21063859793074277,0.0831221984090005,0.0159040464153676,0.44508881902999425,7.131746045718541,0.7655078391274713,0.1110806745138941,5.277004006116164e-8,0.22440319074595588,1.8128445126107706,-0.06467904518952686,0.026221199529442442,0.018834815023902354,0.8346743176981463,0.11043925918950073,8.896505233669917e-9,0.23000472749138068,0.09809389863226461,0.037740686172142046,0.4222687688106193,0.21776921387788942,1.707243498467782,0,0.7655078391242899,0.23449216087571012,TRUE,FALSE,FALSE,0.22440319074595588,1.8128445126107713,0.7512230535499533,2.295347274208655,2.479236397249615,0.006633976868066466,0.22731960515210484,0.10560101414298928,6.185468812021492,36,1000,0.020962054475737808,0,0.0697857957826634,0.06109215081530729,0.6272058675340989,0.8657274463042334,0.05720617149864858,0.1299507058668397,0.35288224976566857,0.0030035844041021442,0.482,0,0
2013-10-01,2016-09-01,0.2068390960790638,0.0818674165264606,0.01619560962483753,0.42576814585815737,6.526026504989755,0.7502550820186804,0.11094217441751447,7.753206760041187e-8,0.22084940217544774,1.7558805038850958,-0.05830756342555843,0.027729891819672805,0.042971243137607244,0.8153565248268866,0.11505624293365439,3.4717275663462356e-8,0.24295103859867173,0.10053532713208392,0.045901797419787255,0.4400002797775562,0.21542129867756976,1.6706280932615056,0,0.7502550820154088,0.2497449179845912,TRUE,FALSE,FALSE,0.22084940217544774,1.7558805038850955,0.7385738249830505,2.2001778819400104,2.567386559515748,0.0054281034978779785,0.2103468471805876,0.0852524106235899,5.10301550461508,36,1000,0.02027496924435145,0,0.06530085475070906,0.06046808726830249,0.6133924993688116,0.8505784874115517,0.0561254511458176,0.14661352121430524,0.36114655733592577,0.0046791710941498366,0.507,0,0
2013-11-01,2016-10-01,0.20774617686086347,0.08110901741808488,0.014894452747299634,0.4143398182293901,6.180389458933105,0.7483510259268057,0.11450561590732596,1.5317574345048154e-7,0.22117161109883648,1.7610077360179783,-0.05687398979287547,0.029322987842272007,0.060765294309867,0.815207138208771,0.12329126100730664,1.3968735534115455e-7,0.2416668515841044,0.10628782081679589,0.03334272278318445,0.44999098038502433,0.2161347444941815,1.6817121999923441,0,0.7483510259233875,0.25164897407661246,TRUE,FALSE,FALSE,0.22117161109883648,1.761007736017979,0.7358963989534318,2.1812320728275028,2.680963124914323,0.005036866604654994,0.1982050737352086,0.07929553602563488,4.715166841626996,36,1000,0.02163196595953232,0,0.07014032713032789,0.062414508357060874,0.6124882430823911,0.8537804546783807,0.057868727963076357,0.13930652222380718,0.3644561302850264,0.004141495944681828,0.496,0,0
2013-12-01,2016-11-01,0.21360955136545806,0.0800418366765818,0.011461432764672187,0.40576152790569275,5.927127031021041,0.7487222044095738,0.11497821343057026,1.6445783154596668e-7,0.2246383009955331,1.8166451858697497,-0.05012018464072898,0.030880512940234243,0.11381888130795521,0.8105375084251747,0.127822198122139,3.1164894391414955e-7,0.2395826762155544,0.11009585433354363,0.023794801721808895,0.4553705507092999,0.22086907355133148,1.7561933154512448,0,0.7487222044060436,0.25127779559395635,TRUE,FALSE,FALSE,0.22463830099553306,1.8166451858697494,0.7335424112438442,2.164897980454078,2.7962751658662586,0.003769227444201634,0.18489245435436127,0.06045187041850464,3.442210483700187,36,1000,0.022748562691051164,0,0.07522804669234195,0.06696540272287556,0.5976948432276042,0.8557163294406236,0.06085485035355376,0.14066827058444484,0.3744229719755198,0.006099404220148541,0.488,0,0
2014-01-01,2016-12-01,0.2056933011655441,0.07935467166622735,0.013825444791712655,0.3755679934361246,5.077847436970932,0.714824619457313,0.09542161514371512,8.976071533009938e-9,0.19551395940991395,1.3761254996690935,-0.04494351826820501,0.032629482749482915,0.17739223869163395,0.7704582108331244,0.11158017711673522,5.90147020787184e-8,0.2744853074350806,0.09308428063215897,0.092040117396049,0.4569304974741122,0.19203341836551088,1.32756601568916,0,0.7148246194539342,0.28517538054606584,TRUE,FALSE,FALSE,0.19551395940991395,1.3761254996690935,0.7334377584762042,2.164178687986166,2.805343862934974,0.0034805410444030682,0.18353457507061374,0.04855948397993348,3.6577829958026986,36,1000,0.02085398640649321,0,0.06937407323760962,0.05964016409776763,0.5732193068067897,0.8066532926929881,0.0525578262516531,0.1877455878126124,0.39585169939334897,0.0023464135122646113,0.495,0,0
2014-02-01,2017-01-01,0.1993618627033408,0.08084077112766307,0.018703408464163067,0.35203407548616894,4.46140765092246,0.6910864555946935,0.09256508518640416,9.664930262831657e-9,0.1938007497452653,1.35211430166577,-0.036606034214715893,0.035681121835238784,0.3121725316046626,0.738738993165667,0.11628206547468489,3.008616766683513e-7,0.2978670410490488,0.09470096810477063,0.1122531435636984,0.4834809385343992,0.19153515477172317,1.3206857584834064,0,0.6910864555911859,0.30891354440881413,TRUE,FALSE,FALSE,0.1938007497452653,1.35211430166577,0.7339149563147082,2.1674632528811033,2.930851470539099,0.0022655949735421177,0.16049892071444577,0.031428543182363544,2.379713946370871,36,1000,0.020286068685044453,0,0.06740184736710446,0.06046099911258436,0.5491564638848558,0.7834918573803898,0.054688775865760056,0.21212480088185923,0.42026964636319547,0.0033530062186483134,0.516,0,0
2014-03-01,2017-02-01,0.19499768411301527,0.08162420108230965,0.02241942268372275,0.34477654336559566,4.279351134784623,0.6851013186165064,0.09278267826527542,1.2291646218187443e-8,0.19363370578172504,1.3497844325314914,-0.03588794934892514,0.03479007857831295,0.3095621056443487,0.7329170180771134,0.11708669455179743,3.9712727251628624e-7,0.30297093127181163,0.09625423448083292,0.11431263168937911,0.49162923085424415,0.19146890270295683,1.3197722652818769,0,0.6851013186128987,0.3148986813871013,TRUE,FALSE,FALSE,0.19363370578172498,1.349784432531491,0.7306009333340536,2.1448996562887253,2.9897642446114925,0.002164803078768207,0.15330764066263883,0.030012167249614086,2.2740413660082552,36,1000,0.020784808385157238,0,0.06980735425809155,0.06293036592824837,0.5391646213039281,0.7917783121712417,0.057599036029598115,0.2004063101683747,0.43018901167558893,0.005465277714581385,0.455,0,0
2014-04-01,2017-03-01,0.202696133704177,0.07887941382165446,0.014596028056787757,0.3313863931363638,3.953409896013431,0.6759838136427871,0.09100870425695984,1.0811358669592128e-8,0.19181879533332602,1.3246002087526227,-0.02904616875865432,0.036024446849616865,0.4256793165364591,0.7161410468070101,0.11968654093113583,9.04822189611059e-7,0.3129051219516442,0.097162169618946,0.12246726949851006,0.5033429744047784,0.19046678315634885,1.3059934374933941,0,0.6759838136391689,0.32401618636083107,TRUE,FALSE,FALSE,0.191818795333326,1.3246002087526227,0.7451619004817032,2.248536383464888,3.10759195136243,0.0013520121769771687,0.14091960998001496,0.018606771259228605,1.4247216505881348,36,1000,0.020381053472198315,0,0.06946243169613234,0.06258492041214228,0.5239518626965572,0.766032554014808,0.05644518523438481,0.22871117302179603,0.4427121762482582,0.007244549717561222,0.515,0,0
2014-05-01,2017-04-01,0.21817442466293063,0.07359601948226958,0.005426720622761806,0.31378971501289854,3.5447034689235393,0.6671497058182616,0.08993787538940282,1.1126080301095974e-8,0.19239539988611742,1.3325756363042052,-0.012960170989638522,0.034813031899928015,0.7119953915242279,0.6858733261317405,0.12107237301957365,2.3468707595344145e-6,0.3270868448578981,0.09848638555598048,0.13405352916817634,0.5201201605476198,0.19215042780521624,1.3291843286061944,0,0.6671497058146271,0.33285029418537293,TRUE,FALSE,FALSE,0.19239539988611745,1.3325756363042056,0.7642189122703795,2.4040226754044705,3.275601833868022,2.449720809011846e-4,0.1216392872076823,0.0033913076980112145,0.25514201642502043,36,1000,0.022668897346031298,0,0.07497657289012609,0.06630950740026419,0.5105885590605574,0.7748875506873728,0.05830840005854785,0.2231465465180482,0.45029324498458145,0.0026402817770428966,0.487,0,0
2014-06-01,2017-05-01,0.2267829590151899,0.07149626231427898,0.0031458525033918883,0.30602651258303165,3.371480150534367,0.6670381691182152,0.09095935946515663,1.4260502944365549e-8,0.1926367459103404,1.3359209714973015,-0.01711077721423803,0.0411396702761166,0.6800827839919915,0.6928413185846615,0.13349639600316382,9.737823019592112e-6,0.32426945862957657,0.10376923040265612,0.12088176704037057,0.5276571502187826,0.19225189689567385,1.3305885069594527,0,0.6670381691145351,0.33296183088546494,TRUE,FALSE,FALSE,0.1926367459103404,1.3359209714973017,0.7884459638575487,2.6430346798690345,3.4787650929444345,3.848490146665662e-4,0.1137746156873578,0.005332464537848969,0.4007598524982199,36,1000,0.0244903822964912,0,0.0821613525372306,0.06853278882496192,0.5057686156474,0.7725542326572331,0.058922950273128605,0.2251787071686408,0.45146411771907546,0.006181246566824561,0.484,0,0
2014-07-01,2017-06-01,0.2372351392791916,0.06901333693756603,0.001531555911883058,0.2960461752036399,3.1551601626973533,0.6649423132072974,0.09035753955045046,1.322500311037637e-8,0.189846082746422,1.2974952648298073,-0.006369758606982631,0.03966669805731072,0.8733729342108317,0.6746381000560413,0.13240411233910712,1.2923780603462574e-5,0.33173165855094133,0.10346945910971396,0.12893151869590197,0.5345317984059808,0.18979498472577694,1.2967969041740846,0,0.6649423132036305,0.3350576867963695,TRUE,FALSE,FALSE,0.189846082746422,1.2974952648298075,0.7974171549030288,2.7463030012353284,3.55144490361328,5.109802064506841e-5,0.10625119047786297,6.983606557229294e-4,0.05385273927436675,36,1000,0.023895467653733644,0,0.07953105894534675,0.06979900847100229,0.49326885372060253,0.7680899927881543,0.06168848537658336,0.22516388156885825,0.4593174757732437,0.006784016246142888,0.52,0,0
2014-08-01,2017-07-01,0.25527986826599003,0.06720223176042046,5.565627861716839e-4,0.2847359072771502,2.9186833281459075,0.6651950207468883,0.09102175144386221,1.536124823740996e-8,0.195038962900574,1.3694470937759333,0.01509507592157731,0.04449757617753526,0.7365201754683106,0.6416939709840358,0.1394640294309047,5.6163187998200534e-5,0.3432109530943869,0.10655496932931438,0.1343632132089307,0.552058692979843,0.19478428146974341,1.3658729870766324,0.015095075924713479,0.641693970975603,0.3432109530996835,FALSE,FALSE,FALSE,0.19478428146974341,1.3658729870766322,0.8096753058390428,2.903382128263533,3.713614887503126,2.5468143083057226e-4,0.08995162580740679,-2.220446049250313e-16,-1.6256607094944582e-14,36,1000,0.029803435181256766,0,0.0986589985551751,0.06994003494391308,0.4763136720586823,0.7487161484070869,0.05513887576455527,0.24006783603357953,0.4639338737603442,0.005294323913800136,0.373,0,0
2014-09-01,2017-08-01,0.2647426364274797,0.0655969563732788,2.8136808724322875e-4,0.28432580854638057,2.9102819545999097,0.6783733826247691,0.09391965576084098,1.9744262195520283e-8,0.2001611206620476,1.4423210720887243,0.022307174376153555,0.05059770833163366,0.66209549695423775,0.6425044044095086,0.14951585636172515,1.3706710715443514e-4,0.3351884212143378,0.11210133173887384,0.11546981100614506,0.5549070314225305,0.19963449515124512,1.4347415395545304,0.02230717437947137,0.6425044044006392,0.33518842121988945,FALSE,FALSE,FALSE,0.19963449515124512,1.4347415395545307,0.8114615741205413,2.9279994934877656,3.8952770111567454,5.266255108024864e-4,0.08469131339513544,2.220446049250313e-16,1.5476279093025594e-14,36,1000,0.03153590242611485,0,0.1048451880815739,0.07223620922438047,0.4767254111974217,0.7596895869401483,0.05498037334392924,0.23188203202206872,0.4475308878398046,0.0014537712237208678,0.319,0,0
2014-10-01,2017-09-01,0.2766320391423815,0.06698000176150957,2.1394142219471348e-4,0.29691938890970293,3.173800446378411,0.699584367045784,0.10076155615402461,4.526529472754199e-8,0.21170454985797663,1.6134773915004663,0.0231518674809621,0.05128840863031317,0.6545636100420666,0.6623194855669922,0.15358540023787742,1.3114009926141898e-4,0.31452864695204574,0.11772413709167324,0.08378933825236617,0.5452679556517253,0.21117512170112135,1.6054175529174028,0.02315186748443011,0.6623194855578535,0.31452864695771643,FALSE,FALSE,FALSE,0.21117512170112135,1.6054175529174026,0.8177772654691999,3.018955926918425,3.9347543542544994,5.294281568552772e-4,0.08574426720858158,-2.220446049250313e-16,-1.3830956595779496e-14,36,1000,0.03233481945994366,0,0.10307650426826992,0.0756834477736948,0.49187131732939304,0.7803422024362296,0.05760070206455796,0.21322941877334622,0.4263574248686782,0.003746498351130556,0.335,0,0
2014-11-01,2017-10-01,0.2851510899870982,0.06810957454403885,1.813291877384102e-4,0.30057568918772964,3.2524468175044325,0.7064128569199564,0.10065610289001128,3.620672043223593e-8,0.21247088999116015,1.6251796473708844,0.01957026998432612,0.051826924592922256,0.7080687457404892,0.6751952888948212,0.1542715673429369,1.0867808704142529e-4,0.30523444112085274,0.1178286602187095,0.07429026709218214,0.5361786151495234,0.21210693222625748,1.6196166251436306,0.01957026998796565,0.6751952888855035,0.30523444112653086,FALSE,FALSE,FALSE,0.2121069322262575,1.6196166251436308,0.8262117928800008,3.1508559901671362,3.95432936290538,3.6395776490266707e-4,0.08846875696147216,2.220446049250313e-16,1.3709701510710288e-14,36,1000,0.03223728517744971,0,0.10109166957235939,0.07565980619706038,0.5065358391639513,0.8011686155484584,0.05825167437379182,0.19537048190032186,0.4224857849567005,0.007583719098618491,0.361,0,0
2014-12-01,2017-11-01,0.29052808564134597,0.06871770355139152,1.607018302503802e-4,0.3122778882925716,3.5106292625928424,0.7196132736809003,0.10401579124719391,4.871349532925143e-8,0.21662609657344245,1.6893671657992708,0.011801470723699081,0.05107536969879316,0.8186530999247914,0.7010991485348493,0.15728612448461415,8.575001473660946e-5,0.2870993807414516,0.12105070809479283,0.04983999287565763,0.5243587686072455,0.21649535082834967,1.6873285294904474,0.011801470727415555,0.7010991485254626,0.2870993807471218,FALSE,FALSE,FALSE,0.21649535082834967,1.6873285294904472,0.8273639451742498,3.169884552628754,3.887572553193071,1.307457450927807e-4,0.09578253746422191,-2.220446049250313e-16,-1.3159535979166195e-14,36,1000,0.026927856415077212,0,0.08793883895466273,0.06755331537449322,0.5430682183703852,0.8038960649384163,0.05594747708751921,0.1857188274154538,0.40604987004665954,0.00997859384004729,0.41,0,0
2015-01-01,2017-12-01,0.3030947348982272,0.06858016731791673,9.128958535407725e-5,0.3109813583769568,3.4815385892871804,0.7281961158107949,0.10573725157749507,5.350052947115733e-8,0.2187487693319064,1.7226368670320493,0.01715498796860965,0.05504021776193323,0.7571862739518842,0.7011117221506356,0.16522011184439953,1.6028355625035095e-4,0.28173328988075474,0.12513076421915748,0.036476992011206105,0.5269895877503034,0.21848918605667958,1.718550879253572,0.017154987972533516,0.7011117221409601,0.28173328988650637,FALSE,FALSE,FALSE,0.21848918605667958,1.718550879253572,0.8368817009372945,3.3374604520993736,3.9962834393680273,2.5958327522682123e-4,0.0924921723202772,0,0,36,1000,0.030613977242542847,0,0.10129292418037668,0.07144489815642646,0.5336882626444247,0.8105489174153875,0.05488463790586646,0.1833081449933969,0.3980601763891089,0.007176006760651332,0.325,0,0
2015-02-01,2018-01-01,0.3167529299633739,0.06566502691613867,2.7288944438264628e-5,0.3105057554169702,3.4708976692942777,0.7498084848484848,0.11045924426848086,7.183665253401897e-8,0.2209500239972313,1.7574808717575747,0.011572294420372463,0.07163061752891045,0.8726124060932031,0.7307300495914707,0.18922951063887275,4.8058044338106774e-4,0.25769765598815686,0.13572674123005413,-0.008326756822749248,0.5237220687990629,0.2208432612174664,1.755782856905979,0.011572294425077076,0.7307300495801713,0.2576976559947516,FALSE,FALSE,FALSE,0.2208432612174664,1.7557828569059795,0.8518563538935024,3.6451019088571095,4.37758900816536,1.0676277976490178e-4,0.08966249419950378,4.440892098500626e-16,2.5292945998608943e-14,36,1000,0.030470614954305194,0,0.10188338927895005,0.06838400542398122,0.567847332155573,0.8285038945801451,0.05282932258979559,0.16370907851897773,0.3690503918456339,0.007534133316669078,0.424,0,0
2015-03-01,2018-02-01,0.3493008668833874,0.057945647115789305,7.090969716617558e-7,0.2972066824463309,3.1799452352671502,0.7476778781611698,0.10149210457669032,1.2923738386885902e-8,0.21737803436518174,1.7011155536809248,0.047247179566774405,0.06408914458167986,0.4660517492355899,0.6739369810801688,0.16701254380150393,2.926684945063369e-4,0.27881583935305687,0.12186983494793056,0.03995096285511296,0.5176807158510008,0.2157264482765128,1.6753644174959625,0.04724717957112824,0.6739369810703166,0.27881583935855514,FALSE,FALSE,FALSE,0.21572644827651283,1.6753644174959628,0.8597865653140742,3.8348401516894914,4.267292798709735,0.0016515860886689437,0.08148023416981812,2.220446049250313e-16,1.3253510854486464e-14,36,1000,0.03861511585079632,0,0.132610398216268,0.07600888842154775,0.5073771217404214,0.8023735684028138,0.04983479077614427,0.18766487868917223,0.3762079339461368,6.54166522142563e-4,0.156,0,0
2015-04-01,2018-03-01,0.3800629806583231,0.05240483278035025,1.8097265339333957e-8,0.29055343634011754,3.039166777285827,0.759563224022679,0.10040763899339394,7.2403842150725475e-9,0.21359227381563012,1.6423797396143203,0.07230329848944407,0.054145046967146455,0.19062935595080457,0.652149567274003,0.14906991329325422,1.0927681474664533e-4,0.27554713423655297,0.11670560082762461,0.04680415661440873,0.5042901118586972,0.20990440626607423,1.5861549517168736,0.0723032984936116,0.6521495672649583,0.27554713424143007,FALSE,FALSE,FALSE,0.20990440626607423,1.5861549517168736,0.8613022118635263,3.8735892896172635,4.122856293858115,0.0036878675495558844,0.08064903007404331,0,0,36,1000,0.03868514300591929,0,0.14825751343228494,0.07130816270312974,0.5060479334914016,0.7869209629836539,0.04559087896003476,0.1914835987153525,0.3675823663796552,8.84187147908444e-4,0.044,0,0
2015-05-01,2018-04-01,0.401270352478082,0.05449402531043752,1.3049294535505055e-8,0.28944035477415686,3.015925882984433,0.7608831297599,0.09842504463113713,4.4706505849204026e-9,0.21358517397459703,1.6422705555033197,0.07310840094560439,0.060597807605855036,0.2359707399763243,0.6560656557143427,0.14636772450152155,7.971452099829139e-5,0.27082594334005283,0.113097182396847,0.04915546584223271,0.49249642083787293,0.21026263214514873,1.591573481157821,0.07310840095017755,0.6560656557049821,0.27082594334484034,FALSE,FALSE,FALSE,0.2102626321451487,1.5915734811578208,0.8688792692466502,4.080819562698602,4.121900422328405,0.0033225418294483,0.07917772262900813,-2.220446049250313e-16,-1.3951263171556531e-14,36,1000,0.04291926623937666,0,0.16182478894764388,0.07339495656921867,0.5076442212590482,0.7994637415712472,0.0434157363479634,0.18530993916880165,0.3525671377320303,0.0010954879244055027,0.049,0,0
2015-06-01,2018-05-01,0.40626824007105683,0.057513096749240745,3.160144705101137e-8,0.30082485656395,3.257841395761959,0.7620638803883629,0.09886353820412043,4.769984042837147e-9,0.21396708659978758,1.6481489093280361,0.05042194850889436,0.06664310835096254,0.4545026353075069,0.6924334272737468,0.14400244253597522,3.0384844872092916e-5,0.25714462421735884,0.10986831407391504,0.04180272863248538,0.47248651980223233,0.2124513788316955,1.6248811812295894,0.05042194851384272,0.6924334272639623,0.257144624222195,FALSE,FALSE,FALSE,0.2124513788316955,1.624881181229589,0.8644358210526694,3.9564675997617393,3.9626226526368624,0.001515707768092095,0.08837347773225454,-4.440892098500626e-16,-2.7330565150247412e-14,36,1000,0.039742894752426317,0,0.13842326220994042,0.0702731965465395,0.5571435486789968,0.8205765418073243,0.044693433254056385,0.17290161570405044,0.34269521218958376,9.84014063576566e-4,0.141,0,0
2015-07-01,2018-06-01,0.42023676842362795,0.06195166353976433,7.287457813733881e-8,0.3045836771634003,3.3397637901976247,0.7710865306263979,0.10223598811181359,7.733376769060454e-9,0.21590302616279733,1.6781082014251276,0.052313633586318464,0.07045812188428821,0.4628966205625189,0.7010437278012133,0.1443768942846338,2.6409068293617696e-5,0.24664263861246827,0.11195338630228187,0.027214001459995807,0.46607127576494073,0.21435706872334875,1.6541623048199925,0.052313633591382594,0.7010437277913945,0.2466426386172229,FALSE,FALSE,FALSE,0.21435706872334873,1.654162304819992,0.8588574804297886,3.8115010229962603,3.832476429744636,0.0015459574394485753,0.09022660844005154,-4.440892098500626e-16,-2.6846773654317362e-14,36,1000,0.04005815477013479,0,0.1391127409653094,0.0685568344869481,0.5621594744417707,0.8236433227802143,0.04198730284044404,0.16851760514993794,0.32832148729348437,7.40562747961665e-4,0.124,0,0
2015-08-01,2018-07-01,0.43090441045175887,0.06673392765290322,1.9394964775439023e-7,0.31098686342267723,3.481661851973097,0.7832783575767406,0.1079311142821601,1.784483450788104e-8,0.21508715717024443,1.6654494664647879,0.05554525356354202,0.07140320752782645,0.4420020772480958,0.7123722818498821,0.13958990708201785,1.2617478827037363e-5,0.2320824645865759,0.11554732816784946,0.005609701377590953,0.4585552277955608,0.21332671676500736,1.638298371086556,0.05554525356839301,0.7123722818404795,0.23208246459112747,FALSE,FALSE,FALSE,0.21332671676500736,1.6382983710865564,0.8415771062096837,3.427615915368496,3.5418469624296813,0.0017604404052370681,0.09766014665766987,4.440892098500626e-16,2.7106735725772147e-14,36,1000,0.041778369484178256,0,0.1458349351761406,0.06840697188673499,0.5674689394434952,0.8345505126447897,0.04399708143321941,0.14647326217146753,0.3175221057561597,7.644741865122651e-4,0.106,0,0
2015-09-01,2018-08-01,0.38341675868463687,0.07519657687173432,1.18982145817883e-5,0.3449984014185288,4.284860291328251,0.7838455506894375,0.115194952415687,6.839910257392916e-8,0.2160493042580194,1.6803828673334724,0.02231335450898612,0.06582891154648805,0.7367246459506072,0.7574059175860118,0.130769512342357,1.6047122321699188e-6,0.22028072790500208,0.11828006389908031,-0.011548197337195337,0.45210965314719953,0.215687063526258,1.674752737412882,0.0223133545128557,0.7574059175778056,0.22028072790933872,FALSE,FALSE,FALSE,0.21568706352625797,1.6747527374128814,0.7812759304827822,2.5666829330611436,2.9711321435466282,3.6224073176141514e-4,0.12931133789227078,-6.661338147750939e-16,-3.977505454352154e-14,36,1000,0.03145449920923619,0,0.10189190989891216,0.056149352735185766,0.6285735721791169,0.8468922844787016,0.04333370929764611,0.14064134380095325,0.3093805891090076,0.0029958448096671364,0.292,0,0
2015-10-01,2018-09-01,0.38385650627492757,0.09329936721979035,2.2404603643106006e-4,0.35634456494938627,4.571332162882825,0.8011340411482949,0.12549270305433716,2.4177081494077336e-7,0.2188715839681884,1.7245717296747747,0.019593367392979563,0.07396174868059174,0.792676601668055,0.7798004740373787,0.13622364873891346,1.9641711873519574e-6,0.2006061585696417,0.12841977288501133,-0.05109659628498048,0.4523089134242639,0.21860520078549775,1.7203764171768403,0.019593367396774492,0.7798004740291601,0.20060615857406539,FALSE,FALSE,FALSE,0.21860520078549778,1.7203764171768399,0.7389387412276542,2.2027909785330895,2.6720490756474202,2.663831826906493e-4,0.13773936416388852,-4.440892098500626e-16,-2.5813490897464095e-14,36,1000,0.03316232817895841,0,0.11075103970056935,0.06047408987559466,0.6600641146040689,0.8849758666293058,0.050603035208742236,0.10573159461371448,0.29997839502062423,0.001480400900365525,0.324,0,0.001
2015-11-01,2018-10-01,0.39819032104347446,0.11242037851828002,0.001147028473884566,0.35631933617212896,4.570684895885281,0.8078160495393165,0.13772743416352226,1.1617825048381807e-6,0.22193631645150325,1.7732062281622243,0.03582983590671204,0.08355992411205451,0.670779165619035,0.7728547005279321,0.13811494931555218,2.8880326394629226e-6,0.19131546356535578,0.1440827602502325,-0.0910867465250999,0.47371767365581147,0.22114832984869828,1.7606370166152723,0.035829835910380005,0.772854700519897,0.19131546356972295,FALSE,FALSE,FALSE,0.22114832984869828,1.7606370166152718,0.6688967524320261,1.8097020984218213,2.39279841455711,7.879866028049631e-4,0.13517100632343068,-4.440892098500626e-16,-2.5223212147600966e-14,36,1000,0.03840889042587614,0,0.13408632442188023,0.06994413199529957,0.6289167568830781,0.9016470403596826,0.05968102777405328,0.07360237897198159,0.31342818571728526,0.003048742742313315,0.208,0,0.001
2015-12-01,2018-11-01,0.4145681000126412,0.13220143658180952,0.003462621725659718,0.3602863895115335,4.673026168821233,0.8481599308746709,0.1408092819760583,7.190792184181822e-7,0.22119598448161323,1.7613958878284428,0.060918543688705744,0.0857758528137338,0.48241943194092873,0.7948244032156078,0.1445095401905647,3.845916118739073e-6,0.14425705309568648,0.1491708961846195,-0.14811790342616776,0.43663200961754073,0.2190476012475724,1.7273466580433572,0.060918543692166226,0.7948244032073757,0.1442570531004581,FALSE,FALSE,FALSE,0.21904760124757228,1.7273466580433554,0.5648403065864909,1.4685248972254634,2.154814939077163,0.002148383234040846,0.14123878826396113,-1.7763568394002505e-15,-1.0283731010962266e-13,36,1000,0.04728128642397798,0,0.16755309711718225,0.0763007631870346,0.647157454827372,0.9508035925955423,0.06665172643591806,1.1102230246251565e-16,0.27012483615104876,-4.739351894628152e-6,0.126,0,0.026
2016-01-01,2018-12-01,0.3980417513393679,0.14830874250147136,0.011040928346780764,0.37764063261292674,5.134048106410494,0.9172233136869676,0.10718196290975798,4.2274548554987923e-10,0.2039278617567951,1.4971166208251472,0.0925257935461952,0.06964462586565133,0.19284779626193105,0.8518728903706975,0.12240982696828681,5.0355448161877824e-8,0.055601316083107366,0.10767127705112799,-0.15543438693710349,0.2666370191033182,0.1979485445853166,1.4106105469240224,0.09252579354871479,0.8518728903627198,0.055601316088565333,FALSE,FALSE,FALSE,0.19794854458531647,1.4106105469240207,0.3620003008777555,1.1508065433538834,1.8302017030232536,0.005979317171478482,0.17969208802761014,-1.7763568394002505e-15,-1.2592822613397969e-13,36,1000,0.04942990490949783,0,0.19355920891364647,0.07084074501646402,0.7105748762642026,0.974363703241632,0.05488969504666809,0,0.18213078917733205,0.008166734468026807,0.038,0,0.2
2016-02-01,2019-01-01,0.3273832913545095,0.15820798511908107,0.04596195885352448,0.3936712050499796,5.579172636678112,0.9861062145444055,0.07060118640266476,7.058409049668993e-16,0.1806620086116152,1.1749954088009993,0.10910466770374343,0.0514331338047337,0.041268053920419545,0.9218379318699048,0.08481183684161461,1.3229259744472275e-12,-0.0309425995736482,0.06691766364183106,-0.16210122031163707,0.10021602116434067,0.16799293503949103,1.0159785440345757,0.1035990091824093,0.8964009908175906,1.1102230246251565e-16,FALSE,FALSE,TRUE,0.16845015083547968,1.0215163193938508,0.20640748349436125,1.0444999262935728,1.7474344584947183,0.012669073572124157,0.22567827001048857,0.005537775359275132,0.5450681406404456,36,1000,0.03748398693984132,0.023626235668673654,0.16904522318735807,0.04749048217411248,0.774993834874738,0.9598519654854888,0.036111361628804704,0,0.12207740267871699,0.02460214009278203,0.008,0,0.511
2016-03-01,2019-02-01,0.3296446232122317,0.15913433752368641,0.045747679266964214,0.39528867181832894,5.625112826444349,1.0161562812669147,0.06900961948388044,1.4437752625331516e-16,0.16684229132587125,1.0021086062952083,0.09144472708103579,0.043495577209182484,0.042999757351816215,0.9588119014259816,0.07930632168328351,7.316309452927393e-14,-0.0502566285070174,0.07000431596217928,-0.18746508779288878,0.08695183077885399,0.15753918452630392,0.8934694078036618,0.08318882048915269,0.9168111795108472,1.1102230246251565e-16,FALSE,FALSE,TRUE,0.15880847225635467,0.9079247109743052,0.26897739495045847,1.0779914282820513,1.7919099004996,0.009303106799567334,0.23774948729202502,0.014455303170643363,1.6178845122607588,36,1000,0.03698218296448474,0.008292038013815103,0.1526776259006851,0.04669634569726854,0.7944453240156936,0.9754912361616116,0.035546559272711026,0,0.11468855598503418,0.02341040789978188,0.017,0,0.51
2016-04-01,2019-03-01,0.33724240082431733,0.15679595820748837,0.03847462845886255,0.3962940378474359,5.653762719603298,1.021005532053368,0.0690892136163933,1.2943472286034407e-16,0.1677372437451495,1.0128881858119092,0.09300348788066228,0.04358274360740716,0.04014280997204988,0.9613053432497904,0.08022177326413235,9.357813819554047e-14,-0.054308831130452706,0.07011562148241028,-0.19173544923597685,0.08311778697507144,0.15815617067286653,0.9004814755885757,0.08433210482323647,0.9156678951767636,0,FALSE,FALSE,TRUE,0.15964999576825814,0.9175723613569744,0.2823717407865609,1.0866421042024417,1.8080760725359468,0.00958107307228298,0.23813786717456936,0.017090885768398678,1.8979719440899854,36,1000,0.037351362479860144,0.010882521983840768,0.155392480949988,0.046742937015950704,0.7944892162628172,0.9755482897865753,0.036381674942331986,0,0.12295092531881792,0.024255958082192546,0.009,0,0.509
2016-05-01,2019-04-01,0.3381882977281089,0.15699701759459486,0.03819817611392146,0.3979868869982069,5.702168240010846,1.0187654715323802,0.06746080446267473,6.703647747306226e-17,0.16456972999435562,0.9749950570949442,0.08954492022957448,0.04309082643041946,0.045324260577672464,0.9614818921230401,0.07808073499056212,4.387988501359915e-14,-0.05102681235261464,0.06832430338427234,-0.1849424469857884,0.08288882228055913,0.15557633482818234,0.8713438545085455,0.08116684619944389,0.9188331538005561,0,FALSE,FALSE,TRUE,0.15693972065748496,0.8866827331217785,0.3037228648199589,1.101621958191684,1.7984193556370012,0.008993395166173285,0.24241055217002455,0.01533887861323302,1.7603703215287425,36,1000,0.03593606029939775,0.007329388538559285,0.1510812424432787,0.045863087814777534,0.7957445140689259,0.9829547337751401,0.033640473839197764,0,0.10983197973713014,0.02232465853043049,0.014,0,0.508
2016-06-01,2019-05-01,0.34383589820303273,0.15230672455963618,0.03031839384703222,0.39803209150187285,5.7034636511527905,1.0226644555002762,0.06748402450410793,6.029750948051747e-17,0.16486085468220607,0.9784476506357085,0.09011188532277371,0.04230106084736934,0.04046889357378078,0.9624703138617798,0.07855772216124088,5.0541913531404216e-14,-0.052582199184553535,0.06752037039670092,-0.18492212516208734,0.07975772679298027,0.1555555914876329,0.8711115135504236,0.082169239174052,0.91783076082594794,0,FALSE,FALSE,TRUE,0.15703321260590278,0.8877394750079038,0.29204630306074525,1.093243913805586,1.8379160505601948,0.009305263194573171,0.24247650001423995,0.016627961457480245,1.908821224243611,36,1000,0.037573716776982034,0.006209370297569012,0.15537028523111865,0.0485580254961844,0.7906174983534615,0.9816000749172248,0.03422825957830246,0,0.11305747426557959,0.02252658990944385,0.017,0,0.5
2016-07-01,2019-06-01,0.34373090949480745,0.1505880934947855,0.028642453811772967,0.3966169906482031,5.662981341750126,1.0126900422487428,0.06363318346232757,1.3426823546997267e-17,0.16043825478313797,0.9266556095229276,0.08415599822980938,0.041821722025527544,0.052169420327370875,0.9555661122818535,0.0750123523846294,1.6912062214926023e-14,-0.039722110511662856,0.06335855124175617,-0.16390487094550493,0.08446064992217923,0.1521189110739011,0.8330458718271395,0.0781971238697586,0.9218028761302414,0,FALSE,FALSE,TRUE,0.153005604762368,0.8427857431931268,0.3086011928046465,1.105259005623352,1.8458168821668184,0.00831934370923687,0.244498079574302,0.009739871365987307,1.1691878797291935,36,1000,0.03567041365935508,0.005886961701247202,0.14559167289047625,0.04568677650194261,0.8016758571831,0.9857348226551821,0.03295951701475522,0,0.11216041772568332,0.022480919419428088,0.017,0,0.505
2016-08-01,2019-07-01,0.352570104676846,0.14809162547923846,0.02285216429838321,0.39786122469321084,5.698567948117739,1.0207909431653028,0.06452551183036928,1.613542606451554e-17,0.16316951911226782,0.9584745108238342,0.08910474595431148,0.0416895185858546,0.039846203189873086,0.9583528695946559,0.07674083727723388,2.96032664550215e-14,-0.047457615548967436,0.06352967047395629,-0.17197576967792177,0.07706053857998689,0.15381050071673666,0.8516761247063966,0.08249089886096773,0.9175091011390323,0,FALSE,FALSE,TRUE,0.15507917227198717,0.865783788212328,0.3106311383227813,1.1067966996353158,1.8777890168632914,0.00935901839553116,0.24405072397647418,0.0141076635059314,1.6564587284626322,36,1000,0.03739328208330654,0.005588898636770128,0.15323381642071993,0.04707309486501685,0.7948693662004944,0.9783912487225376,0.035079983547793195,0,0.11516044190038521,0.02511707435711282,0.015,0,0.481
2016-09-01,2019-08-01,0.352835809983367,0.15055003393269312,0.02490357262972438,0.40154760535625456,5.804657257224325,1.0096564941766175,0.05957515886750304,1.9003854720407258e-18,0.16101824427611286,0.9333674996314304,0.08508105115238729,0.04199671331773158,0.0506800990570487,0.9517366560811937,0.07197385871643011,5.847466299598654e-15,-0.03681770723358102,0.05934637697714517,-0.15313660610878554,0.0795011916416235,0.15250775275322884,0.8373101273942393,0.07937053670857294,0.920629463291427,0,FALSE,FALSE,TRUE,0.153301582607306,0.8460495082765679,0.3258457519231698,1.1187878029609235,1.8384861978553597,0.008510491522884023,0.24903985260302572,0.008739380882328618,1.043744796151709,36,1000,0.03660139237374896,0.0029339129924421167,0.14663441077174835,0.046393995205813554,0.8063783094789915,0.9826969082686688,0.03270852513130168,0,0.11147955674240906,0.022423653216493818,0.022,0,0.5
2016-10-01,2019-09-01,0.30534613969060537,0.14318498402330462,0.04005511601465474,0.4155505226222821,6.216560526659466,0.9858943147644278,0.05845211609568269,2.2072968631301632e-18,0.1666508817528674,0.9998105900042948,0.09886803887278595,0.041366536844278094,0.022532695998403778,0.9331174993982245,0.06696536179829214,1.2907656009446429e-15,-0.03198553827101047,0.0584126788806131,-0.14647438887701214,0.0825033123349912,0.1540738600872867,0.8545951570390847,0.09250867249967908,0.9074913275003209,0,FALSE,FALSE,TRUE,0.15465706810809454,0.8610771137685049,0.2521359070387719,1.0678883487280781,1.6821906961530924,0.012577021665580695,0.26147666253499535,0.006481956729420202,0.7584827360686471,36,1000,0.03540811234764205,0.022532674002857744,0.16027418259154336,0.045332969356287625,0.7915198137573275,0.9661341640227946,0.03424503460866495,0,0.11164143616701472,0.024049105979475155,0.007,0,0.501
2016-11-01,2019-10-01,0.20676392697055032,0.13719905583084738,0.14077506630425854,0.43259585343459933,6.737010206717134,0.980483567395396,0.05999038731901672,5.887029376770766e-18,0.1675534064845609,1.010669184884898,0.08446929035600047,0.028362174919912633,0.005315885468670701,0.9467203102917554,0.060629543379725204,4.474738516526141e-17,-0.03118960064775589,0.06143343902162584,-0.15159914113014253,0.08921993983463075,0.1551030947967447,0.8660509205590068,0.07878686680678632,0.9212131331932137,0,FALSE,FALSE,TRUE,0.15563803696564935,0.87203514781875,0.24756958592042508,1.06529252438908,1.6976138968422736,0.012450311687816212,0.2774927586378546,0.0059842272597432355,0.6909786847037375,36,1000,0.030195016234252223,0.01892877159344102,0.13512879413717924,0.04225345224518502,0.8111449629145859,0.9742963016005448,0.034322815333805795,0,0.1106241319902765,0.023360307076474768,0,0,0.504
2016-12-01,2019-11-01,0.1451943587300929,0.1344436390148747,0.2875440566373915,0.4360243741744408,6.8442211754716595,0.9707526245748929,0.0610299029438065,1.3645169989773045e-17,0.16499283394715736,0.9800148691409127,0.06196079083412135,0.028882116503687254,0.039157466724991964,0.9514012150820891,0.05990595943700895,2.6914112032184793e-17,-0.013362005916210395,0.06548295192740197,-0.14170859169391825,0.11498457986149746,0.15722040354529682,0.8898571904740551,0.05963173813320673,0.9403682618667932,0,FALSE,FALSE,TRUE,0.15731425921268408,0.89091994145888,0.2981860278508475,1.0975923192121841,1.732022652189789,0.007772430401860542,0.27880397062914397,0.0010627509848248895,0.11942938667031823,36,1000,0.027303790678015766,0.0043793719484007294,0.10948742304485076,0.03817981792638826,0.8378090800557212,0.9874285059637309,0.03326317662476417,0,0.11274324731503305,0.022213843101861315,0.018,0,0.52
2017-01-01,2019-12-01,0.11887293351031732,0.12955583099672732,0.3651383964889515,0.4274047918541807,6.576294819596958,0.9701421650888133,0.06557854181634114,1.2538365469751894e-16,0.16520768178398207,0.9825688123357496,0.0570140517438142,0.029621258663195447,0.0626588606286019,0.9556165162474558,0.06346030782410589,1.320232904154969e-16,-0.012630567991270047,0.0705085631557136,-0.15082735177646872,0.12556621579392863,0.15838493556637187,0.9030883613170958,0.05488751386117206,0.9451124861388279,0,FALSE,FALSE,TRUE,0.15846219503849837,0.9039696212310877,0.3212177278466193,1.1150519881632492,1.768935934177862,0.006822746217610198,0.2690198562878088,8.812599139919053e-4,0.09758291123436082,36,1000,0.027633807366066247,0,0.10544537213820435,0.039295591023038756,0.8347723114165765,0.995627042605728,0.03292148864519561,0,0.11119621446251013,0.022115483499376032,0.043,0,0.512
2017-02-01,2020-01-01,0.11124096644167235,0.12786191771428773,0.3902235740161599,0.4238842635381353,6.468403279509622,0.9961815795305383,0.06667922616195776,9.301290813749868e-17,0.16313886955779963,0.9581144673814832,0.051947252328723104,0.03027813246240335,0.09532352960684604,0.9827411588932488,0.0653924650035679,1.401117319757571e-16,-0.03468841122197186,0.0726084473671192,-0.1770009680615255,0.10762414561758177,0.15734690536686458,0.8912897506270455,0.046557496544645686,0.9534425034553543,0,FALSE,FALSE,TRUE,0.15789725755872933,0.8975355820044375,0.3365170030326669,1.127705540381617,1.8355476965902289,0.005791964190935056,0.2665373581712707,0.006245831377391986,0.7007632897155927,36,1000,0.02565615015620067,0,0.09334511816762148,0.03923445529172677,0.8409827565157324,0.997372375599069,0.035080286092946215,0,0.11816586311245955,0.02609013253501874,0.056,0,0.471
2017-03-01,2020-02-01,0.10678839621103475,0.10731882457859548,0.3265383073154169,0.4165950592975637,6.247851963521064,0.9904123059633345,0.06835364922597274,2.3485141379293598e-16,0.16703929277481705,1.0044765119055976,0.0602648421638458,0.02493985267758562,0.021192020340686908,0.9752392128442577,0.06713823726410091,3.826872241740492e-16,-0.0355040550081035,0.0725299170081331,-0.1776626923440444,0.1066545823278374,0.157817559428842,0.8966297543067387,0.05566419020355369,0.9443358097964464,0,FALSE,FALSE,TRUE,0.15838703179359664,0.9031122662538885,0.39329822851186796,1.1829888520091194,2.006050643428268,0.009221733345975036,0.25877749986872167,0.006482511947149772,0.7229864853371899,36,1000,0.024958936011621427,0.004334250394140722,0.10184467812701842,0.04094994661357715,0.8292147633276693,0.9862433367299643,0.035877089039969494,0,0.12001911616733095,0.024863947641699278,0.015,0,0.505
2017-04-01,2020-03-01,0.08622918530355675,0.08551265836644797,0.3201932959565246,0.41607268043175416,6.232193114459925,0.9977983108351978,0.07084084157315672,5.493055909747499e-16,0.1662890003872265,0.9954731393921884,0.04254941403666089,0.021456084631835556,0.05548181096405867,0.9849702138364173,0.06905079443567015,6.519835978086424e-16,-0.027519627873078156,0.07353238991453215,-0.17164311210556116,0.11660385635940484,0.1605703524542159,0.92818217114176,0.03987790839231868,0.9601220916076814,0,FALSE,FALSE,TRUE,0.1609083698584425,0.932094125658048,0.47609155333817943,1.2930975967193388,2.2759626073178865,0.005718647933010607,0.25550232797753825,0.003911954516287897,0.42146408732197344,36,1000,0.02132462608786104,0,0.08084548763997616,0.03814850231727888,0.848078529465828,0.9999999999999999,0.0339813014664385,0,0.11376836944720742,0.02222863175679318,0.057,0,0.52
2017-05-01,2020-04-01,0.07774255122571198,0.07571018053779235,0.31153856830767795,0.4080904080089701,5.995360119921398,0.9834192003483055,0.07020490103526546,6.473404355737192e-16,0.16003337454972694,0.9219845149118348,0.03256215432020764,0.02250375351302415,0.15706418106448763,0.9717066541640464,0.06768270456539834,5.396706360875133e-16,-0.004268808484254039,0.07275075116781315,-0.14686028077316782,0.13832266380465974,0.1561271666123944,0.8775249175589169,0.032221201411287696,0.9677787985887123,0,FALSE,FALSE,TRUE,0.15613564538139893,0.8776202313119745,0.5370809346785755,1.4053943286400084,2.443574008044259,0.00390620793733254,0.2519632413965757,9.531375305760204e-5,0.010861657731924481,36,1000,0.019665144934553444,0,0.06822254584260071,0.04053216741977165,0.8442385276272071,1,0.0370867933847946,0,0.12585794510144102,0.024630007925375556,0.062,0,0.501
2017-06-01,2020-05-01,0.07181700328234762,0.068438808958683775,0.3012043030244112,0.40765977805879,5.982713807289908,0.9647966968853778,0.07749007948151812,2.0451229388470637e-14,0.17001606396808688,1.0405966322592222,0.0128101912911686,0.02919596354818437,0.6636068718616315,0.9581217375026039,0.07268028033656626,6.386112852605425e-15,0.029068071206227564,0.08582070041407541,-0.13914050160536023,0.19727664401781536,0.16940341385151034,1.0331105984836588,0.012810191291701844,0.9581217374937251,0.02906807121457311,FALSE,FALSE,FALSE,0.1694034138515103,1.0331105984836588,0.5855054883413193,1.5216454295418347,2.6219033891347703,6.126501165765463e-4,0.23825636420727966,0,0,36,1000,0.017297555033268446,0,0.056210150870460135,0.04948627609770451,0.8217466754322689,1,0.04785526410751095,0,0.16079561610491505,0.0121740124499558,0.307,0,0.364
2017-07-01,2020-06-01,0.075222260708925,0.06240269764060549,0.23612299906158313,0.4054166643675509,5.917056182888813,0.9630930828657976,0.07640757861636613,1.4352556849145372e-14,0.16967295877020355,1.0364008657620674,0.012705257893497768,0.026521952319169026,0.6349720469998609,0.9553486350369024,0.07187158613178313,5.036903703467185e-15,0.03194610706959988,0.08281859334595493,-0.13037833588847178,0.19427055002767155,0.169012403460108,1.0283469308410438,0.012705257894068747,0.9553486350279908,0.03194610707794043,FALSE,FALSE,FALSE,0.16901240346010798,1.0283469308410433,0.6236558479325632,1.6365182278098551,2.781699977540208,6.605553100955397e-4,0.2364042609074429,-4.440892098500626e-16,-4.31847654260863e-14,36,1000,0.016010076145402098,0,0.05453694643730239,0.05059817764264351,0.8214612694007385,1,0.049529304499258096,0,0.15951115898793258,0.014710899086909202,0.254,0,0.303
2017-08-01,2020-07-01,0.07160219370366618,0.05820159117724624,0.22681043902064213,0.3983177099689975,5.711651930698071,0.9209310344827581,0.08273666629697383,4.778322154624781e-13,0.1725333278926609,1.0716389724137918,0.001563977806808254,0.026457726839471358,0.9532087178800521,0.91981349144439,0.07499132771037431,4.8974900145451934e-14,0.07862253074880177,0.08864941163291486,-0.09513031605171135,0.2523753775493149,0.172523193488283,1.0715130824902392,0.001563977807445351,0.9198134914360051,0.07862253075654957,FALSE,FALSE,FALSE,0.17252319348828304,1.0715130824902395,0.6407766546076822,1.6966254558318221,2.845707722073614,1.0134404377915018e-5,0.22579451648071452,2.220446049250313e-16,2.0722528595637e-14,36,1000,0.012712700899398131,0,0.043071599842756166,0.057952839589488304,0.7938537464782515,1,0.05675509766672219,0,0.19380241332613235,0.0013704360376623342,0.459,0,0.121
2017-09-01,2020-08-01,0.06208379079057841,0.05432275201359209,0.2608506563118236,0.3918656543279009,5.528112877506021,0.8761090200295737,0.09435737392417884,5.6928110873896625e-11,0.18020475857477947,1.169055180467804,-0.00810785873977611,0.025636399526638907,0.7537359964876997,0.8819850105431941,0.08413902576456851,3.4427642104687996e-12,0.12612284819658193,0.09853209472766157,-0.06700005746963475,0.31924575386279863,0.179945829429357,1.1656980550446927,0,0.8761090200222127,0.12389097997778731,TRUE,FALSE,FALSE,0.18020475857477947,1.169055180467804,0.6345400811116021,1.6740355326348246,2.815203923515015,2.589291454224707e-4,0.21191982489854388,0.0033571254231112846,0.28799271034063556,36,1000,0.011969685055483065,0,0.03981854349733598,0.06193596451464689,0.7623297298657663,0.9971300064117401,0.061381590832133424,0,0.23306690109260356,-0.004367999648168794,0.491,0,0.037
2017-10-01,2020-09-01,0.05255230655232885,0.05147791044976717,0.3143204484728753,0.3736553895226167,5.026260604294742,0.8271552384682184,0.09995601079186288,9.3740426568028e-10,0.17923024318279424,1.1564452825690883,-0.007777311402607362,0.0233697334758851,0.7413330113703094,0.8323110229160672,0.09141374563086227,1.2167093968749068e-10,0.17546628848654022,0.1046837595631865,-0.029713880257305314,0.38064645723038576,0.178990419496444,1.1533525297744678,0,0.8271552384611758,0.17284476153882422,TRUE,FALSE,FALSE,0.17923024318279424,1.1564452825690879,0.563838174770388,1.466089684258964,2.7867637904520457,2.3982368635022677e-4,0.19466497002617267,0.0030927527946200684,0.2681532935315831,36,1000,0.011051727704836792,0,0.03530993479838292,0.05977701124776375,0.7137938673228652,0.9369627078747981,0.05880922645718799,0.053184330032694106,0.2791137661309546,-0.0023372094528050225,0.49,0,0
2017-11-01,2020-10-01,0.05093950315001782,0.04974134299792277,0.3128201553916078,0.36418556869141205,4.774720623951137,0.8129933321319149,0.10956579540578583,1.1053144975226612e-8,0.18623038157326713,1.2485431807532879,-0.00119227992375169,0.02371265114729706,0.9601932278836188,0.8137438518244124,0.10434005507516221,4.471622736837742e-9,0.18744842809933915,0.1155261834457332,-0.038982891454297924,0.4138797476529762,0.1862248342077062,1.248468799524756,0,0.8129933321245894,0.18700666787541065,TRUE,FALSE,FALSE,0.18623038157326716,1.2485431807532887,0.4900339400213379,1.316020231550996,2.8588438979902686,5.547365560937267e-6,0.17796073448370586,7.43812285326495e-5,0.005957796347090417,36,1000,0.01169221732775526,0,0.03820648487083085,0.06680083930079636,0.6794334040347875,0.9425430289784277,0.06585137140239489,0.05106357108013436,0.31399567678784684,-0.002395784582153865,0.469,0,0.004
2017-12-01,2020-11-01,0.053540301817193194,0.04812178594571447,0.27346386374335385,0.350827290627471,4.430872362564433,0.7961612715787896,0.10759176749226333,1.1731319681093123e-8,0.18336555647439573,1.2104253828419334,0.002028849238776628,0.02364574536268686,0.932127208586771,0.7947741503470673,0.10330014257028339,6.0302510200660375e-9,0.203197000414156,0.11328632952839375,-0.018844205461495733,0.42523820628980774,0.18334878650474978,1.2102039904595157,0.0020288492392799007,0.794774150339274,0.20319700042144606,FALSE,FALSE,FALSE,0.18334878650474976,1.210203990459515,0.46699281243792296,1.2789069530031933,2.978426319532677,1.676996964594668e-5,0.1674785041227212,-6.661338147750939e-16,-5.5043101826342705e-14,36,1000,0.011821843365132208,0,0.03780935109592528,0.06267151686646681,0.6729604970909366,0.9200287232760703,0.062213948921989,0.07416055409970516,0.32114480632174325,0.001218854815863868,0.449,0,0
2018-01-01,2020-12-01,0.051892996585805345,0.044365540379439544,0.2500381046739708,0.34116584819411816,4.190188895064434,0.7686078986335775,0.10635231350134734,1.950764764346951e-8,0.1821512231074279,1.1944464508631512,-0.0015878485479491461,0.02090504444329687,0.9398998602736922,0.7698058015071206,0.1028265221512661,1.0916538686797085e-8,0.2317820470408286,0.10938697681514999,0.01738357248313463,0.4461805215985226,0.18214066894500758,1.1943080382144546,0,0.768607898626374,0.23139210137362598,TRUE,FALSE,FALSE,0.18215122310742793,1.1944464508631512,0.47246687902575385,1.287373998800308,3.0532724194610243,1.0554162420323143e-5,0.15902517924911058,1.384126486965176e-4,0.011589359216191064,36,1000,0.010339150026009587,0,0.0346569423357862,0.058295742840412376,0.6526874593029254,0.885706868234947,0.05739792514181063,0.10733381684629444,0.3373885701012769,-0.003183295887679738,0.519,0,0
2018-02-01,2021-01-01,0.034274692298591314,0.0366596096618098,0.35622317028335326,0.3245067534105112,3.7909667883250937,0.7145609429008556,0.10873496957591586,1.3743386768274366e-7,0.17898203641332378,1.153244496911773,-0.011510156253878284,0.018122862575310334,0.5296028506520764,0.7222490915816236,0.10467621867619616,5.990910625400044e-8,0.28926106467225454,0.10767395024125385,0.078220122199397,0.5003020071451121,0.17843197275113118,1.1461668803949752,0,0.714560942894107,0.285439057105893,TRUE,FALSE,FALSE,0.1789820364133238,1.1532444969117728,0.463247875589931,1.2732342884343826,2.969055355849201,5.500636621925958e-4,0.14607478065938004,0.0070776165167976135,0.617503143552589,36,1000,0.013652815041459706,0,0.04475554971547304,0.0721965567156944,0.5573803011719672,0.8353314255363752,0.07148398366243389,0.15266417692903678,0.4265506512155805,-7.786630708879194e-4,0.509,0,0
2018-03-01,2021-02-01,0.03516485063738491,0.03701543171307212,0.3486239329137232,0.31731252682255395,3.624740628426505,0.7386363636363634,0.12426394830643463,9.147733624513123e-7,0.18024691958588923,1.1696022727272726,-0.008354603347065347,0.01838794923966371,0.6524629015060273,0.74462995405604,0.12070173439611816,5.198591379206766e-7,0.26372464929102535,0.12387278125386089,0.020933998033457996,0.5065153005485927,0.17995390494434294,1.165802684569834,0,0.7386363636283847,0.2613636363716153,TRUE,FALSE,FALSE,0.18024691958588923,1.1696022727272724,0.4443661630306251,1.2460458088939652,3.206253572440073,2.930146415462964e-4,0.13735862187821102,0.003799588157438416,0.32592034721899915,36,1000,0.012035604458611057,0,0.04143161484393437,0.07230518983809782,0.5965143771401528,0.8746629754840829,0.0716172275480149,0.11625008840052252,0.3917042054517238,-0.004810429752651946,0.521,0,0
2018-04-01,2021-03-01,0.04251952443926856,0.03788706610397303,0.26938780803969375,0.3035112586839284,3.316287029324491,0.7108044953822183,0.12410718965428709,1.7664458050925292e-6,0.1791872423649811,1.1558904417491929,-0.008833975560717838,0.01677228504139515,0.6018210379542855,0.7193370915163296,0.12233837425532851,1.2332446495850393e-6,0.2894968840443882,0.12217462146124178,0.05003462598035435,0.5289591421084221,0.17884452873634393,1.1514731565212981,0,0.7108044953743092,0.28919550462569077,TRUE,FALSE,FALSE,0.1791872423649811,1.1558904417491926,0.47546876177997005,1.2921074285375969,3.477565573320873,3.427136286371646e-4,0.12466672994758449,0.00441728522789453,0.3836203391175473,36,1000,0.011596630189163468,0,0.03894496247988703,0.0717742498562066,0.5602381457658756,0.8499407171691183,0.07107391426364154,0.14872752954887036,0.4358838285356079,-0.0016944659090816216,0.493,0,0
2018-05-01,2021-04-01,0.050469439664846225,0.03966149917606059,0.2115828408359829,0.298294683738399,3.2032698604772945,0.6976488683805754,0.12049416757296152,1.4607823461118378e-6,0.17885941429045388,1.1516648428916716,-0.00875333025921256,0.016224889471054,0.5930576860176346,0.7079720663957912,0.12143828407394586,1.4322848046805081e-6,0.3007812638634214,0.11881932364664988,0.06789538951598767,0.5336671382108551,0.17851499495364095,1.1472337232387448,0,0.6976488683729106,0.3023511316270894,TRUE,FALSE,FALSE,0.17885941429045388,1.151664842891672,0.5065023277769491,1.3450706132728776,3.664135516926301,3.4441933681292336e-4,0.11977968878475806,0.004431119652927196,0.3862438457978504,36,1000,0.011803745506651492,0,0.039773243220334924,0.07066118391025178,0.5500108704651889,0.8276546054838015,0.06953335500048909,0.16784564363443794,0.44390537572201105,0.0020266072851967687,0.519,0,0
2018-06-01,2021-05-01,0.057452374563992444,0.04151771849226043,0.17518066541648877,0.2928729806786808,3.0878849812181364,0.6846684668466844,0.11316666288447094,6.63333681367579e-7,0.17614870470698984,1.1170211821182106,-0.0064553408636242645,0.015898852315338413,0.6872679679222682,0.6930365320423231,0.11593747906078673,9.206326878733739e-7,0.31341880882130124,0.11283605807335971,0.0922601349975162,0.5345774826450863,0.17595884027946848,1.114614485009838,0,0.6846684668393478,0.3153315331606522,TRUE,FALSE,FALSE,0.17614870470698987,1.1170211821182114,0.5255748395958619,1.381652316046099,3.737060567499021,1.8986442752136345e-4,0.1169141403992123,0.002406697108373379,0.21592193002517246,36,1000,0.01262493953090144,0,0.04156112727924157,0.0679837768096207,0.5477321790187689,0.8092097283379347,0.06676164870717735,0.18712856040397105,0.440625818177527,-0.0014884110762458103,0.486,0,0
2018-07-01,2021-06-01,0.05972579007109143,0.041710747549192066,0.1610417745569234,0.2854604742782413,2.9335565655057056,0.6552646193718245,0.10600480660879252,4.4562935267365624e-7,0.1735994353283169,1.0849235020671772,-0.006227541512392086,0.015498950120904081,0.6903428753805658,0.663786322771765,0.10971706503409762,7.418053563892354e-7,0.34244121874062705,0.10603336754351063,0.13461581835534622,0.5502666191259079,0.17341983819413212,1.0826798500540429,0,0.6552646193650853,0.3447353806349147,TRUE,FALSE,FALSE,0.1735994353283169,1.0849235020671775,0.5403508979943124,1.4123876711286274,3.7602051333630184,1.7959713418477796e-4,0.11204063608410916,0.0022436520131345894,0.2072313447989815,36,1000,0.011039194119965104,0,0.03700926473498336,0.07136562211188398,0.5043470394884071,0.7775004975200525,0.07003923835781836,0.21917068031012152,0.48633412036356155,0.00713406570402525,0.478,0,0
2018-08-01,2021-07-01,0.060726240286909705,0.041532809588177,0.15262817421065436,0.2794051570709368,2.810420704722056,0.6420831949518433,0.10566793444258972,6.124610678811537e-7,0.17248543038756947,1.0710440530554626,-0.004145874802562149,0.015135621543791559,0.7858071755624668,0.6478498644661177,0.1098021802395631,1.1607382847683948e-6,0.35629601033644454,0.1064492488893667,0.1476554825132858,0.5649365381596032,0.172405692438698,1.0700540202696094,0,0.6420831949451792,0.3579168050548208,TRUE,FALSE,FALSE,0.17248543038756944,1.0710440530554626,0.5422001273675521,1.4163924327895372,3.7885813532808394,7.973794887147778e-5,0.10699946463223883,9.900327858531899e-4,0.09252175750937719,36,1000,0.011240383802979745,0,0.038587424525496225,0.0699776901603357,0.49139361632081624,0.7569489148733872,0.06827638784440603,0.24004712175245235,0.4933461000468364,0.004901020185572702,0.509,0,0
2018-09-01,2021-08-01,0.0691676291865771,0.0422500755055717,0.11057092415360732,0.2716632116988487,2.6568324212592054,0.6300619834710741,0.10407993496386057,6.562444495525785e-7,0.1704997541057984,1.0465259814049577,0.0014866154666100361,0.0149236143001692,0.9212350517766978,0.6279093397032666,0.10970761218755513,1.969668716061689e-6,0.37060404483012344,0.1067770868499294,0.16132095460426182,0.5798871350559851,0.17048987529704762,1.0464047128369027,0.0014866154674372206,0.6279093396955818,0.37060404483698095,FALSE,FALSE,FALSE,0.17048987529704762,1.0464047128369023,0.5538417992570285,1.4424617970291551,3.788862833327128,9.87880875077951e-6,0.1011733364018011,-4.440892098500626e-16,-4.243952692511242e-14,36,1000,0.012663503343917736,0,0.0405025587417314,0.06876112709368148,0.48696560628603697,0.7488533554556565,0.0665155283134561,0.24938039764939543,0.49953536897677847,0.0024140552435896745,0.458,0,0
2018-10-01,2021-09-01,0.0714399329164807,0.04264404191296294,0.10279619353684519,0.26744738456247324,2.575011726335067,0.6288727347189516,0.10230837329378736,4.948565357322669e-7,0.1644999953060306,0.974168944404627,0.004435618380316649,0.014970636386986534,0.7688125412596758,0.6225423393337861,0.10739457426404256,1.5815279884404674e-6,0.3730220422858972,0.10552317904254348,0.166196611362512,0.5798474732092824,0.16440892509928015,0.9730906074828255,0.004435618381123176,0.6225423393262608,0.37302204229261604,FALSE,FALSE,FALSE,0.16440892509928015,0.9730906074828256,0.551854136580478,1.4379033970940684,3.755560642342312,9.107020675044875e-5,0.1030384594631931,1.1102230246251565e-16,1.140924612865253e-14,36,1000,0.013362512379637438,0,0.0437517233224453,0.06899702749840032,0.48127198585468156,0.7460751085136754,0.066793026806322,0.24771901185122103,0.5030591807776696,0.004452368097117854,0.401,0,0
2018-11-01,2021-10-01,0.06949033092477712,0.04262679092670345,0.11202665747516513,0.2637043051169181,2.5034385793390785,0.6125539363347713,0.10117546694288093,6.54780922028965e-7,0.16428782950180168,0.97165767320687,0.005449513915231513,0.015417571117722441,0.725925008761404,0.6049736194433633,0.10745923360976593,2.607818992728566e-6,0.38957686664140523,0.1048863017385946,0.1839997152337598,0.5951540180490507,0.1641495503508545,0.9700226956939579,0.005449513915990889,0.6049736194361501,0.38957686664785895,FALSE,FALSE,FALSE,0.1641495503508545,0.9700226956939577,0.5578917618322289,1.4518913294479014,3.715485234639061,1.3827915094719034e-4,0.09955475476606362,-2.220446049250313e-16,-2.2890660796980605e-14,36,1000,0.013379293155874791,0,0.04512623707095929,0.06969559561876855,0.46838382399297934,0.7330703304073056,0.06713320744164786,0.2568375643550246,0.5182911667856551,6.643004723304036e-4,0.405,0,0
2018-12-01,2021-11-01,0.06475754454236768,0.04197379693896192,0.13187141774151842,0.25418212168798027,2.3259078354889153,0.5924542244847685,0.1000357128366503,9.769224823110059e-7,0.1573000156540978,0.8907586172920592,0.006867286720100978,0.0154687376716986,0.6598942133756871,0.5832865179439657,0.10611005577899157,3.882463441937913e-6,0.40984619533593336,0.10383545031756133,0.20632871271351316,0.6133636779583536,0.15706313375360034,0.8880778074420487,0.006867286720779881,0.5832865179370725,0.4098461953421476,FALSE,FALSE,FALSE,0.15706313375360034,0.8880778074420488,0.5513055100485689,1.436653147241787,3.70382520182046,2.3688190049744873e-4,0.09711898793437992,1.1102230246251565e-16,1.2501416152070706e-14,36,1000,0.01471594868106961,0,0.0490120590301898,0.07390462518491106,0.4344890726368004,0.7162470812986677,0.0715568250276926,0.2753991963051268,0.5552724693520844,0.0033464555878707225,0.382,0,0
2019-01-01,2021-12-01,0.06881283399785879,0.04132814017872861,0.10483375318266003,0.24404011053211275,2.1440007197469284,0.5783849242601288,0.10367290481392366,2.7727433744401536e-6,0.15653406464499672,0.8821048821942244,0.011948987532067343,0.017000904719829218,0.48693768418670924,0.5614046638329916,0.11305228823039325,1.9017829597558202e-5,0.4266463486349411,0.10941538981679151,0.21219218459402975,0.6411005126758524,0.15581625165183818,0.8740333540378429,0.011948987532762419,0.5614046638260399,0.42664634864119766,FALSE,FALSE,FALSE,0.15581625165183816,0.8740333540378424,0.5651951017385889,1.4693900406965412,3.8247676458988464,7.178129931585397e-4,0.08822385888027456,-4.440892098500626e-16,-5.080918340226579e-14,36,1000,0.016205581368808838,0,0.053546542138434544,0.07798755543880444,0.40453882024896337,0.7063575684583437,0.07469368019523565,0.28496903537633445,0.573011778350287,3.7513206722272763e-4,0.316,0,0
2019-02-01,2022-01-01,0.07149247648951766,0.04297210610306051,0.10510338951131847,0.24338756522661292,2.132550248649795,0.5801562466739039,0.10412834334825652,2.8357052919283376e-6,0.15623541401385818,0.8787421653149401,0.010782864072729399,0.01755179031221084,0.5430764765283878,0.5643417466231789,0.11437185790442275,2.0897195350844005e-5,0.42487538930409163,0.10985809767104639,0.20955351786884072,0.6401972607393426,0.15567687562321134,0.8724704257369731,0.010782864073486654,0.5643417466160616,0.42487538931045177,FALSE,FALSE,FALSE,0.15567687562321134,0.872470425736973,0.5767140688136488,1.4983498309982228,3.8227331502023625,5.585383906468455e-4,0.08771068960340159,-1.1102230246251565e-16,-1.2725050521768168e-14,36,1000,0.0163004536887058,0,0.05335485991574994,0.07571909327692353,0.4061333105319376,0.6998463225855766,0.07292419728340718,0.290959230648867,0.5742113306546436,3.618482208784801e-4,0.31,0,0
2019-03-01,2022-02-01,0.07110704180497544,0.04206995117253978,0.09987696332233867,0.23999795580433433,2.0735646764493323,0.5704061813882787,0.10417323182499641,3.795881410655731e-6,0.15479552269822563,0.8626195385070083,0.015100826703511263,0.01877159546902078,0.42672607379791805,0.5491716799301747,0.11541068728733539,3.525594349900095e-5,0.435727493366314,0.11073078139935837,0.2186951618235716,0.6527598249090564,0.15364658026893815,0.8498617786202132,0.015100826704187947,0.5491716799234262,0.4357274933723858,FALSE,FALSE,FALSE,0.15364658026893813,0.8498617786202132,0.5783028811363706,1.5024810973630933,3.790160454513942,0.0011489424292874806,0.08635137553539618,0,0,36,1000,0.017574262329612917,0,0.056366631572168,0.07566599858971357,0.4006985555531642,0.6842766938101166,0.07261378924098473,0.30454544803812855,0.5736416583142325,0.0028373964452781397,0.223,0,0
2019-04-01,2022-03-01,0.07086614173228346,0.04126049681633282,0.09471978189323983,0.2350612343667331,1.9891362204724403,0.5634143751990655,0.10278284544289493,3.7268176461241703e-6,0.15150506929975044,0.8263362968467984,0.01594947454255958,0.01916222698748834,0.4110258464343691,0.5406621170247746,0.115269623254883,4.313075435557356e-5,0.4433884084326658,0.10998476989736154,0.22781825943383718,0.6589585574314945,0.15018033249051116,0.8119487616105775,0.015949474543227364,0.5406621170180816,0.443388408438691,FALSE,FALSE,FALSE,0.15018033249051116,0.8119487616105773,0.5828640635965228,1.514533118961417,3.8303157821713603,0.0013247368092392797,0.08488090187622194,-2.220446049250313e-16,-2.734712033855249e-14,36,1000,0.017241315195895144,0,0.05625359113500885,0.08305193922007857,0.3755089538597842,0.7022171338368535,0.07990818114259243,0.28144294720278673,0.606792284902039,-0.004132951545814223,0.254,0,0
2019-05-01,2022-04-01,0.06994085416742266,0.0410488910088343,0.09727499983029252,0.2304195212976577,1.911353608621502,0.5528244933160842,0.10288186950167916,5.176632828107987e-6,0.15068897319548621,0.8174579991375588,0.017002775651360054,0.019568225846446026,0.3909958474081854,0.5285385321566268,0.11617074236172066,6.537491364427229e-5,0.45445869219201307,0.11049353890898674,0.23789135593039906,0.6710260284536271,0.14917107660028928,0.8010723633872172,0.01700277565201106,0.5285385321499987,0.4544586921979903,FALSE,FALSE,FALSE,0.14917107660028925,0.8010723633872169,0.5562529417587192,1.4480525663233423,3.8524338838479033,0.001517896595196938,0.08124844469736842,-3.3306690738754696e-16,-4.15776305125822e-14,36,1000,0.018667462092394112,0,0.06154661292545217,0.07868539057051271,0.3760451342778231,0.6826121179146234,0.07520794666617989,0.30905995026053174,0.6049132315582821,1.6021098758006724e-4,0.242,0,0
2019-06-01,2022-05-01,0.0657894138425038,0.03999366966499156,0.10892384690856526,0.22344485280039741,1.7973936807476856,0.5357832806462944,0.10003223169890645,5.455489006959556e-6,0.14674877675570566,0.7752673252546538,0.015367016377349753,0.019324683361090042,0.4320128499604037,0.5139516055308178,0.11445369779097889,7.782322031660284e-5,0.4706813780918325,0.10778799923008957,0.259416899600857,0.681945856582808,0.1454744603939412,0.7618614705687017,0.015367016377979374,0.5139516055242818,0.4706813780977389,FALSE,FALSE,FALSE,0.1454744603939412,0.7618614705687012,0.5467200867424136,1.4263358574945202,3.8677465601045213,0.0012743163617644493,0.0779703924064562,-4.440892098500626e-16,-5.829002082472635e-14,36,1000,0.016949172683842096,0,0.05607055637680584,0.07624250859635556,0.35221716065380476,0.6543092945278801,0.0737068322885413,0.32957685230372086,0.6189416632208514,0.0032751506668105,0.226,0,0
2019-07-01,2022-06-01,0.06431173469905475,0.03773783633100832,0.09721300658645071,0.21689609577243069,1.6935809890076434,0.5233816576665392,0.09671050121275945,4.606282846102328e-6,0.1449506739877872,0.7563851240224955,0.015192368612435538,0.019053882172401126,0.43078861149249237,0.5003270706429183,0.11347865015840852,9.885841077526921e-5,0.4844805607446462,0.10557698555093378,0.277549669064816,0.6914114524244763,0.14364646851860538,0.7428350850432008,0.015192368613069242,0.5003270706363511,0.48448056075057966,FALSE,FALSE,FALSE,0.14364646851860538,0.7428350850432007,0.5387382729035257,1.4089248306306397,4.032339179387823,0.0013042054691818072,0.0732496272538253,-1.1102230246251565e-16,-1.4945753734297425e-14,36,1000,0.016361881744180958,0,0.05472460630475448,0.07563887537327002,0.34452303312378935,0.6431503256811549,0.07166128152699547,0.342153720766626,0.6233749393439871,0.003264263903600295,0.206,0,0
2019-08-01,2022-07-01,0.07124432343218019,0.03486213566288899,0.04857674928422527,0.20194429834091887,1.4681339867666177,0.5148449197860961,0.08003149357782657,2.0850205409745406e-7,0.13331455727868716,0.6398197625668446,0.020443631944234934,0.020022457258326874,0.3144482912140574,0.4771586694983063,0.10206057052814778,4.511141668485459e-5,0.5023976985574587,0.09122129978923954,0.3236039509705493,0.6811914461443682,0.1304509670508556,0.6126283729621229,0.02044363194489514,0.4771586694919862,0.5023976985631187,FALSE,FALSE,FALSE,0.1304509670508556,0.6126283729621231,0.5667674709159635,1.4732430324294483,4.461540904865159,0.0028635902278315584,0.07149333129006327,2.220446049250313e-16,3.624458394759325e-14,36,1000,0.015809398454192367,0,0.05554678437712258,0.07162539184088844,0.3338757234712481,0.6066993386039967,0.06639235576586926,0.3814584724146051,0.6335461760061317,8.874561201497322e-4,0.108,0,0
2019-09-01,2022-08-01,0.07983309874323156,0.03224034033144476,0.01826165316249008,0.18741057270551,1.2644180194250605,0.5051809932676354,0.07306080837551504,4.926499502430501e-8,0.12832115143792155,0.5927874446287442,0.02527466243606805,0.019811198649805878,0.21068194719102393,0.444792576953659,0.09253717771642286,3.055209833320607e-5,0.5299327606102731,0.08038727494361081,0.37237370172079587,0.6874918194997502,0.12334568849101207,0.5477097192955843,0.02527466243680314,0.4447925769475628,0.5299327606156341,FALSE,FALSE,FALSE,0.12334568849101207,0.5477097192955842,0.6336405503709421,1.67084474504164,5.183227056916355,0.004975462946909481,0.06406488421449794,-1.1102230246251565e-16,-2.0270281601959283e-14,36,1000,0.014613941892537561,0,0.055520308476503216,0.06303469922575561,0.3196051827005062,0.5594553169426082,0.05656449763715559,0.4244856381802478,0.6437337215781169,0.002126363576086865,0.053,0,0
2019-10-01,2022-09-01,0.09200832596937084,0.026828894013101248,0.0015659715260761457,0.1763515833895602,1.11959571470418,0.47720858133107136,0.05276325559806267,1.0969769002398617e-10,0.1290857765424525,0.5998729574004472,0.02777235354853075,0.020925435352760036,0.19328467501014593,0.39658667486789895,0.08745488858551143,6.831215180255725e-5,0.5756409715835702,0.07118478862331362,0.43611878588187547,0.7151631572852649,0.12357990549158525,0.5497917494871292,0.02777235354939584,0.3965866748624879,0.5756409715881162,FALSE,FALSE,FALSE,0.12357990549158525,0.5497917494871294,0.7456637222627729,2.252325233163671,6.016110026593031,0.005505871050867264,0.05277167789797495,2.220446049250313e-16,4.038703838901996e-14,36,1000,0.014043240664221872,0.0013996229802772397,0.056260246428273396,0.06051590651753544,0.2774673125387029,0.4988582736439321,0.05260446582491942,0.4824769564781071,0.6803145075564911,0.0010117554295850928,0.016,0,0
2019-11-01,2022-10-01,0.1057935688854208,0.020547303847046887,1.022943728686884e-5,0.16303642782220631,0.9569115646929176,0.45887697541230676,0.04107048186741309,4.307426212944987e-13,0.1292704963984329,0.6015910046075008,0.03639994206122381,0.02021782818595488,0.08067698083786208,0.34671043561125675,0.07688458319190106,7.358846688876327e-5,0.6168896223275195,0.0604184653242973,0.49846943029189683,0.7353098143631422,0.12121721249642473,0.5289700537945219,0.03639994206216521,0.34671043560648973,0.616889622331345,FALSE,FALSE,FALSE,0.12121721249642474,0.5289700537945221,0.8182048389183685,3.0253447508891615,6.839206539573128,0.008053283902008185,0.04181921532578159,2.220446049250313e-16,4.197678173503644e-14,36,1000,0.014449315412158676,0.010054887251356736,0.06525046182869546,0.058316921841390375,0.22934708703290152,0.4587635927012648,0.04770507104759781,0.5240213863091188,0.7112575739564464,0.0010786101036900364,0,0,0
2019-12-01,2022-11-01,0.11703066305835969,0.015912019400190495,1.338739466714554e-8,0.14693059650664822,0.7771896068327806,0.4628674747204178,0.03087919507893624,8.407940196855317e-17,0.1264502550177536,0.5756280117859771,0.04901179448257761,0.018270382525856273,0.011196873224036582,0.30572769592085186,0.06657181200788001,5.762358895206321e-5,0.6452605095965704,0.050934448293932955,0.5454289909404618,0.7450920282526791,0.11267804426772528,0.4570682997599805,0.049011794483521,0.3057276959165476,0.6452605095999314,FALSE,FALSE,FALSE,0.11267804426772528,0.4570682997599803,0.8602811151536561,3.847390887239752,7.874184409514853,0.01377221075002831,0.03425255223892294,-1.6653345369377348e-16,-3.643513535750016e-14,36,1000,0.01470265490574652,0.02227352819241446,0.07747625897554246,0.056979620241692126,0.19063291522011197,0.41011990921492053,0.04532798370095276,0.560534207015971,0.7371538642377723,0.0018943365673550483,0,0,0
2020-01-01,2022-12-01,0.12101154759640868,0.013752579623822071,2.156125201450439e-10,0.14277188550218137,0.7338172064345275,0.4174055963689111,0.03699955702919104,3.299469043031182e-13,0.13441937304906562,0.6504684426325392,0.05922401631448364,0.01982294497918269,0.005188331474882572,0.24388485417007194,0.06502707076887793,6.57852226051601e-4,0.6968911295154445,0.04791184209298951,0.602983919013185,0.790798340017704,0.11447235096030137,0.4717410888376227,0.059224016315126735,0.24388485416747446,0.6968911295173987,FALSE,FALSE,FALSE,0.11447235096030138,0.4717410888376228,0.8645734598840812,3.9601963443260972,7.608785350467396,0.019947022088764255,0.02829953454188,5.551115123125783e-17,1.176729196263954e-14,36,1000,0.014267550152750703,0.031870138613597755,0.08729562101769478,0.04861911939618864,0.1509668237704357,0.3336100397573846,0.03747045295189892,0.6294811909384447,0.7702333580841167,-0.0011709060190984166,0,0,0
2020-02-01,2023-01-01,0.12115893631774725,0.011826993706353806,4.491570031561972e-12,0.13955348864198014,0.7011063429173018,0.3907182870199749,0.040732107483617885,2.49018698164733e-11,0.13820897225948028,0.6876619204687842,0.06359707048247848,0.020979596776989684,0.004632712927873578,0.21114369422175128,0.06692301561520717,0.00335044826876621,0.7252592352957703,0.04886737696251346,0.6294791764492439,0.8210392941422967,0.11526647296962093,0.4783089524708286,0.06359707048299297,0.2111436942198121,0.7252592352971949,FALSE,FALSE,FALSE,0.11526647296962093,0.4783089524708287,0.8747437437722275,4.258519694114369,7.745628062026506,0.02294249928985935,0.024287015672359205,1.1102230246251565e-16,2.3211420545026646e-14,36,1000,0.015971098458681308,0.03426762545208915,0.09729115815192584,0.0504566300666944,0.10459267984758472,0.2968498924059237,0.03740804970005183,0.6589497129571921,0.8039868177642323,3.4299244294055953e-4,0,0,0
2020-03-01,2023-02-01,0.11770863888250263,0.010948439954758502,1.232031467606111e-12,0.14178491690197706,0.7237066557924194,0.3860421066747126,0.03903636455103772,1.1335910345527618e-11,0.13568784692275754,0.6628029048912126,0.05713469662637399,0.022285454910137732,0.01494668389824014,0.21889213732283508,0.06858302760192339,0.003040773718953988,0.723973166050791,0.049766996616408606,0.6264298526826301,0.8215164794189519,0.11855494457861848,0.5059898958254149,0.05713469662698101,0.2188921373206006,0.7239731660524185,FALSE,FALSE,FALSE,0.11855494457861847,0.5059898958254148,0.8885432721638217,4.750800252876854,8.703356029370251,0.017132902344139056,0.023229972323358578,-1.1102230246251565e-16,-2.1941604640425948e-14,36,1000,0.016293482880654322,0.027060179517322314,0.08723595140535362,0.05239591410956014,0.1129789644730192,0.315069432081498,0.038634832778878435,0.6556965988128927,0.8042313952653262,-1.3022552138652888e-4,0,0,0
2020-04-01,2023-03-01,0.11516809745061614,0.01154324133699005,9.00195815007654e-12,0.1388399884753495,0.6939555263940667,0.3831022744673082,0.037282954490529596,4.143159635099336e-12,0.1359921930852854,0.6657795568852397,0.05777280652871012,0.02080153713647145,0.008853606168483972,0.2081930992296161,0.05898692334562951,0.0012179202763023217,0.7340340942416739,0.04257766763588395,0.6505818656753414,0.8174863228080064,0.1191874207703196,0.5114030857157237,0.05777280652932897,0.2081930992273337,0.7340340942433374,FALSE,FALSE,FALSE,0.1191874207703196,0.5114030857157236,0.8933786921202982,4.953572334552474,9.571512105147264,0.0168047723149658,0.019652567705029905,-1.1102230246251565e-16,-2.170935326038103e-14,36,1000,0.018173984165830943,0.022922921256091692,0.0918044249180545,0.059634595897744586,0.09465892741300144,0.3183136832673623,0.04384542508199358,0.6533560172145796,0.8216705205977005,0.0010960964777281257,0,0.001,0
2020-05-01,2023-04-01,0.1144534854741039,0.011940958866424791,2.540166178864603e-11,0.13597312511096152,0.665592867087883,0.38030685396520525,0.03548572533010844,1.3423010541646414e-12,0.13635663516185847,0.6693527502959107,0.05987314628635309,0.02181498501990924,0.00960619485751509,0.19666596464148314,0.05931169716761096,0.0021812770917727935,0.7434608890721638,0.041756629693802456,0.6616178948723109,0.8253038832720166,0.1191402162578808,0.5109980806790858,0.059873146286967965,0.19666596463923136,0.7434608890738007,FALSE,FALSE,FALSE,0.11914021625788077,0.5109980806790854,0.8961099172284962,5.076476709295372,10.177358022353737,0.01721641890397768,0.016832908853080725,-4.440892098500626e-16,-8.690623832870266e-14,36,1000,0.01844455630144485,0.022545784962582457,0.09522998138761113,0.061106708128413685,0.08322738662483485,0.31669937520476943,0.045288385162492846,0.6576844424038544,0.8335819930730705,-0.001152555348489015,0,0,0
2020-06-01,2023-05-01,0.1131343101264602,0.01260763439805684,1.3325536979758117e-10,0.1355845904729975,0.661794522254296,0.3775622136665736,0.034423580216705905,7.154881901495162e-13,0.13610287579398878,0.6668637407781817,0.059213214829666606,0.022805604645056148,0.013814385400379341,0.19449514752277347,0.05993997778686405,0.0026390184701936587,0.7462916376475599,0.041383568888101206,0.6651798426268816,0.8274034326682382,0.11914275038657979,0.5110198189084388,0.05921321483027637,0.19449514752053965,0.7462916376491839,FALSE,FALSE,FALSE,0.11914275038657979,0.5110198189084388,0.892009016908004,4.894285542817915,10.446631478385338,0.016960125407408988,0.01644184008641772,0,0,36,1000,0.02169595893723622,0.01680566298837553,0.10217237367018991,0.07062685360024216,0.04615181099194642,0.31797392340769415,0.05187783994883893,0.6558868352489866,0.8553839517175938,0.0016585943021063532,0.002,0.005,0
2020-07-01,2023-06-01,0.11288254211097243,0.012661386016119863,1.5632302651967801e-10,0.1357756258105307,0.663660740312685,0.3711390846227554,0.033345615839037904,4.787752213357132e-13,0.13604010449153678,0.6662487610824568,0.0587532680361059,0.023596520309337628,0.017827928611566735,0.19152256643964152,0.06031065205030932,0.0031728962176676887,0.7497241655242526,0.04081484775761182,0.6697270639193335,0.8297212671291717,0.12012443249996795,0.5194756542038169,0.05875326803672508,0.19152256643741722,0.7497241655258577,FALSE,FALSE,FALSE,0.12012443249996797,0.519475654203817,0.8888140345945134,4.761686814786921,10.60067033514962,0.015915671991568833,0.015651193310562764,1.1102230246251565e-16,2.1371993386807673e-14,36,1000,0.022407353135405088,0.013855037788567835,0.10011778366033516,0.07468975473593564,0.05283551164869001,0.33302097893634375,0.05528538235327392,0.6442174874344649,0.8555870486731013,-0.0023726413401677915,0.006,0.006,0
2020-08-01,2023-07-01,0.11361981719160409,0.012711982376266502,1.4691891746986204e-10,0.13620237914582267,0.6678391710593676,0.36816860120709904,0.033194213866490435,5.26886749663151e-13,0.1372296357925393,0.6779510258311073,0.05998133407370444,0.022549932639183857,0.011836429692906112,0.18859006769765516,0.05483676949336715,0.0015608295052969374,0.7514285982286404,0.0367334040611809,0.6794311262687258,0.823426070188555,0.11923768276330687,0.5118344996674683,0.05998133407425105,0.1885900676956994,0.7514285982300496,FALSE,FALSE,FALSE,0.11923768276330687,0.5118344996674684,0.871332024004239,4.15316017541756,9.984019397151593,0.017991953029232427,0.016964696382515798,1.1102230246251565e-16,2.1691054927841965e-14,36,1000,0.0204405173447566,0.019827952931293247,0.10032868401554577,0.0673645703044723,0.05854291365795836,0.3190479957499278,0.04997888437752377,0.6530716158475354,0.8478806460905861,-0.003021311818893868,0.002,0.003,0
2020-09-01,2023-08-01,0.11397823655655913,0.012769462701552417,1.5192675958931336e-10,0.1371959634135252,0.6776183655707525,0.36828934401140906,0.03325375947938577,5.484936627739525e-13,0.1366479486924821,0.6722158277470761,0.05894137851344878,0.021757300214546815,0.010490373628538156,0.19337337332487353,0.05116242949778405,6.061012626025093e-4,0.7476852481616776,0.03414797616472851,0.6807552148788097,0.8146152814445454,0.1184258342570786,0.5048884159014618,0.05894137851398337,0.19337337332296184,0.7476852481630547,FALSE,FALSE,FALSE,0.1184258342570786,0.5048884159014618,0.8603976635222691,3.8503616901521274,9.697156856574052,0.01822211443540349,0.01877012915644659,0,0,36,1000,0.019720831831227748,0.018512778035382767,0.0958168725207713,0.06348136831579779,0.05726722847476264,0.3225994022419159,0.047267339967912145,0.6549311556842565,0.8476090211189607,-0.0010218243285510242,0.001,0.003,0
2020-10-01,2023-09-01,0.11414374220013628,0.012777950066038525,1.4901456893201499e-10,0.1380324603813574,0.6859065642815162,0.3689791985869224,0.03329393024910671,5.385886300908614e-13,0.135144678777318,0.6575070312656807,0.05706549614708728,0.021486884746062786,0.011955909341799216,0.1999011751992338,0.04983825351414364,3.137683029058844e-4,0.7430333286536789,0.03316144664729496,0.6780368932249807,0.808029764082377,0.11808059715555655,0.5019489872860619,0.05706549614764766,0.199901175197239,0.7430333286551134,FALSE,FALSE,FALSE,0.11808059715555654,0.5019489872860619,0.8639993987365865,3.9446947643032115,9.72543677188693,0.017064081621761457,0.019951863225800864,0,0,36,1000,0.023870680854105413,0.013427554577578257,0.10416828868232571,0.07407200129410806,0.04998043402284291,0.32898097719549263,0.0533049792071372,0.6491208315278374,0.8538611452751278,0.0010539447375486066,0.003,0.004,0
2020-11-01,2023-10-01,0.11455816586050041,0.012847580997276212,1.5580043274769306e-10,0.1436147953893342,0.7425075403699317,0.37267926135701845,0.03365015997369753,5.485043762069113e-13,0.13265475448916306,0.6335022199888847,0.050042480887231955,0.021155243110941,0.023850721205520443,0.2243741825403827,0.04996026729304053,7.76914207537857e-5,0.7255833365723854,0.03383086241108627,0.6592748462466563,0.7918918268981144,0.12004845315549638,0.5188187197809868,0.0500424808879034,0.22437418253801933,0.7255833365740773,FALSE,FALSE,FALSE,0.12004845315549637,0.5188187197809864,0.8756571642913012,4.287713635091556,9.919826307327487,0.012606301333666678,0.023566342233837814,-4.440892098500626e-16,-8.559621943431988e-14,36,1000,0.023002482701300866,0.007077971625391547,0.0974562030614523,0.07289539646255339,0.07685954559052816,0.3555277501017403,0.05313965967557599,0.631484928529081,0.83253419461062,8.437532135390224e-4,0.006,0,0
2020-12-01,2023-11-01,0.11506087929456492,0.012975887050976216,1.7857524792588892e-10,0.15182348465088089,0.8298133376953055,0.37550651373361665,0.03417446430632207,6.810724552585093e-13,0.13394764472797535,0.6459109750141886,0.043811035161320955,0.021596585417193788,0.050388553994922314,0.24636651517430336,0.05509088939303609,8.216746580941448e-5,0.7098224496643757,0.03857483282731788,0.6342157773228326,0.7854291220059187,0.1245486717422243,0.5584453787790842,0.043811035162069675,0.2463665151716898,0.7098224496662405,FALSE,FALSE,FALSE,0.12454867174222427,0.558445378779084,0.8798488271698007,4.427403048819273,9.88638975448943,0.009398972985751056,0.02727481290865659,-2.220446049250313e-16,-3.976120375648593e-14,36,1000,0.02171695452113418,0.0018123810604864959,0.0861087170801433,0.07001530333275932,0.10289799086813778,0.3788157281321807,0.0519567362407857,0.6119205186762127,0.8170524221979413,9.210802220056546e-4,0.02,0,0
2021-01-01,2023-12-01,0.11490219172787394,0.01304071436931682,2.0864901527461826e-10,0.1583631013356332,0.9028393871270415,0.3764592562782243,0.034609910680330785,8.978263064437734e-13,0.13515386125638765,0.6575963836503919,0.03921527140489951,0.02238885119595497,0.0888678921485809,0.26163514713840635,0.06110560649786253,1.4342068587193323e-4,0.6991495814566941,0.04362931433819248,0.6136361253538369,0.7846630375595514,0.12752101231906757,0.5854179089836721,0.039215271405673637,0.261635147135708,0.6991495814586184,FALSE,FALSE,FALSE,0.12752101231906757,0.5854179089836722,0.8794659420048555,4.414238168669215,9.661856345671692,0.00763284893732008,0.030842089016565627,1.1102230246251565e-16,1.8964623520872196e-14,36,1000,0.022479741545319856,0,0.08332666710643913,0.07206828628455367,0.11885412517175051,0.3950936831810635,0.0532444419731234,0.5975308539376636,0.8053823383663304,8.120383254900387e-4,0.05,0,0
2021-02-01,2024-01-01,0.1149914712633993,0.013080489663843297,2.2052252002959904e-10,0.16454518969193746,0.9747043002272046,0.3792327439994194,0.03557830245872542,1.554497014421519e-12,0.1359282817194701,0.6651539197634748,0.034705105998347995,0.023213998213582988,0.14413699366568783,0.2779432695689387,0.0670961726556729,2.148584441574451e-4,0.6873516244327134,0.04864356586516482,0.5920102353369903,0.7826930135284365,0.12987953042615508,0.6072729272538677,0.03470510599915574,0.27794326956612275,0.6873516244347215,FALSE,FALSE,FALSE,0.1298795304261551,0.6072729272538677,0.8784910657391424,4.381094836982892,9.517668181566865,0.00604875129331503,0.034665659265782384,0,0,36,1000,0.023417344976437778,0,0.08188848572779944,0.07530009579567629,0.12038485370513076,0.41040029149087054,0.05579154571128726,0.5871740933769614,0.8033679015127759,0.0022592392437720266,0.101,0,0
2021-03-01,2024-02-01,0.11380695902688232,0.012888813747229777,1.9802715623678342e-10,0.1669567780062502,1.0034843660002188,0.3779317101395911,0.03487492559094268,9.93545397831986e-13,0.1296694986567669,0.6053104397483018,0.028501638706800524,0.023882085094578998,0.24096152406047414,0.2955165158057922,0.07101200855193952,2.0334149995472183e-4,0.6759818454874073,0.051502753232300046,0.5750364491520992,0.7769272418227153,0.12521055209335927,0.5643965647988579,0.028501638707620146,0.2955165158029363,0.6759818454894435,FALSE,FALSE,FALSE,0.12521055209335924,0.5643965647988578,0.8784279708810978,4.378968166719104,9.213091444557925,0.004458946563407645,0.04174622591289093,-1.1102230246251565e-16,-1.967097416726522e-14,36,1000,0.022076344828692755,0,0.07762123518305347,0.07181880336017762,0.14801971203196923,0.41277300307687304,0.05360527900817757,0.5821538337398857,0.7839364919099551,0.003038167223875843,0.117,0,0
2021-04-01,2024-03-01,0.11255013116527426,0.012860369908936934,2.4598282641820404e-10,0.16985538241783057,1.0386306337070688,0.3756430658069297,0.034229161754727414,7.04471236544679e-13,0.127881883208727,0.5887359379083777,0.02581501979623399,0.023319605801011858,0.2760607358431694,0.30169033586142063,0.06894763994076332,1.0900397425776587e-4,0.6724946443423454,0.05004213598308228,0.5744120578155041,0.7705772308691867,0.12397687424005216,0.5533295524680135,0.025815019797022873,0.3016903358586617,0.6724946443443155,FALSE,FALSE,FALSE,0.12397687424005216,0.5533295524680135,0.8797154833635744,4.422808686875425,8.863834779555456,0.00390500896867485,0.045878508177778415,0,0,36,1000,0.02007994036160038,0,0.07059562577230412,0.06483723324682304,0.16814115112208014,0.413803038002793,0.04864277894283306,0.583440831054315,0.7718853536369755,-0.0018083069551639852,0.126,0,0
2021-05-01,2024-04-01,0.11115337681972033,0.012803725617074713,2.991872965349045e-10,0.16797251476125205,1.0157315657478854,0.37233835976001733,0.033518669191489284,5.05136439722654e-13,0.12486808590590065,0.5613133996009219,0.02503428007645782,0.02317422347797171,0.28762814856654445,0.3007210146669049,0.06769285215279834,8.962251118565941e-5,0.6742447052566374,0.04884629461232969,0.5785059678164712,0.7699834426968035,0.1210503178527634,0.527514460281182,0.025034280077232015,0.30072101466418666,0.6742447052585814,FALSE,FALSE,FALSE,0.12105031785276339,0.5275144602811817,0.8839818063264734,4.5750642346644375,8.752630942462128,0.0038177680531372438,0.046922196908488645,-3.3306690738754696e-16,-6.31389151323002e-14,36,1000,0.01875155382049455,0,0.06525494690013431,0.05886427893257444,0.18008592029477838,0.4031823091177855,0.04402755682628818,0.5934749793346594,0.7639672886654411,0.002087933318029367,0.109,0,0
2021-06-01,2024-05-01,0.10990544701215592,0.012778186445926374,3.7438590678386963e-10,0.16180320622791092,0.9424899916427474,0.3682942732527694,0.03284380849840607,3.897707769834333e-13,0.12010143971316024,0.519276809562259,0.02624421323950378,0.023226025708008625,0.26640665048476186,0.29302244690526386,0.06675417769288053,1.0464752053861284e-4,0.6807333398552324,0.04772790489212197,0.5871866462666734,0.7742800334437915,0.11573247511202224,0.4821842086399744,0.026244213240259183,0.29302244690260215,0.6807333398571387,FALSE,FALSE,FALSE,0.11573247511202224,0.48218420863997447,0.8857747712386778,4.642459698098974,8.762960930491174,0.0043689646011380034,0.04607073111588868,5.551115123125783e-17,1.1512436582655809e-14,36,1000,0.019849672873846994,0,0.06922523128076932,0.06333680512194316,0.15143698411963835,0.39428947756143284,0.04696529891405695,0.6004365811411612,0.7823952546432544,0.003107738018145678,0.115,0,0
2021-07-01,2024-06-01,0.10946704986434047,0.012842554057371919,4.6484460465764433e-10,0.16109864433107754,0.934299835391197,0.36768910573543967,0.03306378240940535,4.901120833985071e-13,0.12009967887035673,0.5192615831314613,0.026436227371697214,0.02325067161642923,0.26348454105362984,0.29167789402279937,0.06696865705713434,1.1564168517733358e-4,0.6818858786055033,0.04792931879375667,0.5879444137697403,0.7758273434412664,0.11567542947641883,0.48170897944394203,0.026436227372452686,0.2916778940201296,0.6818858786074178,FALSE,FALSE,FALSE,0.11567542947641883,0.48170897944394214,0.8866445275624524,4.675923835593333,8.772222821877172,0.004424249393937901,0.04542321485465871,1.1102230246251565e-16,2.304758831580711e-14,36,1000,0.019338917638445204,0,0.06619632950816183,0.06280826955907425,0.16084814420080926,0.3951073229623968,0.04704822079424452,0.5996562577717213,0.7778406182001114,0.0027931995557132216,0.093,0,0
2021-08-01,2024-07-01,0.10936332496543394,0.012841184110736151,4.74292139269509e-10,0.16071792883566285,0.9298890953721068,0.36750060723828026,0.0331222734813207,5.217962987672263e-13,0.1206922425547518,0.5243982268642217,0.02657578481091497,0.023478754791165,0.26559347648022236,0.29085707921065534,0.06779469283157817,1.3988074250354354e-4,0.6825671359784298,0.048464871321884186,0.5875759881875368,0.7775582837693228,0.11630041979889805,0.48692835523439704,0.026575784811680145,0.2908570792079511,0.6825671359803688,FALSE,FALSE,FALSE,0.11630041979889805,0.4869283552343969,0.8872886265978963,4.701039881223887,8.849160555228941,0.004391822755853758,0.04441750903676481,-1.1102230246251565e-16,-2.280054165444357e-14,36,1000,0.01818752445440252,0,0.06476893269059752,0.061281220439078986,0.1640797512230363,0.39933465201544327,0.046604694528458064,0.5968168374640528,0.7759939474069418,-0.0013197891791060234,0.111,0,0
2021-09-01,2024-08-01,0.10942764296265038,0.012836111380474123,4.6327109618572387e-10,0.1586689181539524,0.9063297211732433,0.3671540509386322,0.033163168451790084,5.539289631764691e-13,0.1206096356305546,0.523680631449665,0.02773399789318081,0.023763096408469558,0.2512889385874213,0.2869130093889743,0.06873266397648135,1.9592315310430538e-4,0.685352992717845,0.049050780539074676,0.5892134628612586,0.7814925225744314,0.11589493602955248,0.4835389031025862,0.027733997893949185,0.2869130093862589,0.6853529927197919,FALSE,FALSE,FALSE,0.11589493602955249,0.48353890310258635,0.8881362003018618,4.734532631592208,8.94220696083411,0.004714699601002126,0.04277398212439992,1.6653345369377348e-16,3.444054917302946e-14,36,1000,0.01924664465836956,0,0.06799876853302911,0.06238038077465939,0.15843710294219723,0.3981247146423502,0.04681295800686304,0.5973458591244983,0.7791227075096948,0.0013464407966058412,0.112,0,0
2021-10-01,2024-09-01,0.10951203739879024,0.012792857278800258,4.19468285857105e-10,0.15394047406369063,0.8531161039783373,0.36626174807992995,0.03310976150058394,5.665526761034168e-13,0.11903965075470475,0.510135784264875,0.0306459156548768,0.023875212395722864,0.20796601564946443,0.2773508388251413,0.06919694496539287,3.163544112097366e-4,0.6920032455199818,0.04934786096868193,0.5952814380213652,0.7887250530185984,0.11320235960779321,0.4613318719477968,0.030645915655621244,0.2773508388225048,0.692003245521874,FALSE,FALSE,FALSE,0.11320235960779318,0.4613318719477964,0.8899098395317847,4.806294842701726,8.991308238479244,0.005837291146911547,0.04073811445589742,-3.885780586188048e-16,-8.422961478429467e-14,36,1000,0.020382800660140504,0,0.07244215562904652,0.06708248812441255,0.14184497556463507,0.39364275079060823,0.050179443303024034,0.5997860178488298,0.7901954291349883,-0.0010382671666578913,0.095,0,0
2021-11-01,2024-10-01,0.10838023086101467,0.012753915973540971,5.000176484519281e-10,0.15591641728835137,0.875157450481271,0.3675373391148736,0.033308019507765824,6.066242106143423e-13,0.11524586904949738,0.4781379719870603,0.027699703578451355,0.022460378943760906,0.22593379692415452,0.2870625412693082,0.06599135341303101,1.1749458417230336e-4,0.6852377551522405,0.047742995477280864,0.59166148401677,0.778814026287711,0.11003235702055203,0.4358563052939361,0.027699703579182677,0.28706254126668956,0.6852377551541278,FALSE,FALSE,FALSE,0.11003235702055204,0.43585630529393626,0.8897769828739056,4.800839092627424,8.804351771033662,0.00521351202894535,0.04588406026779934,1.6653345369377348e-16,3.8208338773822577e-14,36,1000,0.018922436170112925,0,0.06697771791476559,0.062257310673748976,0.16020875786819222,0.3931649569167637,0.04673788247683873,0.5993574166896944,0.7755680957566581,0.0014753074578124359,0.08,0,0
2021-12-01,2024-11-01,0.10932985679110038,0.012356151427343776,1.882435726682482e-10,0.15264136337461237,0.8387778892629765,0.3684957801617634,0.03351378629084397,6.686105670101174e-13,0.12608545077625824,0.5723114723082808,0.03930235787122266,0.022854178603794448,0.09457909238781269,0.25349760952800154,0.0681556125929993,7.179676978434612e-4,0.7072000326007759,0.049434263802183985,0.6103088755484953,0.8040911896530565,0.11562563504877253,0.4812943492955497,0.03930235787181854,0.25349760952582123,0.7072000326023602,FALSE,FALSE,FALSE,0.11562563504877253,0.4812943492955496,0.8907465065479568,4.840958511763172,8.677097832494047,0.010459815727485708,0.03701572832583984,-1.1102230246251565e-16,-2.3067443576891007e-14,36,1000,0.018555123851941056,0.002389951789120043,0.07389923550301253,0.06227382147809722,0.14065652362401812,0.37511381162720614,0.04729362622165391,0.6131097292716455,0.7973474667964403,-1.5002057561375182e-4,0.018,0,0
2022-01-01,2024-12-01,0.10828767899224225,0.012337621141181506,2.2927879771435122e-10,0.1546343940054936,0.8608246491400642,0.3673230007305305,0.03317370728218382,5.51770467176893e-13,0.12700291577755432,0.58067066217602,0.037015554764766284,0.022696463492690576,0.11214264628157551,0.2580755141338819,0.06879500315474514,6.562671095060835e-4,0.7049089311013519,0.04999501692001013,0.606918697938132,0.8028991642645718,0.11805381189277746,0.5017212900869502,0.037015554765394844,0.25807551413158425,0.7049089311030209,FALSE,FALSE,FALSE,0.11805381189277746,0.5017212900869501,0.8965297629181199,5.095946890585302,8.888472003755902,0.008949103884776863,0.03658058211271613,-1.1102230246251565e-16,-2.2128282107238278e-14,36,1000,0.020033948758163653,0,0.07823026837581235,0.06463228178933597,0.13517852656201138,0.37910109232139544,0.04813293379265783,0.6170732961937921,0.7961570558612298,2.3025166520473928e-4,0.036,0,0
2022-02-01,2025-01-01,0.10878294609456636,0.012142150817336942,1.386245638114296e-10,0.1513329551354489,0.8244598791610002,0.3680075273174317,0.03331324116389296,5.882628793827678e-13,0.1312769054697838,0.6204105327500119,0.04305931805141203,0.022895717463035533,0.06860480422983664,0.24008746489160565,0.07043725124107442,0.001696658913908197,0.7168532170569824,0.0513464530635346,0.6162141690524545,0.8174922650615102,0.11913874238923401,0.5109854377711776,0.04305931805197959,0.24008746488950714,0.7168532170585132,FALSE,FALSE,FALSE,0.119138742389234,0.5109854377711774,0.8990070650396658,5.214136857516427,8.89658389285588,0.012138163080549783,0.03219421274621488,-1.1102230246251565e-16,-2.1727097145228653e-14,36,1000,0.02127821022652824,6.53797871210879e-4,0.08261182026331623,0.06874684997479959,0.11425547704967887,0.36685945565624334,0.051096517607179225,0.6230643446875256,0.8125685511526778,-9.882013904738418e-4,0.022,0,0
2022-03-01,2025-02-01,0.10901004015432851,0.012056596243398662,1.1054542203552707e-10,0.15117802520187432,0.8227726309417877,0.36969568690641225,0.03339415832913015,5.545740352028611e-13,0.1289262781757557,0.5983914673530843,0.040787891400394946,0.023823825448469844,0.09599340865022148,0.24775935526982737,0.07363905025341214,0.001912213277838671,0.7114527533297776,0.053408775236635335,0.6067715538659724,0.8161339527935829,0.11842039135715166,0.5048420072105144,0.04078789140101714,0.24775935526754425,0.7114527533314386,FALSE,FALSE,FALSE,0.11842039135715167,0.5048420072105146,0.9029196510060107,5.413127046002203,9.175587017864201,0.010505886818604038,0.03275763384472266,2.220446049250313e-16,4.3982989084432664e-14,36,1000,0.020062161502136428,0.0021441815338556257,0.08121560841697266,0.06821022338478838,0.11501351992104919,0.3774822842668706,0.05139009200562789,0.6147617302493091,0.8049074647409445,-5.757046027722312e-4,0.022,0,0
2022-04-01,2025-03-01,0.10906564736271258,0.011905844024601816,7.981428842524324e-11,0.15067386372844793,0.8172940755909207,0.3708415705142382,0.033557827356040855,5.825450552441517e-13,0.1295621874961629,0.6043089754364712,0.04195931725213986,0.02354866765839709,0.08371393705609023,0.24494548675210562,0.07328460507384205,0.0020302331288771314,0.7130951959957545,0.05333279717368419,0.6085629135353335,0.8176274784561756,0.11825673285100205,0.5034475751253576,0.041959317252744495,0.24494548674987465,0.7130951959973808,FALSE,FALSE,FALSE,0.11825673285100205,0.5034475751253576,0.9054710304318602,5.551786107190567,9.175164924445886,0.011305454645160862,0.03241713087744588,0,0,36,1000,0.019266274287191885,0.005431033709355234,0.08010810661618059,0.06668014808146684,0.11153079058010368,0.3763846910289435,0.05070822595730192,0.607992975606643,0.8161218320701558,-8.816531214970169e-4,0.008,0,0
2022-05-01,2025-04-01,0.10995881830472506,0.011731149381982043,4.4844807820472604e-11,0.15129828101493376,0.8240821141706592,0.37424333425561646,0.03427119959543033,8.06632405811453e-13,0.13291130153964859,0.6359549067706822,0.04421190816958964,0.02372384096614432,0.07103250668839804,0.24068552757684067,0.07432911145356491,0.0026868677029092264,0.7151025642535697,0.054214290384358786,0.6088425551002264,0.8213625734069129,0.1206426102850069,0.523967018989682,0.04421190817018553,0.2406855275746345,0.71510256425518,FALSE,FALSE,FALSE,0.1206426102850069,0.523967018989682,0.9151237950957304,6.152012299568923,9.306204305234292,0.012268691254641681,0.03065567072992685,0,0,36,1000,0.02031571858356672,0.002475303463717062,0.0834271673236849,0.06842872317146202,0.11160993845384104,0.3706625096204471,0.05157936500818192,0.61299212144173,0.8099014005930321,6.348822915064334e-4,0.021,0,0
2022-06-01,2025-05-01,0.11136921469131043,0.011698602743978463,3.0232106777997794e-11,0.15361844917021664,0.8495506053166476,0.3787598993226735,0.03574143039576219,1.8184915447806993e-12,0.14030550731595376,0.7086828737947377,0.04862422700684729,0.02394526957059301,0.05017115650106986,0.23106775548963007,0.07481257529794771,0.003990017487598737,0.7203080175035226,0.05468450997650428,0.6131263779495741,0.827489657057471,0.12587736957402007,0.5704240381514796,0.048624227007405596,0.23106775548754693,0.7203080175050476,FALSE,FALSE,FALSE,0.12587736957402007,0.5704240381514795,0.9207456200758273,6.569115170138757,9.339049320809195,0.014428137741933689,0.027741079596196566,-1.1102230246251565e-16,-1.9463117792562768e-14,36,1000,0.023774381370508538,0.0031667997819288273,0.09288775460180938,0.07959842611240375,0.08137581293987167,0.3815367905685548,0.05904809536069648,0.6060550191042011,0.8287718073514353,-0.0012849496225200152,0.021,0,0
2022-07-01,2025-06-01,0.11306412565976409,0.011983996073337683,3.801111410960735e-11,0.15741139212330224,0.8920204693270569,0.3830986568929924,0.03727393932152745,4.117704140225958e-12,0.14488385932921166,0.7556879769885646,0.049762142339832435,0.02441424558037362,0.049364667770740424,0.2320395041577736,0.07552735629396604,0.004164555398344287,0.7181983535023939,0.05523056307931835,0.6099464498669299,0.8264502571378579,0.13046791626172144,0.6127875782523202,0.04976214234039958,0.23203950415566751,0.7181983535039329,FALSE,FALSE,FALSE,0.13046791626172144,0.6127875782523201,0.9271936978003487,7.12698195552477,9.419572106859752,0.014415943067490222,0.0269434758615808,-1.1102230246251565e-16,-1.8117583711333217e-14,36,1000,0.022876350644965848,0.0048801791847848984,0.09529044525380781,0.07601906508926395,0.0848484484985011,0.38117004537950644,0.05677268189526926,0.6021761532071243,0.8255169134312781,-0.001004967907714649,0.015,0.001,0
2022-08-01,2025-07-01,0.11330424352528248,0.012397792874665798,8.466116768513725e-11,0.1602391124310944,0.9243566334973767,0.3814371120023875,0.035902973350862524,1.6985797794610845e-12,0.13938641959971804,0.6994286628778317,0.04294747994689713,0.024001665015958705,0.08246950836974871,0.25288565436281807,0.07475410943098247,0.001819148255226945,0.7041668656902847,0.054874381562249726,0.5966130778282753,0.8117206535522942,0.1289090231650348,0.5982313051210854,0.04294747994754797,0.25288565436045507,0.7041668656919969,FALSE,FALSE,FALSE,0.12890902316503478,0.5982313051210848,0.932899587214066,7.710197712942181,9.429911214623871,0.010477396434683234,0.031330089266059596,-5.551115123125783e-16,-9.279212029872302e-14,36,1000,0.021904400325611268,0,0.08490182196047175,0.07314279364542613,0.10931201054741006,0.39614316270768735,0.05529407847614545,0.5971981551588798,0.8142239123194928,0.001015359358174872,0.029,0,0
2022-09-01,2025-08-01,0.1142243296144183,0.013156760098021789,2.987982003392212e-10,0.16302743369619163,0.9568059889523818,0.38077333535978986,0.03581463056336745,1.6658633486107274e-12,0.13997416619907732,0.7053396193125692,0.04070187827330369,0.02493411033490039,0.11182882232942316,0.26037397263634116,0.0764126613858995,0.001701555305169869,0.698924149090355,0.05578388872701479,0.5895877271854061,0.808260570995304,0.1311083744526246,0.6188186106579469,0.040701878274002,0.2603739726338454,0.6989241490921527,FALSE,FALSE,FALSE,0.1311083744526246,0.6188186106579466,0.9406934613524399,8.688413458597955,9.404831459271174,0.008865791746452717,0.03191905924356703,-2.220446049250313e-16,-3.588201794528233e-14,36,1000,0.023501452645650935,0,0.08781137869829003,0.07464707058404638,0.10440098468206575,0.3936428857756488,0.05517981959681299,0.5936001571286879,0.8100049377726853,0.0018117067661764796,0.048,0,0
2022-10-01,2025-09-01,0.11576714302495589,0.014459844335914967,2.0196756784961348e-9,0.1682524644506699,1.019120104574062,0.38534466005940987,0.040785679004660735,3.666107290506055e-11,0.14709017990073395,0.7788787568362903,0.042772625010758514,0.025397335460078746,0.10131536749283408,0.259546226939257,0.0768184948419769,0.0018400389595928579,0.6976811480499845,0.057011103071093354,0.5859393860306416,0.8094229100693274,0.13779836633877618,0.6835820315628801,0.04277262501145007,0.2595462269367729,0.6976811480517771,FALSE,FALSE,FALSE,0.13779836633877618,0.6835820315628806,0.9399013744293611,8.577402878658335,9.14822071453641,0.009291813561957768,0.03045409811189373,4.440892098500626e-16,6.496502092583348e-14,36,1000,0.026527649063832308,0,0.09749215287549885,0.08676287807912764,0.08639223103491571,0.41997079331060755,0.06469036931642994,0.5756340541894283,0.8215107725157225,0.004506547422536533,0.058,0,0
2022-11-01,2025-10-01,0.11722506671840335,0.01621721960658219,1.94252596237803e-8,0.17673524914037836,1.124472538393618,0.39171587099071326,0.04892498458169474,2.0176718475234133e-9,0.15534492597518507,0.8687536569444861,0.04293749430570579,0.02562811145320929,0.10302912709200536,0.2661791508316154,0.07898259254851484,0.001883458565904405,0.6908833548626787,0.06090926607719633,0.571501193351374,0.8102655163739835,0.14652675147960895,0.7729232003700152,0.04293749430641309,0.2661791508290541,0.6908833548645328,FALSE,FALSE,FALSE,0.14652675147960897,0.7729232003700152,0.93571867469537,8.036610823919888,8.838436591982378,0.00881817449557612,0.030208497660769412,0,0,36,1000,0.025006005274926673,0,0.09338966143858153,0.08370246703836383,0.10465443963897307,0.4241678914278571,0.06379753717159434,0.564598411922918,0.8125639686596233,-7.587795121495322e-4,0.055,0,0
2022-12-01,2025-11-01,0.11833804967814156,0.0191351364945918,4.417752167939495e-7,0.18635910660765165,1.250269798161675,0.39387947119141425,0.061054073182109404,1.9732502253083444e-7,0.16368400929987242,0.964528376417306,0.04168653108102856,0.026276034714322345,0.12188728219166893,0.27430466791889047,0.08132127394450482,0.0018681961032492476,0.6840088010000809,0.065954364584023,0.5547382464153958,0.8132793555847659,0.1559680216488286,0.8757368559737808,0.04168653108175753,0.27430466791625263,0.6840088010019898,FALSE,FALSE,FALSE,0.15596802164882861,0.8757368559737809,0.9315142564178008,7.559653789905205,8.397870550680903,0.0077159876510438374,0.03039108495882306,1.1102230246251565e-16,1.2677587074836967e-14,36,1000,0.026221866828309282,0,0.09613016365414194,0.08580130943334328,0.10922934958851557,0.43297218423367273,0.06594351848833316,0.555364633729283,0.8103137879610003,-1.1633024856516627e-4,0.069,0,0
2023-01-01,2025-12-01,0.1162954742188765,0.020703352888066864,2.4682396248227147e-6,0.18557517340047477,1.239773219374186,0.4084061557866974,0.06510756055600801,3.3811040793536583e-7,0.16151926449867013,0.939185020950889,0.03880320990852303,0.02610514861593702,0.14638320824757584,0.29256643354878387,0.08651262002198305,0.001824700703514658,0.6686303565426931,0.0721968515857288,0.5271245274346646,0.8101361856507215,0.15499568835220973,0.8648518826799116,0.0388032099093685,0.29256643354556083,0.6686303565450706,FALSE,FALSE,FALSE,0.15499568835220975,0.864851882679912,0.9225517249798507,6.7159927348291895,8.476945615054115,0.0065235761464604025,0.030579485048265048,3.3306690738754696e-16,3.851143924847275e-14,36,1000,0.026701054580276294,0,0.0920438909790955,0.09089116627947276,0.11448146499255452,0.45034935712771745,0.07080102555701853,0.5416731252622036,0.8079666827550499,0.004712985323074181,0.071,0,0
2023-02-01,2026-01-01,0.11698789927010499,0.023238570035900553,1.4467319712404614e-5,0.18612092047391013,1.2470758933700017,0.4465067741196055,0.07361973379149331,6.33950148538821e-7,0.1554842084951669,0.870312207289267,0.03362233680359483,0.027549076398979137,0.23069062357519046,0.3401538090694815,0.09937812439874023,0.0016318268408778817,0.6262238541269236,0.0841318859499714,0.4613253576649797,0.7911223505888676,0.15054962059031934,0.815946777356008,0.03362233680467889,0.3401538090650264,0.6262238541302947,FALSE,FALSE,FALSE,0.15054962059031934,0.8159467773560077,0.9146313773024521,6.118099747821518,8.626584345201369,0.004934587904847548,0.035571299883590785,-2.220446049250313e-16,-2.721312358687709e-14,36,1000,0.025480104507042554,0,0.08684144975619404,0.09313247913997487,0.15771305073918754,0.5004770916307923,0.07327458749311826,0.49282839652212584,0.7692040041171144,1.7414811724247858e-4,0.148,0,0
2023-03-01,2026-02-01,0.12261368626583757,0.024255171702152,1.3579738142502367e-5,0.1833918624287671,1.210772707383306,0.46804928549607916,0.0798039145087841,1.162956110462609e-6,0.15390179013278518,0.8526873962187307,0.04060843329219781,0.026169607556629258,0.12998410660678136,0.34185479883527625,0.100002205175789,0.0016513058317770234,0.617536767872526,0.08715037226772891,0.44672203822777734,0.7883514975172746,0.14649494880713004,0.7725877209361316,0.04060843329324967,0.34185479883084685,0.6175367678759034,FALSE,FALSE,FALSE,0.14649494880713007,0.7725877209361316,0.9054373235438233,5.549905346960491,8.048482406881902,0.007406841325655139,0.03689691362163705,0,0,36,1000,0.02531362238313301,0,0.09252692592041427,0.09523435668574677,0.15326898664900682,0.5200592184135481,0.0761100642254404,0.46847660655154605,0.7648267735390156,0.0016344473092223533,0.066,0,0
2023-04-01,2026-03-01,0.13481373852289236,0.02321475171227663,1.3858211556830888e-6,0.17538907256226108,1.1074077638730027,0.4885449698121894,0.08314088084850003,1.1243615121091236e-6,0.15211089353873916,0.8329580615935307,0.053910558904726395,0.022905694063575597,0.024514157517675914,0.32961377402019426,0.09777231188566354,0.0018776466008488188,0.6164756670750793,0.08720683610250919,0.4455502683141613,0.7874010658359973,0.13974496699505895,0.7030316088162043,0.053910558905753116,0.32961377401594366,0.6164756670783031,FALSE,FALSE,FALSE,0.13974496699505892,0.7030316088162037,0.9075403664843692,5.669882975021338,7.427103166810349,0.012365926543680211,0.03564410556720213,-5.551115123125783e-16,-7.895968052521843e-14,36,1000,0.027096120005752372,0,0.10573509314101312,0.0969487273588606,0.14432570882569268,0.5105962498715855,0.07599086213647879,0.4735066240333595,0.7587529329793852,-0.0022377565681269695,0.034,0,0
2023-05-01,2026-04-01,0.14387919963836623,0.022126352988141546,1.690951309945361e-7,0.17024882061413374,1.0434477931381256,0.5059414293174788,0.0815129300199429,4.1264400201621717e-7,0.1484068760856425,0.7928856313019728,0.06197197027782323,0.020532821201510936,0.004794048299371007,0.33148633728330956,0.09591830707413682,0.0014907104074052963,0.6065416924388672,0.08473663232776477,0.44045789307644834,0.7726254918012861,0.13198271192105868,0.6270997048573381,0.06197197027883243,0.33148633727913684,0.6065416924420308,FALSE,FALSE,FALSE,0.1319827119210587,0.6270997048573382,0.8988038159444967,5.204221444261737,6.860901444999927,0.01642416416458381,0.03826610869307506,1.1102230246251565e-16,1.770409100858573e-14,36,1000,0.026453247286358297,0.010632044925136393,0.1148026223911097,0.08949993463214974,0.15787855683650695,0.4993979643223746,0.06981300764811266,0.4766144561276339,0.739243112473475,9.488031927862295e-5,0.008,0,0
2023-06-01,2026-05-01,0.15603304662853099,0.020608058104992843,7.101041183732707e-9,0.16197301511295742,0.9444692744921643,0.532246639790823,0.07363388550231555,1.9433732821882856e-8,0.14112977199658933,0.7170340515771344,0.07212273780776106,0.020229720696491985,0.0011035065722450877,0.3392535272274321,0.09579747392111043,0.0011786305984530883,0.5886237349648069,0.07981034548717218,0.43219545780994945,0.7450520121196644,0.11778327859409839,0.49942442578949975,0.07212273780875997,0.3392535272232756,0.5886237349679644,FALSE,FALSE,FALSE,0.11778327859409837,0.4994244257894998,0.8895659686396816,4.7922008861686205,6.303651148567647,0.02334649340249094,0.04418973651885903,5.551115123125783e-17,1.1115025290063603e-14,36,1000,0.024021885661925847,0.0259549112044614,0.1195081736708021,0.07850018543941818,0.1797331245157624,0.4925147735455689,0.06097492825834957,0.4721599802740684,0.7083541100867405,-6.022897373094693e-4,0,0,0
2023-07-01,2026-06-01,0.16046003807223266,0.02119120215485216,7.089577255084684e-9,0.16075169496975664,0.9302798676833884,0.5660438512869397,0.058478891553391005,1.9746504370045927e-11,0.1314391303806959,0.6219448198284088,0.07089095654949701,0.019302406870417413,8.183977284123705e-4,0.3743132109283665,0.08369253261879751,8.205178804864537e-5,0.5547958325221365,0.06743343003345867,0.4226263096565575,0.6869653553877155,0.1069419294636469,0.41171674598667474,0.07089095655062239,0.3743132109235388,0.5547958325258389,FALSE,FALSE,FALSE,0.10694192946364688,0.41171674598667446,0.8703029540737741,4.122474289703338,6.263842163669633,0.024497200917049003,0.05380976550610973,-2.7755575615628914e-16,-6.741424993319856e-14,36,1000,0.018949492032327743,0.035576473930130324,0.10708568465890085,0.06342469279594629,0.2524783321441613,0.4981752754017323,0.04970035939251,0.4550928587403107,0.6469792305174488,-0.0024092073347625753,0,0,0
2023-08-01,2026-07-01,0.16633317342228696,0.02205624081129526,7.753766714350452e-9,0.1762372856115558,1.1181449102302472,0.6149884640738299,0.04324472520243564,4.119538559888439e-16,0.1476977844101462,0.7853268787079768,0.07123410324769885,0.01874826170432639,5.729826466760462e-4,0.40918010329293236,0.07048846179802004,1.5434258227070698e-6,0.5195857934593688,0.056668044314623495,0.4085164266027068,0.6306551603160309,0.12738128385444925,0.5841356931506798,0.07123410324909979,0.40918010328677784,0.5195857934641224,FALSE,FALSE,FALSE,0.12738128385444925,0.5841356931506797,0.8566420014379473,3.7570753048785313,6.814235774669213,0.020316500555696948,0.048856001757106554,-1.1102230246251565e-16,-1.90062521027759e-14,36,1000,0.023531820991586586,0.03282655173079475,0.1222888429353328,0.0820049521111364,0.22613443573698164,0.5452149866921265,0.06367697474251603,0.40979952861205265,0.6603727586733305,0.003176921291511703,0,0,0
