fecha_inicio,fecha_fin,theta1_m1,se_theta1_m1_hac,p_theta1_m1_hac,rmse_m1,sse_m1,theta2_m2,se_theta2_m2_hac,p_theta2_m2_hac,rmse_m2,sse_m2,theta1_m3_ols,se_theta1_m3_hac,p_theta1_m3_hac,theta2_m3_ols,se_theta2_m3_hac,p_theta2_m3_hac,anclaje_m3_ols,se_anclaje_m3_hac,anclaje_m3_ols_ic_inf,anclaje_m3_ols_ic_sup,rmse_m3_ols,sse_m3_ols,theta1_restringido,theta2_restringido,anclaje_restringido,theta1_frontera,theta2_frontera,anclaje_frontera,rmse_m3_restringido,sse_m3_restringido,correlacion_x1_x2,vif_aproximado,numero_condicion_X,mejora_rmse_al_agregar_inflacion,mejora_rmse_al_agregar_exp12,penalizacion_sse,penalizacion_sse_pct,n,n_boot_validas,theta1_se_boot,theta1_ic_inf_boot,theta1_ic_sup_boot,theta2_se_boot,theta2_ic_inf_boot,theta2_ic_sup_boot,anclaje_se_boot,anclaje_ic_inf_boot,anclaje_ic_sup_boot,anclaje_sesgo_boot,freq_theta1_frontera_boot,freq_theta2_frontera_boot,freq_anclaje_frontera_boot
2010-02-01,2013-01-01,0.1522717884348578,0.17559487531850196,0.3917518198115252,0.9010927167932479,29.23085103328211,0.7591579964812442,0.09099003887371504,7.729151628776535e-10,0.516922275690641,9.619511007786874,-0.1974327995726259,0.09270051091632582,0.04050952224892976,0.9036675767485193,0.06347444762530395,6.901597310928983e-16,0.29376522282410666,0.09753646505181165,0.10259375132255583,0.4849366943256575,0.4616764163127904,7.673224081659154,0,0.7591579964802139,0.24084200351978613,TRUE,FALSE,FALSE,0.516922275690641,9.61951100778687,0.8537370392804435,3.6882258894467688,1.8727027749748528,0.05524585937785059,0.4394163004804575,1.9462869261277165,25.364656439264024,36,199,0.03799804536837987,0,0.1290112370743306,0.09287585596195641,0.573006607384197,0.9379229517133848,0.0857163207195684,0.057836819203355753,0.37617607195981784,-0.009904722580728942,0.4623115577889447,0,0.005025125628140704
2010-03-01,2013-02-01,0.13777876313610488,0.2203461878466358,0.5358411709459511,0.906379507461822,29.57485721568246,0.7870126468062811,0.08179490863581683,2.302383003487496e-11,0.5103284629368336,9.375665043004966,-0.1958968613987257,0.10851228602134719,0.07989030051929129,0.9065124612964667,0.06343950279117853,6.194424723921151e-16,0.2893844001022591,0.11662002703916724,0.06080914710549129,0.5179596530990269,0.46191856814072474,7.681275489354385,0,0.7870126468051359,0.21298735319486406,TRUE,FALSE,FALSE,0.5103284629368335,9.375665043004965,0.8206850030039194,3.0630111081274922,1.7535491734248758,0.04840989479610891,0.4444609393210973,1.6943895536505797,22.058700485340804,36,199,0.040486568309467584,0,0.1314128002243379,0.08344483577119827,0.6142126083061064,0.9342343168523933,0.08617630670502376,0.015241425120185309,0.3725090636342244,-0.005946735435012257,0.49246231155778897,0,0.01507537688442211
2010-04-01,2013-03-01,0.22004924911572382,0.20723624654391712,0.2955859192867255,0.8668689171546485,27.052621903039434,0.8548785699130699,0.06706127630499563,1.0357655587380327e-14,0.37445689557117406,5.047846799068841,-0.114226802455321,0.05903441030884321,0.061354882013433136,0.9178094991086219,0.07214160419790248,1.7541210646964033e-14,0.19641730334669916,0.06581193682701607,0.06742590716574767,0.3254086995276506,0.354334379079531,4.519902679116364,0,0.8548785699117928,0.14512143008820722,TRUE,FALSE,FALSE,0.37445689557117406,5.04784679906884,0.7914066768675657,2.676118919868444,1.7151846713693866,0.02012251649164304,0.5125345380751175,0.5279441199524761,11.680431138302486,36,199,0.0354781622961251,0,0.10883614094276421,0.07450424843885044,0.6864720393909671,0.9792393308797608,0.0695805024448479,0.010785869015496804,0.26069344362956903,-0.009056750441939265,0.5628140703517588,0,0
2010-05-01,2013-04-01,0.24847015273941694,0.202088391009266,0.22708134297194918,0.8604090215140614,26.65093263490024,0.8568169056765212,0.06778354926898511,1.3224244446804155e-14,0.37274242957168136,5.001729076907992,-0.10318912181979358,0.05737612533740113,0.08098655923477958,0.9152300831042826,0.07395841799332388,3.821739579102302e-14,0.187959038715511,0.0653387942256081,0.059895002033319156,0.31602307539770286,0.3570147725429925,4.588543721301288,0,0.8568169056752485,0.14318309432475151,TRUE,FALSE,FALSE,0.37274242957168136,5.001729076907993,0.7828155114333,2.5826454614597605,1.7687753269915505,0.015727657028688835,0.5033942489710689,0.41318535560670533,9.004716544131089,36,199,0.04024428389687867,0,0.1397919474558392,0.0742530876259269,0.7021627202205366,0.96471371128354,0.06749894267275551,0.013922145765938932,0.2697867383039191,-0.016984736407658935,0.49246231155778897,0,0.005025125628140704
2010-06-01,2013-05-01,0.27692157230706466,0.1988393021588864,0.17249805386272948,0.8535396463276278,26.22707740271132,0.8585568605550805,0.06705369163304478,9.115713207757723e-15,0.3562449281195804,4.5687761571933,-0.08556828564696431,0.05461870424358524,0.1264580850587953,0.9063790497272697,0.07364251604753103,4.4493864241013226e-14,0.1791892359196947,0.06326544614480846,0.05518896147587013,0.30318951036351927,0.3454314700336985,4.295624417627109,0,0.858556860553832,0.14144313944616804,TRUE,FALSE,FALSE,0.3562449281195804,4.568776157193301,0.7741578138318428,2.4957592104226625,1.8015926663409887,0.01081345808588191,0.5081081762939292,0.27315173956619176,6.3588366442213315,36,199,0.034400983144639456,0,0.11578274436647888,0.0680208637323738,0.7124050244194877,0.9648169376273503,0.06268972936424132,0.02657938477203088,0.2653160802594004,-0.01488221190307265,0.5226130653266332,0,0.010050251256281407
2010-07-01,2013-06-01,0.31160344875111373,0.19844501209957627,0.12536026779273096,0.8614670782941221,26.716518971446003,0.8693630575081064,0.07074997881325663,2.981905521401508e-14,0.36913446398313,4.905369090004058,-0.08810626025020782,0.057748251364560195,0.13633513333467295,0.919918853603127,0.07956141987983749,2.499080096538768e-13,0.16818740664708087,0.06537774876494055,0.040047019067797396,0.29632779422636435,0.3589301750733284,4.637911340814127,0,0.8693630575068559,0.13063694249314406,TRUE,FALSE,FALSE,0.36913446398313,4.905369090004057,0.7679796924586497,2.4377924609142614,1.8916383199020705,0.010204288909801573,0.5025369032207936,0.2674577491899299,5.766771495528008,36,199,0.039264098420826496,0,0.1287186199818747,0.07081399307900253,0.687456249696147,0.9796557950276314,0.07244398595188523,0,0.284983060844206,-0.007646471227374163,0.5376884422110553,0,0.035175879396984924
2010-08-01,2013-07-01,0.3295030540631026,0.1961781298003714,0.10193949550954864,0.8637766840467707,26.85996575650205,0.872152644471317,0.07011214754692904,2.0986212467516716e-14,0.36637292472590377,4.8322483189996595,-0.08251662290202595,0.05668341411262418,0.15463537038019723,0.9197267043518533,0.07978426064356203,2.7126335698278965e-13,0.16278991855017266,0.06427585080671129,0.03680925096901855,0.2887705861313268,0.3575248834388129,4.601665522005723,0,0.8721526444700879,0.1278473555299121,TRUE,FALSE,FALSE,0.36637292472590377,4.8322483189996595,0.7642203927842922,2.4040357533695182,1.9256981001977103,0.00884804128709088,0.5062518006079577,0.2305827969939367,5.010855219512626,36,199,0.04455370792912447,0,0.154937438479906,0.07495142462193079,0.7086176787719157,0.9873083942239118,0.06795992154464676,3.6715490258681935e-5,0.2527677412380706,-0.007897436904314784,0.49246231155778897,0,0.02512562814070352
2010-09-01,2013-08-01,0.35668637482688026,0.1907325109866941,0.06985444914277458,0.8580402921651422,26.50439314723834,0.8771489753906098,0.07017005047150407,1.8236236885178205e-14,0.3497173272619797,4.402879523541454,-0.06684416968519033,0.052339055966765774,0.2102067991926579,0.9158992029080408,0.08024854589012205,3.5582523738011656e-13,0.15094496677714941,0.06363023355092795,0.026229709017330627,0.2756602245369682,0.3437662114508382,4.254307492869445,0,0.8771489753893996,0.12285102461060038,TRUE,FALSE,FALSE,0.34971732726197974,4.402879523541455,0.7605160797199234,2.3718304763098512,1.9627727291016237,0.005951115811141494,0.514274080714304,0.1485720306720104,3.492272970889595,36,199,0.03665481342761512,0,0.11176063934982206,0.06783261153432041,0.7306064209317781,0.9814834438966902,0.06103658102117483,0.01039434413706744,0.22951500869993344,-0.010343924071597496,0.5175879396984925,0,0.010050251256281407
2010-10-01,2013-09-01,0.3839252482848054,0.18640965851768507,0.04693765505158867,0.8506045450495627,26.047011314123054,0.8773990042944549,0.0689110108169204,1.0726006366421752e-14,0.34523682946137274,4.290784862995475,-0.05691235146261517,0.052254628117947136,0.2837540606673892,0.9108924838153453,0.08011118120445374,3.9413393446411453e-13,0.14601986764726982,0.06331357739316731,0.02192525595666188,0.27011447933787774,0.3410366152668055,4.187015026295007,0,0.8773990042932642,0.12260099570673577,TRUE,FALSE,FALSE,0.3452368294613728,4.2907848629954755,0.7519579565634764,2.3011822724559976,2.0219476699005843,0.004200214194567231,0.5095679297827572,0.10376983670046869,2.4783726843295386,36,199,0.03825132524850237,0,0.12230727874479604,0.06573833383404559,0.746321843806157,0.9713606069365855,0.062113030081624054,0.008540416358435955,0.24935070985907823,-0.01228159069428976,0.46733668341708545,0,0.01507537688442211
2010-11-01,2013-10-01,0.4260957073201289,0.1839961126813271,0.02655124850005881,0.8249575416776387,24.499978040549266,0.8741391554676382,0.06780419556622284,7.469944322096782e-15,0.3447711832800248,4.279218077531104,-0.05590112506771361,0.0587786911476752,0.3482941481473327,0.9090618912733966,0.08503253917395323,2.0519511358478224e-12,0.14683923379431685,0.06221261695013625,0.02490250457204979,0.2687759630165839,0.3411061409247276,4.188722377556165,0,0.8741391554664492,0.12586084453355084,TRUE,FALSE,FALSE,0.3447711832800249,4.279218077531104,0.7722531518013757,2.477546801434824,2.1704867827534318,0.0036650423552972433,0.4838514007529111,0.09049569997493911,2.160460680321745,36,199,0.043809573494171784,0,0.14430141592621948,0.07189807690612617,0.6937325865271101,0.9780494304826458,0.063265682041044,0.01712722185044188,0.24184598229859058,-0.008086583986894394,0.507537688442211,0,0.01507537688442211
2010-12-01,2013-11-01,0.44455961867612775,0.18421168294996446,0.021180189966312664,0.7966677581821502,22.84846260937103,0.86548000605252,0.06465193484822898,2.4827832921187793e-15,0.33897111633730026,4.136451037594399,-0.04373998908951381,0.06085907407402417,0.47723054965530276,0.8938045248394813,0.08405816703367974,2.3662497675010877e-12,0.14993546425003257,0.061039205986740175,0.030298620516021835,0.2695723079840433,0.3367814541392238,4.0831829226766825,0,0.8654800060513292,0.13451999394867076,TRUE,FALSE,FALSE,0.33897111633730015,4.136451037594397,0.7811551215674188,2.565440039499763,2.2361205516776845,0.0021896621980764808,0.4598863040429264,0.05326811491771455,1.3045733175920333,36,199,0.03704172449546935,0,0.12673924876989504,0.06656157737878161,0.7216620593601073,0.9678077669643952,0.06138097628003228,0.018178365999032293,0.2595559520438572,-0.013671091674386182,0.46733668341708545,0,0.005025125628140704
2011-01-01,2013-12-01,0.4514929010609857,0.18319010341862055,0.01876958138824711,0.7903713448337442,22.488727058434847,0.8668758229613525,0.06546875127465315,3.4244203304805745e-15,0.3474145327744286,4.345086872983482,-0.035041763453896806,0.06166295172032909,0.573579886202429,0.8900293911673623,0.08573531746743032,4.437532741595315e-12,0.14501237228653452,0.06246748974845756,0.022576092379557697,0.2674486521935113,0.34605027096787755,4.311028441329893,0,0.8668758229601461,0.1331241770398539,TRUE,FALSE,FALSE,0.3474145327744286,4.345086872983482,0.7752341878246598,2.5061905787670398,2.250488840394566,0.001364261806551026,0.4443210738658666,0.03405843165358924,0.7900303168281275,36,199,0.036713865201281996,0,0.11674522233319157,0.06262767729568065,0.7132885858641719,0.949634708900382,0.06128550995242577,0.028212558779248175,0.2627888595715166,-0.007212922369595143,0.49246231155778897,0,0
2011-02-01,2014-01-01,0.45230129465346053,0.18361015826015192,0.018824570158063273,0.7926415730918231,22.618103882165283,0.8621814397054048,0.06277091189569757,1.161426897133744e-15,0.34517730400934543,4.289305363313764,-0.03424209601689875,0.0618632421979589,0.5835342495433524,0.8845225022510096,0.0825037484224014,1.9042965202797285e-12,0.14971959376588917,0.06042387938734772,0.03128879016668763,0.2681503973650907,0.3438614908907828,4.256666097034747,0,0.8621814397042271,0.13781856029577289,TRUE,FALSE,FALSE,0.3451773040093455,4.289305363313763,0.7763800927471648,2.51740818227554,2.251508650415956,0.0013158131185626587,0.4487800822010404,0.032639266279015366,0.7667800465193249,36,199,0.03793334106138021,0,0.13770570653808278,0.058299932747436174,0.716328911488535,0.9503284535095906,0.05608766714073945,0.03423209849551503,0.24506366628909138,-0.004033955903004899,0.5125628140703518,0,0.010050251256281407
2011-03-01,2014-02-01,0.4562585060792971,0.18370594499901172,0.017941411046967653,0.7864529505225226,22.26629676188093,0.8643957642516786,0.06423888230274263,2.1329351849583517e-15,0.3451968742155722,4.289791750855258,-0.036652458514408605,0.06275543893941726,0.5630403964817219,0.8888091562828753,0.08563873545660582,4.4659400986430376e-12,0.1478433022315333,0.06121409703622529,0.027863672040531737,0.26782293242253485,0.3437133922290597,4.253000255913869,0,0.8643957642504834,0.13560423574951663,TRUE,FALSE,FALSE,0.345196874215572,4.289791750855252,0.7809832866150381,2.5636745880270713,2.2785544477831032,0.0014834819865124915,0.4427395582934629,0.03679149494138301,0.8650715430882895,36,199,0.03951356171829769,0,0.1291002854521682,0.06395062589475649,0.7187081338806903,0.9608178362334578,0.057438754302447145,0.023729504928584454,0.24775181949296482,-0.01325318320077841,0.49748743718592964,0,0.005025125628140704
2011-04-01,2014-03-01,0.4418393561252293,0.1827115669424439,0.020937101910372364,0.7782786171218214,21.805833811285968,0.8556284077576095,0.06125788977969343,7.052854266683691e-16,0.3250302874078907,3.8032087583684167,-0.03524392632839375,0.061909750842388436,0.5729087816648877,0.8786731957997934,0.08106307807743841,1.4232589028637077e-12,0.15657073052860027,0.05932061472010246,0.04030232567719945,0.2728391353800011,0.3235335062390877,3.7682614677368798,0,0.8556284077564285,0.14437159224357154,TRUE,FALSE,FALSE,0.32503028740789064,3.8032087583684158,0.7898779738531766,2.6589183204354225,2.23315111071434,0.0014967811688029742,0.4547451108827337,0.03494729063153601,0.9274115114024837,36,199,0.037808240621559276,0,0.1273260859316006,0.06337459617403446,0.7178715392542914,0.9486305892490826,0.054823793279578086,0.045047402352015216,0.27404793893243024,-0.009822438560306013,0.5728643216080402,0,0
2011-05-01,2014-04-01,0.42528148351445,0.18225201354188283,0.025493742880346924,0.7700995296024913,21.349918277783217,0.8545556144599029,0.06354991265063702,2.1752309075871406e-15,0.32734186263460086,3.8574970211912363,-0.04079716043119854,0.06179828839881236,0.5135948471714633,0.8818562626613565,0.08432783611647743,3.664743419257239e-12,0.158940897769842,0.06081933403957868,0.03973500305226778,0.2781467924874162,0.3253189167207938,3.8099663127500687,0,0.8545556144586787,0.14544438554132133,TRUE,FALSE,FALSE,0.32734186263460086,3.8574970211912363,0.8080394273751224,2.8812441864567346,2.2081023789203003,0.0020229459138070283,0.44478061288169746,0.04753070844116758,1.2475361863989678,36,199,0.03605371624319289,0,0.12677594791018737,0.06711205362304838,0.7093881572597662,0.9678003323825366,0.05912614811067569,0.02520957123253445,0.2603309314716086,-0.012905074310088388,0.507537688442211,0,0.005025125628140704
2011-06-01,2014-05-01,0.40833674189863867,0.18363556932435962,0.03272428834330086,0.7730275829421508,21.512579183617817,0.8577048486256205,0.06569920539836058,5.181059275021839e-15,0.3270675327773138,3.8510341558934127,-0.03328729060353838,0.05901159256224239,0.5764016607824938,0.8793980684816873,0.08356431973099784,3.1069107121567073e-12,0.15388922212185108,0.06356652491201263,0.029298833294306326,0.27847961094939583,0.3256674237933299,3.818133753126636,0,0.8577048486243595,0.14229515137564053,TRUE,FALSE,FALSE,0.3270675327773138,3.851034155893412,0.8100749372456149,2.908848926315064,2.1197492627585657,0.0014001089839839054,0.4473601591488209,0.03290040276677564,0.8616880626519118,36,199,0.03738726223063036,0,0.130323532952924,0.06484037682157405,0.7187362294954859,0.9629429213986509,0.060362385457941016,0.027161589918361612,0.2607211795214353,-0.013488916509589527,0.5577889447236181,0,0
2011-07-01,2014-06-01,0.3767341981448109,0.19033258012907847,0.055685416949133336,0.7742505909258371,21.58070319176429,0.8490801842650229,0.06558544664880608,6.613712557039578e-15,0.323783684357257,3.7740914732145554,-0.047920541339482495,0.05641165425475759,0.4015566144770606,0.8789957157442373,0.08039921258519413,1.1322580369475475e-12,0.16892482559524524,0.06269535130744905,0.046041937032645114,0.29180771415784534,0.3208253363348695,3.7054402716377566,0,0.8490801842637417,0.15091981573625834,TRUE,FALSE,FALSE,0.323783684357257,3.774091473214553,0.8209062921325353,3.0664230825460304,2.0469586944710927,0.002958348022387536,0.45342525459096766,0.0686512015767966,1.8527137544833145,36,199,0.034841360127973044,0,0.11508027186647594,0.060489912964674354,0.7078715517221937,0.9364024209737636,0.0586999148972653,0.03466053164410917,0.2591682008950045,-0.012503464435837802,0.457286432160804,0,0
2011-08-01,2014-07-01,0.3494981612389279,0.1980990329631211,0.0864153101721324,0.7813045265258799,21.97572347411385,0.8635331879767516,0.07339668083012249,1.0225820945893405e-13,0.32167002442969234,3.724977766197561,-0.04788146022582561,0.055353298205462635,0.39309277713474755,0.8918649845089205,0.08369983826679016,2.2388118591436348e-12,0.15601647571690502,0.07236909390181416,0.014173051669349263,0.2978598997644608,0.318627749551875,3.6548511402417256,0,0.8635331879753713,0.13646681202462874,TRUE,FALSE,FALSE,0.3216700244296924,3.7249777661975605,0.8188808264341182,3.035507618774353,1.929628530943198,0.0030422748778173303,0.4626767769740049,0.07012662595583485,1.9187272823154378,36,199,0.033031322315622405,0,0.10640095113996549,0.06060967652361942,0.7192238336687057,0.9472799421314608,0.05771278329586562,0.03167219643262278,0.24989474898831343,-0.007635923870205841,0.5025125628140703,0,0.005025125628140704
2011-09-01,2014-08-01,0.3325145071475162,0.21595202626983942,0.1326118341992829,0.7813711528142043,21.97947162420715,0.858551917778494,0.07388469024209181,1.4485597493266341e-13,0.3219412498451402,3.7312620606666353,-0.05343015349252513,0.05355367588931789,0.3254759821838159,0.8873765106790237,0.08102222542682785,1.080012313353005e-12,0.16605364281350155,0.07138779292963592,0.02613356867141514,0.30597371695558795,0.31836519705184574,3.6488303529789814,0,0.8585519177770823,0.14144808222291771,TRUE,FALSE,FALSE,0.32194124984514016,3.7312620606666353,0.8431908142308941,3.459857427038035,1.8724828443565495,0.003576052793294482,0.4630059557623586,0.08243170768765395,2.259126890356933,36,199,0.033113321399858175,0,0.10491265033733121,0.05869914893941161,0.7403545537484375,0.9527965444656813,0.05535841512406933,0.036852897474792735,0.24004141984721866,-0.008232110861854242,0.5477386934673367,0,0
2011-10-01,2014-09-01,0.28299711727571847,0.24714338398683425,0.25994907584500954,0.7754269267527318,21.64632907439472,0.8453442030249944,0.07819917693361579,1.0622222762927734e-12,0.3182428916080349,3.6460273701255623,-0.0853730086394341,0.046635573413416676,0.07593102880415058,0.8837460712561186,0.07680132652033203,2.849213857808074e-13,0.2016269373833156,0.07292934257586992,0.05868542593461057,0.34456844883202065,0.31014812762809263,3.4629069985636196,0,0.8453442030235194,0.15465579697648058,TRUE,FALSE,FALSE,0.3182428916080349,3.646027370125564,0.846789620883119,3.534226570900018,1.7886838535722955,0.008094763979942243,0.4652787991246392,0.1831203715619445,5.2880534082463395,36,199,0.03844857053134888,0,0.13052773426293,0.06115772961541848,0.7180663875443765,0.9517601914382264,0.06420881744522268,0.014698761912751901,0.26423040600572517,-0.01831332852800341,0.5175879396984925,0,0.01507537688442211
2011-11-01,2014-10-01,0.20106492926022423,0.25977408971391985,0.44412830391323743,0.7603693705790477,20.813816869731983,0.8397206075162151,0.08837332059637475,3.1718383658885526e-11,0.31796532575060127,3.6396701416686943,-0.09797102453228963,0.05035019050868408,0.05998418411223493,0.8736551488542172,0.0807765604856665,1.5083796795252152e-12,0.22431587567807232,0.09388011212198771,0.0403108559189764,0.4083208954371682,0.3081442145378041,3.4183028503123287,0,0.8397206075145908,0.16027939248540923,TRUE,FALSE,FALSE,0.3179653257506013,3.6396701416686965,0.8279030852110264,3.1788771850897395,1.6052992229354777,0.009821111212797162,0.45222515604124364,0.2213672913563678,6.47594145545476,36,199,0.04282382858966182,0,0.1450101721469144,0.07216086730762034,0.6796422333585724,0.9665654337215577,0.06996366049562451,0.011307340111924264,0.2740723806028416,-0.021333095693800347,0.5025125628140703,0,0.01507537688442211
2011-12-01,2014-11-01,0.14654080625221402,0.2633329776671609,0.5814203478102213,0.7503222201097813,20.267403623656953,0.8664241254607412,0.08618659986710708,7.38377208444117e-12,0.31193428705923004,3.5029079799534046,-0.08499406150097578,0.05329096669472691,0.11998818585037624,0.8891022170143952,0.08308065626513844,1.9973252524352836e-12,0.1958918444865807,0.09772567836839996,0.004349514884516792,0.3874341740886446,0.3047974754027728,3.344454036428541,0,0.8664241254588582,0.13357587454114184,TRUE,FALSE,FALSE,0.31193428705922993,3.502907979953403,0.7928380330403877,2.692457876000262,1.4363022694436045,0.007136811656457243,0.44552474470700854,0.15845394352486197,4.737811965688456,36,199,0.03555278409790612,0,0.11054679870939849,0.06240606772172147,0.7459906387636535,0.9771789697463132,0.06433817327724466,0,0.24715845662920033,-0.017947865988582085,0.4723618090452261,0,0.04020100502512563
2012-01-01,2014-12-01,0.11688408334792531,0.2580235164361936,0.6533461996881758,0.7476111550400737,20.121207809052716,0.959733802493689,0.06890664099041247,7.675902870794241e-16,0.2566453351768315,2.3712058104490157,-0.05698464745788259,0.05536568491054077,0.31063297646747945,0.9716131232485822,0.07588586203858827,1.4649278178350142e-14,0.08537152420930039,0.08101422021666431,-0.07341634741536165,0.24415939583396243,0.25275113413039824,2.299792888951292,0,0.9597338024912417,0.04026619750875826,TRUE,FALSE,FALSE,0.2566453351768316,2.3712058104490157,0.7814849134518299,2.5688362703620724,1.2703921335877364,0.0038942010464332877,0.49486002090967546,0.07141292149772349,3.105189247292953,36,199,0.025627401840826354,0,0.08572754701593854,0.05106089843570731,0.8179463406383056,1,0.04947435825090743,0,0.16678603139688378,0.002396626952118175,0.5376884422110553,0,0.36180904522613067
2012-02-01,2015-01-01,0.015225702277206645,0.2049971529510832,0.9412162406729938,0.7137152139771844,18.338018639849928,0.9507279854801163,0.07585662024275958,1.6907967065611272e-14,0.2612114105165573,2.4563304354257793,-0.049610197693275265,0.06188975630317391,0.4283571863621166,0.9547640588352015,0.07934259609478654,8.332235453786992e-14,0.09484613885807369,0.09894759583655807,-0.09909114898158011,0.2887834266977275,0.2584565879434931,2.404793082650133,0,0.9507279854774123,0.04927201452258767,TRUE,FALSE,FALSE,0.2612114105165574,2.456330435425781,0.7560096888742093,2.3339981709242847,1.0928778456385388,0.0027548225730641973,0.4552586260336913,0.05153735277564797,2.1431096566051626,36,199,0.02820067465484542,0,0.08989896670129713,0.05574992812343521,0.8045823402236595,1,0.05102345669250769,0,0.16513349584408069,-0.0018540464289710235,0.542713567839196,0,0.31155778894472363
2012-03-01,2015-02-01,-0.05698555791835734,0.14992541279512966,0.7061734722657202,0.6599879233933793,15.681026124903786,0.9255822968825702,0.09075173455228465,5.049055238084655e-12,0.26331675525608506,2.496085689549348,-0.07587373204739141,0.05117655760158049,0.14739451883098642,0.9278770146322972,0.09666028294808204,3.288868537193961e-11,0.14799671741509424,0.1176372329113894,-0.08257225909122898,0.3785656939214175,0.25624355346943706,2.3637873130071934,0,0.9255822968795814,0.07441770312041862,TRUE,FALSE,FALSE,0.2633167552560849,2.496085689549345,0.7563207770618914,2.3365638858061963,1.135324909020854,0.007073201786647998,0.40374436992394225,0.1322983765421517,5.5968815728113315,36,199,0.029065900302909883,0,0.09326619261666172,0.06099099908222406,0.7834942826401722,1,0.06012160822338325,0,0.2094919907171259,-0.01091312569013575,0.5678391959798995,0,0.22613065326633167
2012-04-01,2015-03-01,-0.08534427542033642,0.13108415057679895,0.5192566306047979,0.637812113993163,14.644954539231389,0.9680520811356584,0.08154679276330042,7.94554461732298e-14,0.25764715764876317,2.389754082401517,-0.07724346125959886,0.04720819231635891,0.11101646612559762,0.966833911778411,0.092737856937168,3.970642379894669e-12,0.11040954948118786,0.10746216681108214,-0.10021629746853314,0.32103539643090884,0.24948442948388264,2.240729299976343,0,0.9680520811320108,0.0319479188679892,TRUE,FALSE,FALSE,0.2576471576487631,2.389754082401517,0.7623298173439793,2.387471031877951,1.222618202150139,0.008162728164880534,0.38832768450928035,0.14902478242517425,6.650726726639743,36,199,0.022475051724029676,0,0.06759771871590144,0.042206868736351676,0.8456424564497997,1,0.04056694789448066,0,0.13153397897702696,2.914288112556007e-4,0.5326633165829145,0,0.4120603015075377
2012-05-01,2015-04-01,-0.06928329883683645,0.12369536326337142,0.5789705122694834,0.615674238897702,13.64597166392152,0.969502884639193,0.08853497545184867,7.476074034915537e-13,0.25763514877709126,2.3895313158741813,-0.0699475517706953,0.04306299849565669,0.11354630551029588,0.9696114208579878,0.09966653446082797,2.3490525995044152e-11,0.10033613091270754,0.11041214030311562,-0.11607166408139907,0.31674392590681416,0.25029233607102724,2.2552651258521133,0,0.9695028846351921,0.030497115364807925,TRUE,FALSE,FALSE,0.25763514877709115,2.389531315874181,0.7815977399652302,2.5700005646167927,1.3040985049939868,0.007342812706064017,0.36538190282667476,0.13426619002206763,5.953454805954908,36,199,0.023881290110802453,0,0.09087453976709291,0.043297252190655805,0.8590674111159682,1,0.03995598995465489,0,0.13386492534189048,-4.345975845634689e-4,0.5728643216080402,0,0.457286432160804
2012-06-01,2015-05-01,-0.03779173567209306,0.12310816650282781,0.7606777145131275,0.6080981747343197,13.312202044147606,1.0382141867420942,0.057142712049502345,2.1199649852781523e-19,0.24004734178455042,2.074418146721836,-0.06855550335519012,0.036965707293109024,0.07234760339506337,1.0438913871594606,0.0645336726039834,1.5475357847375373e-17,0.024664116195729502,0.07800011689655019,-0.12821611292150886,0.17754434531296787,0.23193341382751667,1.9365519041886998,0,1,0,TRUE,FALSE,TRUE,0.24092991143115086,2.089699999999999,0.8327717211914694,3.262735775068333,1.4610054918212152,0.00811392795703375,0.37616476090680306,0.15314809581129896,7.90828768803173,36,199,0.016646927784921686,0,0.06021478705955199,0.035000341718543763,0.8844143436241848,1,0.031858678317555414,0,0.103101697456992,0.017304680511948216,0.5628140703517588,0,0.6231155778894473
2012-07-01,2015-06-01,-0.008565447984487199,0.12116446203422587,0.9440446929564099,0.6029721464563347,13.08871473847774,1.0393468714079397,0.05783770965337104,3.004420821281663e-19,0.2412664259233117,2.0955415780011193,-0.07994212484659893,0.03195864220687586,0.01734767484239475,1.0558839673118372,0.06200441387518012,3.248770842094504e-18,0.024058157534761815,0.0697648028140299,-0.1126808559807368,0.16079717105026042,0.22968963202218587,1.8992637741055367,0,1,0,TRUE,FALSE,TRUE,0.24217188569737447,2.1112999999999986,0.8443761635173916,3.4839697996222436,1.5750358572202263,0.011576793901125843,0.37328251443414884,0.21203622589446192,11.16412732056246,36,199,0.015237395403749696,0,0.0470830552141461,0.03250410686755831,0.8981057701456444,1,0.030409220454746942,0,0.09419464270096582,0.020727373541664366,0.5979899497487438,0,0.5326633165829145
2012-08-01,2015-07-01,0.02612027074994792,0.1210078010919974,0.8303529983121827,0.6032850748860094,13.102303736887842,1.015497067739468,0.06603519268122272,3.851671965367445e-17,0.24747373211806364,2.204756931183952,-0.09302433412927301,0.030202428294857257,0.004080792202196304,1.0481312667198748,0.0641644107474039,1.1510209819521436e-17,0.044893067409398135,0.06781071430478872,-0.08801593262798774,0.177802067446784,0.2317350279426311,1.9332404343205924,0,1,0,TRUE,FALSE,TRUE,0.24761641482116825,2.2072999999999983,0.8479961977036626,3.5599547269832463,1.664067503087809,0.01573870417543255,0.37155004694337823,0.2740595656794058,14.176175958978419,36,199,0.017245420334843057,0,0.05389709585421659,0.03465891902984713,0.8778599106160104,1,0.0313602169559415,0,0.0999602316470611,0.02081227029377785,0.5025125628140703,0,0.507537688442211
2012-09-01,2015-08-01,0.06384171837476063,0.13037192160043296,0.62740921340332,0.6115659401248512,13.464464368348557,1.0063729934403491,0.06775994837758213,1.1125642676889262e-16,0.24741682420396524,2.20374305637033,-0.11310706790846169,0.034342902559458675,0.0023164832818790594,1.0613692517986995,0.06187505239738775,2.6016745173338155e-18,0.051737816109762136,0.06068451250872538,-0.0672038284073396,0.17067946062686387,0.22472177898547194,1.8179956062142306,0,1,0,TRUE,FALSE,TRUE,0.24744247367373642,2.2041999999999984,0.8634134063984265,3.92900616445112,1.7281822847504136,0.022695045218493304,0.38684416113937925,0.38620439378576776,21.2434173364145,36,199,0.01812473450275784,0,0.06224325184871578,0.036031662680667875,0.8785035680314975,1,0.03212413938709196,0,0.11047479937267836,0.021305039046205138,0.5628140703517588,0,0.5025125628140703
2012-10-01,2015-09-01,0.13379074264359675,0.11765167358450321,0.26319007790153753,0.5987213237313418,12.904820045661967,0.9810906760021691,0.07753975744811809,1.2859114124985642e-14,0.2233923407463064,1.7965489645480994,-0.09074980260072692,0.030240898748921576,0.0050137000252061465,1.0356915014677912,0.063813027444051,1.398855776835831e-17,0.05505830113293575,0.062328097616752676,-0.0671047701958995,0.177221372461771,0.20781359789064177,1.554713692857121,0,0.9810906759981382,0.01890932400186185,TRUE,FALSE,FALSE,0.22339234074630637,1.7965489645480992,0.8807159863326194,4.4575327229864,1.8039428089338878,0.015578742855664629,0.3909077258407,0.24183527169097818,15.554971491024423,36,199,0.018931800710269828,0,0.06629119122430072,0.04105907751482549,0.8589934112729675,1,0.035676019621105275,0,0.12073274171427209,0.011290556579919456,0.5276381909547738,0,0.3768844221105528
2012-11-01,2015-10-01,0.1729855693538431,0.10922060441323043,0.12223048978755416,0.5976718187043616,12.85961770344166,0.970863312144426,0.08023069956766088,4.616264565925674e-14,0.2245898785304138,1.8158620873790172,-0.10808052494114614,0.031535790779060505,0.0016123103364292955,1.053193122063814,0.06406251844518585,9.48014896020686e-18,0.05488740287733207,0.05480673673966836,-0.052533801132417915,0.16230860688708204,0.202319814866797,1.47359906955846,0,0.9708633121406582,0.02913668785934176,TRUE,FALSE,FALSE,0.22458987853041382,1.815862087379017,0.9075446275224166,5.670131619954617,1.9865209964009802,0.02227006366361678,0.3953520038375646,0.342263017820557,23.226332378393163,36,199,0.02093020438145654,0,0.06471359877694678,0.04210505373511485,0.8624132636397359,1,0.03845289951717546,0,0.12039823797236862,0.005806513557742678,0.47738693467336685,0,0.3316582914572864
2012-12-01,2015-11-01,0.20330531820879433,0.10088137822872269,0.05160469360016208,0.5930081140468778,12.659710439715653,0.9387730263393398,0.08699868737155758,1.1155198536230022e-12,0.23243509799783085,1.9449386921254037,-0.11776172492631722,0.03442839279653844,0.0016422792495159298,1.0392756443907483,0.06864773813475922,1.1262511114637021e-16,0.07848608053556894,0.05709597674909457,-0.033422033892656425,0.19039419496379428,0.20755958265227278,1.550915292628284,0,0.938773026335979,0.06122697366402097,TRUE,FALSE,FALSE,0.2324350979978308,1.9449386921254028,0.9117496685017644,5.927241615964228,2.1010329496965374,0.02487551534555807,0.385448531394605,0.39402339949711873,25.405862033211402,36,199,0.02263739058897322,0,0.07600366697553287,0.047953018191927176,0.8266407298781749,1,0.045012680564127265,0,0.14368066565041204,-0.0018659071522939344,0.4824120603015075,0,0.1306532663316583
2013-01-01,2015-12-01,0.23058936109460484,0.09227741666531354,0.01730226516663477,0.5803542253358902,12.125196967147966,0.901954085358093,0.09932512824410107,9.926566016642707e-11,0.23852556346403683,2.048199999330105,-0.1143633786484048,0.032988733880299353,0.0014471940202957511,1.0042534479586374,0.07493103303614955,3.976507682953631e-15,0.11010993068976749,0.07169092837710364,-0.03040428892935565,0.2506241503088906,0.21704994801148705,1.6959844775444117,0,0.9019540853550713,0.09804591464492873,TRUE,FALSE,FALSE,0.2385255634640368,2.0481999993301043,0.9105196926808904,5.849530563147213,2.159663878931736,0.02147561545254978,0.3633042773244032,0.3522155217856926,20.76761470692584,36,199,0.021971527475922518,0,0.07318114812334058,0.054095640110113564,0.7665079475311912,0.9943243990255387,0.05016144346048631,0,0.20896835241210363,0.0018096581117175992,0.41708542713567837,0,0.04020100502512563
2013-02-01,2016-01-01,0.24359289697160258,0.08983603588828866,0.010309920525155768,0.5578536455629216,11.2032248352423,0.8615581047906751,0.10925807572344134,2.856591905726014e-9,0.25083125544140367,2.264987473427185,-0.11200276115640571,0.03217414106103395,0.00139114917781828,0.968314595018562,0.08929875256406992,1.4088032943156034e-12,0.14368816613784363,0.08575709142947048,-0.024395733063918512,0.3117720653396058,0.23234525839189232,1.9434354874990276,0,0.86155810478784,0.13844189521216,TRUE,FALSE,FALSE,0.2508312554414037,2.2649874734271864,0.9006057670395051,5.293546967270521,2.268054271891174,0.018485997049511343,0.32550838717102926,0.3215519859281588,16.54554462942108,36,199,0.02458048714973907,0,0.07031773375347856,0.05984679696570517,0.7274483711563542,0.9608942981185471,0.05243017339616659,0.03429017751881958,0.24152050329286373,0.0013129840722142516,0.48743718592964824,0,0.010050251256281407
2013-03-01,2016-02-01,0.24584760436282757,0.08968039672388775,0.009571538817901204,0.5474222830484379,10.788161615206704,0.8456261289979811,0.11331548966332558,9.760740971972825e-9,0.25883595925131847,2.411857936855807,-0.09551866262015132,0.0287145892508357,0.002119335185137268,0.9370506634134357,0.10401871259578421,1.575973757047822e-10,0.15846799920671573,0.09471950245128814,-0.02718222559780903,0.3441182240112405,0.24589769000543027,2.1767642622002406,0,0.8456261289951732,0.1543738710048268,TRUE,FALSE,FALSE,0.25883595925131847,2.4118579368558075,0.8502609642063584,3.6093747955893862,2.274875671303314,0.012938269245888201,0.3015245930430076,0.23509367465556696,10.800143990692764,36,199,0.029437378278156973,0,0.09450292559592906,0.061174659308530145,0.7002760362290672,0.9360465402038173,0.056770443054258504,0.060106383204206214,0.27559974410898735,0.0048665051047144525,0.44221105527638194,0,0
2013-04-01,2016-03-01,0.24252815514367965,0.08928519864076659,0.010187626835158493,0.5378561889861921,10.414414081107017,0.8368371930625591,0.1122111669676472,9.90126246853632e-9,0.2535423687550958,2.314214379142019,-0.09217417031086994,0.027823117206341903,0.002198635278346182,0.9254780335877917,0.10366431801040105,1.9596446331028676e-10,0.16669613672307815,0.0941955667294972,-0.017927174066736357,0.3513194475128927,0.24122204822296534,2.094770755759774,0,0.8368371930597495,0.16316280694025054,TRUE,FALSE,FALSE,0.2535423687550958,2.3142143791420193,0.830557365443431,3.223992043930705,2.2828240231716164,0.012320320532130447,0.2966341407632268,0.21944362338224543,10.475782267766727,36,199,0.024920574333676115,0,0.07986801873532992,0.062263052987270515,0.6894877735872128,0.9407002768019298,0.0554603272252503,0.04867276415597724,0.2840428413700633,0.0013099849878860925,0.507537688442211,0,0
2013-05-01,2016-04-01,0.23607726146533858,0.08844206288595073,0.011445532266737172,0.5193627972998623,9.710557747888968,0.8190043382307446,0.10950287479758619,9.294788622037038e-9,0.24487019355082454,2.1586108208262575,-0.08610604661217616,0.026845986762442268,0.002915953440036817,0.9025879005381409,0.10243182480821886,2.683220202478477e-10,0.18351814607403527,0.09251013649847184,0.0021982785370304736,0.36483801361104007,0.23374741097167331,1.9669626768945723,0,0.8190043382279292,0.18099566177207083,TRUE,FALSE,FALSE,0.24487019355082457,2.1586108208262575,0.8113343589230751,2.926230678280637,2.2988554893859265,0.011122782579151225,0.28561538632818906,0.19164814393168528,9.743354369807266,36,199,0.02198935384790552,0,0.07517342503037754,0.05670593074624761,0.7011501926468167,0.9093779407392453,0.053870454887123304,0.08686808240644918,0.28970389528418866,0.005647304559426303,0.47738693467336685,0,0
2013-06-01,2016-05-01,0.2337654127428866,0.0880170954314531,0.011828668467695327,0.5025131948234719,9.090702394980937,0.8109563334536265,0.11217351854273502,1.936521567357312e-8,0.2438098546785622,2.139956828581738,-0.08399316283669468,0.027108420789056356,0.0038888959489715995,0.8959782685554524,0.10797055889111801,1.0993186715876642e-9,0.1880148942812424,0.09622997347138346,-5.95853722669154e-4,0.37662564228515394,0.2334003097550968,1.9611253653759047,0,0.8109563334507006,0.18904366654929938,TRUE,FALSE,FALSE,0.2438098546785623,2.1399568285817394,0.8037466644553716,2.82492818823602,2.3768438009352737,0.010409544923465408,0.2691128850683751,0.17883146320583476,9.118818529561812,36,199,0.022247865467514935,0,0.07022952389726633,0.05837560894447806,0.6859340827303466,0.9117990853631164,0.05621340172795435,0.0752487007906954,0.29338232678268517,-0.005839282519573219,0.49246231155778897,0,0
2013-07-01,2016-06-01,0.22872639949093349,0.08609570985118274,0.011807067452616105,0.467496175665021,7.867896273411127,0.7802952128852799,0.10514733341455786,1.1026217722532829e-8,0.22343053820542239,1.7971633944995296,-0.07060557542829937,0.02487684799232102,0.007598712929830829,0.8536123667857681,0.1021612031569732,9.37942921206581e-10,0.21699320864253113,0.09135705309470983,0.037933384576899876,0.3960530327081624,0.215485854933211,1.6716295323466865,0,0.7802952128823629,0.21970478711763708,TRUE,FALSE,FALSE,0.22343053820542236,1.7971633944995289,0.7884645297798093,2.6432392126394646,2.4256382489508868,0.007944683272211372,0.25201032073180996,0.12553386215284235,7.5096700389478,36,199,0.0198926326664527,0,0.06922184038931752,0.059582922950995,0.6540922924800274,0.8794189724920685,0.054918589951998775,0.1063350329355079,0.3139613522804807,-7.324202915911793e-4,0.47738693467336685,0,0
2013-08-01,2016-07-01,0.21945371488686943,0.08438965071043968,0.013545815149861098,0.4584280808969898,7.565626992776295,0.775284077514263,0.1084473592776875,2.4566906023438448e-8,0.22378699868276197,1.8029023480597866,-0.06947867930721234,0.025218683036517496,0.009359552162219582,0.8481271117485583,0.1058520647435523,2.4462085000454047e-9,0.22135156755865415,0.09444593310004604,0.03623753868256391,0.4064655964347444,0.21611308140447746,1.681375102348979,0,0.7752840775112173,0.2247159224887827,TRUE,FALSE,FALSE,0.22378699868276197,1.8029023480597866,0.7732406483902412,2.486950351774618,2.441881195308546,0.007673917278284509,0.2423149994925123,0.12152724571080764,7.2278485354652275,36,199,0.01853377368311205,0,0.06853467455065418,0.056926422059942514,0.6645941109033692,0.8706620909430194,0.05128344127405617,0.11361305747813435,0.3119601877724382,0.0022691762056242515,0.5125628140703518,0,0
2013-09-01,2016-08-01,0.21063859793074277,0.0831221984090005,0.0159040464153676,0.44508881902999425,7.131746045718541,0.7655078391274713,0.1110806745138941,5.277004006116164e-8,0.22440319074595588,1.8128445126107706,-0.06467904518952686,0.026221199529442442,0.018834815023902354,0.8346743176981463,0.11043925918950073,8.896505233669917e-9,0.23000472749138068,0.09809389863226461,0.037740686172142046,0.4222687688106193,0.21776921387788942,1.707243498467782,0,0.7655078391242899,0.23449216087571012,TRUE,FALSE,FALSE,0.22440319074595588,1.8128445126107713,0.7512230535499533,2.295347274208655,2.479236397249615,0.006633976868066466,0.22731960515210484,0.10560101414298928,6.185468812021492,36,199,0.023112058516948412,0,0.08064435322293426,0.05810798391246514,0.6455756031698735,0.8572431588156919,0.05173086620865726,0.13653469552123232,0.32963122823259017,-0.002841096902005541,0.5226130653266332,0,0
2013-10-01,2016-09-01,0.2068390960790638,0.0818674165264606,0.01619560962483753,0.42576814585815737,6.526026504989755,0.7502550820186804,0.11094217441751447,7.753206760041187e-8,0.22084940217544774,1.7558805038850958,-0.05830756342555843,0.027729891819672805,0.042971243137607244,0.8153565248268866,0.11505624293365439,3.4717275663462356e-8,0.24295103859867173,0.10053532713208392,0.045901797419787255,0.4400002797775562,0.21542129867756976,1.6706280932615056,0,0.7502550820154088,0.2497449179845912,TRUE,FALSE,FALSE,0.22084940217544774,1.7558805038850955,0.7385738249830505,2.2001778819400104,2.567386559515748,0.0054281034978779785,0.2103468471805876,0.0852524106235899,5.10301550461508,36,199,0.020638385333050686,0,0.07000610186967317,0.06035529120360777,0.6158549678157327,0.8475629175460825,0.056425525626279754,0.15123800465444484,0.36829466252999427,0.0027525874905771075,0.5025125628140703,0,0
2013-11-01,2016-10-01,0.20774617686086347,0.08110901741808488,0.014894452747299634,0.4143398182293901,6.180389458933105,0.7483510259268057,0.11450561590732596,1.5317574345048154e-7,0.22117161109883648,1.7610077360179783,-0.05687398979287547,0.029322987842272007,0.060765294309867,0.815207138208771,0.12329126100730664,1.3968735534115455e-7,0.2416668515841044,0.10628782081679589,0.03334272278318445,0.44999098038502433,0.2161347444941815,1.6817121999923441,0,0.7483510259233875,0.25164897407661246,TRUE,FALSE,FALSE,0.22117161109883648,1.761007736017979,0.7358963989534318,2.1812320728275028,2.680963124914323,0.005036866604654994,0.1982050737352086,0.07929553602563488,4.715166841626996,36,199,0.02123839198161845,0,0.0672386214301096,0.0574142864264428,0.6355818152610597,0.8507382353447397,0.05321178499318158,0.14761318029327983,0.34593628743007426,-0.0014361032134377338,0.4723618090452261,0,0
2013-12-01,2016-11-01,0.21360955136545806,0.0800418366765818,0.011461432764672187,0.40576152790569275,5.927127031021041,0.7487222044095738,0.11497821343057026,1.6445783154596668e-7,0.2246383009955331,1.8166451858697497,-0.05012018464072898,0.030880512940234243,0.11381888130795521,0.8105375084251747,0.127822198122139,3.1164894391414955e-7,0.2395826762155544,0.11009585433354363,0.023794801721808895,0.4553705507092999,0.22086907355133148,1.7561933154512448,0,0.7487222044060436,0.25127779559395635,TRUE,FALSE,FALSE,0.22463830099553306,1.8166451858697494,0.7335424112438442,2.164897980454078,2.7962751658662586,0.003769227444201634,0.18489245435436127,0.06045187041850464,3.442210483700187,36,199,0.01983609196765305,0,0.06706475758255745,0.06353870524262978,0.6116921232335393,0.8553332508736982,0.05935370831642302,0.13727826853962413,0.363816106924958,0.0029799384016919173,0.5577889447236181,0,0
2014-01-01,2016-12-01,0.2056933011655441,0.07935467166622735,0.013825444791712655,0.3755679934361246,5.077847436970932,0.714824619457313,0.09542161514371512,8.976071533009938e-9,0.19551395940991395,1.3761254996690935,-0.04494351826820501,0.032629482749482915,0.17739223869163395,0.7704582108331244,0.11158017711673522,5.90147020787184e-8,0.2744853074350806,0.09308428063215897,0.092040117396049,0.4569304974741122,0.19203341836551088,1.32756601568916,0,0.7148246194539342,0.28517538054606584,TRUE,FALSE,FALSE,0.19551395940991395,1.3761254996690935,0.7334377584762042,2.164178687986166,2.805343862934974,0.0034805410444030682,0.18353457507061374,0.04855948397993348,3.6577829958026986,36,199,0.021759020445077815,0,0.07559191392507116,0.06271886131665862,0.55517651194806,0.8127732221351579,0.05676814955349987,0.1833863965512111,0.3912538077181232,0.008980420389186061,0.48743718592964824,0,0
2014-02-01,2017-01-01,0.1993618627033408,0.08084077112766307,0.018703408464163067,0.35203407548616894,4.46140765092246,0.6910864555946935,0.09256508518640416,9.664930262831657e-9,0.1938007497452653,1.35211430166577,-0.036606034214715893,0.035681121835238784,0.3121725316046626,0.738738993165667,0.11628206547468489,3.008616766683513e-7,0.2978670410490488,0.09470096810477063,0.1122531435636984,0.4834809385343992,0.19153515477172317,1.3206857584834064,0,0.6910864555911859,0.30891354440881413,TRUE,FALSE,FALSE,0.1938007497452653,1.35211430166577,0.7339149563147082,2.1674632528811033,2.930851470539099,0.0022655949735421177,0.16049892071444577,0.031428543182363544,2.379713946370871,36,199,0.01980632267192498,0,0.065266679896794,0.05851747181777428,0.5620921342644679,0.7792802803294042,0.05323585972228264,0.21457571298132977,0.41358312701769395,0.0036082141175788895,0.49246231155778897,0,0
2014-03-01,2017-02-01,0.19499768411301527,0.08162420108230965,0.02241942268372275,0.34477654336559566,4.279351134784623,0.6851013186165064,0.09278267826527542,1.2291646218187443e-8,0.19363370578172504,1.3497844325314914,-0.03588794934892514,0.03479007857831295,0.3095621056443487,0.7329170180771134,0.11708669455179743,3.9712727251628624e-7,0.30297093127181163,0.09625423448083292,0.11431263168937911,0.49162923085424415,0.19146890270295683,1.3197722652818769,0,0.6851013186128987,0.3148986813871013,TRUE,FALSE,FALSE,0.19363370578172498,1.349784432531491,0.7306009333340536,2.1448996562887253,2.9897642446114925,0.002164803078768207,0.15330764066263883,0.030012167249614086,2.2740413660082552,36,199,0.02023191930790269,0,0.06435938323641566,0.06218983526077038,0.5325056046633165,0.7716498633851714,0.05687726771110715,0.22101878989216925,0.4367449379361824,0.01046636815569646,0.5175879396984925,0,0
2014-04-01,2017-03-01,0.202696133704177,0.07887941382165446,0.014596028056787757,0.3313863931363638,3.953409896013431,0.6759838136427871,0.09100870425695984,1.0811358669592128e-8,0.19181879533332602,1.3246002087526227,-0.02904616875865432,0.036024446849616865,0.4256793165364591,0.7161410468070101,0.11968654093113583,9.04822189611059e-7,0.3129051219516442,0.097162169618946,0.12246726949851006,0.5033429744047784,0.19046678315634885,1.3059934374933941,0,0.6759838136391689,0.32401618636083107,TRUE,FALSE,FALSE,0.191818795333326,1.3246002087526227,0.7451619004817032,2.248536383464888,3.10759195136243,0.0013520121769771687,0.14091960998001496,0.018606771259228605,1.4247216505881348,36,199,0.022890534715764133,0,0.07560708920298885,0.0675774331787808,0.536059375375475,0.787810115889063,0.05902229161798811,0.20976644509653225,0.43694381685040573,0.0018805345854799316,0.5326633165829145,0,0
2014-05-01,2017-04-01,0.21817442466293063,0.07359601948226958,0.005426720622761806,0.31378971501289854,3.5447034689235393,0.6671497058182616,0.08993787538940282,1.1126080301095974e-8,0.19239539988611742,1.3325756363042052,-0.012960170989638522,0.034813031899928015,0.7119953915242279,0.6858733261317405,0.12107237301957365,2.3468707595344145e-6,0.3270868448578981,0.09848638555598048,0.13405352916817634,0.5201201605476198,0.19215042780521624,1.3291843286061944,0,0.6671497058146271,0.33285029418537293,TRUE,FALSE,FALSE,0.19239539988611745,1.3325756363042056,0.7642189122703795,2.4040226754044705,3.275601833868022,2.449720809011846e-4,0.1216392872076823,0.0033913076980112145,0.25514201642502043,36,199,0.02333492307803603,0,0.0810179086746523,0.0637139919671924,0.5147684546815426,0.75082493234389025,0.05536138688425833,0.24177137033447027,0.4505749328805486,0.011854252805631127,0.542713567839196,0,0
2014-06-01,2017-05-01,0.2267829590151899,0.07149626231427898,0.0031458525033918883,0.30602651258303165,3.371480150534367,0.6670381691182152,0.09095935946515663,1.4260502944365549e-8,0.1926367459103404,1.3359209714973015,-0.01711077721423803,0.0411396702761166,0.6800827839919915,0.6928413185846615,0.13349639600316382,9.737823019592112e-6,0.32426945862957657,0.10376923040265612,0.12088176704037057,0.5276571502187826,0.19225189689567385,1.3305885069594527,0,0.6670381691145351,0.33296183088546494,TRUE,FALSE,FALSE,0.1926367459103404,1.3359209714973017,0.7884459638575487,2.6430346798690345,3.4787650929444345,3.848490146665662e-4,0.1137746156873578,0.005332464537848969,0.4007598524982199,36,199,0.021992923559267668,0,0.06738182629734675,0.06501474316423475,0.527158510617014,0.7630329948474185,0.0571695143419741,0.2306335302941144,0.44439607878660486,0.010307909797518722,0.5728643216080402,0,0
2014-07-01,2017-06-01,0.2372351392791916,0.06901333693756603,0.001531555911883058,0.2960461752036399,3.1551601626973533,0.6649423132072974,0.09035753955045046,1.322500311037637e-8,0.189846082746422,1.2974952648298073,-0.006369758606982631,0.03966669805731072,0.8733729342108317,0.6746381000560413,0.13240411233910712,1.2923780603462574e-5,0.33173165855094133,0.10346945910971396,0.12893151869590197,0.5345317984059808,0.18979498472577694,1.2967969041740846,0,0.6649423132036305,0.3350576867963695,TRUE,FALSE,FALSE,0.189846082746422,1.2974952648298075,0.7974171549030288,2.7463030012353284,3.55144490361328,5.109802064506841e-5,0.10625119047786297,6.983606557229294e-4,0.05385273927436675,36,199,0.023865919288237183,0,0.07805420166858582,0.07092950481905451,0.49818538116920597,0.7699039263106606,0.061528411522997976,0.22782506960132476,0.45354031008359735,0.010772235394017393,0.5125628140703518,0,0
2014-08-01,2017-07-01,0.25527986826599003,0.06720223176042046,5.565627861716839e-4,0.2847359072771502,2.9186833281459075,0.6651950207468883,0.09102175144386221,1.536124823740996e-8,0.195038962900574,1.3694470937759333,0.01509507592157731,0.04449757617753526,0.7365201754683106,0.6416939709840358,0.1394640294309047,5.6163187998200534e-5,0.3432109530943869,0.10655496932931438,0.1343632132089307,0.552058692979843,0.19478428146974341,1.3658729870766324,0.015095075924713479,0.641693970975603,0.3432109530996835,FALSE,FALSE,FALSE,0.19478428146974341,1.3658729870766322,0.8096753058390428,2.903382128263533,3.713614887503126,2.5468143083057226e-4,0.08995162580740679,-2.220446049250313e-16,-1.6256607094944582e-14,36,199,0.030516511246151273,0,0.09247034973522696,0.07098927414470985,0.4619030285704673,0.7435169150683616,0.05494417731040086,0.242750427347228,0.4663264724332102,0.015375411652558124,0.35175879396984927,0,0
2014-09-01,2017-08-01,0.2647426364274797,0.0655969563732788,2.8136808724322875e-4,0.28432580854638057,2.9102819545999097,0.6783733826247691,0.09391965576084098,1.9744262195520283e-8,0.2001611206620476,1.4423210720887243,0.022307174376153555,0.05059770833163366,0.66209549695423775,0.6425044044095086,0.14951585636172515,1.3706710715443514e-4,0.3351884212143378,0.11210133173887384,0.11546981100614506,0.5549070314225305,0.19963449515124512,1.4347415395545304,0.02230717437947137,0.6425044044006392,0.33518842121988945,FALSE,FALSE,FALSE,0.19963449515124512,1.4347415395545307,0.8114615741205413,2.9279994934877656,3.8952770111567454,5.266255108024864e-4,0.08469131339513544,2.220446049250313e-16,1.5476279093025594e-14,36,199,0.031036191033974442,0,0.10722815254473349,0.07269386532630427,0.47878039152373864,0.7682385188327837,0.055695558014030686,0.23021707943697367,0.45266050639185573,0.004886803435466547,0.27638190954773867,0,0
2014-10-01,2017-09-01,0.2766320391423815,0.06698000176150957,2.1394142219471348e-4,0.29691938890970293,3.173800446378411,0.699584367045784,0.10076155615402461,4.526529472754199e-8,0.21170454985797663,1.6134773915004663,0.0231518674809621,0.05128840863031317,0.6545636100420666,0.6623194855669922,0.15358540023787742,1.3114009926141898e-4,0.31452864695204574,0.11772413709167324,0.08378933825236617,0.5452679556517253,0.21117512170112135,1.6054175529174028,0.02315186748443011,0.6623194855578535,0.31452864695771643,FALSE,FALSE,FALSE,0.21117512170112135,1.6054175529174026,0.8177772654691999,3.018955926918425,3.9347543542544994,5.294281568552772e-4,0.08574426720858158,-2.220446049250313e-16,-1.3830956595779496e-14,36,199,0.030603004014140404,0,0.10715975881783446,0.0681236440288212,0.5232851368883038,0.7947299374318461,0.05335195098325013,0.2015337491351629,0.41802248875304077,-0.0015445379655721903,0.31155778894472363,0,0
2014-11-01,2017-10-01,0.2851510899870982,0.06810957454403885,1.813291877384102e-4,0.30057568918772964,3.2524468175044325,0.7064128569199564,0.10065610289001128,3.620672043223593e-8,0.21247088999116015,1.6251796473708844,0.01957026998432612,0.051826924592922256,0.7080687457404892,0.6751952888948212,0.1542715673429369,1.0867808704142529e-4,0.30523444112085274,0.1178286602187095,0.07429026709218214,0.5361786151495234,0.21210693222625748,1.6196166251436306,0.01957026998796565,0.6751952888855035,0.30523444112653086,FALSE,FALSE,FALSE,0.2121069322262575,1.6196166251436308,0.8262117928800008,3.1508559901671362,3.95432936290538,3.6395776490266707e-4,0.08846875696147216,2.220446049250313e-16,1.3709701510710288e-14,36,199,0.032041946469926405,0,0.1005636549461073,0.07084919840033908,0.5084456651380627,0.7884036117211299,0.055624482034575276,0.20609717178726844,0.4189024504366205,0.012573459421405697,0.3417085427135678,0,0
2014-12-01,2017-11-01,0.29052808564134597,0.06871770355139152,1.607018302503802e-4,0.3122778882925716,3.5106292625928424,0.7196132736809003,0.10401579124719391,4.871349532925143e-8,0.21662609657344245,1.6893671657992708,0.011801470723699081,0.05107536969879316,0.8186530999247914,0.7010991485348493,0.15728612448461415,8.575001473660946e-5,0.2870993807414516,0.12105070809479283,0.04983999287565763,0.5243587686072455,0.21649535082834967,1.6873285294904474,0.011801470727415555,0.7010991485254626,0.2870993807471218,FALSE,FALSE,FALSE,0.21649535082834967,1.6873285294904472,0.8273639451742498,3.169884552628754,3.887572553193071,1.307457450927807e-4,0.09578253746422191,-2.220446049250313e-16,-1.3159535979166195e-14,36,199,0.029335867651004283,0,0.09232477707276757,0.07064448109402256,0.5435632868693435,0.8002852567677117,0.05443512497542173,0.18298071954796102,0.38690313697655393,0.0039867577517900266,0.36683417085427134,0,0
2015-01-01,2017-12-01,0.3030947348982272,0.06858016731791673,9.128958535407725e-5,0.3109813583769568,3.4815385892871804,0.7281961158107949,0.10573725157749507,5.350052947115733e-8,0.2187487693319064,1.7226368670320493,0.01715498796860965,0.05504021776193323,0.7571862739518842,0.7011117221506356,0.16522011184439953,1.6028355625035095e-4,0.28173328988075474,0.12513076421915748,0.036476992011206105,0.5269895877503034,0.21848918605667958,1.718550879253572,0.017154987972533516,0.7011117221409601,0.28173328988650637,FALSE,FALSE,FALSE,0.21848918605667958,1.718550879253572,0.8368817009372945,3.3374604520993736,3.9962834393680273,2.5958327522682123e-4,0.0924921723202772,0,0,36,199,0.031730114929021766,0,0.10466961843390513,0.07053846781726013,0.5402298804160446,0.7995387369695287,0.0540659177214895,0.17838107305870854,0.3916892532083784,0.003008920207793142,0.31155778894472363,0,0
2015-02-01,2018-01-01,0.3167529299633739,0.06566502691613867,2.7288944438264628e-5,0.3105057554169702,3.4708976692942777,0.7498084848484848,0.11045924426848086,7.183665253401897e-8,0.2209500239972313,1.7574808717575747,0.011572294420372463,0.07163061752891045,0.8726124060932031,0.7307300495914707,0.18922951063887275,4.8058044338106774e-4,0.25769765598815686,0.13572674123005413,-0.008326756822749248,0.5237220687990629,0.2208432612174664,1.755782856905979,0.011572294425077076,0.7307300495801713,0.2576976559947516,FALSE,FALSE,FALSE,0.2208432612174664,1.7557828569059795,0.8518563538935024,3.6451019088571095,4.37758900816536,1.0676277976490178e-4,0.08966249419950378,4.440892098500626e-16,2.5292945998608943e-14,36,199,0.03074161530569959,0,0.09302336287248032,0.0740146735138775,0.5596111589599884,0.8214596252890976,0.055941433478096984,0.17034591798223736,0.3767928815235949,0.007558553349990449,0.36683417085427134,0,0
2015-03-01,2018-02-01,0.3493008668833874,0.057945647115789305,7.090969716617558e-7,0.2972066824463309,3.1799452352671502,0.7476778781611698,0.10149210457669032,1.2923738386885902e-8,0.21737803436518174,1.7011155536809248,0.047247179566774405,0.06408914458167986,0.4660517492355899,0.6739369810801688,0.16701254380150393,2.926684945063369e-4,0.27881583935305687,0.12186983494793056,0.03995096285511296,0.5176807158510008,0.2157264482765128,1.6753644174959625,0.04724717957112824,0.6739369810703166,0.27881583935855514,FALSE,FALSE,FALSE,0.21572644827651283,1.6753644174959628,0.8597865653140742,3.8348401516894914,4.267292798709735,0.0016515860886689437,0.08148023416981812,2.220446049250313e-16,1.3253510854486464e-14,36,199,0.03885536591311221,0,0.1304879867899167,0.07039679071388007,0.5113320553779794,0.7801574366627793,0.047707594517697814,0.19880704127581045,0.3825778474830851,0.008916931203734713,0.1306532663316583,0,0
2015-04-01,2018-03-01,0.3800629806583231,0.05240483278035025,1.8097265339333957e-8,0.29055343634011754,3.039166777285827,0.759563224022679,0.10040763899339394,7.2403842150725475e-9,0.21359227381563012,1.6423797396143203,0.07230329848944407,0.054145046967146455,0.19062935595080457,0.652149567274003,0.14906991329325422,1.0927681474664533e-4,0.27554713423655297,0.11670560082762461,0.04680415661440873,0.5042901118586972,0.20990440626607423,1.5861549517168736,0.0723032984936116,0.6521495672649583,0.27554713424143007,FALSE,FALSE,FALSE,0.20990440626607423,1.5861549517168736,0.8613022118635263,3.8735892896172635,4.122856293858115,0.0036878675495558844,0.08064903007404331,0,0,36,199,0.04135431545732581,0,0.15520610269348076,0.07286387392585048,0.5088396049158869,0.8009308614954305,0.04321154996012747,0.1804594234855905,0.3599879532959143,-0.002340572407074304,0.04020100502512563,0,0
2015-05-01,2018-04-01,0.401270352478082,0.05449402531043752,1.3049294535505055e-8,0.28944035477415686,3.015925882984433,0.7608831297599,0.09842504463113713,4.4706505849204026e-9,0.21358517397459703,1.6422705555033197,0.07310840094560439,0.060597807605855036,0.2359707399763243,0.6560656557143427,0.14636772450152155,7.971452099829139e-5,0.27082594334005283,0.113097182396847,0.04915546584223271,0.49249642083787293,0.21026263214514873,1.591573481157821,0.07310840095017755,0.6560656557049821,0.27082594334484034,FALSE,FALSE,FALSE,0.2102626321451487,1.5915734811578208,0.8688792692466502,4.080819562698602,4.121900422328405,0.0033225418294483,0.07917772262900813,-2.220446049250313e-16,-1.3951263171556531e-14,36,199,0.041730293794828274,0,0.15471052045331846,0.07217462164902981,0.5177955515985644,0.7924214013477701,0.043098539727650736,0.19092329124869187,0.3490051264476966,7.079569788796536e-4,0.05025125628140704,0,0
2015-06-01,2018-05-01,0.40626824007105683,0.057513096749240745,3.160144705101137e-8,0.30082485656395,3.257841395761959,0.7620638803883629,0.09886353820412043,4.769984042837147e-9,0.21396708659978758,1.6481489093280361,0.05042194850889436,0.06664310835096254,0.4545026353075069,0.6924334272737468,0.14400244253597522,3.0384844872092916e-5,0.25714462421735884,0.10986831407391504,0.04180272863248538,0.47248651980223233,0.2124513788316955,1.6248811812295894,0.05042194851384272,0.6924334272639623,0.257144624222195,FALSE,FALSE,FALSE,0.2124513788316955,1.624881181229589,0.8644358210526694,3.9564675997617393,3.9626226526368624,0.001515707768092095,0.08837347773225454,-4.440892098500626e-16,-2.7330565150247412e-14,36,199,0.04115178969888464,0,0.13367682504325462,0.07011311024410512,0.5292153530341465,0.7978051664962879,0.04196677817456693,0.1870843649778619,0.3510192433471475,0.006598291369670606,0.1457286432160804,0,0
2015-07-01,2018-06-01,0.42023676842362795,0.06195166353976433,7.287457813733881e-8,0.3045836771634003,3.3397637901976247,0.7710865306263979,0.10223598811181359,7.733376769060454e-9,0.21590302616279733,1.6781082014251276,0.052313633586318464,0.07045812188428821,0.4628966205625189,0.7010437278012133,0.1443768942846338,2.6409068293617696e-5,0.24664263861246827,0.11195338630228187,0.027214001459995807,0.46607127576494073,0.21435706872334875,1.6541623048199925,0.052313633591382594,0.7010437277913945,0.2466426386172229,FALSE,FALSE,FALSE,0.21435706872334873,1.654162304819992,0.8588574804297886,3.8115010229962603,3.832476429744636,0.0015459574394485753,0.09022660844005154,-4.440892098500626e-16,-2.6846773654317362e-14,36,199,0.03949404472589828,0,0.1372198223448104,0.06094613011517881,0.5768047784678858,0.7973074073473736,0.03886257637687674,0.1753874786251374,0.34096620861384425,0.0042938850529072314,0.135678391959799,0,0
2015-08-01,2018-07-01,0.43090441045175887,0.06673392765290322,1.9394964775439023e-7,0.31098686342267723,3.481661851973097,0.7832783575767406,0.1079311142821601,1.784483450788104e-8,0.21508715717024443,1.6654494664647879,0.05554525356354202,0.07140320752782645,0.4420020772480958,0.7123722818498821,0.13958990708201785,1.2617478827037363e-5,0.2320824645865759,0.11554732816784946,0.005609701377590953,0.4585552277955608,0.21332671676500736,1.638298371086556,0.05554525356839301,0.7123722818404795,0.23208246459112747,FALSE,FALSE,FALSE,0.21332671676500736,1.6382983710865564,0.8415771062096837,3.427615915368496,3.5418469624296813,0.0017604404052370681,0.09766014665766987,4.440892098500626e-16,2.7106735725772147e-14,36,199,0.03860652478944194,0,0.132429373066495,0.06463978262849966,0.5903166632613315,0.8336477118408638,0.04189380547021002,0.1497389870341325,0.3034851398654642,0.0016397700669563142,0.09045226130653267,0,0
2015-09-01,2018-08-01,0.38341675868463687,0.07519657687173432,1.18982145817883e-5,0.3449984014185288,4.284860291328251,0.7838455506894375,0.115194952415687,6.839910257392916e-8,0.2160493042580194,1.6803828673334724,0.02231335450898612,0.06582891154648805,0.7367246459506072,0.7574059175860118,0.130769512342357,1.6047122321699188e-6,0.22028072790500208,0.11828006389908031,-0.011548197337195337,0.45210965314719953,0.215687063526258,1.674752737412882,0.0223133545128557,0.7574059175778056,0.22028072790933872,FALSE,FALSE,FALSE,0.21568706352625797,1.6747527374128814,0.7812759304827822,2.5666829330611436,2.9711321435466282,3.6224073176141514e-4,0.12931133789227078,-6.661338147750939e-16,-3.977505454352154e-14,36,199,0.03039509141837519,0,0.09618029345444058,0.053478070921715894,0.6424394013002817,0.8498698732613152,0.04115362474123167,0.14635046185159345,0.31015121284841246,0.0020858695207017774,0.3165829145728643,0,0
2015-10-01,2018-09-01,0.38385650627492757,0.09329936721979035,2.2404603643106006e-4,0.35634456494938627,4.571332162882825,0.8011340411482949,0.12549270305433716,2.4177081494077336e-7,0.2188715839681884,1.7245717296747747,0.019593367392979563,0.07396174868059174,0.792676601668055,0.7798004740373787,0.13622364873891346,1.9641711873519574e-6,0.2006061585696417,0.12841977288501133,-0.05109659628498048,0.4523089134242639,0.21860520078549775,1.7203764171768403,0.019593367396774492,0.7798004740291601,0.20060615857406539,FALSE,FALSE,FALSE,0.21860520078549778,1.7203764171768399,0.7389387412276542,2.2027909785330895,2.6720490756474202,2.663831826906493e-4,0.13773936416388852,-4.440892098500626e-16,-2.5813490897464095e-14,36,199,0.0330606866500473,0,0.10964749998677267,0.05818851259448283,0.6519685118108879,0.8815034006646628,0.04851962482181857,0.11183991368479376,0.3054582155151936,5.359501988625448e-4,0.3015075376884422,0,0
2015-11-01,2018-10-01,0.39819032104347446,0.11242037851828002,0.001147028473884566,0.35631933617212896,4.570684895885281,0.8078160495393165,0.13772743416352226,1.1617825048381807e-6,0.22193631645150325,1.7732062281622243,0.03582983590671204,0.08355992411205451,0.670779165619035,0.7728547005279321,0.13811494931555218,2.8880326394629226e-6,0.19131546356535578,0.1440827602502325,-0.0910867465250999,0.47371767365581147,0.22114832984869828,1.7606370166152723,0.035829835910380005,0.772854700519897,0.19131546356972295,FALSE,FALSE,FALSE,0.22114832984869828,1.7606370166152718,0.6688967524320261,1.8097020984218213,2.39279841455711,7.879866028049631e-4,0.13517100632343068,-4.440892098500626e-16,-2.5223212147600966e-14,36,199,0.03883274587418637,0,0.1267492690112977,0.06778113098957202,0.644205136006332,0.9102305514776274,0.057489530996191585,0.0770739974088972,0.30993747265103727,-0.002740192870844843,0.20603015075376885,0,0
2015-12-01,2018-11-01,0.4145681000126412,0.13220143658180952,0.003462621725659718,0.3602863895115335,4.673026168821233,0.8481599308746709,0.1408092819760583,7.190792184181822e-7,0.22119598448161323,1.7613958878284428,0.060918543688705744,0.0857758528137338,0.48241943194092873,0.7948244032156078,0.1445095401905647,3.845916118739073e-6,0.14425705309568648,0.1491708961846195,-0.14811790342616776,0.43663200961754073,0.2190476012475724,1.7273466580433572,0.060918543692166226,0.7948244032073757,0.1442570531004581,FALSE,FALSE,FALSE,0.21904760124757228,1.7273466580433554,0.5648403065864909,1.4685248972254634,2.154814939077163,0.002148383234040846,0.14123878826396113,-1.7763568394002505e-15,-1.0283731010962266e-13,36,199,0.042491605761751844,0,0.1434465050545293,0.07473908917222565,0.6542400486265328,0.9531625747886926,0.06633926767883787,0.015564923444717878,0.26944430594713914,-0.0022847349620763457,0.12562814070351758,0,0.020100502512562814
2016-01-01,2018-12-01,0.3980417513393679,0.14830874250147136,0.011040928346780764,0.37764063261292674,5.134048106410494,0.9172233136869676,0.10718196290975798,4.2274548554987923e-10,0.2039278617567951,1.4971166208251472,0.0925257935461952,0.06964462586565133,0.19284779626193105,0.8518728903706975,0.12240982696828681,5.0355448161877824e-8,0.055601316083107366,0.10767127705112799,-0.15543438693710349,0.2666370191033182,0.1979485445853166,1.4106105469240224,0.09252579354871479,0.8518728903627198,0.055601316088565333,FALSE,FALSE,FALSE,0.19794854458531647,1.4106105469240207,0.3620003008777555,1.1508065433538834,1.8302017030232536,0.005979317171478482,0.17969208802761014,-1.7763568394002505e-15,-1.2592822613397969e-13,36,199,0.04881948911017794,0.0017445548877011528,0.18529565436991907,0.06380678620732545,0.725710443389049,0.9679110771665644,0.05514730477328447,0,0.16464163027756856,1.8481121207582218e-4,0.02512562814070352,0,0.27638190954773867
2016-02-01,2019-01-01,0.3273832913545095,0.15820798511908107,0.04596195885352448,0.3936712050499796,5.579172636678112,0.9861062145444055,0.07060118640266476,7.058409049668993e-16,0.1806620086116152,1.1749954088009993,0.10910466770374343,0.0514331338047337,0.041268053920419545,0.9218379318699048,0.08481183684161461,1.3229259744472275e-12,-0.0309425995736482,0.06691766364183106,-0.16210122031163707,0.10021602116434067,0.16799293503949103,1.0159785440345757,0.1035990091824093,0.8964009908175906,1.1102230246251565e-16,FALSE,FALSE,TRUE,0.16845015083547968,1.0215163193938508,0.20640748349436125,1.0444999262935728,1.7474344584947183,0.012669073572124157,0.22567827001048857,0.005537775359275132,0.5450681406404456,36,199,0.039028192831179725,0.021336009375664166,0.16566068593100322,0.051400945743758114,0.7626638726241766,0.9613035750874667,0.04040724816480217,0,0.13302784906243603,0.027350201070576494,0.010050251256281407,0,0.5226130653266332
2016-03-01,2019-02-01,0.3296446232122317,0.15913433752368641,0.045747679266964214,0.39528867181832894,5.625112826444349,1.0161562812669147,0.06900961948388044,1.4437752625331516e-16,0.16684229132587125,1.0021086062952083,0.09144472708103579,0.043495577209182484,0.042999757351816215,0.9588119014259816,0.07930632168328351,7.316309452927393e-14,-0.0502566285070174,0.07000431596217928,-0.18746508779288878,0.08695183077885399,0.15753918452630392,0.8934694078036618,0.08318882048915269,0.9168111795108472,1.1102230246251565e-16,FALSE,FALSE,TRUE,0.15880847225635467,0.9079247109743052,0.26897739495045847,1.0779914282820513,1.7919099004996,0.009303106799567334,0.23774948729202502,0.014455303170643363,1.6178845122607588,36,199,0.03860670402277673,0.01098995122710374,0.1542642798820765,0.05018104640978246,0.777135117870333,0.9773521498096116,0.03698623242243101,0,0.11793051438680124,0.026984062389748577,0.01507537688442211,0,0.4723618090452261
2016-04-01,2019-03-01,0.33724240082431733,0.15679595820748837,0.03847462845886255,0.3962940378474359,5.653762719603298,1.021005532053368,0.0690892136163933,1.2943472286034407e-16,0.1677372437451495,1.0128881858119092,0.09300348788066228,0.04358274360740716,0.04014280997204988,0.9613053432497904,0.08022177326413235,9.357813819554047e-14,-0.054308831130452706,0.07011562148241028,-0.19173544923597685,0.08311778697507144,0.15815617067286653,0.9004814755885757,0.08433210482323647,0.9156678951767636,0,FALSE,FALSE,TRUE,0.15964999576825814,0.9175723613569744,0.2823717407865609,1.0866421042024417,1.8080760725359468,0.00958107307228298,0.23813786717456936,0.017090885768398678,1.8979719440899854,36,199,0.036674191965476555,0.008897481273041801,0.1434864219040306,0.05019224949371595,0.7857645144018686,0.9852876871346251,0.03602032319250921,0,0.1100925950606443,0.0246433181741718,0.01507537688442211,0,0.4723618090452261
2016-05-01,2019-04-01,0.3381882977281089,0.15699701759459486,0.03819817611392146,0.3979868869982069,5.702168240010846,1.0187654715323802,0.06746080446267473,6.703647747306226e-17,0.16456972999435562,0.9749950570949442,0.08954492022957448,0.04309082643041946,0.045324260577672464,0.9614818921230401,0.07808073499056212,4.387988501359915e-14,-0.05102681235261464,0.06832430338427234,-0.1849424469857884,0.08288882228055913,0.15557633482818234,0.8713438545085455,0.08116684619944389,0.9188331538005561,0,FALSE,FALSE,TRUE,0.15693972065748496,0.8866827331217785,0.3037228648199589,1.101621958191684,1.7984193556370012,0.008993395166173285,0.24241055217002455,0.01533887861323302,1.7603703215287425,36,199,0.038156785999735585,0,0.1506812093542895,0.045465227679652095,0.8023058140231563,0.9893391463010532,0.03379897875718843,0,0.11095011743207214,0.022544091091294266,0.04020100502512563,0,0.5175879396984925
2016-06-01,2019-05-01,0.34383589820303273,0.15230672455963618,0.03031839384703222,0.39803209150187285,5.7034636511527905,1.0226644555002762,0.06748402450410793,6.029750948051747e-17,0.16486085468220607,0.9784476506357085,0.09011188532277371,0.04230106084736934,0.04046889357378078,0.9624703138617798,0.07855772216124088,5.0541913531404216e-14,-0.052582199184553535,0.06752037039670092,-0.18492212516208734,0.07975772679298027,0.1555555914876329,0.8711115135504236,0.082169239174052,0.91783076082594794,0,FALSE,FALSE,TRUE,0.15703321260590278,0.8877394750079038,0.29204630306074525,1.093243913805586,1.8379160505601948,0.009305263194573171,0.24247650001423995,0.016627961457480245,1.908821224243611,36,199,0.036842929738624366,0.008493544483091808,0.1562855601960145,0.045767322815703344,0.7973710203118659,0.9711292088668915,0.03381006797558284,0,0.11093465666968899,0.023215057626902014,0.01507537688442211,0,0.507537688442211
2016-07-01,2019-06-01,0.34373090949480745,0.1505880934947855,0.028642453811772967,0.3966169906482031,5.662981341750126,1.0126900422487428,0.06363318346232757,1.3426823546997267e-17,0.16043825478313797,0.9266556095229276,0.08415599822980938,0.041821722025527544,0.052169420327370875,0.9555661122818535,0.0750123523846294,1.6912062214926023e-14,-0.039722110511662856,0.06335855124175617,-0.16390487094550493,0.08446064992217923,0.1521189110739011,0.8330458718271395,0.0781971238697586,0.9218028761302414,0,FALSE,FALSE,TRUE,0.153005604762368,0.8427857431931268,0.3086011928046465,1.105259005623352,1.8458168821668184,0.00831934370923687,0.244498079574302,0.009739871365987307,1.1691878797291935,36,199,0.037676200671924925,0.011934414954947941,0.15316455866181578,0.04938701226373548,0.793475861173915,0.9837334138439173,0.03480570796614717,0,0.11429562481727905,0.021698621143677772,0.005025125628140704,0,0.5326633165829145
2016-08-01,2019-07-01,0.352570104676846,0.14809162547923846,0.02285216429838321,0.39786122469321084,5.698567948117739,1.0207909431653028,0.06452551183036928,1.613542606451554e-17,0.16316951911226782,0.9584745108238342,0.08910474595431148,0.0416895185858546,0.039846203189873086,0.9583528695946559,0.07674083727723388,2.96032664550215e-14,-0.047457615548967436,0.06352967047395629,-0.17197576967792177,0.07706053857998689,0.15381050071673666,0.8516761247063966,0.08249089886096773,0.9175091011390323,0,FALSE,FALSE,TRUE,0.15507917227198717,0.865783788212328,0.3106311383227813,1.1067966996353158,1.8777890168632914,0.00935901839553116,0.24405072397647418,0.0141076635059314,1.6564587284626322,36,199,0.03885284179080795,0.010101498657606617,0.147998826598878,0.04683202303143239,0.8010813038837384,0.9788098513101099,0.03136627231731874,0,0.1118824058370052,0.020057786757015226,0.005025125628140704,0,0.5125628140703518
2016-09-01,2019-08-01,0.352835809983367,0.15055003393269312,0.02490357262972438,0.40154760535625456,5.804657257224325,1.0096564941766175,0.05957515886750304,1.9003854720407258e-18,0.16101824427611286,0.9333674996314304,0.08508105115238729,0.04199671331773158,0.0506800990570487,0.9517366560811937,0.07197385871643011,5.847466299598654e-15,-0.03681770723358102,0.05934637697714517,-0.15313660610878554,0.0795011916416235,0.15250775275322884,0.8373101273942393,0.07937053670857294,0.920629463291427,0,FALSE,FALSE,TRUE,0.153301582607306,0.8460495082765679,0.3258457519231698,1.1187878029609235,1.8384861978553597,0.008510491522884023,0.24903985260302572,0.008739380882328618,1.043744796151709,36,199,0.03713963071444394,0.009308056761109353,0.14381613842477126,0.050065978748993975,0.7913741405311668,0.9838056415050127,0.03183576809245706,0,0.10724893182586251,0.022647627793174297,0.010050251256281407,0,0.4723618090452261
2016-10-01,2019-09-01,0.30534613969060537,0.14318498402330462,0.04005511601465474,0.4155505226222821,6.216560526659466,0.9858943147644278,0.05845211609568269,2.2072968631301632e-18,0.1666508817528674,0.9998105900042948,0.09886803887278595,0.041366536844278094,0.022532695998403778,0.9331174993982245,0.06696536179829214,1.2907656009446429e-15,-0.03198553827101047,0.0584126788806131,-0.14647438887701214,0.0825033123349912,0.1540738600872867,0.8545951570390847,0.09250867249967908,0.9074913275003209,0,FALSE,FALSE,TRUE,0.15465706810809454,0.8610771137685049,0.2521359070387719,1.0678883487280781,1.6821906961530924,0.012577021665580695,0.26147666253499535,0.006481956729420202,0.7584827360686471,36,199,0.03688822727112544,0.027784294041319896,0.15820286595917066,0.04795589801078168,0.7888919030468095,0.9685167297682261,0.035092791946610746,0,0.10744261021067722,0.025393384582896947,0,0,0.47738693467336685
2016-11-01,2019-10-01,0.20676392697055032,0.13719905583084738,0.14077506630425854,0.43259585343459933,6.737010206717134,0.980483567395396,0.05999038731901672,5.887029376770766e-18,0.1675534064845609,1.010669184884898,0.08446929035600047,0.028362174919912633,0.005315885468670701,0.9467203102917554,0.060629543379725204,4.474738516526141e-17,-0.03118960064775589,0.06143343902162584,-0.15159914113014253,0.08921993983463075,0.1551030947967447,0.8660509205590068,0.07878686680678632,0.9212131331932137,0,FALSE,FALSE,TRUE,0.15563803696564935,0.87203514781875,0.24756958592042508,1.06529252438908,1.6976138968422736,0.012450311687816212,0.2774927586378546,0.0059842272597432355,0.6909786847037375,36,199,0.029091308968695242,0.014674181657732025,0.12711299533405443,0.039123000408916045,0.8114494924682746,0.9736196538440594,0.03460547176828627,0,0.12059879990126042,0.0208544532535197,0.01507537688442211,0,0.5376884422110553
2016-12-01,2019-11-01,0.1451943587300929,0.1344436390148747,0.2875440566373915,0.4360243741744408,6.8442211754716595,0.9707526245748929,0.0610299029438065,1.3645169989773045e-17,0.16499283394715736,0.9800148691409127,0.06196079083412135,0.028882116503687254,0.039157466724991964,0.9514012150820891,0.05990595943700895,2.6914112032184793e-17,-0.013362005916210395,0.06548295192740197,-0.14170859169391825,0.11498457986149746,0.15722040354529682,0.8898571904740551,0.05963173813320673,0.9403682618667932,0,FALSE,FALSE,TRUE,0.15731425921268408,0.89091994145888,0.2981860278508475,1.0975923192121841,1.732022652189789,0.007772430401860542,0.27880397062914397,0.0010627509848248895,0.11942938667031823,36,199,0.025532993488661854,0.007962141518684874,0.10626033229552728,0.03887904364441579,0.8393915189202509,0.9920378584813151,0.031721389837500835,0,0.10487794615695026,0.02091789541259908,0.01507537688442211,0,0.5477386934673367
2017-01-01,2019-12-01,0.11887293351031732,0.12955583099672732,0.3651383964889515,0.4274047918541807,6.576294819596958,0.9701421650888133,0.06557854181634114,1.2538365469751894e-16,0.16520768178398207,0.9825688123357496,0.0570140517438142,0.029621258663195447,0.0626588606286019,0.9556165162474558,0.06346030782410589,1.320232904154969e-16,-0.012630567991270047,0.0705085631557136,-0.15082735177646872,0.12556621579392863,0.15838493556637187,0.9030883613170958,0.05488751386117206,0.9451124861388279,0,FALSE,FALSE,TRUE,0.15846219503849837,0.9039696212310877,0.3212177278466193,1.1150519881632492,1.768935934177862,0.006822746217610198,0.2690198562878088,8.812599139919053e-4,0.09758291123436082,36,199,0.025773670849318125,0,0.09681683303403964,0.035952359033514,0.8492347833667037,0.9923165347375147,0.033520027883312604,0,0.10731960374370379,0.022752543998726595,0.04020100502512563,0,0.5025125628140703
2017-02-01,2020-01-01,0.11124096644167235,0.12786191771428773,0.3902235740161599,0.4238842635381353,6.468403279509622,0.9961815795305383,0.06667922616195776,9.301290813749868e-17,0.16313886955779963,0.9581144673814832,0.051947252328723104,0.03027813246240335,0.09532352960684604,0.9827411588932488,0.0653924650035679,1.401117319757571e-16,-0.03468841122197186,0.0726084473671192,-0.1770009680615255,0.10762414561758177,0.15734690536686458,0.8912897506270455,0.046557496544645686,0.9534425034553543,0,FALSE,FALSE,TRUE,0.15789725755872933,0.8975355820044375,0.3365170030326669,1.127705540381617,1.8355476965902289,0.005791964190935056,0.2665373581712707,0.006245831377391986,0.7007632897155927,36,199,0.02727794551967293,0,0.10721539684083702,0.04040498934290131,0.8536385994394184,0.9891075589136139,0.0374254275220884,0,0.12614406126408556,0.024979470007379666,0.035175879396984924,0,0.49246231155778897
2017-03-01,2020-02-01,0.10678839621103475,0.10731882457859548,0.3265383073154169,0.4165950592975637,6.247851963521064,0.9904123059633345,0.06835364922597274,2.3485141379293598e-16,0.16703929277481705,1.0044765119055976,0.0602648421638458,0.02493985267758562,0.021192020340686908,0.9752392128442577,0.06713823726410091,3.826872241740492e-16,-0.0355040550081035,0.0725299170081331,-0.1776626923440444,0.1066545823278374,0.157817559428842,0.8966297543067387,0.05566419020355369,0.9443358097964464,0,FALSE,FALSE,TRUE,0.15838703179359664,0.9031122662538885,0.39329822851186796,1.1829888520091194,2.006050643428268,0.009221733345975036,0.25877749986872167,0.006482511947149772,0.7229864853371899,36,199,0.028217801287249718,0.004885782142813688,0.10767705287066441,0.041305744318782374,0.8176536286401488,0.9842580724383878,0.03563046895127872,0,0.12544110524037866,0.025672886052292152,0.02512562814070352,0,0.46733668341708545
2017-04-01,2020-03-01,0.08622918530355675,0.08551265836644797,0.3201932959565246,0.41607268043175416,6.232193114459925,0.9977983108351978,0.07084084157315672,5.493055909747499e-16,0.1662890003872265,0.9954731393921884,0.04254941403666089,0.021456084631835556,0.05548181096405867,0.9849702138364173,0.06905079443567015,6.519835978086424e-16,-0.027519627873078156,0.07353238991453215,-0.17164311210556116,0.11660385635940484,0.1605703524542159,0.92818217114176,0.03987790839231868,0.9601220916076814,0,FALSE,FALSE,TRUE,0.1609083698584425,0.932094125658048,0.47609155333817943,1.2930975967193388,2.2759626073178865,0.005718647933010607,0.25550232797753825,0.003911954516287897,0.42146408732197344,36,199,0.02199149664854674,0,0.07813526029410395,0.03713099984816096,0.8575654600790481,0.9949067982651537,0.03528319948899043,0,0.11771674639687871,0.02509191326545409,0.04522613065326633,0,0.4723618090452261
2017-05-01,2020-04-01,0.07774255122571198,0.07571018053779235,0.31153856830767795,0.4080904080089701,5.995360119921398,0.9834192003483055,0.07020490103526546,6.473404355737192e-16,0.16003337454972694,0.9219845149118348,0.03256215432020764,0.02250375351302415,0.15706418106448763,0.9717066541640464,0.06768270456539834,5.396706360875133e-16,-0.004268808484254039,0.07275075116781315,-0.14686028077316782,0.13832266380465974,0.1561271666123944,0.8775249175589169,0.032221201411287696,0.9677787985887123,0,FALSE,FALSE,TRUE,0.15613564538139893,0.8776202313119745,0.5370809346785755,1.4053943286400084,2.443574008044259,0.00390620793733254,0.2519632413965757,9.531375305760204e-5,0.010861657731924481,36,199,0.020685839758453894,0,0.0766660322826214,0.04136710689780686,0.8495343256207528,0.9999999999999999,0.035462934151702666,0,0.10851113325236113,0.02539229690764966,0.07035175879396985,0,0.5125628140703518
2017-06-01,2020-05-01,0.07181700328234762,0.068438808958683775,0.3012043030244112,0.40765977805879,5.982713807289908,0.9647966968853778,0.07749007948151812,2.0451229388470637e-14,0.17001606396808688,1.0405966322592222,0.0128101912911686,0.02919596354818437,0.6636068718616315,0.9581217375026039,0.07268028033656626,6.386112852605425e-15,0.029068071206227564,0.08582070041407541,-0.13914050160536023,0.19727664401781536,0.16940341385151034,1.0331105984836588,0.012810191291701844,0.9581217374937251,0.02906807121457311,FALSE,FALSE,FALSE,0.1694034138515103,1.0331105984836588,0.5855054883413193,1.5216454295418347,2.6219033891347703,6.126501165765463e-4,0.23825636420727966,0,0,36,199,0.017699455659424414,0,0.05836100432510761,0.04891584716778406,0.8371825031987927,1,0.04526766475083303,0,0.1481762626337146,0.011220859410482106,0.3417085427135678,0,0.3768844221105528
2017-07-01,2020-06-01,0.075222260708925,0.06240269764060549,0.23612299906158313,0.4054166643675509,5.917056182888813,0.9630930828657976,0.07640757861636613,1.4352556849145372e-14,0.16967295877020355,1.0364008657620674,0.012705257893497768,0.026521952319169026,0.6349720469998609,0.9553486350369024,0.07187158613178313,5.036903703467185e-15,0.03194610706959988,0.08281859334595493,-0.13037833588847178,0.19427055002767155,0.169012403460108,1.0283469308410438,0.012705257894068747,0.9553486350279908,0.03194610707794043,FALSE,FALSE,FALSE,0.16901240346010798,1.0283469308410433,0.6236558479325632,1.6365182278098551,2.781699977540208,6.605553100955397e-4,0.2364042609074429,-4.440892098500626e-16,-4.31847654260863e-14,36,199,0.01588750890077705,0,0.04871976854136744,0.05211285495690988,0.8322770281317086,1,0.04675805989015024,0,0.14379938071280982,0.012541932691139644,0.3065326633165829,0,0.32663316582914576
2017-08-01,2020-07-01,0.07160219370366618,0.05820159117724624,0.22681043902064213,0.3983177099689975,5.711651930698071,0.9209310344827581,0.08273666629697383,4.778322154624781e-13,0.1725333278926609,1.0716389724137918,0.001563977806808254,0.026457726839471358,0.9532087178800521,0.91981349144439,0.07499132771037431,4.8974900145451934e-14,0.07862253074880177,0.08864941163291486,-0.09513031605171135,0.2523753775493149,0.172523193488283,1.0715130824902392,0.001563977807445351,0.9198134914360051,0.07862253075654957,FALSE,FALSE,FALSE,0.17252319348828304,1.0715130824902395,0.6407766546076822,1.6966254558318221,2.845707722073614,1.0134404377915018e-5,0.22579451648071452,2.220446049250313e-16,2.0722528595637e-14,36,199,0.012259250182325652,0,0.037962786029059246,0.05699235947555021,0.803304040481545,1,0.05539819148286576,0,0.1870124895771106,-5.713138063152545e-4,0.4321608040201005,0,0.11055276381909548
2017-09-01,2020-08-01,0.06208379079057841,0.05432275201359209,0.2608506563118236,0.3918656543279009,5.528112877506021,0.8761090200295737,0.09435737392417884,5.6928110873896625e-11,0.18020475857477947,1.169055180467804,-0.00810785873977611,0.025636399526638907,0.7537359964876997,0.8819850105431941,0.08413902576456851,3.4427642104687996e-12,0.12612284819658193,0.09853209472766157,-0.06700005746963475,0.31924575386279863,0.179945829429357,1.1656980550446927,0,0.8761090200222127,0.12389097997778731,TRUE,FALSE,FALSE,0.18020475857477947,1.169055180467804,0.6345400811116021,1.6740355326348246,2.815203923515015,2.589291454224707e-4,0.21191982489854388,0.0033571254231112846,0.28799271034063556,36,199,0.013754433742065154,0,0.0458957747813277,0.0605437104670967,0.7579808386113264,0.9877694170000251,0.058857587882471356,1.0547118733938989e-16,0.23343497098874713,4.55717125018934e-4,0.45226130653266333,0,0.04020100502512563
2017-10-01,2020-09-01,0.05255230655232885,0.05147791044976717,0.3143204484728753,0.3736553895226167,5.026260604294742,0.8271552384682184,0.09995601079186288,9.3740426568028e-10,0.17923024318279424,1.1564452825690883,-0.007777311402607362,0.0233697334758851,0.7413330113703094,0.8323110229160672,0.09141374563086227,1.2167093968749068e-10,0.17546628848654022,0.1046837595631865,-0.029713880257305314,0.38064645723038576,0.178990419496444,1.1533525297744678,0,0.8271552384611758,0.17284476153882422,TRUE,FALSE,FALSE,0.17923024318279424,1.1564452825690879,0.563838174770388,1.466089684258964,2.7867637904520457,2.3982368635022677e-4,0.19466497002617267,0.0030927527946200684,0.2681532935315831,36,199,0.011555739108459438,0,0.03848956729234394,0.05897475158511057,0.7093342936737944,0.9511982849744219,0.05834119201760212,0.04452983035369359,0.2682127314835335,-5.2889616820928076e-5,0.48743718592964824,0,0
2017-11-01,2020-10-01,0.05093950315001782,0.04974134299792277,0.3128201553916078,0.36418556869141205,4.774720623951137,0.8129933321319149,0.10956579540578583,1.1053144975226612e-8,0.18623038157326713,1.2485431807532879,-0.00119227992375169,0.02371265114729706,0.9601932278836188,0.8137438518244124,0.10434005507516221,4.471622736837742e-9,0.18744842809933915,0.1155261834457332,-0.038982891454297924,0.4138797476529762,0.1862248342077062,1.248468799524756,0,0.8129933321245894,0.18700666787541065,TRUE,FALSE,FALSE,0.18623038157326716,1.2485431807532887,0.4900339400213379,1.316020231550996,2.8588438979902686,5.547365560937267e-6,0.17796073448370586,7.43812285326495e-5,0.005957796347090417,36,199,0.011502473479038504,0,0.03822227890822778,0.06586596582944756,0.6874156518794716,0.9347748310201135,0.06513140327344935,0.06522516897988632,0.30468280624360816,-1.821525242883537e-4,0.5326633165829145,0,0.005025125628140704
2017-12-01,2020-11-01,0.053540301817193194,0.04812178594571447,0.27346386374335385,0.350827290627471,4.430872362564433,0.7961612715787896,0.10759176749226333,1.1731319681093123e-8,0.18336555647439573,1.2104253828419334,0.002028849238776628,0.02364574536268686,0.932127208586771,0.7947741503470673,0.10330014257028339,6.0302510200660375e-9,0.203197000414156,0.11328632952839375,-0.018844205461495733,0.42523820628980774,0.18334878650474978,1.2102039904595157,0.0020288492392799007,0.794774150339274,0.20319700042144606,FALSE,FALSE,FALSE,0.18334878650474976,1.210203990459515,0.46699281243792296,1.2789069530031933,2.978426319532677,1.676996964594668e-5,0.1674785041227212,-6.661338147750939e-16,-5.5043101826342705e-14,36,199,0.01201937601351972,0,0.03705974998239056,0.05974973602880945,0.6878154704245587,0.9019112572908247,0.06031989156331051,0.0703451928025779,0.3081026943650011,-0.006046540400091394,0.4271356783919598,0,0
2018-01-01,2020-12-01,0.051892996585805345,0.044365540379439544,0.2500381046739708,0.34116584819411816,4.190188895064434,0.7686078986335775,0.10635231350134734,1.950764764346951e-8,0.1821512231074279,1.1944464508631512,-0.0015878485479491461,0.02090504444329687,0.9398998602736922,0.7698058015071206,0.1028265221512661,1.0916538686797085e-8,0.2317820470408286,0.10938697681514999,0.01738357248313463,0.4461805215985226,0.18214066894500758,1.1943080382144546,0,0.768607898626374,0.23139210137362598,TRUE,FALSE,FALSE,0.18215122310742793,1.1944464508631512,0.47246687902575385,1.287373998800308,3.0532724194610243,1.0554162420323143e-5,0.15902517924911058,1.384126486965176e-4,0.011589359216191064,36,199,0.01044929569254509,0,0.03672898792012046,0.05680139060127506,0.6553082718191574,0.8634762372384057,0.05705047529889491,0.12329904628212374,0.33392458547547965,-0.0010876841420459082,0.4824120603015075,0,0
2018-02-01,2021-01-01,0.034274692298591314,0.0366596096618098,0.35622317028335326,0.3245067534105112,3.7909667883250937,0.7145609429008556,0.10873496957591586,1.3743386768274366e-7,0.17898203641332378,1.153244496911773,-0.011510156253878284,0.018122862575310334,0.5296028506520764,0.7222490915816236,0.10467621867619616,5.990910625400044e-8,0.28926106467225454,0.10767395024125385,0.078220122199397,0.5003020071451121,0.17843197275113118,1.1461668803949752,0,0.714560942894107,0.285439057105893,TRUE,FALSE,FALSE,0.1789820364133238,1.1532444969117728,0.463247875589931,1.2732342884343826,2.969055355849201,5.500636621925958e-4,0.14607478065938004,0.0070776165167976135,0.617503143552589,36,199,0.010639532965851175,0,0.03363007733506406,0.06996982961427974,0.5720654259631749,0.8431944108138566,0.06884108467445506,0.15104275812049017,0.40955605800368433,2.829426685066472e-4,0.5175879396984925,0,0
2018-03-01,2021-02-01,0.03516485063738491,0.03701543171307212,0.3486239329137232,0.31731252682255395,3.624740628426505,0.7386363636363634,0.12426394830643463,9.147733624513123e-7,0.18024691958588923,1.1696022727272726,-0.008354603347065347,0.01838794923966371,0.6524629015060273,0.74462995405604,0.12070173439611816,5.198591379206766e-7,0.26372464929102535,0.12387278125386089,0.020933998033457996,0.5065153005485927,0.17995390494434294,1.165802684569834,0,0.7386363636283847,0.2613636363716153,TRUE,FALSE,FALSE,0.18024691958588923,1.1696022727272724,0.4443661630306251,1.2460458088939652,3.206253572440073,2.930146415462964e-4,0.13735862187821102,0.003799588157438416,0.32592034721899915,36,199,0.012031483865426138,0,0.039076843158953746,0.07122562515457523,0.5973754460050673,0.8611563542948067,0.07078237473560592,0.13844432707422114,0.3985850147001113,-0.004270389033661615,0.5477386934673367,0,0
2018-04-01,2021-03-01,0.04251952443926856,0.03788706610397303,0.26938780803969375,0.3035112586839284,3.316287029324491,0.7108044953822183,0.12410718965428709,1.7664458050925292e-6,0.1791872423649811,1.1558904417491929,-0.008833975560717838,0.01677228504139515,0.6018210379542855,0.7193370915163296,0.12233837425532851,1.2332446495850393e-6,0.2894968840443882,0.12217462146124178,0.05003462598035435,0.5289591421084221,0.17884452873634393,1.1514731565212981,0,0.7108044953743092,0.28919550462569077,TRUE,FALSE,FALSE,0.1791872423649811,1.1558904417491926,0.47546876177997005,1.2921074285375969,3.477565573320873,3.427136286371646e-4,0.12466672994758449,0.00441728522789453,0.3836203391175473,36,199,0.012120178431246102,0,0.0356845908950134,0.07232462341886506,0.5671179976150682,0.8412856074493132,0.07069983183816617,0.15871439255068662,0.42039601639848334,0.0017318143731536728,0.4824120603015075,0,0
2018-05-01,2021-04-01,0.050469439664846225,0.03966149917606059,0.2115828408359829,0.298294683738399,3.2032698604772945,0.6976488683805754,0.12049416757296152,1.4607823461118378e-6,0.17885941429045388,1.1516648428916716,-0.00875333025921256,0.016224889471054,0.5930576860176346,0.7079720663957912,0.12143828407394586,1.4322848046805081e-6,0.3007812638634214,0.11881932364664988,0.06789538951598767,0.5336671382108551,0.17851499495364095,1.1472337232387448,0,0.6976488683729106,0.3023511316270894,TRUE,FALSE,FALSE,0.17885941429045388,1.151664842891672,0.5065023277769491,1.3450706132728776,3.664135516926301,3.4441933681292336e-4,0.11977968878475806,0.004431119652927196,0.3862438457978504,36,199,0.012020102990479896,0,0.036310156298427196,0.0713213338127363,0.5549894507914264,0.836198187728859,0.07121540980320856,0.1620108675042358,0.44275569929899405,-0.0019101836559994312,0.5326633165829145,0,0
2018-06-01,2021-05-01,0.057452374563992444,0.04151771849226043,0.17518066541648877,0.2928729806786808,3.0878849812181364,0.6846684668466844,0.11316666288447094,6.63333681367579e-7,0.17614870470698984,1.1170211821182106,-0.0064553408636242645,0.015898852315338413,0.6872679679222682,0.6930365320423231,0.11593747906078673,9.206326878733739e-7,0.31341880882130124,0.11283605807335971,0.0922601349975162,0.5345774826450863,0.17595884027946848,1.114614485009838,0,0.6846684668393478,0.3153315331606522,TRUE,FALSE,FALSE,0.17614870470698987,1.1170211821182114,0.5255748395958619,1.381652316046099,3.737060567499021,1.8986442752136345e-4,0.1169141403992123,0.002406697108373379,0.21592193002517246,36,199,0.012208738989194499,0,0.03867949513442363,0.0813272585660709,0.534188719848731,0.8379780602718513,0.07746820016263081,0.15197783815728141,0.4453428759067457,-0.0012815851361998587,0.5125628140703518,0,0
2018-07-01,2021-06-01,0.05972579007109143,0.041710747549192066,0.1610417745569234,0.2854604742782413,2.9335565655057056,0.6552646193718245,0.10600480660879252,4.4562935267365624e-7,0.1735994353283169,1.0849235020671772,-0.006227541512392086,0.015498950120904081,0.6903428753805658,0.663786322771765,0.10971706503409762,7.418053563892354e-7,0.34244121874062705,0.10603336754351063,0.13461581835534622,0.5502666191259079,0.17341983819413212,1.0826798500540429,0,0.6552646193650853,0.3447353806349147,TRUE,FALSE,FALSE,0.1735994353283169,1.0849235020671775,0.5403508979943124,1.4123876711286274,3.7602051333630184,1.7959713418477796e-4,0.11204063608410916,0.0022436520131345894,0.2072313447989815,36,199,0.014517164637835181,0,0.04812875071972412,0.0675485093963839,0.5231898145173752,0.792283872472133,0.0642060082625342,0.20771612752786695,0.46801302265261013,0.0010328295853828107,0.49246231155778897,0,0
2018-08-01,2021-07-01,0.060726240286909705,0.041532809588177,0.15262817421065436,0.2794051570709368,2.810420704722056,0.6420831949518433,0.10566793444258972,6.124610678811537e-7,0.17248543038756947,1.0710440530554626,-0.004145874802562149,0.015135621543791559,0.7858071755624668,0.6478498644661177,0.1098021802395631,1.1607382847683948e-6,0.35629601033644454,0.1064492488893667,0.1476554825132858,0.5649365381596032,0.172405692438698,1.0700540202696094,0,0.6420831949451792,0.3579168050548208,TRUE,FALSE,FALSE,0.17248543038756944,1.0710440530554626,0.5422001273675521,1.4163924327895372,3.7885813532808394,7.973794887147778e-5,0.10699946463223883,9.900327858531899e-4,0.09252175750937719,36,199,0.012351980076697957,0,0.038654023990504896,0.06823867950857897,0.497801503544096,0.7420141849871139,0.06568859354836232,0.25633060435157484,0.4959245114139814,0.0067954256160080995,0.507537688442211,0,0
2018-09-01,2021-08-01,0.0691676291865771,0.0422500755055717,0.11057092415360732,0.2716632116988487,2.6568324212592054,0.6300619834710741,0.10407993496386057,6.562444495525785e-7,0.1704997541057984,1.0465259814049577,0.0014866154666100361,0.0149236143001692,0.9212350517766978,0.6279093397032666,0.10970761218755513,1.969668716061689e-6,0.37060404483012344,0.1067770868499294,0.16132095460426182,0.5798871350559851,0.17048987529704762,1.0464047128369027,0.0014866154674372206,0.6279093396955818,0.37060404483698095,FALSE,FALSE,FALSE,0.17048987529704762,1.0464047128369023,0.5538417992570285,1.4424617970291551,3.788862833327128,9.87880875077951e-6,0.1011733364018011,-4.440892098500626e-16,-4.243952692511242e-14,36,199,0.012186914739063668,0,0.043570196902672303,0.06733463688354903,0.489720193822609,0.739416103283223,0.06498777613755402,0.2577373878139232,0.4995091595645618,0.003159672775496336,0.5175879396984925,0,0
2018-10-01,2021-09-01,0.0714399329164807,0.04264404191296294,0.10279619353684519,0.26744738456247324,2.575011726335067,0.6288727347189516,0.10230837329378736,4.948565357322669e-7,0.1644999953060306,0.974168944404627,0.004435618380316649,0.014970636386986534,0.7688125412596758,0.6225423393337861,0.10739457426404256,1.5815279884404674e-6,0.3730220422858972,0.10552317904254348,0.166196611362512,0.5798474732092824,0.16440892509928015,0.9730906074828255,0.004435618381123176,0.6225423393262608,0.37302204229261604,FALSE,FALSE,FALSE,0.16440892509928015,0.9730906074828256,0.551854136580478,1.4379033970940684,3.755560642342312,9.107020675044875e-5,0.1030384594631931,1.1102230246251565e-16,1.140924612865253e-14,36,199,0.011582150873924245,0,0.03769263641548017,0.06959106460283943,0.49317416906380446,0.7608729265723291,0.06774489946685654,0.23698610632570435,0.49348877968060645,-0.006627987925828027,0.40703517587939697,0,0
2018-11-01,2021-10-01,0.06949033092477712,0.04262679092670345,0.11202665747516513,0.2637043051169181,2.5034385793390785,0.6125539363347713,0.10117546694288093,6.54780922028965e-7,0.16428782950180168,0.97165767320687,0.005449513915231513,0.015417571117722441,0.725925008761404,0.6049736194433633,0.10745923360976593,2.607818992728566e-6,0.38957686664140523,0.1048863017385946,0.1839997152337598,0.5951540180490507,0.1641495503508545,0.9700226956939579,0.005449513915990889,0.6049736194361501,0.38957686664785895,FALSE,FALSE,FALSE,0.1641495503508545,0.9700226956939577,0.5578917618322289,1.4518913294479014,3.715485234639061,1.3827915094719034e-4,0.09955475476606362,-2.220446049250313e-16,-2.2890660796980605e-14,36,199,0.013600936825782232,0,0.04499283747882377,0.0699271403524485,0.4628583908153309,0.7333078634526607,0.06708249043111328,0.2593481827627465,0.5275339857915151,0.0026381422778454233,0.3316582914572864,0,0
2018-12-01,2021-11-01,0.06475754454236768,0.04197379693896192,0.13187141774151842,0.25418212168798027,2.3259078354889153,0.5924542244847685,0.1000357128366503,9.769224823110059e-7,0.1573000156540978,0.8907586172920592,0.006867286720100978,0.0154687376716986,0.6598942133756871,0.5832865179439657,0.10611005577899157,3.882463441937913e-6,0.40984619533593336,0.10383545031756133,0.20632871271351316,0.6133636779583536,0.15706313375360034,0.8880778074420487,0.006867286720779881,0.5832865179370725,0.4098461953421476,FALSE,FALSE,FALSE,0.15706313375360034,0.8880778074420488,0.5513055100485689,1.436653147241787,3.70382520182046,2.3688190049744873e-4,0.09711898793437992,1.1102230246251565e-16,1.2501416152070706e-14,36,199,0.014211060022089484,0,0.049100969842836836,0.08163002291117762,0.42164283267138974,0.7453075110762064,0.07845075737131751,0.2515102104466998,0.5504342875165233,0.005470485483175469,0.35678391959798994,0,0
2019-01-01,2021-12-01,0.06881283399785879,0.04132814017872861,0.10483375318266003,0.24404011053211275,2.1440007197469284,0.5783849242601288,0.10367290481392366,2.7727433744401536e-6,0.15653406464499672,0.8821048821942244,0.011948987532067343,0.017000904719829218,0.48693768418670924,0.5614046638329916,0.11305228823039325,1.9017829597558202e-5,0.4266463486349411,0.10941538981679151,0.21219218459402975,0.6411005126758524,0.15581625165183818,0.8740333540378429,0.011948987532762419,0.5614046638260399,0.42664634864119766,FALSE,FALSE,FALSE,0.15581625165183816,0.8740333540378424,0.5651951017385889,1.4693900406965412,3.8247676458988464,7.178129931585397e-4,0.08822385888027456,-4.440892098500626e-16,-5.080918340226579e-14,36,199,0.017873401461383654,0,0.05685135762914249,0.0756214044471486,0.42574835304709513,0.7179083930565995,0.06971824952404618,0.2721709334844655,0.5524219369306199,-0.004683784871009233,0.32160804020100503,0,0
2019-02-01,2022-01-01,0.07149247648951766,0.04297210610306051,0.10510338951131847,0.24338756522661292,2.132550248649795,0.5801562466739039,0.10412834334825652,2.8357052919283376e-6,0.15623541401385818,0.8787421653149401,0.010782864072729399,0.01755179031221084,0.5430764765283878,0.5643417466231789,0.11437185790442275,2.0897195350844005e-5,0.42487538930409163,0.10985809767104639,0.20955351786884072,0.6401972607393426,0.15567687562321134,0.8724704257369731,0.010782864073486654,0.5643417466160616,0.42487538931045177,FALSE,FALSE,FALSE,0.15567687562321134,0.872470425736973,0.5767140688136488,1.4983498309982228,3.8227331502023625,5.585383906468455e-4,0.08771068960340159,-1.1102230246251565e-16,-1.2725050521768168e-14,36,199,0.017847992753367563,0,0.05641357924211797,0.08176962413995342,0.39568008090345114,0.7133783290377179,0.07996551766613728,0.2752046754915119,0.5762659542618583,-0.005938654735423876,0.31155778894472363,0,0
2019-03-01,2022-02-01,0.07110704180497544,0.04206995117253978,0.09987696332233867,0.23999795580433433,2.0735646764493323,0.5704061813882787,0.10417323182499641,3.795881410655731e-6,0.15479552269822563,0.8626195385070083,0.015100826703511263,0.01877159546902078,0.42672607379791805,0.5491716799301747,0.11541068728733539,3.525594349900095e-5,0.435727493366314,0.11073078139935837,0.2186951618235716,0.6527598249090564,0.15364658026893815,0.8498617786202132,0.015100826704187947,0.5491716799234262,0.4357274933723858,FALSE,FALSE,FALSE,0.15364658026893813,0.8498617786202132,0.5783028811363706,1.5024810973630933,3.790160454513942,0.0011489424292874806,0.08635137553539618,0,0,36,199,0.017797662795540615,0,0.057261128911699995,0.08122859515484405,0.39334945468977733,0.6963720171162082,0.07934796654751143,0.28987012263825296,0.5719798185264607,0.008182131543579607,0.24623115577889448,0,0
2019-04-01,2022-03-01,0.07086614173228346,0.04126049681633282,0.09471978189323983,0.2350612343667331,1.9891362204724403,0.5634143751990655,0.10278284544289493,3.7268176461241703e-6,0.15150506929975044,0.8263362968467984,0.01594947454255958,0.01916222698748834,0.4110258464343691,0.5406621170247746,0.115269623254883,4.313075435557356e-5,0.4433884084326658,0.10998476989736154,0.22781825943383718,0.6589585574314945,0.15018033249051116,0.8119487616105775,0.015949474543227364,0.5406621170180816,0.443388408438691,FALSE,FALSE,FALSE,0.15018033249051116,0.8119487616105773,0.5828640635965228,1.514533118961417,3.8303157821713603,0.0013247368092392797,0.08488090187622194,-2.220446049250313e-16,-2.734712033855249e-14,36,199,0.01701407821085292,0,0.054345065535038664,0.08051718067800494,0.390192043295631,0.6922759446610085,0.07652338509562427,0.29302969306215193,0.5796441571860005,-1.895171597976475e-4,0.2814070351758794,0,0
2019-05-01,2022-04-01,0.06994085416742266,0.0410488910088343,0.09727499983029252,0.2304195212976577,1.911353608621502,0.5528244933160842,0.10288186950167916,5.176632828107987e-6,0.15068897319548621,0.8174579991375588,0.017002775651360054,0.019568225846446026,0.3909958474081854,0.5285385321566268,0.11617074236172066,6.537491364427229e-5,0.45445869219201307,0.11049353890898674,0.23789135593039906,0.6710260284536271,0.14917107660028928,0.8010723633872172,0.01700277565201106,0.5285385321499987,0.4544586921979903,FALSE,FALSE,FALSE,0.14917107660028925,0.8010723633872169,0.5562529417587192,1.4480525663233423,3.8524338838479033,0.001517896595196938,0.08124844469736842,-3.3306690738754696e-16,-4.15776305125822e-14,36,199,0.018175058606401017,0,0.06014552568392026,0.07784687832969887,0.3682924712231343,0.6753084335861519,0.07356218455072491,0.31840864546903297,0.5931283483603204,0.0054928621933677535,0.22110552763819097,0,0
2019-06-01,2022-05-01,0.0657894138425038,0.03999366966499156,0.10892384690856526,0.22344485280039741,1.7973936807476856,0.5357832806462944,0.10003223169890645,5.455489006959556e-6,0.14674877675570566,0.7752673252546538,0.015367016377349753,0.019324683361090042,0.4320128499604037,0.5139516055308178,0.11445369779097889,7.782322031660284e-5,0.4706813780918325,0.10778799923008957,0.259416899600857,0.681945856582808,0.1454744603939412,0.7618614705687017,0.015367016377979374,0.5139516055242818,0.4706813780977389,FALSE,FALSE,FALSE,0.1454744603939412,0.7618614705687012,0.5467200867424136,1.4263358574945202,3.8677465601045213,0.0012743163617644493,0.0779703924064562,-4.440892098500626e-16,-5.829002082472635e-14,36,199,0.016827230781721974,0,0.0531453522724915,0.07454373138781191,0.36964539521948797,0.6670180194244036,0.0698663561122585,0.32719790182457537,0.5988028825791588,-0.002503542714544893,0.25125628140703515,0,0
2019-07-01,2022-06-01,0.06431173469905475,0.03773783633100832,0.09721300658645071,0.21689609577243069,1.6935809890076434,0.5233816576665392,0.09671050121275945,4.606282846102328e-6,0.1449506739877872,0.7563851240224955,0.015192368612435538,0.019053882172401126,0.43078861149249237,0.5003270706429183,0.11347865015840852,9.885841077526921e-5,0.4844805607446462,0.10557698555093378,0.277549669064816,0.6914114524244763,0.14364646851860538,0.7428350850432008,0.015192368613069242,0.5003270706363511,0.48448056075057966,FALSE,FALSE,FALSE,0.14364646851860538,0.7428350850432007,0.5387382729035257,1.4089248306306397,4.032339179387823,0.0013042054691818072,0.0732496272538253,-1.1102230246251565e-16,-1.4945753734297425e-14,36,199,0.016719599937899544,0,0.05716832758363098,0.07378412007313921,0.3485940793643518,0.6358141276162981,0.07033445465537744,0.3573600037816962,0.631039617924746,0.0034537911699811796,0.24120603015075376,0,0
2019-08-01,2022-07-01,0.07124432343218019,0.03486213566288899,0.04857674928422527,0.20194429834091887,1.4681339867666177,0.5148449197860961,0.08003149357782657,2.0850205409745406e-7,0.13331455727868716,0.6398197625668446,0.020443631944234934,0.020022457258326874,0.3144482912140574,0.4771586694983063,0.10206057052814778,4.511141668485459e-5,0.5023976985574587,0.09122129978923954,0.3236039509705493,0.6811914461443682,0.1304509670508556,0.6126283729621229,0.02044363194489514,0.4771586694919862,0.5023976985631187,FALSE,FALSE,FALSE,0.1304509670508556,0.6126283729621231,0.5667674709159635,1.4732430324294483,4.461540904865159,0.0028635902278315584,0.07149333129006327,2.220446049250313e-16,3.624458394759325e-14,36,199,0.016195705096086,0,0.059895979148868746,0.07229201938027119,0.3341359039004888,0.611758790950217,0.0684452668566394,0.3814642237534845,0.6371155474262629,-0.004117388966127344,0.135678391959799,0,0
2019-09-01,2022-08-01,0.07983309874323156,0.03224034033144476,0.01826165316249008,0.18741057270551,1.2644180194250605,0.5051809932676354,0.07306080837551504,4.926499502430501e-8,0.12832115143792155,0.5927874446287442,0.02527466243606805,0.019811198649805878,0.21068194719102393,0.444792576953659,0.09253717771642286,3.055209833320607e-5,0.5299327606102731,0.08038727494361081,0.37237370172079587,0.6874918194997502,0.12334568849101207,0.5477097192955843,0.02527466243680314,0.4447925769475628,0.5299327606156341,FALSE,FALSE,FALSE,0.12334568849101207,0.5477097192955842,0.6336405503709421,1.67084474504164,5.183227056916355,0.004975462946909481,0.06406488421449794,-1.1102230246251565e-16,-2.0270281601959283e-14,36,199,0.015767006217939472,0,0.05869018624451013,0.06543113351052474,0.3218773116617365,0.5753258158426301,0.058785061151522565,0.41386395776424817,0.6328041938206107,-0.005977622163555685,0.06532663316582915,0,0
2019-10-01,2022-09-01,0.09200832596937084,0.026828894013101248,0.0015659715260761457,0.1763515833895602,1.11959571470418,0.47720858133107136,0.05276325559806267,1.0969769002398617e-10,0.1290857765424525,0.5998729574004472,0.02777235354853075,0.020925435352760036,0.19328467501014593,0.39658667486789895,0.08745488858551143,6.831215180255725e-5,0.5756409715835702,0.07118478862331362,0.43611878588187547,0.7151631572852649,0.12357990549158525,0.5497917494871292,0.02777235354939584,0.3965866748624879,0.5756409715881162,FALSE,FALSE,FALSE,0.12357990549158525,0.5497917494871294,0.7456637222627729,2.252325233163671,6.016110026593031,0.005505871050867264,0.05277167789797495,2.220446049250313e-16,4.038703838901996e-14,36,199,0.014576729741097453,8.392864846157218e-4,0.05501406602055453,0.06625817165172297,0.27153950635916807,0.5308171780074429,0.057350059483777666,0.4620314846070076,0.6909713148707152,-1.4250966132212106e-4,0.010050251256281407,0,0
2019-11-01,2022-10-01,0.1057935688854208,0.020547303847046887,1.022943728686884e-5,0.16303642782220631,0.9569115646929176,0.45887697541230676,0.04107048186741309,4.307426212944987e-13,0.1292704963984329,0.6015910046075008,0.03639994206122381,0.02021782818595488,0.08067698083786208,0.34671043561125675,0.07688458319190106,7.358846688876327e-5,0.6168896223275195,0.0604184653242973,0.49846943029189683,0.7353098143631422,0.12121721249642473,0.5289700537945219,0.03639994206216521,0.34671043560648973,0.616889622331345,FALSE,FALSE,FALSE,0.12121721249642474,0.5289700537945221,0.8182048389183685,3.0253447508891615,6.839206539573128,0.008053283902008185,0.04181921532578159,2.220446049250313e-16,4.197678173503644e-14,36,199,0.015766909056715725,0.00760545274935413,0.06708407093292533,0.05970239137534271,0.23048875717350892,0.45431354084321285,0.04780619826933859,0.5314220427233687,0.7118739022902197,2.2268651902068726e-4,0.010050251256281407,0,0
2019-12-01,2022-11-01,0.11703066305835969,0.015912019400190495,1.338739466714554e-8,0.14693059650664822,0.7771896068327806,0.4628674747204178,0.03087919507893624,8.407940196855317e-17,0.1264502550177536,0.5756280117859771,0.04901179448257761,0.018270382525856273,0.011196873224036582,0.30572769592085186,0.06657181200788001,5.762358895206321e-5,0.6452605095965704,0.050934448293932955,0.5454289909404618,0.7450920282526791,0.11267804426772528,0.4570682997599805,0.049011794483521,0.3057276959165476,0.6452605095999314,FALSE,FALSE,FALSE,0.11267804426772528,0.4570682997599803,0.8602811151536561,3.847390887239752,7.874184409514853,0.01377221075002831,0.03425255223892294,-1.6653345369377348e-16,-3.643513535750016e-14,36,199,0.015767600874729112,0.022433521041578038,0.08513256336314325,0.05727131784979414,0.1871882493335756,0.3928661771174112,0.04460733635328229,0.5808511564183588,0.7353286470366174,0.006197283382623819,0,0,0
2020-01-01,2022-12-01,0.12101154759640868,0.013752579623822071,2.156125201450439e-10,0.14277188550218137,0.7338172064345275,0.4174055963689111,0.03699955702919104,3.299469043031182e-13,0.13441937304906562,0.6504684426325392,0.05922401631448364,0.01982294497918269,0.005188331474882572,0.24388485417007194,0.06502707076887793,6.57852226051601e-4,0.6968911295154445,0.04791184209298951,0.602983919013185,0.790798340017704,0.11447235096030137,0.4717410888376227,0.059224016315126735,0.24388485416747446,0.6968911295173987,FALSE,FALSE,FALSE,0.11447235096030138,0.4717410888376228,0.8645734598840812,3.9601963443260972,7.608785350467396,0.019947022088764255,0.02829953454188,5.551115123125783e-17,1.176729196263954e-14,36,199,0.014899847945464218,0.032561886898401976,0.08787110344049859,0.04738437424434083,0.16176969112230435,0.32081861155275504,0.034916665245568336,0.6384573382973592,0.7573575662511979,-0.0021329693848195497,0,0,0
2020-02-01,2023-01-01,0.12115893631774725,0.011826993706353806,4.491570031561972e-12,0.13955348864198014,0.7011063429173018,0.3907182870199749,0.040732107483617885,2.49018698164733e-11,0.13820897225948028,0.6876619204687842,0.06359707048247848,0.020979596776989684,0.004632712927873578,0.21114369422175128,0.06692301561520717,0.00335044826876621,0.7252592352957703,0.04886737696251346,0.6294791764492439,0.8210392941422967,0.11526647296962093,0.4783089524708286,0.06359707048299297,0.2111436942198121,0.7252592352971949,FALSE,FALSE,FALSE,0.11526647296962093,0.4783089524708287,0.8747437437722275,4.258519694114369,7.745628062026506,0.02294249928985935,0.024287015672359205,1.1102230246251565e-16,2.3211420545026646e-14,36,199,0.015376014567807702,0.03556251139803256,0.08903916970116152,0.04978694250310841,0.11474223568557416,0.311542850773454,0.037106561473794736,0.6534272788506268,0.8030607990294767,-0.0023698852399378634,0,0,0
2020-03-01,2023-02-01,0.11770863888250263,0.010948439954758502,1.232031467606111e-12,0.14178491690197706,0.7237066557924194,0.3860421066747126,0.03903636455103772,1.1335910345527618e-11,0.13568784692275754,0.6628029048912126,0.05713469662637399,0.022285454910137732,0.01494668389824014,0.21889213732283508,0.06858302760192339,0.003040773718953988,0.723973166050791,0.049766996616408606,0.6264298526826301,0.8215164794189519,0.11855494457861848,0.5059898958254149,0.05713469662698101,0.2188921373206006,0.7239731660524185,FALSE,FALSE,FALSE,0.11855494457861847,0.5059898958254148,0.8885432721638217,4.750800252876854,8.703356029370251,0.017132902344139056,0.023229972323358578,-1.1102230246251565e-16,-2.1941604640425948e-14,36,199,0.017315823364888013,0.028149249271752434,0.08961117068197356,0.05578907087128837,0.11137104009650975,0.31640020969378807,0.040740495318240456,0.6536266928323787,0.8008080651921182,-2.2469691586590734e-5,0,0,0
2020-04-01,2023-03-01,0.11516809745061614,0.01154324133699005,9.00195815007654e-12,0.1388399884753495,0.6939555263940667,0.3831022744673082,0.037282954490529596,4.143159635099336e-12,0.1359921930852854,0.6657795568852397,0.05777280652871012,0.02080153713647145,0.008853606168483972,0.2081930992296161,0.05898692334562951,0.0012179202763023217,0.7340340942416739,0.04257766763588395,0.6505818656753414,0.8174863228080064,0.1191874207703196,0.5114030857157237,0.05777280652932897,0.2081930992273337,0.7340340942433374,FALSE,FALSE,FALSE,0.1191874207703196,0.5114030857157236,0.8933786921202982,4.953572334552474,9.571512105147264,0.0168047723149658,0.019652567705029905,-1.1102230246251565e-16,-2.170935326038103e-14,36,199,0.01869433997401741,0.022244437724596368,0.09376379672974308,0.061173003196311686,0.09211088112545998,0.3366370873888073,0.04475543757404073,0.6415029848193934,0.8177152395857846,-0.0035934263238142083,0,0,0
2020-05-01,2023-04-01,0.1144534854741039,0.011940958866424791,2.540166178864603e-11,0.13597312511096152,0.665592867087883,0.38030685396520525,0.03548572533010844,1.3423010541646414e-12,0.13635663516185847,0.6693527502959107,0.05987314628635309,0.02181498501990924,0.00960619485751509,0.19666596464148314,0.05931169716761096,0.0021812770917727935,0.7434608890721638,0.041756629693802456,0.6616178948723109,0.8253038832720166,0.1191402162578808,0.5109980806790858,0.059873146286967965,0.19666596463923136,0.7434608890738007,FALSE,FALSE,FALSE,0.11914021625788077,0.5109980806790854,0.8961099172284962,5.076476709295372,10.177358022353737,0.01721641890397768,0.016832908853080725,-4.440892098500626e-16,-8.690623832870266e-14,36,199,0.020528759326945825,0.020155285313920576,0.09536986126422917,0.06576173110353713,0.0700411237932777,0.3094914784662892,0.047916187451588,0.6609305165538616,0.841168228071004,0.0024216790783569975,0,0.005025125628140704,0
2020-06-01,2023-05-01,0.1131343101264602,0.01260763439805684,1.3325536979758117e-10,0.1355845904729975,0.661794522254296,0.3775622136665736,0.034423580216705905,7.154881901495162e-13,0.13610287579398878,0.6668637407781817,0.059213214829666606,0.022805604645056148,0.013814385400379341,0.19449514752277347,0.05993997778686405,0.0026390184701936587,0.7462916376475599,0.041383568888101206,0.6651798426268816,0.8274034326682382,0.11914275038657979,0.5110198189084388,0.05921321483027637,0.19449514752053965,0.7462916376491839,FALSE,FALSE,FALSE,0.11914275038657979,0.5110198189084388,0.892009016908004,4.894285542817915,10.446631478385338,0.016960125407408988,0.01644184008641772,0,0,36,199,0.020488414215040336,0.023015353180220285,0.09786336443415396,0.06818982435499726,0.06380905676691037,0.31440022924178623,0.05101898555407849,0.6575972825283766,0.8501058441225993,0.00160653093259433,0,0.005025125628140704,0
2020-07-01,2023-06-01,0.11288254211097243,0.012661386016119863,1.5632302651967801e-10,0.1357756258105307,0.663660740312685,0.3711390846227554,0.033345615839037904,4.787752213357132e-13,0.13604010449153678,0.6662487610824568,0.0587532680361059,0.023596520309337628,0.017827928611566735,0.19152256643964152,0.06031065205030932,0.0031728962176676887,0.7497241655242526,0.04081484775761182,0.6697270639193335,0.8297212671291717,0.12012443249996795,0.5194756542038169,0.05875326803672508,0.19152256643741722,0.7497241655258577,FALSE,FALSE,FALSE,0.12012443249996797,0.519475654203817,0.8888140345945134,4.761686814786921,10.60067033514962,0.015915671991568833,0.015651193310562764,1.1102230246251565e-16,2.1371993386807673e-14,36,199,0.022210475177310538,0.015742996281608263,0.10413962575097095,0.07170215791267538,0.05096380938400845,0.33338629827974997,0.0524845478300902,0.6421835613320627,0.8501798788860494,-0.010134761753125443,0,0.010050251256281407,0
2020-08-01,2023-07-01,0.11361981719160409,0.012711982376266502,1.4691891746986204e-10,0.13620237914582267,0.6678391710593676,0.36816860120709904,0.033194213866490435,5.26886749663151e-13,0.1372296357925393,0.6779510258311073,0.05998133407370444,0.022549932639183857,0.011836429692906112,0.18859006769765516,0.05483676949336715,0.0015608295052969374,0.7514285982286404,0.0367334040611809,0.6794311262687258,0.823426070188555,0.11923768276330687,0.5118344996674683,0.05998133407425105,0.1885900676956994,0.7514285982300496,FALSE,FALSE,FALSE,0.11923768276330687,0.5118344996674684,0.871332024004239,4.15316017541756,9.984019397151593,0.017991953029232427,0.016964696382515798,1.1102230246251565e-16,2.1691054927841965e-14,36,199,0.020093281277036086,0.02066133919839936,0.09692666480147917,0.06745615843072592,0.05981535502566781,0.31043521487262726,0.05044823844339125,0.6620253412173005,0.8423515515490538,0.0018173831627089632,0,0.005025125628140704,0
2020-09-01,2023-08-01,0.11397823655655913,0.012769462701552417,1.5192675958931336e-10,0.1371959634135252,0.6776183655707525,0.36828934401140906,0.03325375947938577,5.484936627739525e-13,0.1366479486924821,0.6722158277470761,0.05894137851344878,0.021757300214546815,0.010490373628538156,0.19337337332487353,0.05116242949778405,6.061012626025093e-4,0.7476852481616776,0.03414797616472851,0.6807552148788097,0.8146152814445454,0.1184258342570786,0.5048884159014618,0.05894137851398337,0.19337337332296184,0.7476852481630547,FALSE,FALSE,FALSE,0.1184258342570786,0.5048884159014618,0.8603976635222691,3.8503616901521274,9.697156856574052,0.01822211443540349,0.01877012915644659,0,0,36,199,0.02031837856506612,0.02521957966749737,0.10315152072256467,0.06518590816242578,0.05878233950902345,0.30450340765881284,0.04808536434086814,0.6639881497250882,0.8447967357733489,0.0030286125862232227,0,0,0
2020-10-01,2023-09-01,0.11414374220013628,0.012777950066038525,1.4901456893201499e-10,0.1380324603813574,0.6859065642815162,0.3689791985869224,0.03329393024910671,5.385886300908614e-13,0.135144678777318,0.6575070312656807,0.05706549614708728,0.021486884746062786,0.011955909341799216,0.1999011751992338,0.04983825351414364,3.137683029058844e-4,0.7430333286536789,0.03316144664729496,0.6780368932249807,0.808029764082377,0.11808059715555655,0.5019489872860619,0.05706549614764766,0.199901175197239,0.7430333286551134,FALSE,FALSE,FALSE,0.11808059715555654,0.5019489872860619,0.8639993987365865,3.9446947643032115,9.72543677188693,0.017064081621761457,0.019951863225800864,0,0,36,199,0.02096814919383823,0.020768027840432673,0.10202392370024607,0.07127844215185633,0.035134258474688713,0.32021317771640595,0.05304066190144032,0.6542862282467956,0.852464765826181,0.0016312719177539181,0,0.005025125628140704,0
2020-11-01,2023-10-01,0.11455816586050041,0.012847580997276212,1.5580043274769306e-10,0.1436147953893342,0.7425075403699317,0.37267926135701845,0.03365015997369753,5.485043762069113e-13,0.13265475448916306,0.6335022199888847,0.050042480887231955,0.021155243110941,0.023850721205520443,0.2243741825403827,0.04996026729304053,7.76914207537857e-5,0.7255833365723854,0.03383086241108627,0.6592748462466563,0.7918918268981144,0.12004845315549638,0.5188187197809868,0.0500424808879034,0.22437418253801933,0.7255833365740773,FALSE,FALSE,FALSE,0.12004845315549637,0.5188187197809864,0.8756571642913012,4.287713635091556,9.919826307327487,0.012606301333666678,0.023566342233837814,-4.440892098500626e-16,-8.559621943431988e-14,36,199,0.0219012253736594,0.007395544063316544,0.08856975012097697,0.0708591744164399,0.09761024367209949,0.3556754820744996,0.052135792143074774,0.6260154169583152,0.8238477449736364,-0.0033444732968676005,0.020100502512562814,0,0
2020-12-01,2023-11-01,0.11506087929456492,0.012975887050976216,1.7857524792588892e-10,0.15182348465088089,0.8298133376953055,0.37550651373361665,0.03417446430632207,6.810724552585093e-13,0.13394764472797535,0.6459109750141886,0.043811035161320955,0.021596585417193788,0.050388553994922314,0.24636651517430336,0.05509088939303609,8.216746580941448e-5,0.7098224496643757,0.03857483282731788,0.6342157773228326,0.7854291220059187,0.1245486717422243,0.5584453787790842,0.043811035162069675,0.2463665151716898,0.7098224496662405,FALSE,FALSE,FALSE,0.12454867174222427,0.558445378779084,0.8798488271698007,4.427403048819273,9.88638975448943,0.009398972985751056,0.02727481290865659,-2.220446049250313e-16,-3.976120375648593e-14,36,199,0.020606203292744575,0,0.08443451227025893,0.06690431838425703,0.12422139142224065,0.3752465688395568,0.049658384020326664,0.6072275018020058,0.7953372697711882,-0.0029767174096277937,0.03015075376884422,0,0
2021-01-01,2023-12-01,0.11490219172787394,0.01304071436931682,2.0864901527461826e-10,0.1583631013356332,0.9028393871270415,0.3764592562782243,0.034609910680330785,8.978263064437734e-13,0.13515386125638765,0.6575963836503919,0.03921527140489951,0.02238885119595497,0.0888678921485809,0.26163514713840635,0.06110560649786253,1.4342068587193323e-4,0.6991495814566941,0.04362931433819248,0.6136361253538369,0.7846630375595514,0.12752101231906757,0.5854179089836721,0.039215271405673637,0.261635147135708,0.6991495814586184,FALSE,FALSE,FALSE,0.12752101231906757,0.5854179089836722,0.8794659420048555,4.414238168669215,9.661856345671692,0.00763284893732008,0.030842089016565627,1.1102230246251565e-16,1.8964623520872196e-14,36,199,0.02140101591671845,0,0.0810341507037379,0.06676583600248899,0.13395959044324232,0.3833396677917871,0.04903233369982236,0.6093501963174784,0.7939506808451423,0.001404429643497962,0.05025125628140704,0,0
2021-02-01,2024-01-01,0.1149914712633993,0.013080489663843297,2.2052252002959904e-10,0.16454518969193746,0.9747043002272046,0.3792327439994194,0.03557830245872542,1.554497014421519e-12,0.1359282817194701,0.6651539197634748,0.034705105998347995,0.023213998213582988,0.14413699366568783,0.2779432695689387,0.0670961726556729,2.148584441574451e-4,0.6873516244327134,0.04864356586516482,0.5920102353369903,0.7826930135284365,0.12987953042615508,0.6072729272538677,0.03470510599915574,0.27794326956612275,0.6873516244347215,FALSE,FALSE,FALSE,0.1298795304261551,0.6072729272538677,0.8784910657391424,4.381094836982892,9.517668181566865,0.00604875129331503,0.034665659265782384,0,0,36,199,0.025978860942900094,0,0.08999017001261309,0.08701619390433983,0.10552453924139416,0.41481128507672116,0.064001727275653425,0.5832983620979235,0.8138290268635502,0.005551096636224773,0.10552763819095477,0.005025125628140704,0
2021-03-01,2024-02-01,0.11380695902688232,0.012888813747229777,1.9802715623678342e-10,0.1669567780062502,1.0034843660002188,0.3779317101395911,0.03487492559094268,9.93545397831986e-13,0.1296694986567669,0.6053104397483018,0.028501638706800524,0.023882085094578998,0.24096152406047414,0.2955165158057922,0.07101200855193952,2.0334149995472183e-4,0.6759818454874073,0.051502753232300046,0.5750364491520992,0.7769272418227153,0.12521055209335927,0.5643965647988579,0.028501638707620146,0.2955165158029363,0.6759818454894435,FALSE,FALSE,FALSE,0.12521055209335924,0.5643965647988578,0.8784279708810978,4.378968166719104,9.213091444557925,0.004458946563407645,0.04174622591289093,-1.1102230246251565e-16,-1.967097416726522e-14,36,199,0.022192729569487247,0,0.07914270405334865,0.07279030521774414,0.14424022343816476,0.4102886904470952,0.05431133298638434,0.5888020542662732,0.7809387417977904,0.006541284701115924,0.08542713567839195,0,0
2021-04-01,2024-03-01,0.11255013116527426,0.012860369908936934,2.4598282641820404e-10,0.16985538241783057,1.0386306337070688,0.3756430658069297,0.034229161754727414,7.04471236544679e-13,0.127881883208727,0.5887359379083777,0.02581501979623399,0.023319605801011858,0.2760607358431694,0.30169033586142063,0.06894763994076332,1.0900397425776587e-4,0.6724946443423454,0.05004213598308228,0.5744120578155041,0.7705772308691867,0.12397687424005216,0.5533295524680135,0.025815019797022873,0.3016903358586617,0.6724946443443155,FALSE,FALSE,FALSE,0.12397687424005216,0.5533295524680135,0.8797154833635744,4.422808686875425,8.863834779555456,0.00390500896867485,0.045878508177778415,0,0,36,199,0.0223244628139225,0,0.0750702459249985,0.070124947639624,0.15578324848033998,0.4089417254087626,0.05193238131561222,0.5865845315252783,0.7869268554941699,0.007426097429719225,0.1407035175879397,0,0
2021-05-01,2024-04-01,0.11115337681972033,0.012803725617074713,2.991872965349045e-10,0.16797251476125205,1.0157315657478854,0.37233835976001733,0.033518669191489284,5.05136439722654e-13,0.12486808590590065,0.5613133996009219,0.02503428007645782,0.02317422347797171,0.28762814856654445,0.3007210146669049,0.06769285215279834,8.962251118565941e-5,0.6742447052566374,0.04884629461232969,0.5785059678164712,0.7699834426968035,0.1210503178527634,0.527514460281182,0.025034280077232015,0.30072101466418666,0.6742447052585814,FALSE,FALSE,FALSE,0.12105031785276339,0.5275144602811817,0.8839818063264734,4.5750642346644375,8.752630942462128,0.0038177680531372438,0.046922196908488645,-3.3306690738754696e-16,-6.31389151323002e-14,36,199,0.018832366404399562,0,0.06236765541099044,0.060394545436856475,0.1782806979706204,0.39465386112922257,0.04548394754389089,0.5984984279888521,0.7670580675170087,0.003756050841341896,0.12060301507537688,0,0
2021-06-01,2024-05-01,0.10990544701215592,0.012778186445926374,3.7438590678386963e-10,0.16180320622791092,0.9424899916427474,0.3682942732527694,0.03284380849840607,3.897707769834333e-13,0.12010143971316024,0.519276809562259,0.02624421323950378,0.023226025708008625,0.26640665048476186,0.29302244690526386,0.06675417769288053,1.0464752053861284e-4,0.6807333398552324,0.04772790489212197,0.5871866462666734,0.7742800334437915,0.11573247511202224,0.4821842086399744,0.026244213240259183,0.29302244690260215,0.6807333398571387,FALSE,FALSE,FALSE,0.11573247511202224,0.48218420863997447,0.8857747712386778,4.642459698098974,8.762960930491174,0.0043689646011380034,0.04607073111588868,5.551115123125783e-17,1.1512436582655809e-14,36,199,0.018966561089601982,0,0.06583914573806193,0.06116113537196844,0.16607909750884917,0.3876079477872693,0.04583628496720177,0.6048175599341488,0.7757816539221648,-1.7171251523018238e-4,0.09045226130653267,0,0
2021-07-01,2024-06-01,0.10946704986434047,0.012842554057371919,4.6484460465764433e-10,0.16109864433107754,0.934299835391197,0.36768910573543967,0.03306378240940535,4.901120833985071e-13,0.12009967887035673,0.5192615831314613,0.026436227371697214,0.02325067161642923,0.26348454105362984,0.29167789402279937,0.06696865705713434,1.1564168517733358e-4,0.6818858786055033,0.04792931879375667,0.5879444137697403,0.7758273434412664,0.11567542947641883,0.48170897944394203,0.026436227372452686,0.2916778940201296,0.6818858786074178,FALSE,FALSE,FALSE,0.11567542947641883,0.48170897944394214,0.8866445275624524,4.675923835593333,8.772222821877172,0.004424249393937901,0.04542321485465871,1.1102230246251565e-16,2.304758831580711e-14,36,199,0.0184123256103544,0,0.06398664351260956,0.06151215004023246,0.16611526516274727,0.4017310675506677,0.04665790718889802,0.5926019448031488,0.7676448918293176,-0.0031956101806994708,0.11557788944723618,0,0
2021-08-01,2024-07-01,0.10936332496543394,0.012841184110736151,4.74292139269509e-10,0.16071792883566285,0.9298890953721068,0.36750060723828026,0.0331222734813207,5.217962987672263e-13,0.1206922425547518,0.5243982268642217,0.02657578481091497,0.023478754791165,0.26559347648022236,0.29085707921065534,0.06779469283157817,1.3988074250354354e-4,0.6825671359784298,0.048464871321884186,0.5875759881875368,0.7775582837693228,0.11630041979889805,0.48692835523439704,0.026575784811680145,0.2908570792079511,0.6825671359803688,FALSE,FALSE,FALSE,0.11630041979889805,0.4869283552343969,0.8872886265978963,4.701039881223887,8.849160555228941,0.004391822755853758,0.04441750903676481,-1.1102230246251565e-16,-2.280054165444357e-14,36,199,0.01886265248201259,0,0.06601935800425698,0.06221677193507529,0.16169440688803488,0.39373036169980036,0.04703466302472024,0.5977373915312723,0.7742008687753712,0.005860347484863082,0.10050251256281408,0,0
2021-09-01,2024-08-01,0.10942764296265038,0.012836111380474123,4.6327109618572387e-10,0.1586689181539524,0.9063297211732433,0.3671540509386322,0.033163168451790084,5.539289631764691e-13,0.1206096356305546,0.523680631449665,0.02773399789318081,0.023763096408469558,0.2512889385874213,0.2869130093889743,0.06873266397648135,1.9592315310430538e-4,0.685352992717845,0.049050780539074676,0.5892134628612586,0.7814925225744314,0.11589493602955248,0.4835389031025862,0.027733997893949185,0.2869130093862589,0.6853529927197919,FALSE,FALSE,FALSE,0.11589493602955249,0.48353890310258635,0.8881362003018618,4.734532631592208,8.94220696083411,0.004714699601002126,0.04277398212439992,1.6653345369377348e-16,3.444054917302946e-14,36,199,0.01858252031782211,0,0.06378151419056043,0.06164065551785332,0.17191751940277428,0.4024301105777584,0.04655686142595022,0.5932577758831986,0.7701645719664194,0.002171576397550945,0.05527638190954774,0,0
2021-10-01,2024-09-01,0.10951203739879024,0.012792857278800258,4.19468285857105e-10,0.15394047406369063,0.8531161039783373,0.36626174807992995,0.03310976150058394,5.665526761034168e-13,0.11903965075470475,0.510135784264875,0.0306459156548768,0.023875212395722864,0.20796601564946443,0.2773508388251413,0.06919694496539287,3.163544112097366e-4,0.6920032455199818,0.04934786096868193,0.5952814380213652,0.7887250530185984,0.11320235960779321,0.4613318719477968,0.030645915655621244,0.2773508388225048,0.692003245521874,FALSE,FALSE,FALSE,0.11320235960779318,0.4613318719477964,0.8899098395317847,4.806294842701726,8.991308238479244,0.005837291146911547,0.04073811445589742,-3.885780586188048e-16,-8.422961478429467e-14,36,199,0.020596559995890138,0,0.072397834443044,0.06584386999110896,0.15055730161403297,0.3917433019736685,0.04903793573766557,0.6080954997558875,0.7798225917833749,-0.004387514664601855,0.11055276381909548,0,0
2021-11-01,2024-10-01,0.10838023086101467,0.012753915973540971,5.000176484519281e-10,0.15591641728835137,0.875157450481271,0.3675373391148736,0.033308019507765824,6.066242106143423e-13,0.11524586904949738,0.4781379719870603,0.027699703578451355,0.022460378943760906,0.22593379692415452,0.2870625412693082,0.06599135341303101,1.1749458417230336e-4,0.6852377551522405,0.047742995477280864,0.59166148401677,0.778814026287711,0.11003235702055203,0.4358563052939361,0.027699703579182677,0.28706254126668956,0.6852377551541278,FALSE,FALSE,FALSE,0.11003235702055204,0.43585630529393626,0.8897769828739056,4.800839092627424,8.804351771033662,0.00521351202894535,0.04588406026779934,1.6653345369377348e-16,3.8208338773822577e-14,36,199,0.01930784044839398,0,0.0709122187172269,0.06477560486087684,0.14334749586607254,0.39638317009897694,0.048464257272336934,0.6016154066620717,0.783732173980332,6.713540418655795e-4,0.07537688442211055,0,0
2021-12-01,2024-11-01,0.10932985679110038,0.012356151427343776,1.882435726682482e-10,0.15264136337461237,0.8387778892629765,0.3684957801617634,0.03351378629084397,6.686105670101174e-13,0.12608545077625824,0.5723114723082808,0.03930235787122266,0.022854178603794448,0.09457909238781269,0.25349760952800154,0.0681556125929993,7.179676978434612e-4,0.7072000326007759,0.049434263802183985,0.6103088755484953,0.8040911896530565,0.11562563504877253,0.4812943492955497,0.03930235787181854,0.25349760952582123,0.7072000326023602,FALSE,FALSE,FALSE,0.11562563504877253,0.4812943492955496,0.8907465065479568,4.840958511763172,8.677097832494047,0.010459815727485708,0.03701572832583984,-1.1102230246251565e-16,-2.3067443576891007e-14,36,199,0.018833458661612845,0.004253376991359919,0.07612013081908207,0.0665142300496788,0.14363447876240204,0.39225982003111193,0.051542327004962946,0.5991690339513586,0.7949595572206619,-0.0016342950869099315,0.010050251256281407,0,0
2022-01-01,2024-12-01,0.10828767899224225,0.012337621141181506,2.2927879771435122e-10,0.1546343940054936,0.8608246491400642,0.3673230007305305,0.03317370728218382,5.51770467176893e-13,0.12700291577755432,0.58067066217602,0.037015554764766284,0.022696463492690576,0.11214264628157551,0.2580755141338819,0.06879500315474514,6.562671095060835e-4,0.7049089311013519,0.04999501692001013,0.606918697938132,0.8028991642645718,0.11805381189277746,0.5017212900869502,0.037015554765394844,0.25807551413158425,0.7049089311030209,FALSE,FALSE,FALSE,0.11805381189277746,0.5017212900869501,0.8965297629181199,5.095946890585302,8.888472003755902,0.008949103884776863,0.03658058211271613,-1.1102230246251565e-16,-2.2128282107238278e-14,36,199,0.018343765675928207,0,0.07201519013164752,0.06332662250697942,0.14220332614339457,0.38608073476507593,0.04810707993012339,0.6045104277584025,0.7920340538302251,-4.173763117323315e-4,0.03015075376884422,0,0
2022-02-01,2025-01-01,0.10878294609456636,0.012142150817336942,1.386245638114296e-10,0.1513329551354489,0.8244598791610002,0.3680075273174317,0.03331324116389296,5.882628793827678e-13,0.1312769054697838,0.6204105327500119,0.04305931805141203,0.022895717463035533,0.06860480422983664,0.24008746489160565,0.07043725124107442,0.001696658913908197,0.7168532170569824,0.0513464530635346,0.6162141690524545,0.8174922650615102,0.11913874238923401,0.5109854377711776,0.04305931805197959,0.24008746488950714,0.7168532170585132,FALSE,FALSE,FALSE,0.119138742389234,0.5109854377711774,0.8990070650396658,5.214136857516427,8.89658389285588,0.012138163080549783,0.03219421274621488,-1.1102230246251565e-16,-2.1727097145228653e-14,36,199,0.021503084469438948,0.005517072397299813,0.08653452425182903,0.06841099847898757,0.10066973008543248,0.3741560445731661,0.050487697987649696,0.6127946981915399,0.8180247814299976,-3.361195642148651e-6,0.020100502512562814,0,0
2022-03-01,2025-02-01,0.10901004015432851,0.012056596243398662,1.1054542203552707e-10,0.15117802520187432,0.8227726309417877,0.36969568690641225,0.03339415832913015,5.545740352028611e-13,0.1289262781757557,0.5983914673530843,0.040787891400394946,0.023823825448469844,0.09599340865022148,0.24775935526982737,0.07363905025341214,0.001912213277838671,0.7114527533297776,0.053408775236635335,0.6067715538659724,0.8161339527935829,0.11842039135715166,0.5048420072105144,0.04078789140101714,0.24775935526754425,0.7114527533314386,FALSE,FALSE,FALSE,0.11842039135715167,0.5048420072105146,0.9029196510060107,5.413127046002203,9.175587017864201,0.010505886818604038,0.03275763384472266,2.220446049250313e-16,4.3982989084432664e-14,36,199,0.020755509278308663,0.004916544299293438,0.07812185948241221,0.06743739410419552,0.11862722107131966,0.3697304063908127,0.05071131128884572,0.614952035141079,0.8099831405559943,-0.002228756943610133,0.010050251256281407,0,0
2022-04-01,2025-03-01,0.10906564736271258,0.011905844024601816,7.981428842524324e-11,0.15067386372844793,0.8172940755909207,0.3708415705142382,0.033557827356040855,5.825450552441517e-13,0.1295621874961629,0.6043089754364712,0.04195931725213986,0.02354866765839709,0.08371393705609023,0.24494548675210562,0.07328460507384205,0.0020302331288771314,0.7130951959957545,0.05333279717368419,0.6085629135353335,0.8176274784561756,0.11825673285100205,0.5034475751253576,0.041959317252744495,0.24494548674987465,0.7130951959973808,FALSE,FALSE,FALSE,0.11825673285100205,0.5034475751253576,0.9054710304318602,5.551786107190567,9.175164924445886,0.011305454645160862,0.03241713087744588,0,0,36,199,0.019078081057985447,5.492217536941848e-4,0.07280971893014226,0.06496164028191961,0.12812947853423542,0.37476890951388625,0.04902737206631631,0.6199449663835973,0.8009241927589882,-0.0033076330952930277,0.02512562814070352,0,0
2022-05-01,2025-04-01,0.10995881830472506,0.011731149381982043,4.4844807820472604e-11,0.15129828101493376,0.8240821141706592,0.37424333425561646,0.03427119959543033,8.06632405811453e-13,0.13291130153964859,0.6359549067706822,0.04421190816958964,0.02372384096614432,0.07103250668839804,0.24068552757684067,0.07432911145356491,0.0026868677029092264,0.7151025642535697,0.054214290384358786,0.6088425551002264,0.8213625734069129,0.1206426102850069,0.523967018989682,0.04421190817018553,0.2406855275746345,0.71510256425518,FALSE,FALSE,FALSE,0.1206426102850069,0.523967018989682,0.9151237950957304,6.152012299568923,9.306204305234292,0.012268691254641681,0.03065567072992685,0,0,36,199,0.020194221182085616,0.004270844123316788,0.08111160888839182,0.06936472731373976,0.11460785835200978,0.37987112585816984,0.05232094044550731,0.6146827826079125,0.8052786183309012,-2.4181822636981654e-4,0.010050251256281407,0,0
2022-06-01,2025-05-01,0.11136921469131043,0.011698602743978463,3.0232106777997794e-11,0.15361844917021664,0.8495506053166476,0.3787598993226735,0.03574143039576219,1.8184915447806993e-12,0.14030550731595376,0.7086828737947377,0.04862422700684729,0.02394526957059301,0.05017115650106986,0.23106775548963007,0.07481257529794771,0.003990017487598737,0.7203080175035226,0.05468450997650428,0.6131263779495741,0.827489657057471,0.12587736957402007,0.5704240381514796,0.048624227007405596,0.23106775548754693,0.7203080175050476,FALSE,FALSE,FALSE,0.12587736957402007,0.5704240381514795,0.9207456200758273,6.569115170138757,9.339049320809195,0.014428137741933689,0.027741079596196566,-1.1102230246251565e-16,-1.9463117792562768e-14,36,199,0.02443264288219986,0,0.09003536192955376,0.08207707954821913,0.08049418465047478,0.38499767171235955,0.06146322271768,0.6061868496410867,0.8350076382981058,-0.00480171007362884,0.03015075376884422,0,0
2022-07-01,2025-06-01,0.11306412565976409,0.011983996073337683,3.801111410960735e-11,0.15741139212330224,0.8920204693270569,0.3830986568929924,0.03727393932152745,4.117704140225958e-12,0.14488385932921166,0.7556879769885646,0.049762142339832435,0.02441424558037362,0.049364667770740424,0.2320395041577736,0.07552735629396604,0.004164555398344287,0.7181983535023939,0.05523056307931835,0.6099464498669299,0.8264502571378579,0.13046791626172144,0.6127875782523202,0.04976214234039958,0.23203950415566751,0.7181983535039329,FALSE,FALSE,FALSE,0.13046791626172144,0.6127875782523201,0.9271936978003487,7.12698195552477,9.419572106859752,0.014415943067490222,0.0269434758615808,-1.1102230246251565e-16,-1.8117583711333217e-14,36,199,0.02290068296470527,0.007314667041014554,0.1001464587345893,0.07599641195580074,0.08310278321539946,0.3659524364257642,0.056674391587944864,0.6119484436559076,0.8244064975311604,0.00198516483206157,0.005025125628140704,0,0
2022-08-01,2025-07-01,0.11330424352528248,0.012397792874665798,8.466116768513725e-11,0.1602391124310944,0.9243566334973767,0.3814371120023875,0.035902973350862524,1.6985797794610845e-12,0.13938641959971804,0.6994286628778317,0.04294747994689713,0.024001665015958705,0.08246950836974871,0.25288565436281807,0.07475410943098247,0.001819148255226945,0.7041668656902847,0.054874381562249726,0.5966130778282753,0.8117206535522942,0.1289090231650348,0.5982313051210854,0.04294747994754797,0.25288565436045507,0.7041668656919969,FALSE,FALSE,FALSE,0.12890902316503478,0.5982313051210848,0.932899587214066,7.710197712942181,9.429911214623871,0.010477396434683234,0.031330089266059596,-5.551115123125783e-16,-9.279212029872302e-14,36,199,0.0206248855987482,0.004226861458704126,0.08116659154798662,0.071481390310757,0.11284354281341154,0.39168205990511773,0.054274157256814504,0.599169085438746,0.8071485571901114,-0.0020886354480184055,0.020100502512562814,0,0
2022-09-01,2025-08-01,0.1142243296144183,0.013156760098021789,2.987982003392212e-10,0.16302743369619163,0.9568059889523818,0.38077333535978986,0.03581463056336745,1.6658633486107274e-12,0.13997416619907732,0.7053396193125692,0.04070187827330369,0.02493411033490039,0.11182882232942316,0.26037397263634116,0.0764126613858995,0.001701555305169869,0.698924149090355,0.05578388872701479,0.5895877271854061,0.808260570995304,0.1311083744526246,0.6188186106579469,0.040701878274002,0.2603739726338454,0.6989241490921527,FALSE,FALSE,FALSE,0.1311083744526246,0.6188186106579466,0.9406934613524399,8.688413458597955,9.404831459271174,0.008865791746452717,0.03191905924356703,-2.220446049250313e-16,-3.588201794528233e-14,36,199,0.02284752882733623,0.0013481283525869088,0.08728699156750665,0.07794602117054533,0.09970053055189815,0.3979040012903014,0.058811093455954803,0.5882945903838576,0.8229790684250596,0.0012861010061917533,0.01507537688442211,0,0
2022-10-01,2025-09-01,0.11576714302495589,0.014459844335914967,2.0196756784961348e-9,0.1682524644506699,1.019120104574062,0.38534466005940987,0.040785679004660735,3.666107290506055e-11,0.14709017990073395,0.7788787568362903,0.042772625010758514,0.025397335460078746,0.10131536749283408,0.259546226939257,0.0768184948419769,0.0018400389595928579,0.6976811480499845,0.057011103071093354,0.5859393860306416,0.8094229100693274,0.13779836633877618,0.6835820315628801,0.04277262501145007,0.2595462269367729,0.6976811480517771,FALSE,FALSE,FALSE,0.13779836633877618,0.6835820315628806,0.9399013744293611,8.577402878658335,9.14822071453641,0.009291813561957768,0.03045409811189373,4.440892098500626e-16,6.496502092583348e-14,36,199,0.02698843403118782,0,0.10190716637434544,0.08730339139236107,0.09208394767488642,0.40045110415883883,0.06405461279619729,0.5822757890872585,0.8197297785160973,0.0055501311729933,0.05527638190954774,0,0
2022-11-01,2025-10-01,0.11722506671840335,0.01621721960658219,1.94252596237803e-8,0.17673524914037836,1.124472538393618,0.39171587099071326,0.04892498458169474,2.0176718475234133e-9,0.15534492597518507,0.8687536569444861,0.04293749430570579,0.02562811145320929,0.10302912709200536,0.2661791508316154,0.07898259254851484,0.001883458565904405,0.6908833548626787,0.06090926607719633,0.571501193351374,0.8102655163739835,0.14652675147960895,0.7729232003700152,0.04293749430641309,0.2661791508290541,0.6908833548645328,FALSE,FALSE,FALSE,0.14652675147960897,0.7729232003700152,0.93571867469537,8.036610823919888,8.838436591982378,0.00881817449557612,0.030208497660769412,0,0,36,199,0.025226906363396088,0,0.0858477646520134,0.082640484940264,0.11990701944462384,0.41860566015720735,0.06303098096354946,0.5679688630485297,0.8064483388124927,-0.0014108581139419263,0.05025125628140704,0,0
2022-12-01,2025-11-01,0.11833804967814156,0.0191351364945918,4.417752167939495e-7,0.18635910660765165,1.250269798161675,0.39387947119141425,0.061054073182109404,1.9732502253083444e-7,0.16368400929987242,0.964528376417306,0.04168653108102856,0.026276034714322345,0.12188728219166893,0.27430466791889047,0.08132127394450482,0.0018681961032492476,0.6840088010000809,0.065954364584023,0.5547382464153958,0.8132793555847659,0.1559680216488286,0.8757368559737808,0.04168653108175753,0.27430466791625263,0.6840088010019898,FALSE,FALSE,FALSE,0.15596802164882861,0.8757368559737809,0.9315142564178008,7.559653789905205,8.397870550680903,0.0077159876510438374,0.03039108495882306,1.1102230246251565e-16,1.2677587074836967e-14,36,199,0.025874555531313778,0,0.08985845553754718,0.09007870863305131,0.09695523930518848,0.4404441624696469,0.07153567512144515,0.5593429141363234,0.8230786441757366,0.0020206810863224733,0.09045226130653267,0,0
2023-01-01,2025-12-01,0.1162954742188765,0.020703352888066864,2.4682396248227147e-6,0.18557517340047477,1.239773219374186,0.4084061557866974,0.06510756055600801,3.3811040793536583e-7,0.16151926449867013,0.939185020950889,0.03880320990852303,0.02610514861593702,0.14638320824757584,0.29256643354878387,0.08651262002198305,0.001824700703514658,0.6686303565426931,0.0721968515857288,0.5271245274346646,0.8101361856507215,0.15499568835220973,0.8648518826799116,0.0388032099093685,0.29256643354556083,0.6686303565450706,FALSE,FALSE,FALSE,0.15499568835220975,0.864851882679912,0.9225517249798507,6.7159927348291895,8.476945615054115,0.0065235761464604025,0.030579485048265048,3.3306690738754696e-16,3.851143924847275e-14,36,199,0.025257184376472525,0,0.08892143888340728,0.086991715407812,0.09698086623814985,0.4454851475607676,0.06792170621583926,0.5392667836318006,0.8069077078999607,-0.0010964097567940367,0.07035175879396985,0,0
2023-02-01,2026-01-01,0.11698789927010499,0.023238570035900553,1.4467319712404614e-5,0.18612092047391013,1.2470758933700017,0.4465067741196055,0.07361973379149331,6.33950148538821e-7,0.1554842084951669,0.870312207289267,0.03362233680359483,0.027549076398979137,0.23069062357519046,0.3401538090694815,0.09937812439874023,0.0016318268408778817,0.6262238541269236,0.0841318859499714,0.4613253576649797,0.7911223505888676,0.15054962059031934,0.815946777356008,0.03362233680467889,0.3401538090650264,0.6262238541302947,FALSE,FALSE,FALSE,0.15054962059031934,0.8159467773560077,0.9146313773024521,6.118099747821518,8.626584345201369,0.004934587904847548,0.035571299883590785,-2.220446049250313e-16,-2.721312358687709e-14,36,199,0.026723130427297806,0,0.09339460448743382,0.09232552115478976,0.1523326827878722,0.4923662115421599,0.0721568240059362,0.4934673138089989,0.7784893595567567,0.01175192015062232,0.12562814070351758,0,0
2023-03-01,2026-02-01,0.12261368626583757,0.024255171702152,1.3579738142502367e-5,0.1833918624287671,1.210772707383306,0.46804928549607916,0.0798039145087841,1.162956110462609e-6,0.15390179013278518,0.8526873962187307,0.04060843329219781,0.026169607556629258,0.12998410660678136,0.34185479883527625,0.100002205175789,0.0016513058317770234,0.617536767872526,0.08715037226772891,0.44672203822777734,0.7883514975172746,0.14649494880713004,0.7725877209361316,0.04060843329324967,0.34185479883084685,0.6175367678759034,FALSE,FALSE,FALSE,0.14649494880713007,0.7725877209361316,0.9054373235438233,5.549905346960491,8.048482406881902,0.007406841325655139,0.03689691362163705,0,0,36,199,0.025125997966894704,0,0.08676386834523146,0.08766403096025642,0.1805086376162897,0.503834978920439,0.06923765614025258,0.47798395440556785,0.745619378943398,-0.01151770287045173,0.09045226130653267,0,0
2023-04-01,2026-03-01,0.13481373852289236,0.02321475171227663,1.3858211556830888e-6,0.17538907256226108,1.1074077638730027,0.4885449698121894,0.08314088084850003,1.1243615121091236e-6,0.15211089353873916,0.8329580615935307,0.053910558904726395,0.022905694063575597,0.024514157517675914,0.32961377402019426,0.09777231188566354,0.0018776466008488188,0.6164756670750793,0.08720683610250919,0.4455502683141613,0.7874010658359973,0.13974496699505895,0.7030316088162043,0.053910558905753116,0.32961377401594366,0.6164756670783031,FALSE,FALSE,FALSE,0.13974496699505892,0.7030316088162037,0.9075403664843692,5.669882975021338,7.427103166810349,0.012365926543680211,0.03564410556720213,-5.551115123125783e-16,-7.895968052521843e-14,36,199,0.026880146780677704,0,0.10605165988418709,0.09829127437067077,0.13145223438691434,0.5155926177868898,0.07703438594939274,0.4634234374203709,0.7586644343487046,0.0017838980043549668,0.035175879396984924,0,0
2023-05-01,2026-04-01,0.14387919963836623,0.022126352988141546,1.690951309945361e-7,0.17024882061413374,1.0434477931381256,0.5059414293174788,0.0815129300199429,4.1264400201621717e-7,0.1484068760856425,0.7928856313019728,0.06197197027782323,0.020532821201510936,0.004794048299371007,0.33148633728330956,0.09591830707413682,0.0014907104074052963,0.6065416924388672,0.08473663232776477,0.44045789307644834,0.7726254918012861,0.13198271192105868,0.6270997048573381,0.06197197027883243,0.33148633727913684,0.6065416924420308,FALSE,FALSE,FALSE,0.1319827119210587,0.6270997048573382,0.8988038159444967,5.204221444261737,6.860901444999927,0.01642416416458381,0.03826610869307506,1.1102230246251565e-16,1.770409100858573e-14,36,199,0.026071141962565006,0.012645834201150324,0.1167237832810701,0.09032321901983596,0.15999276548236466,0.5139647919486138,0.07024335389239866,0.47187421826475956,0.7341515512929141,-0.001793027771479272,0.005025125628140704,0,0
2023-06-01,2026-05-01,0.15603304662853099,0.020608058104992843,7.101041183732707e-9,0.16197301511295742,0.9444692744921643,0.532246639790823,0.07363388550231555,1.9433732821882856e-8,0.14112977199658933,0.7170340515771344,0.07212273780776106,0.020229720696491985,0.0011035065722450877,0.3392535272274321,0.09579747392111043,0.0011786305984530883,0.5886237349648069,0.07981034548717218,0.43219545780994945,0.7450520121196644,0.11778327859409839,0.49942442578949975,0.07212273780875997,0.3392535272232756,0.5886237349679644,FALSE,FALSE,FALSE,0.11778327859409837,0.4994244257894998,0.8895659686396816,4.7922008861686205,6.303651148567647,0.02334649340249094,0.04418973651885903,5.551115123125783e-17,1.1115025290063603e-14,36,199,0.022937166802410716,0.027263585306973735,0.11586240634679061,0.0751006377606177,0.18875139100084287,0.48122824895236893,0.05899505276737684,0.47487682697964395,0.6973540337998927,-0.006551689872464017,0,0,0
2023-07-01,2026-06-01,0.16046003807223266,0.02119120215485216,7.089577255084684e-9,0.16075169496975664,0.9302798676833884,0.5660438512869397,0.058478891553391005,1.9746504370045927e-11,0.1314391303806959,0.6219448198284088,0.07089095654949701,0.019302406870417413,8.183977284123705e-4,0.3743132109283665,0.08369253261879751,8.205178804864537e-5,0.5547958325221365,0.06743343003345867,0.4226263096565575,0.6869653553877155,0.1069419294636469,0.41171674598667474,0.07089095655062239,0.3743132109235388,0.5547958325258389,FALSE,FALSE,FALSE,0.10694192946364688,0.41171674598667446,0.8703029540737741,4.122474289703338,6.263842163669633,0.024497200917049003,0.05380976550610973,-2.7755575615628914e-16,-6.741424993319856e-14,36,199,0.017533907888864424,0.03968007156276581,0.10108624593885479,0.055859726852424456,0.2669251481045374,0.48214026621001954,0.04459798642721261,0.4644439865341648,0.6390616132407443,-0.004795864769895353,0,0,0
2023-08-01,2026-07-01,0.16633317342228696,0.02205624081129526,7.753766714350452e-9,0.1762372856115558,1.1181449102302472,0.6149884640738299,0.04324472520243564,4.119538559888439e-16,0.1476977844101462,0.7853268787079768,0.07123410324769885,0.01874826170432639,5.729826466760462e-4,0.40918010329293236,0.07048846179802004,1.5434258227070698e-6,0.5195857934593688,0.056668044314623495,0.4085164266027068,0.6306551603160309,0.12738128385444925,0.5841356931506798,0.07123410324909979,0.40918010328677784,0.5195857934641224,FALSE,FALSE,FALSE,0.12738128385444925,0.5841356931506797,0.8566420014379473,3.7570753048785313,6.814235774669213,0.020316500555696948,0.048856001757106554,-1.1102230246251565e-16,-1.90062521027759e-14,36,199,0.024583988884215865,0.03655769623937468,0.12510873929477578,0.08068249833100358,0.20610478482074898,0.5194239490397231,0.06176634995235285,0.43550256022689987,0.6795937139329457,0.008241773594015456,0,0,0
