fecha,definicion_sorpresa,pulso,variable_sorpresa,sorpresa,beta_t,beta_t_se,beta_t_li_95,beta_t_ls_95,beta_constante,beta_t_significativo_positivo,beta_t_intervalo_incluye_cero
2011-02-01,Sorpresa exacta,FALSE,sorpresa_h12_exacta,1.27,0.039290925157937334,0.009784890815582934,0.020112891566738032,0.058468958749136636,0.03894135547883564,TRUE,FALSE
2011-03-01,Sorpresa exacta,FALSE,sorpresa_h12_exacta,-0.39999999999999947,0.03929140915882834,0.009779856230269108,0.02012324317352123,0.058459575144135446,0.03894135547883564,TRUE,FALSE
2011-04-01,Sorpresa exacta,FALSE,sorpresa_h12_exacta,0.7211481291645248,0.03929236405997498,0.009774803812635029,0.02013410063126552,0.05845062748868444,0.03894135547883564,TRUE,FALSE
2011-05-01,Sorpresa exacta,FALSE,sorpresa_h12_exacta,1.0330220625962019,0.039292791029851004,0.009769747736551048,0.020144437328169243,0.058441144731532765,0.03894135547883564,TRUE,FALSE
2011-06-01,Sorpresa exacta,FALSE,sorpresa_h12_exacta,1.6122993669593795,0.03929455631060508,0.009764742516949363,0.020156012659077332,0.05843309996213282,0.03894135547883564,TRUE,FALSE
2011-07-01,Sorpresa exacta,FALSE,sorpresa_h12_exacta,2.1496744659206417,0.039294703779731856,0.009759836808604327,0.02016577513987904,0.058423632419584676,0.03894135547883564,TRUE,FALSE
2011-08-01,Sorpresa exacta,FALSE,sorpresa_h12_exacta,2.2758261311642034,0.039295837530557765,0.009754983152294927,0.020176421882264706,0.05841525317885082,0.03894135547883564,TRUE,FALSE
2011-09-01,Sorpresa exacta,FALSE,sorpresa_h12_exacta,1.3593156240494872,0.03929717129439455,0.00975033351268629,0.02018686877227551,0.05840747381651359,0.03894135547883564,TRUE,FALSE
2011-10-01,Sorpresa exacta,FALSE,sorpresa_h12_exacta,0.6900000000000004,0.03929600862382483,0.009745684672357417,0.020194817661320263,0.0583971995863294,0.03894135547883564,TRUE,FALSE
2011-11-01,Sorpresa exacta,FALSE,sorpresa_h12_exacta,0.10484387510006155,0.03929408217078128,0.009741010023735279,0.02020205335121648,0.058386110990346074,0.03894135547883564,TRUE,FALSE
2011-12-01,Sorpresa exacta,FALSE,sorpresa_h12_exacta,0.4900000000000029,0.039292254815107834,0.009736330528391679,0.020209397637882313,0.058375111992333355,0.03894135547883564,TRUE,FALSE
2012-01-01,Sorpresa exacta,FALSE,sorpresa_h12_exacta,-0.5499999999999998,0.03929113162369406,0.00973162529428918,0.020217496535848267,0.05836476671153985,0.03894135547883564,TRUE,FALSE
2012-02-01,Sorpresa exacta,FALSE,sorpresa_h12_exacta,-0.33000000000000007,0.03929065206903256,0.009726930365286473,0.020226218872942046,0.05835508526512308,0.03894135547883564,TRUE,FALSE
2012-03-01,Sorpresa exacta,FALSE,sorpresa_h12_exacta,-1.6900000000000004,0.03929060479486685,0.009722241990871926,0.02023536064377489,0.05834584894595882,0.03894135547883564,TRUE,FALSE
2012-04-01,Sorpresa exacta,FALSE,sorpresa_h12_exacta,-1.8000000000000007,0.03928832856460396,0.009717631985531426,0.02024211985794791,0.058334537271260006,0.03894135547883564,TRUE,FALSE
2012-05-01,Sorpresa exacta,FALSE,sorpresa_h12_exacta,-2.06,0.03928635340908881,0.009713066519223573,0.020249092851968784,0.05832361396620883,0.03894135547883564,TRUE,FALSE
2012-06-01,Sorpresa exacta,FALSE,sorpresa_h12_exacta,-2.9099999999999997,0.03928401010442062,0.009708703756042488,0.0202553004060086,0.05831271980283264,0.03894135547883564,TRUE,FALSE
2012-07-01,Sorpresa exacta,FALSE,sorpresa_h12_exacta,-3.1,0.03928091448704325,0.009704529037942632,0.02026038708575256,0.058301441888333944,0.03894135547883564,TRUE,FALSE
2012-08-01,Sorpresa exacta,FALSE,sorpresa_h12_exacta,-3.62,0.039276550169364176,0.009700508158193996,0.020263903547566974,0.058289196791161374,0.03894135547883564,TRUE,FALSE
2012-09-01,Sorpresa exacta,FALSE,sorpresa_h12_exacta,-3.4100000000000006,0.03926886556992564,0.009696725493456517,0.02026363283477949,0.0582740983050718,0.03894135547883564,TRUE,FALSE
2012-10-01,Sorpresa exacta,FALSE,sorpresa_h12_exacta,-3.3400000000000003,0.03926821511628651,0.009693137124908283,0.020270015454258154,0.058266414778314866,0.03894135547883564,TRUE,FALSE
2012-11-01,Sorpresa exacta,FALSE,sorpresa_h12_exacta,-3.7399999999999998,0.03926650036332985,0.009689881764389955,0.020274681090674106,0.058258319635985586,0.03894135547883564,TRUE,FALSE
2012-12-01,Sorpresa exacta,FALSE,sorpresa_h12_exacta,-2.49,0.0392658069358247,0.009686896887300527,0.02027983791476252,0.05825177595688688,0.03894135547883564,TRUE,FALSE
2013-01-01,Sorpresa exacta,FALSE,sorpresa_h12_exacta,-2.11,0.03926671652409162,0.009683974163978018,0.020286475935478325,0.05824695711270491,0.03894135547883564,TRUE,FALSE
2013-02-01,Sorpresa exacta,FALSE,sorpresa_h12_exacta,-1.8200000000000003,0.039268021827223575,0.009681112185029291,0.0202933906142743,0.05824265304017285,0.03894135547883564,TRUE,FALSE
2013-03-01,Sorpresa exacta,FALSE,sorpresa_h12_exacta,-1.25,0.03926844127641397,0.009678255838888242,0.02029940839902853,0.05823747415379941,0.03894135547883564,TRUE,FALSE
2013-04-01,Sorpresa exacta,FALSE,sorpresa_h12_exacta,-1.71,0.03926908308429388,0.0096753829128252,0.02030568103852225,0.058232485130065514,0.03894135547883564,TRUE,FALSE
2013-05-01,Sorpresa exacta,FALSE,sorpresa_h12_exacta,-0.9900000000000002,0.039271907865870315,0.009672570082424168,0.020314018866379326,0.058229796865361304,0.03894135547883564,TRUE,FALSE
2013-06-01,Sorpresa exacta,FALSE,sorpresa_h12_exacta,-0.09999999999999964,0.03927497438220144,0.009669781721323014,0.02032255047004461,0.058227398294358274,0.03894135547883564,TRUE,FALSE
2013-07-01,Sorpresa exacta,FALSE,sorpresa_h12_exacta,0.03000000000000025,0.03927817563114003,0.00966698668050976,0.020331229898312493,0.05822512136396756,0.03894135547883564,TRUE,FALSE
2013-08-01,Sorpresa exacta,FALSE,sorpresa_h12_exacta,-0.020000000000000462,0.039281399759683776,0.009664188594962955,0.020339938173753642,0.05822286134561391,0.03894135547883564,TRUE,FALSE
2013-09-01,Sorpresa exacta,FALSE,sorpresa_h12_exacta,-0.7000000000000002,0.039284626063696024,0.009661386136420895,0.02034865719557649,0.058220594931815556,0.03894135547883564,TRUE,FALSE
2013-10-01,Sorpresa exacta,FALSE,sorpresa_h12_exacta,-0.5499999999999998,0.0392881544297559,0.009658588564853281,0.02035766870115307,0.05821864015835874,0.03894135547883564,TRUE,FALSE
2013-11-01,Sorpresa exacta,FALSE,sorpresa_h12_exacta,0.14999999999999947,0.03929147389991723,0.009655787427760715,0.020366478299131584,0.058216469500702875,0.03894135547883564,TRUE,FALSE
2013-12-01,Sorpresa exacta,FALSE,sorpresa_h12_exacta,-0.2600000000000007,0.03929480671100303,0.009652986500470064,0.020375300826830374,0.058214312595175684,0.03894135547883564,TRUE,FALSE
2014-01-01,Sorpresa exacta,FALSE,sorpresa_h12_exacta,-0.39000000000000057,0.03929860766229424,0.009650180338500647,0.020384601754516427,0.058212613570072055,0.03894135547883564,TRUE,FALSE
2014-02-01,Sorpresa exacta,FALSE,sorpresa_h12_exacta,-0.9100000000000001,0.03930239177503241,0.009647379066345647,0.020393876259789296,0.05821090729027553,0.03894135547883564,TRUE,FALSE
2014-03-01,Sorpresa exacta,FALSE,sorpresa_h12_exacta,-1.3399999999999999,0.039305440833790305,0.009644554718747065,0.02040246093812023,0.05820842072946038,0.03894135547883564,TRUE,FALSE
2014-04-01,Sorpresa exacta,FALSE,sorpresa_h12_exacta,-1.5799999999999996,0.039307911130262,0.009641727515025058,0.020410472452064014,0.05820534980845998,0.03894135547883564,TRUE,FALSE
2014-05-01,Sorpresa exacta,FALSE,sorpresa_h12_exacta,-1.4899999999999998,0.0393112292478799,0.009638926781209181,0.02041927990709132,0.05820317858866848,0.03894135547883564,TRUE,FALSE
2014-06-01,Sorpresa exacta,FALSE,sorpresa_h12_exacta,-1.7400000000000002,0.039313226328433426,0.009636158302387737,0.020426703106426837,0.058199749550440015,0.03894135547883564,TRUE,FALSE
2014-07-01,Sorpresa exacta,FALSE,sorpresa_h12_exacta,-1.4699999999999998,0.03931540372289116,0.009633396564525708,0.02043429340762889,0.05819651403815343,0.03894135547883564,TRUE,FALSE
2014-08-01,Sorpresa exacta,FALSE,sorpresa_h12_exacta,-1.1499999999999995,0.039318179583911775,0.009630663061484633,0.020442426836161643,0.05819393233166191,0.03894135547883564,TRUE,FALSE
2014-09-01,Sorpresa exacta,FALSE,sorpresa_h12_exacta,-1.3899999999999997,0.03931981012241058,0.009627930225592904,0.020449413634583895,0.05819020661023726,0.03894135547883564,TRUE,FALSE
2014-10-01,Sorpresa exacta,FALSE,sorpresa_h12_exacta,-1.0799999999999996,0.03932144395336967,0.009625206374801205,0.02045638611499398,0.058186501791745365,0.03894135547883564,TRUE,FALSE
2014-11-01,Sorpresa exacta,FALSE,sorpresa_h12_exacta,-1.3100000000000005,0.03932339383638089,0.009622516450791723,0.020463608152184933,0.058183179520576854,0.03894135547883564,TRUE,FALSE
2014-12-01,Sorpresa exacta,FALSE,sorpresa_h12_exacta,-2.1399999999999997,0.03932545529889095,0.009619843586054336,0.020470908333315812,0.05818000226446608,0.03894135547883564,TRUE,FALSE
2015-01-01,Sorpresa exacta,FALSE,sorpresa_h12_exacta,-2.4100000000000006,0.03932831336435457,0.009617275771677217,0.020478799222477573,0.05817782750623157,0.03894135547883564,TRUE,FALSE
2015-02-01,Sorpresa exacta,FALSE,sorpresa_h12_exacta,-2.1199999999999997,0.03932934123250977,0.00961485449385447,0.020484572707961925,0.05817410975705762,0.03894135547883564,TRUE,FALSE
2015-03-01,Sorpresa exacta,FALSE,sorpresa_h12_exacta,-2.03,0.039331172474661016,0.009612453380953524,0.020491110044921837,0.058171234904400196,0.03894135547883564,TRUE,FALSE
2015-04-01,Sorpresa exacta,FALSE,sorpresa_h12_exacta,-1.9299999999999997,0.03933377606526654,0.009610094118454805,0.02049833770505493,0.058169214425478157,0.03894135547883564,TRUE,FALSE
2015-05-01,Sorpresa exacta,FALSE,sorpresa_h12_exacta,-1.6400000000000006,0.03933473640836109,0.009607750375482595,0.020503891699964027,0.05816558111675815,0.03894135547883564,TRUE,FALSE
2015-06-01,Sorpresa exacta,FALSE,sorpresa_h12_exacta,-1.85,0.03933382734858275,0.009605385064149013,0.02050761856521173,0.058160036131953766,0.03894135547883564,TRUE,FALSE
2015-07-01,Sorpresa exacta,FALSE,sorpresa_h12_exacta,-1.9200000000000004,0.03933296588991004,0.009603028836200164,0.020511375228458133,0.058154556551361945,0.03894135547883564,TRUE,FALSE
2015-08-01,Sorpresa exacta,FALSE,sorpresa_h12_exacta,-2.13,0.039331331819499375,0.009600653758947895,0.020514396223922416,0.05814826741507634,0.03894135547883564,TRUE,FALSE
2015-09-01,Sorpresa exacta,FALSE,sorpresa_h12_exacta,-2.3600000000000003,0.03932741865360874,0.009598248636133401,0.020515197012126583,0.058139640295090896,0.03894135547883564,TRUE,FALSE
2015-10-01,Sorpresa exacta,FALSE,sorpresa_h12_exacta,-1.85,0.03932330035396258,0.00959584058468961,0.02051579840658317,0.05813080230134199,0.03894135547883564,TRUE,FALSE
2015-11-01,Sorpresa exacta,FALSE,sorpresa_h12_exacta,-1.6500000000000004,0.0393181940337627,0.009593421814057274,0.020515432789709537,0.05812095527781587,0.03894135547883564,TRUE,FALSE
2015-12-01,Sorpresa exacta,FALSE,sorpresa_h12_exacta,-1.1300000000000003,0.039312932045069235,0.00959095948949051,0.020514996868485177,0.05811086722165329,0.03894135547883564,TRUE,FALSE
2016-01-01,Sorpresa exacta,FALSE,sorpresa_h12_exacta,0.6299999999999999,0.03930845541549273,0.009588460703868911,0.020515417768732093,0.058101493062253366,0.03894135547883564,TRUE,FALSE
2016-02-01,Sorpresa exacta,FALSE,sorpresa_h12_exacta,0.47999999999999954,0.03930380860813508,0.009586011599373022,0.02051557111798076,0.0580920460982894,0.03894135547883564,TRUE,FALSE
2016-03-01,Sorpresa exacta,FALSE,sorpresa_h12_exacta,0.43999999999999995,0.03929878481375901,0.00958358175228254,0.02051530973638997,0.058082259891128044,0.03894135547883564,TRUE,FALSE
2016-04-01,Sorpresa exacta,FALSE,sorpresa_h12_exacta,0.46999999999999975,0.03929387865369207,0.009581161909136125,0.020515146381738243,0.0580726109256459,0.03894135547883564,TRUE,FALSE
2016-05-01,Sorpresa exacta,FALSE,sorpresa_h12_exacta,0.9000000000000004,0.039288791999416824,0.009578756096395675,0.020514775033787826,0.05806280896504582,0.03894135547883564,TRUE,FALSE
2016-06-01,Sorpresa exacta,FALSE,sorpresa_h12_exacta,1.1799999999999997,0.039283791826906375,0.009576377071434038,0.020514437664520508,0.058053145989292246,0.03894135547883564,TRUE,FALSE
2016-07-01,Sorpresa exacta,FALSE,sorpresa_h12_exacta,1.46,0.03927818190933751,0.009574061820519918,0.020513365555358494,0.05804299826331653,0.03894135547883564,TRUE,FALSE
2016-08-01,Sorpresa exacta,FALSE,sorpresa_h12_exacta,1.7000000000000002,0.03927244537071233,0.009571822674777792,0.020512017661744018,0.05803287307968065,0.03894135547883564,TRUE,FALSE
2016-09-01,Sorpresa exacta,FALSE,sorpresa_h12_exacta,1.4999999999999996,0.0392668470690919,0.009569721936950446,0.020510536730606144,0.05802315740757766,0.03894135547883564,TRUE,FALSE
2016-10-01,Sorpresa exacta,FALSE,sorpresa_h12_exacta,1.8199999999999998,0.03926159727803719,0.009567715571807776,0.020509219342970907,0.058013975213103475,0.03894135547883564,TRUE,FALSE
2016-11-01,Sorpresa exacta,FALSE,sorpresa_h12_exacta,1.65,0.03925670781139669,0.009565837772603199,0.02050801029514157,0.058005405327651804,0.03894135547883564,TRUE,FALSE
2016-12-01,Sorpresa exacta,FALSE,sorpresa_h12_exacta,1.0600000000000005,0.03925116832501082,0.00956406710786834,0.02050594124786472,0.05799639540215692,0.03894135547883564,TRUE,FALSE
2017-01-01,Sorpresa exacta,FALSE,sorpresa_h12_exacta,0.20999999999999996,0.03924527150787844,0.009562320744596944,0.0205034672398482,0.05798707577590868,0.03894135547883564,TRUE,FALSE
2017-02-01,Sorpresa exacta,FALSE,sorpresa_h12_exacta,0.020000000000000018,0.0392395245021508,0.009560572115955757,0.020501147483279622,0.057977901521021974,0.03894135547883564,TRUE,FALSE
2017-03-01,Sorpresa exacta,FALSE,sorpresa_h12_exacta,0.009999999999999787,0.03923377765157587,0.009558819143772723,0.02049883639504934,0.057968718908102394,0.03894135547883564,TRUE,FALSE
2017-04-01,Sorpresa exacta,FALSE,sorpresa_h12_exacta,-0.08999999999999986,0.03922803599482632,0.009557061441986585,0.020496539770496182,0.05795953221915646,0.03894135547883564,TRUE,FALSE
2017-05-01,Sorpresa exacta,FALSE,sorpresa_h12_exacta,-0.2200000000000002,0.039222346424770155,0.009555295992941259,0.020494310416985396,0.05795038243255492,0.03894135547883564,TRUE,FALSE
2017-06-01,Sorpresa exacta,FALSE,sorpresa_h12_exacta,0.03000000000000025,0.03921646511476409,0.009553523596265623,0.0204919029406299,0.057941027288898286,0.03894135547883564,TRUE,FALSE
2017-07-01,Sorpresa exacta,FALSE,sorpresa_h12_exacta,0.9399999999999995,0.0392105857955122,0.009551747315706419,0.020489505067300483,0.05793166652372391,0.03894135547883564,TRUE,FALSE
2017-08-01,Sorpresa exacta,FALSE,sorpresa_h12_exacta,0.3199999999999994,0.03920410599225047,0.009550015241507987,0.020486420067086234,0.057921791917414714,0.03894135547883564,TRUE,FALSE
2017-09-01,Sorpresa exacta,FALSE,sorpresa_h12_exacta,-0.0699999999999994,0.039197540083639466,0.009548287822811663,0.020483239836906246,0.05791184033037269,0.03894135547883564,TRUE,FALSE
2017-10-01,Sorpresa exacta,FALSE,sorpresa_h12_exacta,-0.21999999999999975,0.03919103695996011,0.009546554549250394,0.02048013386698233,0.05790194005293789,0.03894135547883564,TRUE,FALSE
2017-11-01,Sorpresa exacta,FALSE,sorpresa_h12_exacta,0.020000000000000462,0.03918445131874391,0.009544814457894403,0.020476958742153682,0.057891943895334134,0.03894135547883564,TRUE,FALSE
2017-12-01,Sorpresa exacta,FALSE,sorpresa_h12_exacta,1,0.03917786172815399,0.009543070054967634,0.020473788118474757,0.05788193533783322,0.03894135547883564,TRUE,FALSE
2018-01-01,Sorpresa exacta,FALSE,sorpresa_h12_exacta,0.29000000000000004,0.039171475345835184,0.009541376652155273,0.020470720744679496,0.05787222994699087,0.03894135547883564,TRUE,FALSE
2018-02-01,Sorpresa exacta,FALSE,sorpresa_h12_exacta,-0.25,0.03916495063533285,0.0095396870828242,0.020467507529215452,0.05786239374145025,0.03894135547883564,TRUE,FALSE
2018-03-01,Sorpresa exacta,FALSE,sorpresa_h12_exacta,-0.08000000000000007,0.039158390840693384,0.009537999354568472,0.020464255621172902,0.05785252606021386,0.03894135547883564,TRUE,FALSE
2018-04-01,Sorpresa exacta,FALSE,sorpresa_h12_exacta,-0.45999999999999996,0.03915184646401561,0.009536306259687306,0.02046102964948462,0.05784266327854659,0.03894135547883564,TRUE,FALSE
2018-05-01,Sorpresa exacta,FALSE,sorpresa_h12_exacta,-0.11000000000000032,0.039145149075090674,0.009534606872477704,0.020457662998286295,0.05783263515189505,0.03894135547883564,TRUE,FALSE
2018-06-01,Sorpresa exacta,FALSE,sorpresa_h12_exacta,-0.3799999999999999,0.03913844856352796,0.00953289978178661,0.020454308322996467,0.05782258880405945,0.03894135547883564,TRUE,FALSE
2018-07-01,Sorpresa exacta,FALSE,sorpresa_h12_exacta,-1.7200000000000002,0.03913171224448776,0.009531179356583187,0.020450943975393075,0.057812480513582454,0.03894135547883564,TRUE,FALSE
2018-08-01,Sorpresa exacta,FALSE,sorpresa_h12_exacta,-1.1200000000000006,0.03912490360292204,0.009529501004819843,0.020447424842836896,0.057802382363007186,0.03894135547883564,TRUE,FALSE
2018-09-01,Sorpresa exacta,FALSE,sorpresa_h12_exacta,-0.04999999999999982,0.039118052871767825,0.009527821856495792,0.020443865181922524,0.057792240561613126,0.03894135547883564,TRUE,FALSE
2018-10-01,Sorpresa exacta,FALSE,sorpresa_h12_exacta,-0.16000000000000014,0.039111195505110934,0.00952613531985928,0.020440313366331803,0.05778207764389007,0.03894135547883564,TRUE,FALSE
2018-11-01,Sorpresa exacta,FALSE,sorpresa_h12_exacta,-1.3400000000000003,0.039104329662196444,0.009524437990567769,0.02043677422769858,0.05777188509669431,0.03894135547883564,TRUE,FALSE
2018-12-01,Sorpresa exacta,FALSE,sorpresa_h12_exacta,-2.22,0.039098354890803176,0.009522768663310067,0.020434071277608816,0.057762638503997536,0.03894135547883564,TRUE,FALSE
2019-01-01,Sorpresa exacta,FALSE,sorpresa_h12_exacta,-0.7800000000000002,0.039092752457892,0.009521231861818415,0.020431480920272662,0.05775402399551133,0.03894135547883564,TRUE,FALSE
2019-02-01,Sorpresa exacta,FALSE,sorpresa_h12_exacta,-0.20999999999999996,0.03908633793438028,0.009519679791602965,0.020428108398484704,0.05774456747027586,0.03894135547883564,TRUE,FALSE
2019-03-01,Sorpresa exacta,FALSE,sorpresa_h12_exacta,-0.3799999999999999,0.03907997268600114,0.00951811537822168,0.020424809343989818,0.05773513602801247,0.03894135547883564,TRUE,FALSE
2019-04-01,Sorpresa exacta,FALSE,sorpresa_h12_exacta,0.33000000000000007,0.03907380073867545,0.009516547511875785,0.020421710358234656,0.057725891119116246,0.03894135547883564,TRUE,FALSE
2019-05-01,Sorpresa exacta,FALSE,sorpresa_h12_exacta,0.23000000000000043,0.03906766753880409,0.009514981620758556,0.020418646248556774,0.05771668882905141,0.03894135547883564,TRUE,FALSE
2019-06-01,Sorpresa exacta,FALSE,sorpresa_h12_exacta,0.4500000000000002,0.03906148430405191,0.009513416167938141,0.0204155312449521,0.05770743736315172,0.03894135547883564,TRUE,FALSE
2019-07-01,Sorpresa exacta,FALSE,sorpresa_h12_exacta,0.11000000000000032,0.039055322780614105,0.009511854701339145,0.020412430139811394,0.057698215421416815,0.03894135547883564,TRUE,FALSE
2019-08-01,Sorpresa exacta,FALSE,sorpresa_h12_exacta,-1.0600000000000005,0.03904907523448288,0.009510289936637833,0.020409249476139018,0.05768890099282674,0.03894135547883564,TRUE,FALSE
2019-09-01,Sorpresa exacta,FALSE,sorpresa_h12_exacta,-2.3200000000000003,0.03904305467128126,0.009508753830680195,0.02040623962529081,0.05767986971727171,0.03894135547883564,TRUE,FALSE
2019-10-01,Sorpresa exacta,FALSE,sorpresa_h12_exacta,-2.13,0.03903633422777289,0.00950736429776891,0.02040224261624389,0.05767042583930189,0.03894135547883564,TRUE,FALSE
2019-11-01,Sorpresa exacta,FALSE,sorpresa_h12_exacta,-1.5200000000000005,0.03902898043206863,0.00950605468648467,0.020397455611490485,0.05766050525264677,0.03894135547883564,TRUE,FALSE
2019-12-01,Sorpresa exacta,FALSE,sorpresa_h12_exacta,-0.8300000000000001,0.039021829786019625,0.009504769733485617,0.02039282342704145,0.0576508361449978,0.03894135547883564,TRUE,FALSE
2020-01-01,Sorpresa exacta,FALSE,sorpresa_h12_exacta,-2.25,0.03901429911730762,0.009503468544546935,0.020387843041786344,0.057640755192828894,0.03894135547883564,TRUE,FALSE
2020-02-01,Sorpresa exacta,FALSE,sorpresa_h12_exacta,-2.99,0.039006856376766305,0.009502202616765265,0.020382881474104133,0.057630831279428474,0.03894135547883564,TRUE,FALSE
2020-03-01,Sorpresa exacta,FALSE,sorpresa_h12_exacta,-2.57,0.03899771257459775,0.009501149155969495,0.02037580241715441,0.05761962273204109,0.03894135547883564,TRUE,FALSE
2020-04-01,Sorpresa exacta,FALSE,sorpresa_h12_exacta,-2.4400000000000004,0.038989602156234524,0.009500230685855766,0.02036949216713497,0.05760971214533408,0.03894135547883564,TRUE,FALSE
2020-05-01,Sorpresa exacta,FALSE,sorpresa_h12_exacta,-2.62,0.03898199896068009,0.009499429633900738,0.020363459004562136,0.05760053891679804,0.03894135547883564,TRUE,FALSE
2020-06-01,Sorpresa exacta,FALSE,sorpresa_h12_exacta,-2.0100000000000002,0.038974466537604384,0.009498647362587405,0.020357459805086704,0.05759147327012207,0.03894135547883564,TRUE,FALSE
2020-07-01,Sorpresa exacta,FALSE,sorpresa_h12_exacta,-1.6900000000000004,0.038965769675543604,0.00949790190246507,0.020350224018017612,0.057581315333069594,0.03894135547883564,TRUE,FALSE
2020-08-01,Sorpresa exacta,FALSE,sorpresa_h12_exacta,-0.40999999999999925,0.03895738901558178,0.009497128281566887,0.020343359627153914,0.057571418404009644,0.03894135547883564,TRUE,FALSE
2020-09-01,Sorpresa exacta,FALSE,sorpresa_h12_exacta,0.6399999999999997,0.03894898844222392,0.009496328378692973,0.020336526834620054,0.05756145004982779,0.03894135547883564,TRUE,FALSE
2020-10-01,Sorpresa exacta,FALSE,sorpresa_h12_exacta,1.1600000000000001,0.03894063974812165,0.009495573768185916,0.02032965714993397,0.057551622346309325,0.03894135547883564,TRUE,FALSE
2020-11-01,Sorpresa exacta,FALSE,sorpresa_h12_exacta,1.4100000000000001,0.038931986542440435,0.009494900899921782,0.0203223227418168,0.05754165034306407,0.03894135547883564,TRUE,FALSE
2020-12-01,Sorpresa exacta,FALSE,sorpresa_h12_exacta,0.9300000000000002,0.03892290551829898,0.009494289939878761,0.020314439177355658,0.0575313718592423,0.03894135547883564,TRUE,FALSE
2021-01-01,Sorpresa exacta,FALSE,sorpresa_h12_exacta,1.17,0.03891383072908844,0.00949368344172042,0.020306553102692155,0.057521108355484726,0.03894135547883564,TRUE,FALSE
2021-02-01,Sorpresa exacta,FALSE,sorpresa_h12_exacta,2.08,0.038905448284308565,0.009493100424441079,0.020299313350782156,0.05751158321783498,0.03894135547883564,TRUE,FALSE
2021-03-01,Sorpresa exacta,FALSE,sorpresa_h12_exacta,1.98,0.038896058846675,0.009492647808670995,0.020290811023756787,0.05750130666959321,0.03894135547883564,TRUE,FALSE
2021-04-01,Sorpresa exacta,FALSE,sorpresa_h12_exacta,1.6500000000000004,0.038886886535619544,0.009492268635767872,0.020282381877935365,0.05749139119330372,0.03894135547883564,TRUE,FALSE
2021-05-01,Sorpresa exacta,FALSE,sorpresa_h12_exacta,1.3900000000000001,0.038877739568726734,0.009491945745716006,0.02027386776391518,0.057481611373538286,0.03894135547883564,TRUE,FALSE
2021-06-01,Sorpresa exacta,FALSE,sorpresa_h12_exacta,0.41000000000000014,0.038868598373169146,0.009491668462906014,0.02026527003267871,0.05747192671365958,0.03894135547883564,TRUE,FALSE
2021-07-01,Sorpresa exacta,FALSE,sorpresa_h12_exacta,0.3299999999999996,0.0388596913791122,0.009491389830363618,0.020256909148369782,0.057462473609854625,0.03894135547883564,TRUE,FALSE
2021-08-01,Sorpresa exacta,FALSE,sorpresa_h12_exacta,0.010000000000000231,0.03885098252074223,0.00949111620117473,0.020248736593355153,0.057453228448129313,0.03894135547883564,TRUE,FALSE
2021-09-01,Sorpresa exacta,FALSE,sorpresa_h12_exacta,-0.14000000000000012,0.03884227430613883,0.009490837294410385,0.02024057502596491,0.05744397358631276,0.03894135547883564,TRUE,FALSE
2021-10-01,Sorpresa exacta,FALSE,sorpresa_h12_exacta,-1.2300000000000004,0.03883359203770966,0.009490552881989306,0.020232450195637814,0.05743473387978151,0.03894135547883564,TRUE,FALSE
2021-11-01,Sorpresa exacta,FALSE,sorpresa_h12_exacta,-1.6,0.03882383702017429,0.009490296580640309,0.02022319751951567,0.05742447652083292,0.03894135547883564,TRUE,FALSE
2021-12-01,Sorpresa exacta,FALSE,sorpresa_h12_exacta,-1.4200000000000004,0.038814862606142746,0.009490122246696242,0.020214564793735776,0.057415160418549716,0.03894135547883564,TRUE,FALSE
2022-01-01,Sorpresa exacta,FALSE,sorpresa_h12_exacta,-1.46,0.038806007971360294,0.009490013438066037,0.020205923419949732,0.05740609252277086,0.03894135547883564,TRUE,FALSE
2022-02-01,Sorpresa exacta,FALSE,sorpresa_h12_exacta,-1.5799999999999996,0.038797601180784055,0.00948997199484531,0.02019759785659352,0.057397604504974595,0.03894135547883564,TRUE,FALSE
2022-03-01,Sorpresa exacta,FALSE,sorpresa_h12_exacta,-0.4299999999999997,0.03878862207628114,0.009490005115256843,0.02018855383727685,0.057388690315285436,0.03894135547883564,TRUE,FALSE
2022-04-01,Sorpresa exacta,FALSE,sorpresa_h12_exacta,0.08000000000000007,0.03877934941522637,0.009490021630746286,0.02017924880645758,0.057379450023995165,0.03894135547883564,TRUE,FALSE
2022-05-01,Sorpresa exacta,FALSE,sorpresa_h12_exacta,1.2800000000000002,0.03877006547792171,0.009490035542333124,0.02016993760294375,0.05737019335289967,0.03894135547883564,TRUE,FALSE
2022-06-01,Sorpresa exacta,FALSE,sorpresa_h12_exacta,3.2699999999999996,0.03876065084362643,0.009490077902862017,0.02016043994353748,0.05736086174371539,0.03894135547883564,TRUE,FALSE
2022-07-01,Sorpresa exacta,FALSE,sorpresa_h12_exacta,4.06,0.03875091451027658,0.009490384920215443,0.020150101867232283,0.05735172715332088,0.03894135547883564,TRUE,FALSE
2022-08-01,Sorpresa exacta,FALSE,sorpresa_h12_exacta,4.6499999999999995,0.0387377478334591,0.009491008687536412,0.020135712628930973,0.05733978303798723,0.03894135547883564,TRUE,FALSE
2022-09-01,Sorpresa exacta,FALSE,sorpresa_h12_exacta,4.819999999999999,0.03872447192623482,0.009492057410841135,0.020120381261799686,0.05732856259066996,0.03894135547883564,TRUE,FALSE
2022-10-01,Sorpresa exacta,FALSE,sorpresa_h12_exacta,5.4799999999999995,0.038711414612744514,0.009493336784736501,0.0201048164215517,0.05731801280393733,0.03894135547883564,TRUE,FALSE
2022-11-01,Sorpresa exacta,FALSE,sorpresa_h12_exacta,5,0.03869868750727513,0.009494913216254973,0.020088999567082013,0.05730837544746824,0.03894135547883564,TRUE,FALSE
2022-12-01,Sorpresa exacta,FALSE,sorpresa_h12_exacta,5.0200000000000005,0.038684693354838706,0.009496693485853006,0.020071516150350677,0.05729787055932674,0.03894135547883564,TRUE,FALSE
2023-01-01,Sorpresa exacta,FALSE,sorpresa_h12_exacta,5.489999999999999,0.03867183078440362,0.009498330949233792,0.02005544421066325,0.057288217358143996,0.03894135547883564,TRUE,FALSE
2023-02-01,Sorpresa exacta,FALSE,sorpresa_h12_exacta,6.08,0.038661871880748815,0.009499993561805066,0.020042226646248502,0.05728151711524913,0.03894135547883564,TRUE,FALSE
2023-03-01,Sorpresa exacta,FALSE,sorpresa_h12_exacta,4.920000000000001,0.038657664123868805,0.009502266807151057,0.020033563410362328,0.05728176483737528,0.03894135547883564,TRUE,FALSE
2023-04-01,Sorpresa exacta,FALSE,sorpresa_h12_exacta,4.180000000000001,0.03865674352069098,0.009504915745228168,0.020027450983956082,0.05728603605742587,0.03894135547883564,TRUE,FALSE
2023-05-01,Sorpresa exacta,FALSE,sorpresa_h12_exacta,2.25,0.03865779065791867,0.009507781913873897,0.02002288053386453,0.05729270078197281,0.03894135547883564,TRUE,FALSE
2023-06-01,Sorpresa exacta,FALSE,sorpresa_h12_exacta,0.3199999999999994,0.03865973167832695,0.009510635424750087,0.020019228775725987,0.05730023458092792,0.03894135547883564,TRUE,FALSE
2023-07-01,Sorpresa exacta,FALSE,sorpresa_h12_exacta,-0.34999999999999964,0.03866171243769123,0.009513465239540936,0.020015663200017283,0.05730776167536518,0.03894135547883564,TRUE,FALSE
2023-08-01,Sorpresa exacta,FALSE,sorpresa_h12_exacta,-0.9700000000000006,0.03866371361883418,0.009516319764762426,0.02001206961453315,0.05731535762313521,0.03894135547883564,TRUE,FALSE
2023-09-01,Sorpresa exacta,FALSE,sorpresa_h12_exacta,-0.9099999999999993,0.03866576390729492,0.009519239864261628,0.02000839661314418,0.05732313120144566,0.03894135547883564,TRUE,FALSE
2023-10-01,Sorpresa exacta,FALSE,sorpresa_h12_exacta,-0.6599999999999993,0.03866787327767128,0.009522210314847413,0.020004684007354546,0.05733106254798802,0.03894135547883564,TRUE,FALSE
2023-11-01,Sorpresa exacta,FALSE,sorpresa_h12_exacta,-1.9699999999999998,0.03867041131562101,0.009525203105478103,0.020001356283454855,0.057339466347787166,0.03894135547883564,TRUE,FALSE
2023-12-01,Sorpresa exacta,FALSE,sorpresa_h12_exacta,-1.9700000000000006,0.03867459479358805,0.009528360492525837,0.01999935139652308,0.05734983819065302,0.03894135547883564,TRUE,FALSE
2024-01-01,Sorpresa exacta,FALSE,sorpresa_h12_exacta,-1.65,0.03867886291620645,0.009531640199491131,0.019997191411609664,0.057360534420803244,0.03894135547883564,TRUE,FALSE
2024-02-01,Sorpresa exacta,FALSE,sorpresa_h12_exacta,-1.9699999999999998,0.03868321981165493,0.00953500047710336,0.019994962283960114,0.05737147733934975,0.03894135547883564,TRUE,FALSE
2024-03-01,Sorpresa exacta,FALSE,sorpresa_h12_exacta,-1.9500000000000002,0.03868802812273364,0.009538491389793837,0.01999292853189232,0.05738312771357497,0.03894135547883564,TRUE,FALSE
2024-04-01,Sorpresa exacta,FALSE,sorpresa_h12_exacta,-1.7500000000000004,0.0386923953531139,0.009542084979950245,0.019990252454990816,0.05739453825123698,0.03894135547883564,TRUE,FALSE
2024-05-01,Sorpresa exacta,FALSE,sorpresa_h12_exacta,-1.2700000000000005,0.038696056445945676,0.009545707269766682,0.019986813990240816,0.05740529890165054,0.03894135547883564,TRUE,FALSE
2024-06-01,Sorpresa exacta,FALSE,sorpresa_h12_exacta,-1.3200000000000003,0.038699443632074525,0.009549316617106635,0.01998312698557566,0.05741576027857339,0.03894135547883564,TRUE,FALSE
2024-07-01,Sorpresa exacta,FALSE,sorpresa_h12_exacta,-0.8900000000000001,0.03870297028585668,0.009552946535350026,0.019979539130333946,0.05742640144137942,0.03894135547883564,TRUE,FALSE
2024-08-01,Sorpresa exacta,FALSE,sorpresa_h12_exacta,-1.4899999999999998,0.03870665706523539,0.009556579084312114,0.019976106244574885,0.0574372078858959,0.03894135547883564,TRUE,FALSE
2024-09-01,Sorpresa exacta,FALSE,sorpresa_h12_exacta,-2.3300000000000005,0.038710306555719214,0.009560259423109408,0.019972542403565104,0.05744807070787332,0.03894135547883564,TRUE,FALSE
2024-10-01,Sorpresa exacta,FALSE,sorpresa_h12_exacta,-3.38,0.038713861113205905,0.009564049598577415,0.019968668353639415,0.05745905387277239,0.03894135547883564,TRUE,FALSE
2024-11-01,Sorpresa exacta,FALSE,sorpresa_h12_exacta,-2.84,0.03871822430386149,0.009568155564712575,0.01996498399854834,0.057471464609174634,0.03894135547883564,TRUE,FALSE
2024-12-01,Sorpresa exacta,FALSE,sorpresa_h12_exacta,-2.7800000000000002,0.0387203055301829,0.009572440151051029,0.019958667589957735,0.05748194347040807,0.03894135547883564,TRUE,FALSE
2025-01-01,Sorpresa exacta,FALSE,sorpresa_h12_exacta,-2.28,0.03872455184997636,0.009576830474969137,0.019954309032991238,0.05749479466696149,0.03894135547883564,TRUE,FALSE
2025-02-01,Sorpresa exacta,FALSE,sorpresa_h12_exacta,-2.5599999999999996,0.03872824543657383,0.009581359279897035,0.019949126325037016,0.05750736454811064,0.03894135547883564,TRUE,FALSE
2025-03-01,Sorpresa exacta,FALSE,sorpresa_h12_exacta,-2.4799999999999995,0.03873187433223891,0.009585937988474005,0.019943781116795532,0.05751996754768229,0.03894135547883564,TRUE,FALSE
2025-04-01,Sorpresa exacta,FALSE,sorpresa_h12_exacta,-2.38,0.03873508399735208,0.00959061647693211,0.01993782111302873,0.057532346881675425,0.03894135547883564,TRUE,FALSE
2025-05-01,Sorpresa exacta,FALSE,sorpresa_h12_exacta,-2.2800000000000002,0.038737393871856936,0.009595332424333676,0.019930887900473534,0.057543899843240334,0.03894135547883564,TRUE,FALSE
2025-06-01,Sorpresa exacta,FALSE,sorpresa_h12_exacta,-2.2,0.03873897237603068,0.009600119437799612,0.019923084030660537,0.05755486072140083,0.03894135547883564,TRUE,FALSE
2025-07-01,Sorpresa exacta,FALSE,sorpresa_h12_exacta,-2.92,0.03874010063193273,0.00960493942837222,0.019914765278634446,0.057565435985231006,0.03894135547883564,TRUE,FALSE
2025-08-01,Sorpresa exacta,FALSE,sorpresa_h12_exacta,-2.8200000000000003,0.03874117035719974,0.009609820834437429,0.019906267623819734,0.057576073090579744,0.03894135547883564,TRUE,FALSE
2025-09-01,Sorpresa exacta,FALSE,sorpresa_h12_exacta,-2.5700000000000003,0.03874173454889182,0.009614786470698258,0.01989709934728026,0.05758636975050338,0.03894135547883564,TRUE,FALSE
2025-10-01,Sorpresa exacta,FALSE,sorpresa_h12_exacta,-2.6500000000000004,0.03874139368292828,0.009619797722427725,0.019886936608409508,0.057595850757447054,0.03894135547883564,TRUE,FALSE
2025-11-01,Sorpresa exacta,FALSE,sorpresa_h12_exacta,-1.8599999999999999,0.038740220824170904,0.009624864675826477,0.019875832703479233,0.05760460894486258,0.03894135547883564,TRUE,FALSE
2025-12-01,Sorpresa exacta,FALSE,sorpresa_h12_exacta,-2.24,0.038738141832410304,0.009629921337668766,0.019863842836625747,0.05761244082819486,0.03894135547883564,TRUE,FALSE
2026-01-01,Sorpresa exacta,FALSE,sorpresa_h12_exacta,-2.58,0.03873863369099596,0.009634981006836444,0.019854417925869068,0.05762284945612286,0.03894135547883564,TRUE,FALSE
2026-02-01,Sorpresa exacta,FALSE,sorpresa_h12_exacta,-2.09,0.03873949175702577,0.009640178518464144,0.019845089056299354,0.05763389445775219,0.03894135547883564,TRUE,FALSE
2026-03-01,Sorpresa exacta,FALSE,sorpresa_h12_exacta,-0.96,0.03873994527052318,0.009645402628622912,0.01983530350203431,0.05764458703901205,0.03894135547883564,TRUE,FALSE
2026-04-01,Sorpresa exacta,FALSE,sorpresa_h12_exacta,-0.2899999999999996,0.03874014661383875,0.009650604377492617,0.019825309604908633,0.05765498362276886,0.03894135547883564,TRUE,FALSE
2026-05-01,Sorpresa exacta,FALSE,sorpresa_h12_exacta,-0.4900000000000002,0.03874035229980129,0.009655790181601313,0.01981535130158725,0.05766535329801532,0.03894135547883564,TRUE,FALSE
2026-06-01,Sorpresa exacta,FALSE,sorpresa_h12_exacta,-0.8999999999999999,0.03874053953982039,0.009660961590147534,0.019805402767106413,0.05767567631253436,0.03894135547883564,TRUE,FALSE
2011-02-01,Sorpresa exacta,TRUE,sorpresa_h12_exacta,1.27,0.05379779298482369,0.015991644775650158,0.022454745170991275,0.08514084079865611,0.04214518028789667,TRUE,FALSE
2011-03-01,Sorpresa exacta,TRUE,sorpresa_h12_exacta,-0.39999999999999947,0.05382733928662673,0.0158424308760737,0.02277674534195695,0.08487793323129651,0.04214518028789667,TRUE,FALSE
2011-04-01,Sorpresa exacta,TRUE,sorpresa_h12_exacta,0.7211481291645248,0.053882643019295864,0.01569148677734195,0.023127894071819175,0.08463739196677256,0.04214518028789667,TRUE,FALSE
2011-05-01,Sorpresa exacta,TRUE,sorpresa_h12_exacta,1.0330220625962019,0.053912266283247454,0.015540200838964801,0.02345403232635732,0.08437050024013759,0.04214518028789667,TRUE,FALSE
2011-06-01,Sorpresa exacta,TRUE,sorpresa_h12_exacta,1.6122993669593795,0.05401755352701381,0.01539126873410986,0.023851221131781102,0.08418388592224652,0.04214518028789667,TRUE,FALSE
2011-07-01,Sorpresa exacta,TRUE,sorpresa_h12_exacta,2.1496744659206417,0.054041155974732476,0.01524922906481705,0.024153216215689655,0.0839290957337753,0.04214518028789667,TRUE,FALSE
2011-08-01,Sorpresa exacta,TRUE,sorpresa_h12_exacta,2.2758261311642034,0.05413535283451903,0.015116271734532663,0.024508004654314203,0.08376270101472386,0.04214518028789667,TRUE,FALSE
2011-09-01,Sorpresa exacta,TRUE,sorpresa_h12_exacta,1.3593156240494872,0.05425330713085305,0.014997983592105071,0.02485779944960445,0.08364881481210165,0.04214518028789667,TRUE,FALSE
2011-10-01,Sorpresa exacta,TRUE,sorpresa_h12_exacta,0.6900000000000004,0.05424346796247527,0.014882011077536866,0.025075262232976896,0.08341167369197364,0.04214518028789667,TRUE,FALSE
2011-11-01,Sorpresa exacta,TRUE,sorpresa_h12_exacta,0.10484387510006155,0.05419567727083879,0.014764844013127798,0.02525711476775647,0.0831342397739211,0.04214518028789667,TRUE,FALSE
2011-12-01,Sorpresa exacta,TRUE,sorpresa_h12_exacta,0.4900000000000029,0.054153383040276434,0.014645991979894293,0.025447766241821147,0.08285899983873173,0.04214518028789667,TRUE,FALSE
2012-01-01,Sorpresa exacta,TRUE,sorpresa_h12_exacta,-0.5499999999999998,0.054149564466494646,0.014525512066972501,0.02568008395822659,0.0826190449747627,0.04214518028789667,TRUE,FALSE
2012-02-01,Sorpresa exacta,TRUE,sorpresa_h12_exacta,-0.33000000000000007,0.054181573445152245,0.014403670155139802,0.025950898695883785,0.08241224819442071,0.04214518028789667,TRUE,FALSE
2012-03-01,Sorpresa exacta,TRUE,sorpresa_h12_exacta,-1.6900000000000004,0.054236510422419254,0.014280213840756546,0.026247805603006033,0.08222521524183247,0.04214518028789667,TRUE,FALSE
2012-04-01,Sorpresa exacta,TRUE,sorpresa_h12_exacta,-1.8000000000000007,0.05417697422216984,0.014160466115425976,0.02642297063163513,0.08193097781270456,0.04214518028789667,TRUE,FALSE
2012-05-01,Sorpresa exacta,TRUE,sorpresa_h12_exacta,-2.06,0.054145277068474267,0.014043499598724023,0.026620523638072487,0.08167003049887604,0.04214518028789667,TRUE,FALSE
2012-06-01,Sorpresa exacta,TRUE,sorpresa_h12_exacta,-2.9099999999999997,0.05410267565209194,0.013935882099523999,0.026788848644228473,0.0814165026599554,0.04214518028789667,TRUE,FALSE
2012-07-01,Sorpresa exacta,TRUE,sorpresa_h12_exacta,-3.1,0.05404345734509646,0.013842808102427065,0.026912052019440174,0.08117486267075275,0.04214518028789667,TRUE,FALSE
2012-08-01,Sorpresa exacta,TRUE,sorpresa_h12_exacta,-3.62,0.053942643639927915,0.013764933565833904,0.026963869601306967,0.08092141767854887,0.04214518028789667,TRUE,FALSE
2012-09-01,Sorpresa exacta,TRUE,sorpresa_h12_exacta,-3.4100000000000006,0.05369964413428159,0.013709779845117504,0.026828969401878167,0.08057031886668502,0.04214518028789667,TRUE,FALSE
2012-10-01,Sorpresa exacta,TRUE,sorpresa_h12_exacta,-3.3400000000000003,0.05345664462863562,0.013651886819725803,0.026699438140955996,0.08021385111631524,0.04214518028789667,TRUE,FALSE
2012-11-01,Sorpresa exacta,TRUE,sorpresa_h12_exacta,-3.7399999999999998,0.053176531428366765,0.013617458757089654,0.026486802703511482,0.07986626015322204,0.04214518028789667,TRUE,FALSE
2012-12-01,Sorpresa exacta,TRUE,sorpresa_h12_exacta,-2.49,0.052990950027977,0.013607187604587422,0.02632135239210581,0.07966054766384818,0.04214518028789667,TRUE,FALSE
2013-01-01,Sorpresa exacta,TRUE,sorpresa_h12_exacta,-2.11,0.05290642656103313,0.013604341376013507,0.02624240743065858,0.07957044569140767,0.04214518028789667,TRUE,FALSE
2013-02-01,Sorpresa exacta,TRUE,sorpresa_h12_exacta,-1.8200000000000003,0.052852725813085755,0.013605783023617259,0.026185881105329455,0.07951957052084205,0.04214518028789667,TRUE,FALSE
2013-03-01,Sorpresa exacta,TRUE,sorpresa_h12_exacta,-1.25,0.0527596769905007,0.013608184848193433,0.026088124793077917,0.07943122918792349,0.04214518028789667,TRUE,FALSE
2013-04-01,Sorpresa exacta,TRUE,sorpresa_h12_exacta,-1.71,0.052683078671483384,0.013608747345677717,0.026010423999250007,0.07935573334371676,0.04214518028789667,TRUE,FALSE
2013-05-01,Sorpresa exacta,TRUE,sorpresa_h12_exacta,-0.9900000000000002,0.05273009726148953,0.013611806532513806,0.026051446693235437,0.07940874782974362,0.04214518028789667,TRUE,FALSE
2013-06-01,Sorpresa exacta,TRUE,sorpresa_h12_exacta,-0.09999999999999964,0.05279104984535127,0.013613759107038681,0.02610857230135129,0.07947352738935125,0.04214518028789667,TRUE,FALSE
2013-07-01,Sorpresa exacta,TRUE,sorpresa_h12_exacta,0.03000000000000025,0.05285927855059902,0.013612608797932293,0.026179055571018652,0.07953950153017939,0.04214518028789667,TRUE,FALSE
2013-08-01,Sorpresa exacta,TRUE,sorpresa_h12_exacta,-0.020000000000000462,0.05292879243395968,0.01360852932213396,0.026256565080019854,0.07960101978789952,0.04214518028789667,TRUE,FALSE
2013-09-01,Sorpresa exacta,TRUE,sorpresa_h12_exacta,-0.7000000000000002,0.05299844149938198,0.013601446002514188,0.026340097196787888,0.07965678580197608,0.04214518028789667,TRUE,FALSE
2013-10-01,Sorpresa exacta,TRUE,sorpresa_h12_exacta,-0.5499999999999998,0.05308500188013775,0.013592025130834759,0.02644512214673831,0.07972488161353719,0.04214518028789667,TRUE,FALSE
2013-11-01,Sorpresa exacta,TRUE,sorpresa_h12_exacta,0.14999999999999947,0.05316075097393926,0.013579785449319506,0.026544860575491963,0.07977664137238656,0.04214518028789667,TRUE,FALSE
2013-12-01,Sorpresa exacta,TRUE,sorpresa_h12_exacta,-0.2600000000000007,0.053237242838871705,0.013564813645728573,0.02665069663624624,0.07982378904149717,0.04214518028789667,TRUE,FALSE
2014-01-01,Sorpresa exacta,TRUE,sorpresa_h12_exacta,-0.39000000000000057,0.053339000039501226,0.013546794200743171,0.02678777130006855,0.0798902287789339,0.04214518028789667,TRUE,FALSE
2014-02-01,Sorpresa exacta,TRUE,sorpresa_h12_exacta,-0.9100000000000001,0.053439322331766424,0.013526146170863477,0.026928562987249653,0.0799500816762832,0.04214518028789667,TRUE,FALSE
2014-03-01,Sorpresa exacta,TRUE,sorpresa_h12_exacta,-1.3399999999999999,0.053502673720566794,0.013502449381940462,0.027038359228888382,0.07996698821224521,0.04214518028789667,TRUE,FALSE
2014-04-01,Sorpresa exacta,TRUE,sorpresa_h12_exacta,-1.5799999999999996,0.05354022388565807,0.013477536844229311,0.02712473707065701,0.07995571070065913,0.04214518028789667,TRUE,FALSE
2014-05-01,Sorpresa exacta,TRUE,sorpresa_h12_exacta,-1.4899999999999998,0.053630063841184836,0.0134533680427485,0.027261947006635666,0.079998180675734,0.04214518028789667,TRUE,FALSE
2014-06-01,Sorpresa exacta,TRUE,sorpresa_h12_exacta,-1.7400000000000002,0.0536533289510766,0.013429944174603236,0.02733112205447076,0.07997553584768244,0.04214518028789667,TRUE,FALSE
2014-07-01,Sorpresa exacta,TRUE,sorpresa_h12_exacta,-1.4699999999999998,0.05369605908730549,0.013407159575792405,0.02741850918377107,0.07997360899083991,0.04214518028789667,TRUE,FALSE
2014-08-01,Sorpresa exacta,TRUE,sorpresa_h12_exacta,-1.1499999999999995,0.053775789499565955,0.013384980965359958,0.02754170887370628,0.08000987012542563,0.04214518028789667,TRUE,FALSE
2014-09-01,Sorpresa exacta,TRUE,sorpresa_h12_exacta,-1.3899999999999997,0.053796795186756854,0.013361392482639706,0.027608947137478818,0.0799846432360349,0.04214518028789667,TRUE,FALSE
2014-10-01,Sorpresa exacta,TRUE,sorpresa_h12_exacta,-1.0799999999999996,0.05382432267877575,0.013337203974619181,0.027683883234057703,0.0799647621234938,0.04214518028789667,TRUE,FALSE
2014-11-01,Sorpresa exacta,TRUE,sorpresa_h12_exacta,-1.3100000000000005,0.05387115958392042,0.013312517752978863,0.02777910424453177,0.07996321492330907,0.04214518028789667,TRUE,FALSE
2014-12-01,Sorpresa exacta,TRUE,sorpresa_h12_exacta,-2.1399999999999997,0.053927987752661416,0.01328742509763206,0.02788511311402897,0.07997086239129386,0.04214518028789667,TRUE,FALSE
2015-01-01,Sorpresa exacta,TRUE,sorpresa_h12_exacta,-2.4100000000000006,0.054039120455030724,0.0132683741737179,0.028033584941142248,0.0800446559689192,0.04214518028789667,TRUE,FALSE
2015-02-01,Sorpresa exacta,TRUE,sorpresa_h12_exacta,-2.1199999999999997,0.054065799220949014,0.01325833102380215,0.028079947919186745,0.08005165052271128,0.04214518028789667,TRUE,FALSE
2015-03-01,Sorpresa exacta,TRUE,sorpresa_h12_exacta,-2.03,0.054149932283192606,0.013251113145519544,0.028178227762909038,0.08012163680347617,0.04214518028789667,TRUE,FALSE
2015-04-01,Sorpresa exacta,TRUE,sorpresa_h12_exacta,-1.9299999999999997,0.0542852990767275,0.013247454724399869,0.028320764930078776,0.08024983322337623,0.04214518028789667,TRUE,FALSE
2015-05-01,Sorpresa exacta,TRUE,sorpresa_h12_exacta,-1.6400000000000006,0.05434187845657924,0.013245814912221906,0.028380558282740737,0.08030319863041775,0.04214518028789667,TRUE,FALSE
2015-06-01,Sorpresa exacta,TRUE,sorpresa_h12_exacta,-1.85,0.054306742590030675,0.013243396157523178,0.028350163088289113,0.08026332209177224,0.04214518028789667,TRUE,FALSE
2015-07-01,Sorpresa exacta,TRUE,sorpresa_h12_exacta,-1.9200000000000004,0.054285013858750335,0.013242159115213247,0.02833085891538359,0.08023916880211708,0.04214518028789667,TRUE,FALSE
2015-08-01,Sorpresa exacta,TRUE,sorpresa_h12_exacta,-2.13,0.05423138937533296,0.013241876198379927,0.02827778893877014,0.08018498981189577,0.04214518028789667,TRUE,FALSE
2015-09-01,Sorpresa exacta,TRUE,sorpresa_h12_exacta,-2.3600000000000003,0.05406861685109666,0.013243065939934058,0.028112684563936834,0.08002454913825649,0.04214518028789667,TRUE,FALSE
2015-10-01,Sorpresa exacta,TRUE,sorpresa_h12_exacta,-1.85,0.05391223080727533,0.013247806784012878,0.027947006636464693,0.07987745497808596,0.04214518028789667,TRUE,FALSE
2015-11-01,Sorpresa exacta,TRUE,sorpresa_h12_exacta,-1.6500000000000004,0.05371148144475023,0.013253517077185183,0.02773506530498071,0.07968789758451975,0.04214518028789667,TRUE,FALSE
2015-12-01,Sorpresa exacta,TRUE,sorpresa_h12_exacta,-1.1300000000000003,0.05351060775570869,0.013258103888601037,0.027525201630760224,0.07949601388065716,0.04214518028789667,TRUE,FALSE
2016-01-01,Sorpresa exacta,TRUE,sorpresa_h12_exacta,0.6299999999999999,0.05335523485615355,0.013260160401916507,0.027365798039173037,0.07934467167313407,0.04214518028789667,TRUE,FALSE
2016-02-01,Sorpresa exacta,TRUE,sorpresa_h12_exacta,0.47999999999999954,0.05319214200760424,0.013261418258622633,0.027200239836782006,0.07918404417842648,0.04214518028789667,TRUE,FALSE
2016-03-01,Sorpresa exacta,TRUE,sorpresa_h12_exacta,0.43999999999999995,0.05300960381551786,0.01326069078739368,0.027019127462104157,0.07900008016893156,0.04214518028789667,TRUE,FALSE
2016-04-01,Sorpresa exacta,TRUE,sorpresa_h12_exacta,0.46999999999999975,0.052834417391497544,0.013257584607461476,0.026850029038880466,0.07881880574411462,0.04214518028789667,TRUE,FALSE
2016-05-01,Sorpresa exacta,TRUE,sorpresa_h12_exacta,0.9000000000000004,0.05265001244546739,0.013252350004921214,0.026675883725302607,0.07862414116563217,0.04214518028789667,TRUE,FALSE
2016-06-01,Sorpresa exacta,TRUE,sorpresa_h12_exacta,1.1799999999999997,0.05247318011693653,0.013246129728311833,0.026511242914900014,0.07843511731897304,0.04214518028789667,TRUE,FALSE
2016-07-01,Sorpresa exacta,TRUE,sorpresa_h12_exacta,1.46,0.05226707604114113,0.013241023491729755,0.02631514687890202,0.07821900520338024,0.04214518028789667,TRUE,FALSE
2016-08-01,Sorpresa exacta,TRUE,sorpresa_h12_exacta,1.7000000000000002,0.052060876867692424,0.01323825634527345,0.026114371212847622,0.07800738252253722,0.04214518028789667,TRUE,FALSE
2016-09-01,Sorpresa exacta,TRUE,sorpresa_h12_exacta,1.4999999999999996,0.05186938119741896,0.013240995455624573,0.02591750698493628,0.07782125540990165,0.04214518028789667,TRUE,FALSE
2016-10-01,Sorpresa exacta,TRUE,sorpresa_h12_exacta,1.8199999999999998,0.05170254966368937,0.013246910964575172,0.025739081266713287,0.07766601806066545,0.04214518028789667,TRUE,FALSE
2016-11-01,Sorpresa exacta,TRUE,sorpresa_h12_exacta,1.65,0.05156313523976707,0.013258631927918105,0.025576694176774727,0.07754957630275941,0.04214518028789667,TRUE,FALSE
2016-12-01,Sorpresa exacta,TRUE,sorpresa_h12_exacta,1.0600000000000005,0.05139548827520547,0.013274604291882673,0.02537774195409461,0.07741323459631633,0.04214518028789667,TRUE,FALSE
2017-01-01,Sorpresa exacta,TRUE,sorpresa_h12_exacta,0.20999999999999996,0.051212295487761864,0.013289865988745517,0.02516463679045686,0.07725995418506687,0.04214518028789667,TRUE,FALSE
2017-02-01,Sorpresa exacta,TRUE,sorpresa_h12_exacta,0.020000000000000018,0.05103742084966145,0.013302061781234775,0.024965858838314578,0.07710898286100833,0.04214518028789667,TRUE,FALSE
2017-03-01,Sorpresa exacta,TRUE,sorpresa_h12_exacta,0.009999999999999787,0.050862545090507034,0.013311057247428783,0.02477335228939576,0.07695173789161831,0.04214518028789667,TRUE,FALSE
2017-04-01,Sorpresa exacta,TRUE,sorpresa_h12_exacta,-0.08999999999999986,0.050687955164086994,0.013316842353877256,0.02458742376268998,0.07678848656548401,0.04214518028789667,TRUE,FALSE
2017-05-01,Sorpresa exacta,TRUE,sorpresa_h12_exacta,-0.2200000000000002,0.05051621846450449,0.013319319305662089,0.024410832326817764,0.07662160460219122,0.04214518028789667,TRUE,FALSE
2017-06-01,Sorpresa exacta,TRUE,sorpresa_h12_exacta,0.03000000000000025,0.050333999798591905,0.013318585865387573,0.02423005117742804,0.07643794841975576,0.04214518028789667,TRUE,FALSE
2017-07-01,Sorpresa exacta,TRUE,sorpresa_h12_exacta,0.9399999999999995,0.050151864110313915,0.013314682580042534,0.024055565787847708,0.07624816243278013,0.04214518028789667,TRUE,FALSE
2017-08-01,Sorpresa exacta,TRUE,sorpresa_h12_exacta,0.3199999999999994,0.04993969665480316,0.013310406775542478,0.023851778755162,0.07602761455444432,0.04214518028789667,TRUE,FALSE
2017-09-01,Sorpresa exacta,TRUE,sorpresa_h12_exacta,-0.0699999999999994,0.049723436384756715,0.013303363767453249,0.023649322527313266,0.07579755024220017,0.04214518028789667,TRUE,FALSE
2017-10-01,Sorpresa exacta,TRUE,sorpresa_h12_exacta,-0.21999999999999975,0.049510530305632544,0.013293068802441679,0.02345659420883387,0.07556446640243122,0.04214518028789667,TRUE,FALSE
2017-11-01,Sorpresa exacta,TRUE,sorpresa_h12_exacta,0.020000000000000462,0.04929299720569163,0.013279545859955487,0.0232655655891309,0.07532042882225236,0.04214518028789667,TRUE,FALSE
2017-12-01,Sorpresa exacta,TRUE,sorpresa_h12_exacta,1,0.04907524444161845,0.013262806426160725,0.023080621512417045,0.07506986737081985,0.04214518028789667,TRUE,FALSE
2018-01-01,Sorpresa exacta,TRUE,sorpresa_h12_exacta,0.29000000000000004,0.04887092085267495,0.013246043861689028,0.022909151946126603,0.0748326897592233,0.04214518028789667,TRUE,FALSE
2018-02-01,Sorpresa exacta,TRUE,sorpresa_h12_exacta,-0.25,0.04865934431490923,0.013226454595251392,0.022735969665062212,0.07458271896475625,0.04214518028789667,TRUE,FALSE
2018-03-01,Sorpresa exacta,TRUE,sorpresa_h12_exacta,-0.08000000000000007,0.04844567559276731,0.013203877889634008,0.022566550472819923,0.07432480071271469,0.04214518028789667,TRUE,FALSE
2018-04-01,Sorpresa exacta,TRUE,sorpresa_h12_exacta,-0.45999999999999996,0.04823284557021733,0.013177992034237106,0.022404455794556882,0.07406123534587777,0.04214518028789667,TRUE,FALSE
2018-05-01,Sorpresa exacta,TRUE,sorpresa_h12_exacta,-0.11000000000000032,0.048011832569460317,0.013148995380217575,0.02224027519135032,0.0737833899475703,0.04214518028789667,TRUE,FALSE
2018-06-01,Sorpresa exacta,TRUE,sorpresa_h12_exacta,-0.3799999999999999,0.0477906922785026,0.013116574110465098,0.022082679421440515,0.07349870513556468,0.04214518028789667,TRUE,FALSE
2018-07-01,Sorpresa exacta,TRUE,sorpresa_h12_exacta,-1.7200000000000002,0.04756772290665957,0.013080674947245673,0.021930071116582683,0.07320537469673645,0.04214518028789667,TRUE,FALSE
2018-08-01,Sorpresa exacta,TRUE,sorpresa_h12_exacta,-1.1200000000000006,0.047345088939403625,0.013046617533456494,0.02177418845376011,0.07291598942504714,0.04214518028789667,TRUE,FALSE
2018-09-01,Sorpresa exacta,TRUE,sorpresa_h12_exacta,-0.04999999999999982,0.04712200217451366,0.01301078311240371,0.021621335863540442,0.07262266848548687,0.04214518028789667,TRUE,FALSE
2018-10-01,Sorpresa exacta,TRUE,sorpresa_h12_exacta,-0.16000000000000014,0.046898561307778926,0.012971412478908075,0.02147506002050568,0.07232206259505217,0.04214518028789667,TRUE,FALSE
2018-11-01,Sorpresa exacta,TRUE,sorpresa_h12_exacta,-1.3400000000000003,0.04667467738285694,0.012928380652369861,0.021335516925787567,0.0720138378399263,0.04214518028789667,TRUE,FALSE
2018-12-01,Sorpresa exacta,TRUE,sorpresa_h12_exacta,-2.22,0.04650074328540583,0.012885097524998989,0.021246416199121626,0.07175507037169003,0.04214518028789667,TRUE,FALSE
2019-01-01,Sorpresa exacta,TRUE,sorpresa_h12_exacta,-0.7800000000000002,0.046351323694588796,0.012848957453327214,0.02116782984717997,0.07153481754199761,0.04214518028789667,TRUE,FALSE
2019-02-01,Sorpresa exacta,TRUE,sorpresa_h12_exacta,-0.20999999999999996,0.04615901487642386,0.012809564141759969,0.0210527305009186,0.07126529925192912,0.04214518028789667,TRUE,FALSE
2019-03-01,Sorpresa exacta,TRUE,sorpresa_h12_exacta,-0.3799999999999999,0.04596959756468273,0.012766327640249264,0.020948055174955963,0.0709911399544095,0.04214518028789667,TRUE,FALSE
2019-04-01,Sorpresa exacta,TRUE,sorpresa_h12_exacta,0.33000000000000007,0.045790388647211785,0.012719658553732428,0.0208603159862494,0.07072046130817417,0.04214518028789667,TRUE,FALSE
2019-05-01,Sorpresa exacta,TRUE,sorpresa_h12_exacta,0.23000000000000043,0.04561364736411582,0.012669672808382422,0.02078154496377984,0.07044574976445181,0.04214518028789667,TRUE,FALSE
2019-06-01,Sorpresa exacta,TRUE,sorpresa_h12_exacta,0.4500000000000002,0.0454343245822634,0.01261620956092097,0.02070700822144842,0.07016164094307839,0.04214518028789667,TRUE,FALSE
2019-07-01,Sorpresa exacta,TRUE,sorpresa_h12_exacta,0.11000000000000032,0.045256751225941,0.012559516539221653,0.020640551145831423,0.06987295130605058,0.04214518028789667,TRUE,FALSE
2019-08-01,Sorpresa exacta,TRUE,sorpresa_h12_exacta,-1.0600000000000005,0.045074594924711255,0.012499058375431032,0.02057689066820272,0.0695722991812198,0.04214518028789667,TRUE,FALSE
2019-09-01,Sorpresa exacta,TRUE,sorpresa_h12_exacta,-2.3200000000000003,0.04490448382248397,0.01243716086584953,0.020528096455487903,0.06928087118948004,0.04214518028789667,TRUE,FALSE
2019-10-01,Sorpresa exacta,TRUE,sorpresa_h12_exacta,-2.13,0.04470173129036333,0.012382550610632948,0.020432378056778305,0.06897108452394836,0.04214518028789667,TRUE,FALSE
2019-11-01,Sorpresa exacta,TRUE,sorpresa_h12_exacta,-1.5200000000000005,0.044470158428622224,0.012331808990739651,0.02030025694254528,0.06864005991469917,0.04214518028789667,TRUE,FALSE
2019-12-01,Sorpresa exacta,TRUE,sorpresa_h12_exacta,-0.8300000000000001,0.0442519788009458,0.012280526915945124,0.02018258833451862,0.06832136926737298,0.04214518028789667,TRUE,FALSE
2020-01-01,Sorpresa exacta,TRUE,sorpresa_h12_exacta,-2.25,0.04401375972886239,0.01222547037208449,0.020052278105515298,0.06797524135220948,0.04214518028789667,TRUE,FALSE
2020-02-01,Sorpresa exacta,TRUE,sorpresa_h12_exacta,-2.99,0.04378584863886021,0.012172930989075103,0.019927342313981473,0.06764435496373894,0.04214518028789667,TRUE,FALSE
2020-03-01,Sorpresa exacta,TRUE,sorpresa_h12_exacta,-2.57,0.04347305871492581,0.01213336109751859,0.019692107952369996,0.06725400947748161,0.04214518028789667,TRUE,FALSE
2020-04-01,Sorpresa exacta,TRUE,sorpresa_h12_exacta,-2.4400000000000004,0.043222873398293574,0.012101376595858804,0.0195046111070544,0.06694113568953275,0.04214518028789667,TRUE,FALSE
2020-05-01,Sorpresa exacta,TRUE,sorpresa_h12_exacta,-2.62,0.04300292977924524,0.012075754478160403,0.019334885915902583,0.0666709736425879,0.04214518028789667,TRUE,FALSE
2020-06-01,Sorpresa exacta,TRUE,sorpresa_h12_exacta,-2.0100000000000002,0.042792391431966274,0.012053543976037109,0.019167879352863824,0.06641690351106873,0.04214518028789667,TRUE,FALSE
2020-07-01,Sorpresa exacta,TRUE,sorpresa_h12_exacta,-1.6900000000000004,0.04252180949263593,0.012032605664716034,0.018938335749619874,0.06610528323565198,0.04214518028789667,TRUE,FALSE
2020-08-01,Sorpresa exacta,TRUE,sorpresa_h12_exacta,-0.40999999999999925,0.042271372711194834,0.012009262833746316,0.01873365007617663,0.06580909534621304,0.04214518028789667,TRUE,FALSE
2020-09-01,Sorpresa exacta,TRUE,sorpresa_h12_exacta,0.6399999999999997,0.04201983999255872,0.011980925081174222,0.018537658331984626,0.06550202165313282,0.04214518028789667,TRUE,FALSE
2020-10-01,Sorpresa exacta,TRUE,sorpresa_h12_exacta,1.1600000000000001,0.04177133570372145,0.011950438785028019,0.018348906085615936,0.06519376532182697,0.04214518028789667,TRUE,FALSE
2020-11-01,Sorpresa exacta,TRUE,sorpresa_h12_exacta,1.4100000000000001,0.04150752744548137,0.011919975556356833,0.018144804658424187,0.06487025023253855,0.04214518028789667,TRUE,FALSE
2020-12-01,Sorpresa exacta,TRUE,sorpresa_h12_exacta,0.9300000000000002,0.04122296157817871,0.011889235998310039,0.017920487217793924,0.0645254359385635,0.04214518028789667,TRUE,FALSE
2021-01-01,Sorpresa exacta,TRUE,sorpresa_h12_exacta,1.17,0.0409400644153598,0.011854935827736014,0.017704817153963683,0.06417531167675591,0.04214518028789667,TRUE,FALSE
2021-02-01,Sorpresa exacta,TRUE,sorpresa_h12_exacta,2.08,0.04069563550533854,0.011818138651925457,0.017532509383263905,0.06385876162741318,0.04214518028789667,TRUE,FALSE
2021-03-01,Sorpresa exacta,TRUE,sorpresa_h12_exacta,1.98,0.04039844789091731,0.011785366716738903,0.017299553581512,0.06349734220032262,0.04214518028789667,TRUE,FALSE
2021-04-01,Sorpresa exacta,TRUE,sorpresa_h12_exacta,1.6500000000000004,0.04011714457793358,0.011753898930411403,0.017079925996403376,0.0631543631594638,0.04214518028789667,TRUE,FALSE
2021-05-01,Sorpresa exacta,TRUE,sorpresa_h12_exacta,1.3900000000000001,0.039838617294700104,0.011721936686954953,0.01686404355920964,0.06281319103019056,0.04214518028789667,TRUE,FALSE
2021-06-01,Sorpresa exacta,TRUE,sorpresa_h12_exacta,0.41000000000000014,0.03956178272582913,0.011688353662215174,0.01665303050932055,0.06247053494233771,0.04214518028789667,TRUE,FALSE
2021-07-01,Sorpresa exacta,TRUE,sorpresa_h12_exacta,0.3299999999999996,0.03929784114314935,0.011649908051414802,0.01646444093917314,0.062131241347125554,0.04214518028789667,TRUE,FALSE
2021-08-01,Sorpresa exacta,TRUE,sorpresa_h12_exacta,0.010000000000000231,0.03904449967047804,0.011606765215440336,0.016295657871202705,0.06179334146975337,0.04214518028789667,TRUE,FALSE
2021-09-01,Sorpresa exacta,TRUE,sorpresa_h12_exacta,-0.14000000000000012,0.03879119405436133,0.01155842426407241,0.016137098778745532,0.06144528932997713,0.04214518028789667,TRUE,FALSE
2021-10-01,Sorpresa exacta,TRUE,sorpresa_h12_exacta,-1.2300000000000004,0.03853921667003352,0.01150486052692874,0.01599010439009669,0.06108832894997036,0.04214518028789667,TRUE,FALSE
2021-11-01,Sorpresa exacta,TRUE,sorpresa_h12_exacta,-1.6,0.03822866201378623,0.011448755522462427,0.01578951352195583,0.060667810505616634,0.04214518028789667,TRUE,FALSE
2021-12-01,Sorpresa exacta,TRUE,sorpresa_h12_exacta,-1.4200000000000004,0.037960715639417615,0.011393378817940383,0.015630103494032935,0.0602913277848023,0.04214518028789667,TRUE,FALSE
2022-01-01,Sorpresa exacta,TRUE,sorpresa_h12_exacta,-1.46,0.03769733693797814,0.011337379734540132,0.015476480979225205,0.05991819289673107,0.04214518028789667,TRUE,FALSE
2022-02-01,Sorpresa exacta,TRUE,sorpresa_h12_exacta,-1.5799999999999996,0.037457227580232615,0.011280977020352103,0.015346918909918527,0.0595675362505467,0.04214518028789667,TRUE,FALSE
2022-03-01,Sorpresa exacta,TRUE,sorpresa_h12_exacta,-0.4299999999999997,0.03718459471637955,0.011224656389069205,0.015184672454966498,0.059184516977792596,0.04214518028789667,TRUE,FALSE
2022-04-01,Sorpresa exacta,TRUE,sorpresa_h12_exacta,0.08000000000000007,0.036896285919610056,0.011162546649700828,0.015018096510448192,0.05877447532877192,0.04214518028789667,TRUE,FALSE
2022-05-01,Sorpresa exacta,TRUE,sorpresa_h12_exacta,1.2800000000000002,0.03660735017166943,0.011094900768469957,0.014861744253422553,0.05835295608991631,0.04214518028789667,TRUE,FALSE
2022-06-01,Sorpresa exacta,TRUE,sorpresa_h12_exacta,3.2699999999999996,0.036312015949916884,0.011023471044768206,0.014706409717551081,0.05791762218228269,0.04214518028789667,TRUE,FALSE
2022-07-01,Sorpresa exacta,TRUE,sorpresa_h12_exacta,4.06,0.03599741530908145,0.0109627498306262,0.014510820469531525,0.05748401014863138,0.04214518028789667,TRUE,FALSE
2022-08-01,Sorpresa exacta,TRUE,sorpresa_h12_exacta,4.6499999999999995,0.03549543212294009,0.010917099066894404,0.01409831113617123,0.05689255310970895,0.04214518028789667,TRUE,FALSE
2022-09-01,Sorpresa exacta,TRUE,sorpresa_h12_exacta,4.819999999999999,0.034984799607386756,0.010893714294949865,0.013633511931415876,0.056336087283357636,0.04214518028789667,TRUE,FALSE
2022-10-01,Sorpresa exacta,TRUE,sorpresa_h12_exacta,5.4799999999999995,0.034477769091710096,0.010882059834119422,0.013149323739226119,0.05580621444419408,0.04214518028789667,TRUE,FALSE
2022-11-01,Sorpresa exacta,TRUE,sorpresa_h12_exacta,5,0.033975206822990024,0.010886960949665484,0.012637155460551695,0.05531325818542836,0.04214518028789667,TRUE,FALSE
2022-12-01,Sorpresa exacta,TRUE,sorpresa_h12_exacta,5.0200000000000005,0.0333918583974302,0.010901641575861548,0.012025033536377096,0.05475868325848331,0.04214518028789667,TRUE,FALSE
2023-01-01,Sorpresa exacta,TRUE,sorpresa_h12_exacta,5.489999999999999,0.03285834976659988,0.010908772320695282,0.011477548902489712,0.054239150630710053,0.04214518028789667,TRUE,FALSE
2023-02-01,Sorpresa exacta,TRUE,sorpresa_h12_exacta,6.08,0.032459052849563755,0.010918213205005408,0.011059748192223526,0.05385835750690399,0.04214518028789667,TRUE,FALSE
2023-03-01,Sorpresa exacta,TRUE,sorpresa_h12_exacta,4.920000000000001,0.03233461791102876,0.010962809270149032,0.010847906572154828,0.0538213292499027,0.04214518028789667,TRUE,FALSE
2023-04-01,Sorpresa exacta,TRUE,sorpresa_h12_exacta,4.180000000000001,0.032363564519017445,0.01102756844279566,0.01074992753408751,0.05397720150394738,0.04214518028789667,TRUE,FALSE
2023-05-01,Sorpresa exacta,TRUE,sorpresa_h12_exacta,2.25,0.03248291188893196,0.011103782003166545,0.010719899070541519,0.054245924707322396,0.04214518028789667,TRUE,FALSE
2023-06-01,Sorpresa exacta,TRUE,sorpresa_h12_exacta,0.3199999999999994,0.03264709035624865,0.01117647437340571,0.010741603110238598,0.054552577602258706,0.04214518028789667,TRUE,FALSE
2023-07-01,Sorpresa exacta,TRUE,sorpresa_h12_exacta,-0.34999999999999964,0.03281356413630774,0.011243711567060447,0.010776294412312856,0.05485083386030262,0.04214518028789667,TRUE,FALSE
2023-08-01,Sorpresa exacta,TRUE,sorpresa_h12_exacta,-0.9700000000000006,0.03298069706416196,0.01130803023285112,0.010817365071683686,0.05514402905664023,0.04214518028789667,TRUE,FALSE
2023-09-01,Sorpresa exacta,TRUE,sorpresa_h12_exacta,-0.9099999999999993,0.033148797583555586,0.011371826823721483,0.010860426570634966,0.05543716859647621,0.04214518028789667,TRUE,FALSE
2023-10-01,Sorpresa exacta,TRUE,sorpresa_h12_exacta,-0.6599999999999993,0.033318699500898205,0.011434247869126647,0.010907985487106125,0.05572941351469028,0.04214518028789667,TRUE,FALSE
2023-11-01,Sorpresa exacta,TRUE,sorpresa_h12_exacta,-1.9699999999999998,0.03351089151850553,0.011493710980164745,0.010983631948670074,0.05603815108834099,0.04214518028789667,TRUE,FALSE
2023-12-01,Sorpresa exacta,TRUE,sorpresa_h12_exacta,-1.9700000000000006,0.03378564588899301,0.011558634093588325,0.011131139355083124,0.05644015242290289,0.04214518028789667,TRUE,FALSE
2024-01-01,Sorpresa exacta,TRUE,sorpresa_h12_exacta,-1.65,0.03405976716837367,0.011627310156963671,0.011270658023648114,0.05684887631309922,0.04214518028789667,TRUE,FALSE
2024-02-01,Sorpresa exacta,TRUE,sorpresa_h12_exacta,-1.9699999999999998,0.03433614425417129,0.011697291352549684,0.011409874486502096,0.05726241402184048,0.04214518028789667,TRUE,FALSE
2024-03-01,Sorpresa exacta,TRUE,sorpresa_h12_exacta,-1.9500000000000002,0.034632884337562654,0.011771462622709925,0.0115612415516918,0.057704527123433505,0.04214518028789667,TRUE,FALSE
2024-04-01,Sorpresa exacta,TRUE,sorpresa_h12_exacta,-1.7500000000000004,0.034902278778781576,0.011848585824317357,0.011679477295387732,0.058125080262175416,0.04214518028789667,TRUE,FALSE
2024-05-01,Sorpresa exacta,TRUE,sorpresa_h12_exacta,-1.2700000000000005,0.035132026278389905,0.01192513392149387,0.011759193281445025,0.05850485927533479,0.04214518028789667,TRUE,FALSE
2024-06-01,Sorpresa exacta,TRUE,sorpresa_h12_exacta,-1.3200000000000003,0.0353463932153748,0.011998185809688054,0.01183038114856667,0.05886240528218292,0.04214518028789667,TRUE,FALSE
2024-07-01,Sorpresa exacta,TRUE,sorpresa_h12_exacta,-0.8900000000000001,0.03556701001728307,0.012069136277071308,0.011911937589717477,0.05922208244484865,0.04214518028789667,TRUE,FALSE
2024-08-01,Sorpresa exacta,TRUE,sorpresa_h12_exacta,-1.4899999999999998,0.0357954685924296,0.012136526941005948,0.012008312890657874,0.05958262429420133,0.04214518028789667,TRUE,FALSE
2024-09-01,Sorpresa exacta,TRUE,sorpresa_h12_exacta,-2.3300000000000005,0.03601998211661341,0.012203343729073468,0.0121018679166667,0.05993809631656012,0.04214518028789667,TRUE,FALSE
2024-10-01,Sorpresa exacta,TRUE,sorpresa_h12_exacta,-3.38,0.03623655542829045,0.012274941560323289,0.012178112057722911,0.06029499879885798,0.04214518028789667,TRUE,FALSE
2024-11-01,Sorpresa exacta,TRUE,sorpresa_h12_exacta,-2.84,0.03649099114736383,0.012364710969223733,0.012256602968437974,0.060725379326289686,0.04214518028789667,TRUE,FALSE
2024-12-01,Sorpresa exacta,TRUE,sorpresa_h12_exacta,-2.7800000000000002,0.03661873944499449,0.012464270795231233,0.01218921759278686,0.06104826129720212,0.04214518028789667,TRUE,FALSE
2025-01-01,Sorpresa exacta,TRUE,sorpresa_h12_exacta,-2.28,0.036862907707069466,0.01257063655965006,0.012224912787412862,0.06150090262672607,0.04214518028789667,TRUE,FALSE
2025-02-01,Sorpresa exacta,TRUE,sorpresa_h12_exacta,-2.5599999999999996,0.03707265432541187,0.012682258009681119,0.01221588538379225,0.061929423267031485,0.04214518028789667,TRUE,FALSE
2025-03-01,Sorpresa exacta,TRUE,sorpresa_h12_exacta,-2.4799999999999995,0.03727877813306838,0.01279786653975234,0.012195420636203557,0.0623621356299332,0.04214518028789667,TRUE,FALSE
2025-04-01,Sorpresa exacta,TRUE,sorpresa_h12_exacta,-2.38,0.03746024067962215,0.012918742636880427,0.012139970385794507,0.06278051097344979,0.04214518028789667,TRUE,FALSE
2025-05-01,Sorpresa exacta,TRUE,sorpresa_h12_exacta,-2.2800000000000002,0.037592781176197715,0.013042402954366566,0.012030141113780451,0.06315542123861498,0.04214518028789667,TRUE,FALSE
2025-06-01,Sorpresa exacta,TRUE,sorpresa_h12_exacta,-2.2,0.03768542207716169,0.013169596630815034,0.011873486989844188,0.06349735716447918,0.04214518028789667,TRUE,FALSE
2025-07-01,Sorpresa exacta,TRUE,sorpresa_h12_exacta,-2.92,0.03775358154707412,0.01329865465858071,0.011688697373420126,0.06381846572072812,0.04214518028789667,TRUE,FALSE
2025-08-01,Sorpresa exacta,TRUE,sorpresa_h12_exacta,-2.8200000000000003,0.03781796668851069,0.013434807636495818,0.011486227581755205,0.06414970579526617,0.04214518028789667,TRUE,FALSE
2025-09-01,Sorpresa exacta,TRUE,sorpresa_h12_exacta,-2.5700000000000003,0.03785410542997556,0.013578543504031357,0.011240649199563801,0.06446756166038732,0.04214518028789667,TRUE,FALSE
2025-10-01,Sorpresa exacta,TRUE,sorpresa_h12_exacta,-2.6500000000000004,0.037841321815009356,0.01372736041642761,0.010936189796010486,0.06474645383400823,0.04214518028789667,TRUE,FALSE
2025-11-01,Sorpresa exacta,TRUE,sorpresa_h12_exacta,-1.8599999999999999,0.037783689925786804,0.013882375855125605,0.010574733229892188,0.06499264662168142,0.04214518028789667,TRUE,FALSE
2025-12-01,Sorpresa exacta,TRUE,sorpresa_h12_exacta,-2.24,0.03767734229425917,0.014037386107033886,0.010164571087389843,0.0651901135011285,0.04214518028789667,TRUE,FALSE
2026-01-01,Sorpresa exacta,TRUE,sorpresa_h12_exacta,-2.58,0.03770961292659633,0.014194941161531735,0.009888039487328974,0.06553118636586369,0.04214518028789667,TRUE,FALSE
2026-02-01,Sorpresa exacta,TRUE,sorpresa_h12_exacta,-2.09,0.03775653052764897,0.014361988031708442,0.00960755123910513,0.06590550981619281,0.04214518028789667,TRUE,FALSE
2026-03-01,Sorpresa exacta,TRUE,sorpresa_h12_exacta,-0.96,0.03778155810683436,0.014532958350681703,0.009297483150677605,0.06626563306299112,0.04214518028789667,TRUE,FALSE
2026-04-01,Sorpresa exacta,TRUE,sorpresa_h12_exacta,-0.2899999999999996,0.03779295887312694,0.014701921473468122,0.008977722281593385,0.0666081954646605,0.04214518028789667,TRUE,FALSE
2026-05-01,Sorpresa exacta,TRUE,sorpresa_h12_exacta,-0.4900000000000002,0.03780461328785469,0.014868395865575776,0.008663092883441935,0.06694613369226746,0.04214518028789667,TRUE,FALSE
2026-06-01,Sorpresa exacta,TRUE,sorpresa_h12_exacta,-0.8999999999999999,0.03781504791162425,0.015032627550464096,0.008351639319710058,0.06727845650353845,0.04214518028789667,TRUE,FALSE
2011-02-01,Sorpresa disponible,FALSE,sorpresa_h12_disponible,1.5600000000000005,0.06846665962061933,0.03426043768884155,0.00131743565591122,0.13561588358532745,0.04080251192367236,TRUE,FALSE
2011-03-01,Sorpresa disponible,FALSE,sorpresa_h12_disponible,1.27,0.06932547331832942,0.033076286434702694,0.004497143163981407,0.1341538034726774,0.04080251192367236,TRUE,FALSE
2011-04-01,Sorpresa disponible,FALSE,sorpresa_h12_disponible,-0.39999999999999947,0.0689332901320249,0.03200938448630072,0.006196049371580373,0.13167053089246944,0.04080251192367236,TRUE,FALSE
2011-05-01,Sorpresa disponible,FALSE,sorpresa_h12_disponible,0.7211481291645248,0.06897425801326197,0.03089568769878313,0.00841982284604987,0.12952869318047408,0.04080251192367236,TRUE,FALSE
2011-06-01,Sorpresa disponible,FALSE,sorpresa_h12_disponible,1.0330220625962019,0.0699178398262251,0.029748146978993358,0.011612543140594116,0.12822313651185607,0.04080251192367236,TRUE,FALSE
2011-07-01,Sorpresa disponible,FALSE,sorpresa_h12_disponible,1.6122993669593795,0.06976671633420192,0.028611094308160837,0.013690001931927757,0.12584343073647608,0.04080251192367236,TRUE,FALSE
2011-08-01,Sorpresa disponible,FALSE,sorpresa_h12_disponible,2.1496744659206417,0.07041183865602788,0.02759656507923857,0.01632356500370455,0.1245001123083512,0.04080251192367236,TRUE,FALSE
2011-09-01,Sorpresa disponible,FALSE,sorpresa_h12_disponible,2.2758261311642034,0.0715801640765693,0.02690263613874707,0.018851966155439347,0.12430836199769923,0.04080251192367236,TRUE,FALSE
2011-10-01,Sorpresa disponible,FALSE,sorpresa_h12_disponible,1.3593156240494872,0.06911235495955494,0.026534373172426216,0.017105939189253745,0.12111877072985613,0.04080251192367236,TRUE,FALSE
2011-11-01,Sorpresa disponible,FALSE,sorpresa_h12_disponible,0.6900000000000004,0.06516674461793498,0.026179092159015267,0.01385666683831014,0.11647682239755983,0.04080251192367236,TRUE,FALSE
2011-12-01,Sorpresa disponible,FALSE,sorpresa_h12_disponible,0.10484387510006155,0.06188479485900838,0.025735561315276892,0.011444021559143418,0.11232556815887335,0.04080251192367236,TRUE,FALSE
2012-01-01,Sorpresa disponible,FALSE,sorpresa_h12_disponible,0.4900000000000029,0.05875656467091121,0.025169036963967703,0.009426158695977183,0.10808697064584524,0.04080251192367236,TRUE,FALSE
2012-02-01,Sorpresa disponible,FALSE,sorpresa_h12_disponible,-0.5499999999999998,0.05505930977714001,0.02449414750983792,0.007051662825846253,0.10306695672843377,0.04080251192367236,TRUE,FALSE
2012-03-01,Sorpresa disponible,FALSE,sorpresa_h12_disponible,-0.33000000000000007,0.05226684023063814,0.023712658453548807,0.005790883683983235,0.09874279677729306,0.04080251192367236,TRUE,FALSE
2012-04-01,Sorpresa disponible,FALSE,sorpresa_h12_disponible,-1.6900000000000004,0.049036162594445244,0.02278295276037985,0.00438239572262334,0.09368992946626714,0.04080251192367236,TRUE,FALSE
2012-05-01,Sorpresa disponible,FALSE,sorpresa_h12_disponible,-1.8000000000000007,0.04634118303202043,0.02185914337176838,0.003498049290456974,0.08918431677358388,0.04080251192367236,TRUE,FALSE
2012-06-01,Sorpresa disponible,FALSE,sorpresa_h12_disponible,-2.06,0.04343814905633829,0.02097700142020681,0.002323981769087387,0.0845523163435892,0.04080251192367236,TRUE,FALSE
2012-07-01,Sorpresa disponible,FALSE,sorpresa_h12_disponible,-2.9099999999999997,0.03991271962854783,0.0201036062986113,5.103753238971109e-4,0.07931506393319855,0.04080251192367236,TRUE,FALSE
2012-08-01,Sorpresa disponible,FALSE,sorpresa_h12_disponible,-3.1,0.03520208642797769,0.019431892071280182,-0.0028837221832008902,0.07328789503915627,0.04080251192367236,FALSE,TRUE
2012-09-01,Sorpresa disponible,FALSE,sorpresa_h12_disponible,-3.62,0.02709451008612306,0.01896711951708678,-0.010080361057833765,0.06426938123007989,0.04080251192367236,FALSE,TRUE
2012-10-01,Sorpresa disponible,FALSE,sorpresa_h12_disponible,-3.4100000000000006,0.026144738685434966,0.018887260437008068,-0.010873611537729082,0.06316308890859901,0.04080251192367236,FALSE,TRUE
2012-11-01,Sorpresa disponible,FALSE,sorpresa_h12_disponible,-3.3400000000000003,0.02367970422957165,0.019144383017400384,-0.013842596990773344,0.06120200544991664,0.04080251192367236,FALSE,TRUE
2012-12-01,Sorpresa disponible,FALSE,sorpresa_h12_disponible,-3.7399999999999998,0.021223194107928472,0.019658666404368707,-0.017307084028721706,0.05975347224457865,0.04080251192367236,FALSE,TRUE
2013-01-01,Sorpresa disponible,FALSE,sorpresa_h12_disponible,-2.49,0.021053731418044095,0.020646708880818532,-0.019413074387643506,0.0615205372237317,0.04080251192367236,FALSE,TRUE
2013-02-01,Sorpresa disponible,FALSE,sorpresa_h12_disponible,-2.11,0.021412048081670226,0.02167043851563952,-0.021061230938172856,0.0638853271015133,0.04080251192367236,FALSE,TRUE
2013-03-01,Sorpresa disponible,FALSE,sorpresa_h12_disponible,-1.8200000000000003,0.020706596043928157,0.02266055900593445,-0.02370728347724813,0.06512047556510445,0.04080251192367236,FALSE,TRUE
2013-04-01,Sorpresa disponible,FALSE,sorpresa_h12_disponible,-1.25,0.020356589866828333,0.023603838428438825,-0.025906083349814264,0.06661926308347094,0.04080251192367236,FALSE,TRUE
2013-05-01,Sorpresa disponible,FALSE,sorpresa_h12_disponible,-1.71,0.02155809729749355,0.024438665689635465,-0.026340807284406673,0.06945700187939377,0.04080251192367236,FALSE,TRUE
2013-06-01,Sorpresa disponible,FALSE,sorpresa_h12_disponible,-0.9900000000000002,0.023341996055754627,0.02530534257524832,-0.026255564008180132,0.07293955611968939,0.04080251192367236,FALSE,TRUE
2013-07-01,Sorpresa disponible,FALSE,sorpresa_h12_disponible,-0.09999999999999964,0.026693125659324832,0.026060231989222027,-0.024383990468308938,0.0777702417869586,0.04080251192367236,FALSE,TRUE
2013-08-01,Sorpresa disponible,FALSE,sorpresa_h12_disponible,0.03000000000000025,0.029982987079183752,0.02665897649278474,-0.022267646711374253,0.08223362086974176,0.04080251192367236,FALSE,TRUE
2013-09-01,Sorpresa disponible,FALSE,sorpresa_h12_disponible,-0.020000000000000462,0.033267772680580635,0.027115258772851387,-0.019877157945691816,0.08641270330685308,0.04080251192367236,FALSE,TRUE
2013-10-01,Sorpresa disponible,FALSE,sorpresa_h12_disponible,-0.7000000000000002,0.036561406712193774,0.027434958380566088,-0.01721012363107107,0.09033293705545861,0.04080251192367236,FALSE,TRUE
2013-11-01,Sorpresa disponible,FALSE,sorpresa_h12_disponible,-0.5499999999999998,0.03964481912364387,0.027655010666615812,-0.014558005774994137,0.09384764402228188,0.04080251192367236,FALSE,TRUE
2013-12-01,Sorpresa disponible,FALSE,sorpresa_h12_disponible,0.14999999999999947,0.042752052905165976,0.0277641965998321,-0.011664772490194354,0.09716887830052631,0.04080251192367236,FALSE,TRUE
2014-01-01,Sorpresa disponible,FALSE,sorpresa_h12_disponible,-0.2600000000000007,0.045575769217499285,0.027752324203036208,-0.00881778670773093,0.09996932514272949,0.04080251192367236,FALSE,TRUE
2014-02-01,Sorpresa disponible,FALSE,sorpresa_h12_disponible,-0.39000000000000057,0.04842160574516735,0.027618359384573438,-0.005709383960680388,0.10255259545101508,0.04080251192367236,FALSE,TRUE
2014-03-01,Sorpresa disponible,FALSE,sorpresa_h12_disponible,-0.9100000000000001,0.05095725463570413,0.027356571732575042,-0.002660640700629449,0.1045751499720377,0.04080251192367236,FALSE,TRUE
2014-04-01,Sorpresa disponible,FALSE,sorpresa_h12_disponible,-1.3399999999999999,0.05310227540094446,0.02701408396665476,1.5564375096022154e-4,0.1060489070509287,0.04080251192367236,TRUE,FALSE
2014-05-01,Sorpresa disponible,FALSE,sorpresa_h12_disponible,-1.5799999999999996,0.05607077498699932,0.026672376561689064,0.003793877543998486,0.10834767243000015,0.04080251192367236,TRUE,FALSE
2014-06-01,Sorpresa disponible,FALSE,sorpresa_h12_disponible,-1.4899999999999998,0.057782967994131663,0.02639162020985374,0.006056342889158919,0.10950959309910441,0.04080251192367236,TRUE,FALSE
2014-07-01,Sorpresa disponible,FALSE,sorpresa_h12_disponible,-1.7400000000000002,0.05969521943736671,0.026120592182667733,0.008499799504479488,0.11089063937025394,0.04080251192367236,TRUE,FALSE
2014-08-01,Sorpresa disponible,FALSE,sorpresa_h12_disponible,-1.4699999999999998,0.06259384917452071,0.025941356495271236,0.011749724733674902,0.11343797361536652,0.04080251192367236,TRUE,FALSE
2014-09-01,Sorpresa disponible,FALSE,sorpresa_h12_disponible,-1.1499999999999995,0.06416424541872577,0.025769260033771297,0.013657423844286622,0.11467106699316493,0.04080251192367236,TRUE,FALSE
2014-10-01,Sorpresa disponible,FALSE,sorpresa_h12_disponible,-1.3899999999999997,0.06569336412946829,0.025526221041765117,0.01566289022620017,0.1157238380327364,0.04080251192367236,TRUE,FALSE
2014-11-01,Sorpresa disponible,FALSE,sorpresa_h12_disponible,-1.0799999999999996,0.06773801382433939,0.025278200321065092,0.01819365160106299,0.1172823760476158,0.04080251192367236,TRUE,FALSE
2014-12-01,Sorpresa disponible,FALSE,sorpresa_h12_disponible,-1.3100000000000005,0.06988138547043865,0.024938181993093674,0.02100344692406976,0.11875932401680754,0.04080251192367236,TRUE,FALSE
2015-01-01,Sorpresa disponible,FALSE,sorpresa_h12_disponible,-2.1399999999999997,0.07246045649232957,0.024544052747215436,0.02435499707313596,0.12056591591152319,0.04080251192367236,TRUE,FALSE
2015-02-01,Sorpresa disponible,FALSE,sorpresa_h12_disponible,-2.4100000000000006,0.07360186681974747,0.024319987013140074,0.025935568169511092,0.12126816546998384,0.04080251192367236,TRUE,FALSE
2015-03-01,Sorpresa disponible,FALSE,sorpresa_h12_disponible,-2.1199999999999997,0.0762263760274618,0.02429043117188406,0.02861800576161999,0.1238347462933036,0.04080251192367236,TRUE,FALSE
2015-04-01,Sorpresa disponible,FALSE,sorpresa_h12_disponible,-2.03,0.08016357130707083,0.024369377294798013,0.0324004694835986,0.12792667313054307,0.04080251192367236,TRUE,FALSE
2015-05-01,Sorpresa disponible,FALSE,sorpresa_h12_disponible,-1.9299999999999997,0.08276419256233433,0.02452035046213996,0.03470518876823995,0.13082319635642872,0.04080251192367236,TRUE,FALSE
2015-06-01,Sorpresa disponible,FALSE,sorpresa_h12_disponible,-1.6400000000000006,0.08342712842368154,0.024693338591904927,0.03502907412549488,0.1318251827218682,0.04080251192367236,TRUE,FALSE
2015-07-01,Sorpresa disponible,FALSE,sorpresa_h12_disponible,-1.85,0.08417912321008261,0.024816039444380912,0.035540579660170664,0.13281766675999457,0.04080251192367236,TRUE,FALSE
2015-08-01,Sorpresa disponible,FALSE,sorpresa_h12_disponible,-1.9200000000000004,0.08439884357501909,0.024929644558973542,0.03553763809204604,0.13326004905799213,0.04080251192367236,TRUE,FALSE
2015-09-01,Sorpresa disponible,FALSE,sorpresa_h12_disponible,-2.13,0.08264817817998235,0.025041747493644025,0.03356725498249391,0.1317291013774708,0.04080251192367236,TRUE,FALSE
2015-10-01,Sorpresa disponible,FALSE,sorpresa_h12_disponible,-2.3600000000000003,0.08082542412242756,0.02521398927806888,0.03140691323083349,0.13024393501402162,0.04080251192367236,TRUE,FALSE
2015-11-01,Sorpresa disponible,FALSE,sorpresa_h12_disponible,-1.85,0.0781402050529702,0.025556897980030423,0.028049605455546127,0.12823080465039427,0.04080251192367236,TRUE,FALSE
2015-12-01,Sorpresa disponible,FALSE,sorpresa_h12_disponible,-1.6500000000000004,0.07535292611122635,0.02591971959402391,0.02455120921756234,0.12615464300489035,0.04080251192367236,TRUE,FALSE
2016-01-01,Sorpresa disponible,FALSE,sorpresa_h12_disponible,-1.1300000000000003,0.07388697639981845,0.026293811280996747,0.022352053272771857,0.12542189952686505,0.04080251192367236,TRUE,FALSE
2016-02-01,Sorpresa disponible,FALSE,sorpresa_h12_disponible,0.6299999999999999,0.07301532505047348,0.02660749835323478,0.020865586559424526,0.12516506354152243,0.04080251192367236,TRUE,FALSE
2016-03-01,Sorpresa disponible,FALSE,sorpresa_h12_disponible,0.47999999999999954,0.07177322483139924,0.026861622000932135,0.019125413143243522,0.12442103651955495,0.04080251192367236,TRUE,FALSE
2016-04-01,Sorpresa disponible,FALSE,sorpresa_h12_disponible,0.43999999999999995,0.07074169291127172,0.027029201814157924,0.017765430824657508,0.12371795499788593,0.04080251192367236,TRUE,FALSE
2016-05-01,Sorpresa disponible,FALSE,sorpresa_h12_disponible,0.46999999999999975,0.06960549356717298,0.027107959045381498,0.01647487014383847,0.12273611699050749,0.04080251192367236,TRUE,FALSE
2016-06-01,Sorpresa disponible,FALSE,sorpresa_h12_disponible,0.9000000000000004,0.06855405871793534,0.027094708753731427,0.015449405389019621,0.12165871204685105,0.04080251192367236,TRUE,FALSE
2016-07-01,Sorpresa disponible,FALSE,sorpresa_h12_disponible,1.1799999999999997,0.06713599021545154,0.027050689756473165,0.014117612535797582,0.1201543678951055,0.04080251192367236,TRUE,FALSE
2016-08-01,Sorpresa disponible,FALSE,sorpresa_h12_disponible,1.46,0.06574348829897937,0.02701959381567054,0.012786057543363948,0.11870091905459479,0.04080251192367236,TRUE,FALSE
2016-09-01,Sorpresa disponible,FALSE,sorpresa_h12_disponible,1.7000000000000002,0.06465178124973205,0.02707825238516915,0.01157938181051471,0.11772418068894938,0.04080251192367236,TRUE,FALSE
2016-10-01,Sorpresa disponible,FALSE,sorpresa_h12_disponible,1.4999999999999996,0.06431978209257604,0.02729253221504028,0.010827401904197918,0.11781216228095415,0.04080251192367236,TRUE,FALSE
2016-11-01,Sorpresa disponible,FALSE,sorpresa_h12_disponible,1.8199999999999998,0.06448434080584899,0.027604012201639404,0.010381471061831564,0.1185872105498664,0.04080251192367236,TRUE,FALSE
2016-12-01,Sorpresa disponible,FALSE,sorpresa_h12_disponible,1.65,0.0642770126969553,0.02812233879361888,0.00915824150042871,0.11939578389348188,0.04080251192367236,TRUE,FALSE
2017-01-01,Sorpresa disponible,FALSE,sorpresa_h12_disponible,1.0600000000000005,0.06386456035857946,0.028786458456690645,0.007444138541007339,0.12028498217615158,0.04080251192367236,TRUE,FALSE
2017-02-01,Sorpresa disponible,FALSE,sorpresa_h12_disponible,0.20999999999999996,0.06446051283215808,0.0294563838095853,0.0067270614505821474,0.122193964213734,0.04080251192367236,TRUE,FALSE
2017-03-01,Sorpresa disponible,FALSE,sorpresa_h12_disponible,0.020000000000000018,0.0650741554340882,0.030036456424419686,0.0062037826190189035,0.1239445282491575,0.04080251192367236,TRUE,FALSE
2017-04-01,Sorpresa disponible,FALSE,sorpresa_h12_disponible,0.009999999999999787,0.06569921463340263,0.030526349814865322,0.005868668416795661,0.1255297608500096,0.04080251192367236,TRUE,FALSE
2017-05-01,Sorpresa disponible,FALSE,sorpresa_h12_disponible,-0.08999999999999986,0.06631875733244862,0.030930409941116586,0.005696267820800467,0.12694124684409677,0.04080251192367236,TRUE,FALSE
2017-06-01,Sorpresa disponible,FALSE,sorpresa_h12_disponible,-0.2200000000000002,0.06685410907619092,0.03125288643217248,0.005599577256212372,0.12810864089616947,0.04080251192367236,TRUE,FALSE
2017-07-01,Sorpresa disponible,FALSE,sorpresa_h12_disponible,0.03000000000000025,0.06736836409432309,0.031497920276298386,0.005633574764864362,0.1291031534237818,0.04080251192367236,TRUE,FALSE
2017-08-01,Sorpresa disponible,FALSE,sorpresa_h12_disponible,0.9399999999999995,0.06786023516363572,0.031664836283015516,0.0057982964725681735,0.12992217385470328,0.04080251192367236,TRUE,FALSE
2017-09-01,Sorpresa disponible,FALSE,sorpresa_h12_disponible,0.3199999999999994,0.06825707915288086,0.031855056966088785,0.005822314773875091,0.13069184353188662,0.04080251192367236,TRUE,FALSE
2017-10-01,Sorpresa disponible,FALSE,sorpresa_h12_disponible,-0.0699999999999994,0.06837895330900855,0.0319825180499991,0.0056943697961081285,0.13106353682190897,0.04080251192367236,TRUE,FALSE
2017-11-01,Sorpresa disponible,FALSE,sorpresa_h12_disponible,-0.21999999999999975,0.06847600107786501,0.03203679897823812,0.005685028900568712,0.13126697325516132,0.04080251192367236,TRUE,FALSE
2017-12-01,Sorpresa disponible,FALSE,sorpresa_h12_disponible,0.020000000000000462,0.06863269503283193,0.03202111418206187,0.005872464491145923,0.13139292557451793,0.04080251192367236,TRUE,FALSE
2018-01-01,Sorpresa disponible,FALSE,sorpresa_h12_disponible,1,0.06879035312953921,0.03193166935680522,0.006205431223959723,0.1313752750351187,0.04080251192367236,TRUE,FALSE
2018-02-01,Sorpresa disponible,FALSE,sorpresa_h12_disponible,0.29000000000000004,0.06863794615540823,0.03188733749587541,0.006139913100618809,0.13113597921019765,0.04080251192367236,TRUE,FALSE
2018-03-01,Sorpresa disponible,FALSE,sorpresa_h12_disponible,-0.25,0.0685575387377029,0.03177686967917193,0.006276018625103061,0.13083905885030273,0.04080251192367236,TRUE,FALSE
2018-04-01,Sorpresa disponible,FALSE,sorpresa_h12_disponible,-0.08000000000000007,0.06853829547448051,0.031598147320969376,0.00660706474718975,0.13046952620177127,0.04080251192367236,TRUE,FALSE
2018-05-01,Sorpresa disponible,FALSE,sorpresa_h12_disponible,-0.45999999999999996,0.0684889838647706,0.03134396849334764,0.007055934485251061,0.12992203324429014,0.04080251192367236,TRUE,FALSE
2018-06-01,Sorpresa disponible,FALSE,sorpresa_h12_disponible,-0.11000000000000032,0.06846499666542821,0.031030106536955083,0.007647105416555368,0.12928288791430106,0.04080251192367236,TRUE,FALSE
2018-07-01,Sorpresa disponible,FALSE,sorpresa_h12_disponible,-0.3799999999999999,0.0684277634011567,0.03063544434306768,0.008383395838362721,0.12847213096395066,0.04080251192367236,TRUE,FALSE
2018-08-01,Sorpresa disponible,FALSE,sorpresa_h12_disponible,-1.7200000000000002,0.06831161925501043,0.0301677577144764,0.009183900640306324,0.12743933786971454,0.04080251192367236,TRUE,FALSE
2018-09-01,Sorpresa disponible,FALSE,sorpresa_h12_disponible,-1.1200000000000006,0.06852869066486003,0.029903882624595,0.00991815772274074,0.12713922360697932,0.04080251192367236,TRUE,FALSE
2018-10-01,Sorpresa disponible,FALSE,sorpresa_h12_disponible,-0.04999999999999982,0.06887005065548968,0.02965735294337793,0.010742707009675986,0.12699739430130336,0.04080251192367236,TRUE,FALSE
2018-11-01,Sorpresa disponible,FALSE,sorpresa_h12_disponible,-0.16000000000000014,0.06920682837794671,0.02931352221395922,0.01175338057857183,0.1266602761773216,0.04080251192367236,TRUE,FALSE
2018-12-01,Sorpresa disponible,FALSE,sorpresa_h12_disponible,-1.3400000000000003,0.06962511019369463,0.028870418154330054,0.013040130392596404,0.12621008999479286,0.04080251192367236,TRUE,FALSE
2019-01-01,Sorpresa disponible,FALSE,sorpresa_h12_disponible,-2.22,0.0702869116557927,0.02849825653248107,0.0144313552299465,0.12614246808163893,0.04080251192367236,TRUE,FALSE
2019-02-01,Sorpresa disponible,FALSE,sorpresa_h12_disponible,-0.7800000000000002,0.06944281134090338,0.028475279696402393,0.013632288686250056,0.12525333399555671,0.04080251192367236,TRUE,FALSE
2019-03-01,Sorpresa disponible,FALSE,sorpresa_h12_disponible,-0.20999999999999996,0.06884635152660232,0.028384362308324498,0.013214023678150125,0.12447867937505451,0.04080251192367236,TRUE,FALSE
2019-04-01,Sorpresa disponible,FALSE,sorpresa_h12_disponible,-0.3799999999999999,0.06834810029482198,0.028183636539341337,0.01310918772434589,0.12358701286529808,0.04080251192367236,TRUE,FALSE
2019-05-01,Sorpresa disponible,FALSE,sorpresa_h12_disponible,0.33000000000000007,0.06783658201649292,0.027879050373904604,0.013194647360461983,0.12247851667252387,0.04080251192367236,TRUE,FALSE
2019-06-01,Sorpresa disponible,FALSE,sorpresa_h12_disponible,0.23000000000000043,0.06728407093249744,0.02747016706843962,0.01344353282905756,0.12112460903593733,0.04080251192367236,TRUE,FALSE
2019-07-01,Sorpresa disponible,FALSE,sorpresa_h12_disponible,0.4500000000000002,0.06675189180617158,0.026943657370201723,0.013943293748789033,0.11956048986355414,0.04080251192367236,TRUE,FALSE
2019-08-01,Sorpresa disponible,FALSE,sorpresa_h12_disponible,0.11000000000000032,0.0659088122813964,0.026309531724414054,0.014343077651430884,0.11747454691136192,0.04080251192367236,TRUE,FALSE
2019-09-01,Sorpresa disponible,FALSE,sorpresa_h12_disponible,-1.0600000000000005,0.06505894187134346,0.025535567122841947,0.015010149985768169,0.11510773375691877,0.04080251192367236,TRUE,FALSE
2019-10-01,Sorpresa disponible,FALSE,sorpresa_h12_disponible,-2.3200000000000003,0.06377290390958731,0.024699523975455846,0.015362726482410292,0.11218308133676433,0.04080251192367236,TRUE,FALSE
2019-11-01,Sorpresa disponible,FALSE,sorpresa_h12_disponible,-2.13,0.062190526368603755,0.02412166419528263,0.014912933298680466,0.10946811943852705,0.04080251192367236,TRUE,FALSE
2019-12-01,Sorpresa disponible,FALSE,sorpresa_h12_disponible,-1.5200000000000005,0.0613222303969172,0.023705001465202016,0.014861281271652045,0.10778317952218236,0.04080251192367236,TRUE,FALSE
2020-01-01,Sorpresa disponible,FALSE,sorpresa_h12_disponible,-0.8300000000000001,0.05997834851234733,0.02324986629626889,0.014409447926288663,0.105547249098406,0.04080251192367236,TRUE,FALSE
2020-02-01,Sorpresa disponible,FALSE,sorpresa_h12_disponible,-2.25,0.05849890275312387,0.02261355388828141,0.014177151569636615,0.10282065393661112,0.04080251192367236,TRUE,FALSE
2020-03-01,Sorpresa disponible,FALSE,sorpresa_h12_disponible,-2.99,0.055562219189844,0.022114075969537607,0.012219426738167623,0.09890501164152038,0.04080251192367236,TRUE,FALSE
2020-04-01,Sorpresa disponible,FALSE,sorpresa_h12_disponible,-2.57,0.05411989110179626,0.022001117707788204,0.010998492774904965,0.09724128942868757,0.04080251192367236,TRUE,FALSE
2020-05-01,Sorpresa disponible,FALSE,sorpresa_h12_disponible,-2.4400000000000004,0.053353806637951834,0.02210363129897896,0.010031485364400787,0.09667612791150287,0.04080251192367236,TRUE,FALSE
2020-06-01,Sorpresa disponible,FALSE,sorpresa_h12_disponible,-2.62,0.05272184778156003,0.022323903276990072,0.008967801364303807,0.09647589419881625,0.04080251192367236,TRUE,FALSE
2020-07-01,Sorpresa disponible,FALSE,sorpresa_h12_disponible,-2.0100000000000002,0.05074545113037434,0.022783035552057226,0.006091521989846561,0.09539938027090211,0.04080251192367236,TRUE,FALSE
2020-08-01,Sorpresa disponible,FALSE,sorpresa_h12_disponible,-1.6900000000000004,0.04915628987248413,0.023274156484812916,0.0035397813917014825,0.09477279835326678,0.04080251192367236,TRUE,FALSE
2020-09-01,Sorpresa disponible,FALSE,sorpresa_h12_disponible,-0.40999999999999925,0.04772235515842357,0.023746713134137502,0.0011796526643098049,0.09426505765253733,0.04080251192367236,TRUE,FALSE
2020-10-01,Sorpresa disponible,FALSE,sorpresa_h12_disponible,0.6399999999999997,0.04627636953491494,0.02404201618248128,-8.451162984775135e-4,0.0933978553683074,0.04080251192367236,FALSE,TRUE
2020-11-01,Sorpresa disponible,FALSE,sorpresa_h12_disponible,1.1600000000000001,0.04468366792787362,0.024211153161599285,-0.002769320293044032,0.09213665614879127,0.04080251192367236,FALSE,TRUE
2020-12-01,Sorpresa disponible,FALSE,sorpresa_h12_disponible,1.4100000000000001,0.04282285635640276,0.024322174030149635,-0.004847728768405932,0.09049344148121145,0.04080251192367236,FALSE,TRUE
2021-01-01,Sorpresa disponible,FALSE,sorpresa_h12_disponible,0.9300000000000002,0.041233415356315035,0.024412337410508345,-0.006613886746721115,0.08908071745935119,0.04080251192367236,FALSE,TRUE
2021-02-01,Sorpresa disponible,FALSE,sorpresa_h12_disponible,1.17,0.04029770996142162,0.02439309604891916,-0.007511879765886215,0.08810729968872945,0.04080251192367236,FALSE,TRUE
2021-03-01,Sorpresa disponible,FALSE,sorpresa_h12_disponible,2.08,0.03876435396216931,0.02430930492653328,-0.008881008183038011,0.08640971610737663,0.04080251192367236,FALSE,TRUE
2021-04-01,Sorpresa disponible,FALSE,sorpresa_h12_disponible,1.98,0.037644840729057806,0.02438086287073359,-0.010140772409589847,0.08543045386770545,0.04080251192367236,FALSE,TRUE
2021-05-01,Sorpresa disponible,FALSE,sorpresa_h12_disponible,1.6500000000000004,0.036797107824382246,0.024584309478289948,-0.011387253337852725,0.08498146898661721,0.04080251192367236,FALSE,TRUE
2021-06-01,Sorpresa disponible,FALSE,sorpresa_h12_disponible,1.3900000000000001,0.036095184233958647,0.02483236481995384,-0.01257535646411033,0.08476572493202762,0.04080251192367236,FALSE,TRUE
2021-07-01,Sorpresa disponible,FALSE,sorpresa_h12_disponible,0.41000000000000014,0.03647931662969583,0.025068866494647412,-0.01265475883305596,0.08561339209244762,0.04080251192367236,FALSE,TRUE
2021-08-01,Sorpresa disponible,FALSE,sorpresa_h12_disponible,0.3299999999999996,0.037159426304382,0.025156504858461787,-0.012146417195109983,0.08646526980387398,0.04080251192367236,FALSE,TRUE
2021-09-01,Sorpresa disponible,FALSE,sorpresa_h12_disponible,0.010000000000000231,0.0379159874566477,0.02508845112867858,-0.011256473183455573,0.08708844809675097,0.04080251192367236,FALSE,TRUE
2021-10-01,Sorpresa disponible,FALSE,sorpresa_h12_disponible,-0.14000000000000012,0.038671846745248456,0.024855784585044408,-0.010044595848924427,0.08738828933942133,0.04080251192367236,FALSE,TRUE
2021-11-01,Sorpresa disponible,FALSE,sorpresa_h12_disponible,-1.2300000000000004,0.039264987891812854,0.024455618487241995,-0.008667143562833365,0.08719711934645907,0.04080251192367236,FALSE,TRUE
2021-12-01,Sorpresa disponible,FALSE,sorpresa_h12_disponible,-1.6,0.040204304707923,0.024020099689736618,-0.006874225589022488,0.0872828350048685,0.04080251192367236,FALSE,TRUE
2022-01-01,Sorpresa disponible,FALSE,sorpresa_h12_disponible,-1.4200000000000004,0.041137625278450725,0.023632291291735805,-0.005180814525510995,0.08745606508241244,0.04080251192367236,FALSE,TRUE
2022-02-01,Sorpresa disponible,FALSE,sorpresa_h12_disponible,-1.46,0.04233306611130791,0.023234362951010376,-0.0032054484764041866,0.08787158069902001,0.04080251192367236,FALSE,TRUE
2022-03-01,Sorpresa disponible,FALSE,sorpresa_h12_disponible,-1.5799999999999996,0.04278874337369848,0.0228255755681992,-0.0019485626663693217,0.08752604941376628,0.04080251192367236,FALSE,TRUE
2022-04-01,Sorpresa disponible,FALSE,sorpresa_h12_disponible,-0.4299999999999997,0.04218106719517419,0.022387077243132242,-0.0016967979204812328,0.08605893231082962,0.04080251192367236,FALSE,TRUE
2022-05-01,Sorpresa disponible,FALSE,sorpresa_h12_disponible,0.08000000000000007,0.04159870042989037,0.02173946283364918,-0.0010098637673090771,0.08420726462708981,0.04080251192367236,FALSE,TRUE
2022-06-01,Sorpresa disponible,FALSE,sorpresa_h12_disponible,1.2800000000000002,0.041008221187880126,0.02084902994132824,1.4487339027954849e-4,0.0818715689854807,0.04080251192367236,TRUE,FALSE
2022-07-01,Sorpresa disponible,FALSE,sorpresa_h12_disponible,3.2699999999999996,0.04015706349351815,0.019755189693314152,0.0014376031868655464,0.07887652380017075,0.04080251192367236,TRUE,FALSE
2022-08-01,Sorpresa disponible,FALSE,sorpresa_h12_disponible,4.06,0.03657922506792199,0.01885046445764875,-3.6700636092191347e-4,0.0735254564967659,0.04080251192367236,FALSE,TRUE
2022-09-01,Sorpresa disponible,FALSE,sorpresa_h12_disponible,4.6499999999999995,0.032737981565093506,0.01832556603914936,-0.0031794678679495578,0.06865543099813656,0.04080251192367236,FALSE,TRUE
2022-10-01,Sorpresa disponible,FALSE,sorpresa_h12_disponible,4.819999999999999,0.029143347981560493,0.01804792333011566,-0.006229931741206389,0.06451662770432737,0.04080251192367236,FALSE,TRUE
2022-11-01,Sorpresa disponible,FALSE,sorpresa_h12_disponible,5.4799999999999995,0.02524668258940441,0.017855716001762213,-0.009749877692225049,0.06024324287103387,0.04080251192367236,FALSE,TRUE
2022-12-01,Sorpresa disponible,FALSE,sorpresa_h12_disponible,5,0.019410778965957665,0.017972129807010274,-0.015813948181261257,0.054635506113176587,0.04080251192367236,FALSE,TRUE
2023-01-01,Sorpresa disponible,FALSE,sorpresa_h12_disponible,5.0200000000000005,0.013817589040160951,0.017696040325029173,-0.020866012665864693,0.04850119074618659,0.04080251192367236,FALSE,TRUE
2023-02-01,Sorpresa disponible,FALSE,sorpresa_h12_disponible,5.489999999999999,0.00931925658634474,0.017075791730490012,-0.02414868021292256,0.04278719338561204,0.04080251192367236,FALSE,TRUE
2023-03-01,Sorpresa disponible,FALSE,sorpresa_h12_disponible,6.08,0.007311440013708188,0.016782637359078825,-0.025581924775682705,0.040204804803099084,0.04080251192367236,FALSE,TRUE
2023-04-01,Sorpresa disponible,FALSE,sorpresa_h12_disponible,4.920000000000001,0.007203534964691745,0.017263308512648033,-0.02663192797410212,0.04103899790348561,0.04080251192367236,FALSE,TRUE
2023-05-01,Sorpresa disponible,FALSE,sorpresa_h12_disponible,4.180000000000001,0.00800667543389902,0.01809858911752638,-0.027465907407441238,0.043479258275239276,0.04080251192367236,FALSE,TRUE
2023-06-01,Sorpresa disponible,FALSE,sorpresa_h12_disponible,2.25,0.010354457876163663,0.019220470522380472,-0.02731697211361581,0.04802588786594314,0.04080251192367236,FALSE,TRUE
2023-07-01,Sorpresa disponible,FALSE,sorpresa_h12_disponible,0.3199999999999994,0.013441840962143826,0.02017988505962024,-0.026110006966869756,0.05299368889115741,0.04080251192367236,FALSE,TRUE
2023-08-01,Sorpresa disponible,FALSE,sorpresa_h12_disponible,-0.34999999999999964,0.016583445313743075,0.02086355778268037,-0.024308376529680785,0.057475267157166936,0.04080251192367236,FALSE,TRUE
2023-09-01,Sorpresa disponible,FALSE,sorpresa_h12_disponible,-0.9700000000000006,0.01965467831605863,0.021331689226904278,-0.022154664298074816,0.06146402093019207,0.04080251192367236,FALSE,TRUE
2023-10-01,Sorpresa disponible,FALSE,sorpresa_h12_disponible,-0.9099999999999993,0.022600399434032414,0.02166413365162747,-0.019860522279419625,0.06506132114748445,0.04080251192367236,FALSE,TRUE
2023-11-01,Sorpresa disponible,FALSE,sorpresa_h12_disponible,-0.6599999999999993,0.026038387466618886,0.02184373112148055,-0.016774538819459707,0.068851313752697485,0.04080251192367236,FALSE,TRUE
2023-12-01,Sorpresa disponible,FALSE,sorpresa_h12_disponible,-1.9699999999999998,0.029865121174763018,0.021836162837345505,-0.012932971546986118,0.07266321389651215,0.04080251192367236,FALSE,TRUE
2024-01-01,Sorpresa disponible,FALSE,sorpresa_h12_disponible,-1.9700000000000006,0.033578111565389264,0.021894269488690485,-0.009333868100258262,0.07649009123103678,0.04080251192367236,FALSE,TRUE
2024-02-01,Sorpresa disponible,FALSE,sorpresa_h12_disponible,-1.65,0.03727677508705769,0.02201263764110601,-0.005867201894240809,0.0804207520683562,0.04080251192367236,FALSE,TRUE
2024-03-01,Sorpresa disponible,FALSE,sorpresa_h12_disponible,-1.9699999999999998,0.04115144224555058,0.02210101173945935,-0.0021657447856866657,0.08446862927678783,0.04080251192367236,FALSE,TRUE
2024-04-01,Sorpresa disponible,FALSE,sorpresa_h12_disponible,-1.9500000000000002,0.04444941793203309,0.022235933883887664,8.677883569994313e-4,0.08803104750706675,0.04080251192367236,TRUE,FALSE
2024-05-01,Sorpresa disponible,FALSE,sorpresa_h12_disponible,-1.7500000000000004,0.04689059359654769,0.02238845650607061,0.0030100251752078477,0.09077116201788753,0.04080251192367236,TRUE,FALSE
2024-06-01,Sorpresa disponible,FALSE,sorpresa_h12_disponible,-1.2700000000000005,0.04897025870606393,0.022495376376073486,0.0048801311902867545,0.09306038622184111,0.04080251192367236,TRUE,FALSE
2024-07-01,Sorpresa disponible,FALSE,sorpresa_h12_disponible,-1.3200000000000003,0.05108437567928645,0.02246380679239022,0.007056123410535395,0.0951126279480375,0.04080251192367236,TRUE,FALSE
2024-08-01,Sorpresa disponible,FALSE,sorpresa_h12_disponible,-0.8900000000000001,0.053449811711841703,0.022298553835582265,0.00974544928677299,0.09715417413691041,0.04080251192367236,TRUE,FALSE
2024-09-01,Sorpresa disponible,FALSE,sorpresa_h12_disponible,-1.4899999999999998,0.055657588515924686,0.021928002382467105,0.012679493593380671,0.09863568343846871,0.04080251192367236,TRUE,FALSE
2024-10-01,Sorpresa disponible,FALSE,sorpresa_h12_disponible,-2.3300000000000005,0.057589468459787956,0.021424885766403206,0.015597463984752848,0.09958147293482306,0.04080251192367236,TRUE,FALSE
2024-11-01,Sorpresa disponible,FALSE,sorpresa_h12_disponible,-3.38,0.059812522731895246,0.020984558174697125,0.018683544478003314,0.10094150098578718,0.04080251192367236,TRUE,FALSE
2024-12-01,Sorpresa disponible,FALSE,sorpresa_h12_disponible,-2.84,0.05982352123515079,0.020972297473285086,0.018718573514451657,0.10092846895584992,0.04080251192367236,TRUE,FALSE
2025-01-01,Sorpresa disponible,FALSE,sorpresa_h12_disponible,-2.7800000000000002,0.06229152646520097,0.021096415801059972,0.020943311292241716,0.10363974163816023,0.04080251192367236,TRUE,FALSE
2025-02-01,Sorpresa disponible,FALSE,sorpresa_h12_disponible,-2.28,0.06449969991882934,0.02137976411268595,0.02259613226000294,0.10640326757765574,0.04080251192367236,TRUE,FALSE
2025-03-01,Sorpresa disponible,FALSE,sorpresa_h12_disponible,-2.5599999999999996,0.06670647533516405,0.021614197931179944,0.024343425835331223,0.10906952483499688,0.04080251192367236,TRUE,FALSE
2025-04-01,Sorpresa disponible,FALSE,sorpresa_h12_disponible,-2.4799999999999995,0.06873651732061492,0.021910831884877597,0.02579207595494297,0.11168095868628687,0.04080251192367236,TRUE,FALSE
2025-05-01,Sorpresa disponible,FALSE,sorpresa_h12_disponible,-2.38,0.07007670337810329,0.02222767616164703,0.026511258641255607,0.11364214811495096,0.04080251192367236,TRUE,FALSE
2025-06-01,Sorpresa disponible,FALSE,sorpresa_h12_disponible,-2.2800000000000002,0.07080018360239841,0.02255188411488405,0.026599302953704725,0.1150010642510921,0.04080251192367236,TRUE,FALSE
2025-07-01,Sorpresa disponible,FALSE,sorpresa_h12_disponible,-2.2,0.07119368140706596,0.02284349051616716,0.02642126271419605,0.11596610009993587,0.04080251192367236,TRUE,FALSE
2025-08-01,Sorpresa disponible,FALSE,sorpresa_h12_disponible,-2.92,0.0714809082226051,0.023067965748996694,0.026268526157968056,0.11669329028724214,0.04080251192367236,TRUE,FALSE
2025-09-01,Sorpresa disponible,FALSE,sorpresa_h12_disponible,-2.8200000000000003,0.07168545198986451,0.023492791092289193,0.025640427552654305,0.11773047642707471,0.04080251192367236,TRUE,FALSE
2025-10-01,Sorpresa disponible,FALSE,sorpresa_h12_disponible,-2.5700000000000003,0.07129580590008151,0.024094752964771236,0.02407095787274021,0.11852065392742281,0.04080251192367236,TRUE,FALSE
2025-11-01,Sorpresa disponible,FALSE,sorpresa_h12_disponible,-2.6500000000000004,0.07022119179484815,0.02480976951343684,0.02159493708377213,0.11884744650592416,0.04080251192367236,TRUE,FALSE
2025-12-01,Sorpresa disponible,FALSE,sorpresa_h12_disponible,-1.8599999999999999,0.06823974860013522,0.02570554297528376,0.01785781016553248,0.11862168703473797,0.04080251192367236,TRUE,FALSE
2026-01-01,Sorpresa disponible,FALSE,sorpresa_h12_disponible,-2.24,0.06834639513590064,0.026565379266391718,0.016279208538125804,0.12041358173367547,0.04080251192367236,TRUE,FALSE
2026-02-01,Sorpresa disponible,FALSE,sorpresa_h12_disponible,-2.58,0.06883755995867057,0.02759627313694163,0.014749858502734803,0.12292526141460633,0.04080251192367236,TRUE,FALSE
2026-03-01,Sorpresa disponible,FALSE,sorpresa_h12_disponible,-2.09,0.06922680773833434,0.02898531515288293,0.012416633958140723,0.12603698151852796,0.04080251192367236,TRUE,FALSE
2026-04-01,Sorpresa disponible,FALSE,sorpresa_h12_disponible,-0.96,0.06945038206559341,0.03058888959119915,0.009497260139770952,0.12940350399141587,0.04080251192367236,TRUE,FALSE
2026-05-01,Sorpresa disponible,FALSE,sorpresa_h12_disponible,-0.2899999999999996,0.06970510210465601,0.032147271148593115,0.006697608452169948,0.13271259575714206,0.04080251192367236,TRUE,FALSE
2026-06-01,Sorpresa disponible,FALSE,sorpresa_h12_disponible,-0.4900000000000002,0.06990027008322472,0.03362641288953465,0.003993711890463367,0.13580682827598606,0.04080251192367236,TRUE,FALSE
2011-02-01,Sorpresa disponible,TRUE,sorpresa_h12_disponible,1.5600000000000005,0.07267521558843429,0.02893078293089028,0.015971922999343205,0.1293785081775254,0.045233304863563396,TRUE,FALSE
2011-03-01,Sorpresa disponible,TRUE,sorpresa_h12_disponible,1.27,0.0732004533278247,0.0280966710376663,0.01813199000852913,0.12826891664712026,0.045233304863563396,TRUE,FALSE
2011-04-01,Sorpresa disponible,TRUE,sorpresa_h12_disponible,-0.39999999999999947,0.07301934293623784,0.0273267906210646,0.019459817505884297,0.12657886836659138,0.045233304863563396,TRUE,FALSE
2011-05-01,Sorpresa disponible,TRUE,sorpresa_h12_disponible,0.7211481291645248,0.07308276489876037,0.02653260250393941,0.021079819574921874,0.12508571022259884,0.045233304863563396,TRUE,FALSE
2011-06-01,Sorpresa disponible,TRUE,sorpresa_h12_disponible,1.0330220625962019,0.07371725465467158,0.02572466445463955,0.02329783880920036,0.12413667050014279,0.045233304863563396,TRUE,FALSE
2011-07-01,Sorpresa disponible,TRUE,sorpresa_h12_disponible,1.6122993669593795,0.07368597869931809,0.02492662702267187,0.024830687478818357,0.12254126991981781,0.045233304863563396,TRUE,FALSE
2011-08-01,Sorpresa disponible,TRUE,sorpresa_h12_disponible,2.1496744659206417,0.07422145931372341,0.02419854948585253,0.02679317384334222,0.1216497447841046,0.045233304863563396,TRUE,FALSE
2011-09-01,Sorpresa disponible,TRUE,sorpresa_h12_disponible,2.2758261311642034,0.07510778149355854,0.023650861914179783,0.02875294393843613,0.12146261904868094,0.045233304863563396,TRUE,FALSE
2011-10-01,Sorpresa disponible,TRUE,sorpresa_h12_disponible,1.3593156240494872,0.07388245059889324,0.02328275725521977,0.02824908491787386,0.11951581627991262,0.045233304863563396,TRUE,FALSE
2011-11-01,Sorpresa disponible,TRUE,sorpresa_h12_disponible,0.6900000000000004,0.0718669645935443,0.022930454581496736,0.026924099464679233,0.11680982972240937,0.045233304863563396,TRUE,FALSE
2011-12-01,Sorpresa disponible,TRUE,sorpresa_h12_disponible,0.10484387510006155,0.07028342698373904,0.02253989049289963,0.02610605340217901,0.11446080056529909,0.045233304863563396,TRUE,FALSE
2012-01-01,Sorpresa disponible,TRUE,sorpresa_h12_disponible,0.4900000000000029,0.06878943114234812,0.02209113323369559,0.02549160562662891,0.11208725665806732,0.045233304863563396,TRUE,FALSE
2012-02-01,Sorpresa disponible,TRUE,sorpresa_h12_disponible,-0.5499999999999998,0.06695705991863518,0.02159285143204065,0.02463584878831139,0.10927827104895897,0.045233304863563396,TRUE,FALSE
2012-03-01,Sorpresa disponible,TRUE,sorpresa_h12_disponible,-0.33000000000000007,0.06564257746995487,0.021046010027928636,0.02439315579694594,0.10689199914296381,0.045233304863563396,TRUE,FALSE
2012-04-01,Sorpresa disponible,TRUE,sorpresa_h12_disponible,-1.6900000000000004,0.06404970302806429,0.02043164575644325,0.024004413200554894,0.10409499285557368,0.045233304863563396,TRUE,FALSE
2012-05-01,Sorpresa disponible,TRUE,sorpresa_h12_disponible,-1.8000000000000007,0.06289549376681869,0.019839509873811934,0.024010768943220517,0.10178021859041686,0.045233304863563396,TRUE,FALSE
2012-06-01,Sorpresa disponible,TRUE,sorpresa_h12_disponible,-2.06,0.06170004352475295,0.019297730788437013,0.02387718619606667,0.09952290085343923,0.045233304863563396,TRUE,FALSE
2012-07-01,Sorpresa disponible,TRUE,sorpresa_h12_disponible,-2.9099999999999997,0.060296225207575486,0.018798653934240808,0.02345154053863132,0.09714090987651966,0.045233304863563396,TRUE,FALSE
2012-08-01,Sorpresa disponible,TRUE,sorpresa_h12_disponible,-3.1,0.058536613413266596,0.01846441805097139,0.022347019037871417,0.09472620778866178,0.045233304863563396,TRUE,FALSE
2012-09-01,Sorpresa disponible,TRUE,sorpresa_h12_disponible,-3.62,0.055242874595308064,0.018320039444816427,0.019336257088114712,0.09114949210250142,0.045233304863563396,TRUE,FALSE
2012-10-01,Sorpresa disponible,TRUE,sorpresa_h12_disponible,-3.4100000000000006,0.051949135777349525,0.0180388879585776,0.01659356505738418,0.08730470649731487,0.045233304863563396,TRUE,FALSE
2012-11-01,Sorpresa disponible,TRUE,sorpresa_h12_disponible,-3.3400000000000003,0.04822044288547449,0.018025376961006225,0.012891353234144247,0.08354953253680472,0.045233304863563396,TRUE,FALSE
2012-12-01,Sorpresa disponible,TRUE,sorpresa_h12_disponible,-3.7399999999999998,0.04516955064508019,0.018231741960160884,0.009435993027737177,0.08090310826242321,0.045233304863563396,TRUE,FALSE
2013-01-01,Sorpresa disponible,TRUE,sorpresa_h12_disponible,-2.49,0.04416663165313799,0.018751765372609447,0.007413846876278177,0.08091941642999781,0.045233304863563396,TRUE,FALSE
2013-02-01,Sorpresa disponible,TRUE,sorpresa_h12_disponible,-2.11,0.0436994302970191,0.01932552375341813,0.005822099757946252,0.08157676083609194,0.045233304863563396,TRUE,FALSE
2013-03-01,Sorpresa disponible,TRUE,sorpresa_h12_disponible,-1.8200000000000003,0.04276476478356402,0.019900527765147287,0.0037604470905359816,0.08176908247659206,0.045233304863563396,TRUE,FALSE
2013-04-01,Sorpresa disponible,TRUE,sorpresa_h12_disponible,-1.25,0.04219527117279757,0.020459552796484936,0.002095284551891355,0.08229525779370378,0.045233304863563396,TRUE,FALSE
2013-05-01,Sorpresa disponible,TRUE,sorpresa_h12_disponible,-1.71,0.04261017696380981,0.020965557890649827,0.0015184385823466123,0.083701915345273,0.045233304863563396,TRUE,FALSE
2013-06-01,Sorpresa disponible,TRUE,sorpresa_h12_disponible,-0.9900000000000002,0.043443555639325816,0.0214868873291498,0.001330030334322184,0.08555708094432946,0.045233304863563396,TRUE,FALSE
2013-07-01,Sorpresa disponible,TRUE,sorpresa_h12_disponible,-0.09999999999999964,0.04524256823773667,0.02194618843631624,0.002228829304627443,0.0882563071708459,0.045233304863563396,TRUE,FALSE
2013-08-01,Sorpresa disponible,TRUE,sorpresa_h12_disponible,0.03000000000000025,0.04699919039827911,0.022320563326943956,0.003251690162823437,0.09074669063373478,0.045233304863563396,TRUE,FALSE
2013-09-01,Sorpresa disponible,TRUE,sorpresa_h12_disponible,-0.020000000000000462,0.04875255455493878,0.022616164845492462,0.004425685989352689,0.09307942312052486,0.045233304863563396,TRUE,FALSE
2013-10-01,Sorpresa disponible,TRUE,sorpresa_h12_disponible,-0.7000000000000002,0.05051076563299156,0.022835386290483543,0.005754230930584123,0.095267300335399,0.045233304863563396,TRUE,FALSE
2013-11-01,Sorpresa disponible,TRUE,sorpresa_h12_disponible,-0.5499999999999998,0.052142549109925516,0.02299567277568555,0.007071858669313633,0.0972132395505374,0.045233304863563396,TRUE,FALSE
2013-12-01,Sorpresa disponible,TRUE,sorpresa_h12_disponible,0.14999999999999947,0.053796791695780916,0.023091551352711383,0.008538182697309452,0.09905540069425238,0.045233304863563396,TRUE,FALSE
2014-01-01,Sorpresa disponible,TRUE,sorpresa_h12_disponible,-0.2600000000000007,0.055283403742118147,0.023118958978976898,0.009971076783264539,0.10059573070097175,0.045233304863563396,TRUE,FALSE
2014-02-01,Sorpresa disponible,TRUE,sorpresa_h12_disponible,-0.39000000000000057,0.05676953678902904,0.023077696526529193,0.011538082750886726,0.10200099082717135,0.045233304863563396,TRUE,FALSE
2014-03-01,Sorpresa disponible,TRUE,sorpresa_h12_disponible,-0.9100000000000001,0.05806741272111041,0.02296435897292198,0.013058096206134115,0.10307672923608671,0.045233304863563396,TRUE,FALSE
2014-04-01,Sorpresa disponible,TRUE,sorpresa_h12_disponible,-1.3399999999999999,0.05914434141908081,0.022802420305986986,0.014452418859001524,0.1038362639791601,0.045233304863563396,TRUE,FALSE
2014-05-01,Sorpresa disponible,TRUE,sorpresa_h12_disponible,-1.5799999999999996,0.06073848796143401,0.022633867232112265,0.0163769233556327,0.10510005256723531,0.045233304863563396,TRUE,FALSE
2014-06-01,Sorpresa disponible,TRUE,sorpresa_h12_disponible,-1.4899999999999998,0.061575231444963734,0.02249093334274216,0.017493812114498068,0.1056566507754294,0.045233304863563396,TRUE,FALSE
2014-07-01,Sorpresa disponible,TRUE,sorpresa_h12_disponible,-1.7400000000000002,0.06258471413115789,0.022346898993947137,0.01878559693686714,0.10638383132544864,0.045233304863563396,TRUE,FALSE
2014-08-01,Sorpresa disponible,TRUE,sorpresa_h12_disponible,-1.4699999999999998,0.06419563847427517,0.022246212794000093,0.020593862605620836,0.10779741434292951,0.045233304863563396,TRUE,FALSE
2014-09-01,Sorpresa disponible,TRUE,sorpresa_h12_disponible,-1.1499999999999995,0.06500999909909519,0.022146286942678627,0.021604074300155422,0.10841592389803495,0.045233304863563396,TRUE,FALSE
2014-10-01,Sorpresa disponible,TRUE,sorpresa_h12_disponible,-1.3899999999999997,0.06584226647061184,0.02200810709846141,0.02270716918972717,0.1089773637514965,0.045233304863563396,TRUE,FALSE
2014-11-01,Sorpresa disponible,TRUE,sorpresa_h12_disponible,-1.0799999999999996,0.06700210125205848,0.021868873750528706,0.024139896318568853,0.1098643061855481,0.045233304863563396,TRUE,FALSE
2014-12-01,Sorpresa disponible,TRUE,sorpresa_h12_disponible,-1.3100000000000005,0.06822626194817778,0.02168345668925251,0.025727467776908756,0.1107250561194468,0.045233304863563396,TRUE,FALSE
2015-01-01,Sorpresa disponible,TRUE,sorpresa_h12_disponible,-2.1399999999999997,0.06972145396671478,0.02147366830668769,0.02763383746964771,0.11180907046378186,0.045233304863563396,TRUE,FALSE
2015-02-01,Sorpresa disponible,TRUE,sorpresa_h12_disponible,-2.4100000000000006,0.0703450890365554,0.021358922058998833,0.0284823710523196,0.1122078070207912,0.045233304863563396,TRUE,FALSE
2015-03-01,Sorpresa disponible,TRUE,sorpresa_h12_disponible,-2.1199999999999997,0.07189921454979739,0.021349416042317784,0.030055128015892885,0.1137433010837019,0.045233304863563396,TRUE,FALSE
2015-04-01,Sorpresa disponible,TRUE,sorpresa_h12_disponible,-2.03,0.07419112804411991,0.02140351231366841,0.032241014766670274,0.11614124132156955,0.045233304863563396,TRUE,FALSE
2015-05-01,Sorpresa disponible,TRUE,sorpresa_h12_disponible,-1.9299999999999997,0.07563575609906814,0.021501294262322477,0.03349399372391838,0.1177775184742179,0.045233304863563396,TRUE,FALSE
2015-06-01,Sorpresa disponible,TRUE,sorpresa_h12_disponible,-1.6400000000000006,0.07593017424405431,0.021615082087951574,0.0335653918287924,0.11829495665931622,0.045233304863563396,TRUE,FALSE
2015-07-01,Sorpresa disponible,TRUE,sorpresa_h12_disponible,-1.85,0.07630881948655996,0.021708198112438265,0.033761533016920586,0.11885610595619933,0.045233304863563396,TRUE,FALSE
2015-08-01,Sorpresa disponible,TRUE,sorpresa_h12_disponible,-1.9200000000000004,0.07633526145717327,0.021800849784316213,0.0336063810475457,0.11906414186680084,0.045233304863563396,TRUE,FALSE
2015-09-01,Sorpresa disponible,TRUE,sorpresa_h12_disponible,-2.13,0.07517456988466659,0.021895697145824858,0.03225979206245342,0.11808934770687976,0.045233304863563396,TRUE,FALSE
2015-10-01,Sorpresa disponible,TRUE,sorpresa_h12_disponible,-2.3600000000000003,0.07400557259765977,0.022024389198401054,0.030838562987300727,0.11717258220801882,0.045233304863563396,TRUE,FALSE
2015-11-01,Sorpresa disponible,TRUE,sorpresa_h12_disponible,-1.85,0.07230316008875301,0.02224442540470178,0.028704887438749715,0.1159014327387563,0.045233304863563396,TRUE,FALSE
2015-12-01,Sorpresa disponible,TRUE,sorpresa_h12_disponible,-1.6500000000000004,0.07057572563803872,0.02247355134058527,0.026528374405779757,0.11462307687029769,0.045233304863563396,TRUE,FALSE
2016-01-01,Sorpresa disponible,TRUE,sorpresa_h12_disponible,-1.1300000000000003,0.06965686439228437,0.022705756894107497,0.02515439863811165,0.1141593301464571,0.045233304863563396,TRUE,FALSE
2016-02-01,Sorpresa disponible,TRUE,sorpresa_h12_disponible,0.6299999999999999,0.06908468540039812,0.022902778925732354,0.02419606356007977,0.11397330724071647,0.045233304863563396,TRUE,FALSE
2016-03-01,Sorpresa disponible,TRUE,sorpresa_h12_disponible,0.47999999999999954,0.06827941911010635,0.0230696633179576,0.02306370987144466,0.11349512834876804,0.045233304863563396,TRUE,FALSE
2016-04-01,Sorpresa disponible,TRUE,sorpresa_h12_disponible,0.43999999999999995,0.06760079795001207,0.023191645004567437,0.022146008998821652,0.11305558690120249,0.045233304863563396,TRUE,FALSE
2016-05-01,Sorpresa disponible,TRUE,sorpresa_h12_disponible,0.46999999999999975,0.06684769341358017,0.023267835525434277,0.021243573785527395,0.11245181304163294,0.045233304863563396,TRUE,FALSE
2016-06-01,Sorpresa disponible,TRUE,sorpresa_h12_disponible,0.9000000000000004,0.06614388335614838,0.023296264557768304,0.020484043848605582,0.11180372286369117,0.045233304863563396,TRUE,FALSE
2016-07-01,Sorpresa disponible,TRUE,sorpresa_h12_disponible,1.1799999999999997,0.06520467893291,0.023310360534289663,0.019517211819058418,0.11089214604676159,0.045233304863563396,TRUE,FALSE
2016-08-01,Sorpresa disponible,TRUE,sorpresa_h12_disponible,1.46,0.06428809473747846,0.02333284656796046,0.018556555807476956,0.11001963366747997,0.045233304863563396,TRUE,FALSE
2016-09-01,Sorpresa disponible,TRUE,sorpresa_h12_disponible,1.7000000000000002,0.06354992692003217,0.023406475114919185,0.017674078689757552,0.10942577515030678,0.045233304863563396,TRUE,FALSE
2016-10-01,Sorpresa disponible,TRUE,sorpresa_h12_disponible,1.4999999999999996,0.06326532469395314,0.023565078460532293,0.01707861961844928,0.109452029769457,0.045233304863563396,TRUE,FALSE
2016-11-01,Sorpresa disponible,TRUE,sorpresa_h12_disponible,1.8199999999999998,0.06326770054126062,0.02377750237142812,0.016664652250945787,0.10987074883157544,0.045233304863563396,TRUE,FALSE
2016-12-01,Sorpresa disponible,TRUE,sorpresa_h12_disponible,1.65,0.06303858778368342,0.024099947985359364,0.015803557703090443,0.11027361786427639,0.045233304863563396,TRUE,FALSE
2017-01-01,Sorpresa disponible,TRUE,sorpresa_h12_disponible,1.0600000000000005,0.0626996457342399,0.02449632502047569,0.014687730940520158,0.11071156052795965,0.045233304863563396,TRUE,FALSE
2017-02-01,Sorpresa disponible,TRUE,sorpresa_h12_disponible,0.20999999999999996,0.06297246464789077,0.024893816956023215,0.014181479976352766,0.11176344931942878,0.045233304863563396,TRUE,FALSE
2017-03-01,Sorpresa disponible,TRUE,sorpresa_h12_disponible,0.020000000000000018,0.06325231267819668,0.025242366845260912,0.013778182776937362,0.11272644257945601,0.045233304863563396,TRUE,FALSE
2017-04-01,Sorpresa disponible,TRUE,sorpresa_h12_disponible,0.009999999999999787,0.06353909316624899,0.025540673476972205,0.013480293010486082,0.1135978933220119,0.045233304863563396,TRUE,FALSE
2017-05-01,Sorpresa disponible,TRUE,sorpresa_h12_disponible,-0.08999999999999986,0.06382242940575461,0.02579050523210478,0.013273968007737426,0.1143708908037718,0.045233304863563396,TRUE,FALSE
2017-06-01,Sorpresa disponible,TRUE,sorpresa_h12_disponible,-0.2200000000000002,0.06405371240756202,0.025993565316274028,0.013107260557875443,0.1150001642572486,0.045233304863563396,TRUE,FALSE
2017-07-01,Sorpresa disponible,TRUE,sorpresa_h12_disponible,0.03000000000000025,0.06427868681879996,0.026151197475489378,0.013023281614246006,0.11553409202335391,0.045233304863563396,TRUE,FALSE
2017-08-01,Sorpresa disponible,TRUE,sorpresa_h12_disponible,0.9399999999999995,0.06449025335968733,0.02626373554285948,0.013014277596198241,0.11596622912317642,0.045233304863563396,TRUE,FALSE
2017-09-01,Sorpresa disponible,TRUE,sorpresa_h12_disponible,0.3199999999999994,0.06465480337853352,0.026382809321099106,0.01294544729819165,0.11636415945887539,0.045233304863563396,TRUE,FALSE
2017-10-01,Sorpresa disponible,TRUE,sorpresa_h12_disponible,-0.0699999999999994,0.06465557239243194,0.026464540163875807,0.012786026803821633,0.11652511798104226,0.045233304863563396,TRUE,FALSE
2017-11-01,Sorpresa disponible,TRUE,sorpresa_h12_disponible,-0.21999999999999975,0.06463940851050665,0.026503252112602738,0.012693988896620191,0.11658482812439311,0.045233304863563396,TRUE,FALSE
2017-12-01,Sorpresa disponible,TRUE,sorpresa_h12_disponible,0.020000000000000462,0.06466013228394661,0.02650012876855762,0.012720834311899909,0.11659943025599331,0.045233304863563396,TRUE,FALSE
2018-01-01,Sorpresa disponible,TRUE,sorpresa_h12_disponible,1,0.0646817657600407,0.026453848222507296,0.012833175991437483,0.11653035552864391,0.045233304863563396,TRUE,FALSE
2018-02-01,Sorpresa disponible,TRUE,sorpresa_h12_disponible,0.29000000000000004,0.06451077012507642,0.02642473323769897,0.01271924467810795,0.11630229557204488,0.045233304863563396,TRUE,FALSE
2018-03-01,Sorpresa disponible,TRUE,sorpresa_h12_disponible,-0.25,0.06438566207436845,0.026355807256844967,0.012729229067472932,0.11604209508126398,0.045233304863563396,TRUE,FALSE
2018-04-01,Sorpresa disponible,TRUE,sorpresa_h12_disponible,-0.08000000000000007,0.06429837938801254,0.026246313774671657,0.012856549662718583,0.1157402091133065,0.045233304863563396,TRUE,FALSE
2018-05-01,Sorpresa disponible,TRUE,sorpresa_h12_disponible,-0.45999999999999996,0.0641920887699293,0.026092852934452314,0.013051036764502505,0.11533314077535609,0.045233304863563396,TRUE,FALSE
2018-06-01,Sorpresa disponible,TRUE,sorpresa_h12_disponible,-0.11000000000000032,0.06410209889428913,0.025902689078324694,0.013333761198033728,0.11487043659054452,0.045233304863563396,TRUE,FALSE
2018-07-01,Sorpresa disponible,TRUE,sorpresa_h12_disponible,-0.3799999999999999,0.06400323099779591,0.025666157964668895,0.013698485765529032,0.11430797623006278,0.045233304863563396,TRUE,FALSE
2018-08-01,Sorpresa disponible,TRUE,sorpresa_h12_disponible,-1.7200000000000002,0.06385616186546839,0.025387096053615308,0.014098367928323453,0.11361395580261333,0.045233304863563396,TRUE,FALSE
2018-09-01,Sorpresa disponible,TRUE,sorpresa_h12_disponible,-1.1200000000000006,0.06388752623189593,0.02520278286361413,0.014490979509029,0.11328407295476287,0.045233304863563396,TRUE,FALSE
2018-10-01,Sorpresa disponible,TRUE,sorpresa_h12_disponible,-0.04999999999999982,0.06397858956418259,0.025019710274577354,0.014940858522384241,0.11301632060598094,0.045233304863563396,TRUE,FALSE
2018-11-01,Sorpresa disponible,TRUE,sorpresa_h12_disponible,-0.16000000000000014,0.06406685395506052,0.024783236957134653,0.015492602098754575,0.11264110581136647,0.045233304863563396,TRUE,FALSE
2018-12-01,Sorpresa disponible,TRUE,sorpresa_h12_disponible,-1.3400000000000003,0.06420437705083275,0.024492545139482857,0.016199870687724806,0.1122088834139407,0.045233304863563396,TRUE,FALSE
2019-01-01,Sorpresa disponible,TRUE,sorpresa_h12_disponible,-2.22,0.06445452380965602,0.024234394912842343,0.016955982593364338,0.1119530650259477,0.045233304863563396,TRUE,FALSE
2019-02-01,Sorpresa disponible,TRUE,sorpresa_h12_disponible,-0.7800000000000002,0.06374931700983981,0.024146630832793427,0.016422790229580292,0.11107584379009933,0.045233304863563396,TRUE,FALSE
2019-03-01,Sorpresa disponible,TRUE,sorpresa_h12_disponible,-0.20999999999999996,0.0632084291914205,0.02401887449435734,0.01613230023329243,0.11028455814954857,0.045233304863563396,TRUE,FALSE
2019-04-01,Sorpresa disponible,TRUE,sorpresa_h12_disponible,-0.3799999999999999,0.06272545137147822,0.02383147585589977,0.01601661699547883,0.10943428574747763,0.045233304863563396,TRUE,FALSE
2019-05-01,Sorpresa disponible,TRUE,sorpresa_h12_disponible,0.33000000000000007,0.06223238230518061,0.023587139027640727,0.016002439312665692,0.10846232529769553,0.045233304863563396,TRUE,FALSE
2019-06-01,Sorpresa disponible,TRUE,sorpresa_h12_disponible,0.23000000000000043,0.06171033038181262,0.02328603740018133,0.016070535734804506,0.10735012502882073,0.045233304863563396,TRUE,FALSE
2019-07-01,Sorpresa disponible,TRUE,sorpresa_h12_disponible,0.4500000000000002,0.06120001994551614,0.02292135578017589,0.01627498813954241,0.10612505175148987,0.045233304863563396,TRUE,FALSE
2019-08-01,Sorpresa disponible,TRUE,sorpresa_h12_disponible,0.11000000000000032,0.06049826697240558,0.022498904353735603,0.01640122474747239,0.10459530919733878,0.045233304863563396,TRUE,FALSE
2019-09-01,Sorpresa disponible,TRUE,sorpresa_h12_disponible,-1.0600000000000005,0.05979441075456608,0.022002974709949667,0.016669372770319102,0.10291944873881306,0.045233304863563396,TRUE,FALSE
2019-10-01,Sorpresa disponible,TRUE,sorpresa_h12_disponible,-2.3200000000000003,0.058820152991278914,0.02147548324016256,0.016728979289966764,0.10091132669259106,0.045233304863563396,TRUE,FALSE
2019-11-01,Sorpresa disponible,TRUE,sorpresa_h12_disponible,-2.13,0.05764459880315258,0.021083155935439406,0.016322372489249476,0.09896682511705568,0.045233304863563396,TRUE,FALSE
2019-12-01,Sorpresa disponible,TRUE,sorpresa_h12_disponible,-1.5200000000000005,0.05688298948959461,0.02077864148224582,0.016157600536722848,0.09760837844246636,0.045233304863563396,TRUE,FALSE
2020-01-01,Sorpresa disponible,TRUE,sorpresa_h12_disponible,-0.8300000000000001,0.0558152755026821,0.020459108903984894,0.015716158895088983,0.09591439211027522,0.045233304863563396,TRUE,FALSE
2020-02-01,Sorpresa disponible,TRUE,sorpresa_h12_disponible,-2.25,0.05467289564125028,0.02005220313858937,0.015371299678934087,0.09397449160356647,0.045233304863563396,TRUE,FALSE
2020-03-01,Sorpresa disponible,TRUE,sorpresa_h12_disponible,-2.99,0.05264496374472486,0.019730993227388128,0.013972927639840413,0.09131699984960931,0.045233304863563396,TRUE,FALSE
2020-04-01,Sorpresa disponible,TRUE,sorpresa_h12_disponible,-2.57,0.05157576295090357,0.01963208242691663,0.013097588452625285,0.09005393744918186,0.045233304863563396,TRUE,FALSE
2020-05-01,Sorpresa disponible,TRUE,sorpresa_h12_disponible,-2.4400000000000004,0.050894406011771504,0.019665390225312232,0.012350949428233518,0.08943786259530949,0.045233304863563396,TRUE,FALSE
2020-06-01,Sorpresa disponible,TRUE,sorpresa_h12_disponible,-2.62,0.05027849817788014,0.019770753314283192,0.011528533734659181,0.08902846262110109,0.045233304863563396,TRUE,FALSE
2020-07-01,Sorpresa disponible,TRUE,sorpresa_h12_disponible,-2.0100000000000002,0.04886091267660321,0.02001218769277745,0.009637745546903699,0.08808407980630273,0.045233304863563396,TRUE,FALSE
2020-08-01,Sorpresa disponible,TRUE,sorpresa_h12_disponible,-1.6900000000000004,0.04771611034559596,0.02027269759874209,0.007982353182589837,0.08744986750860209,0.045233304863563396,TRUE,FALSE
2020-09-01,Sorpresa disponible,TRUE,sorpresa_h12_disponible,-0.40999999999999925,0.046659160148631786,0.020521987890754535,0.006436802991585798,0.08688151730567778,0.045233304863563396,TRUE,FALSE
2020-10-01,Sorpresa disponible,TRUE,sorpresa_h12_disponible,0.6399999999999997,0.0455988721005899,0.020678875551822625,0.0050690207782317295,0.08612872342294808,0.045233304863563396,TRUE,FALSE
2020-11-01,Sorpresa disponible,TRUE,sorpresa_h12_disponible,1.1600000000000001,0.04444425541002528,0.020771391836176774,0.0037330755023495116,0.08515543531770105,0.045233304863563396,TRUE,FALSE
2020-12-01,Sorpresa disponible,TRUE,sorpresa_h12_disponible,1.4100000000000001,0.043122074892112734,0.020832513021037124,0.0022910996634182626,0.0839530501208072,0.045233304863563396,TRUE,FALSE
2021-01-01,Sorpresa disponible,TRUE,sorpresa_h12_disponible,0.9300000000000002,0.04195111789710794,0.020878768761285128,0.0010294830834491411,0.08287275271076674,0.045233304863563396,TRUE,FALSE
2021-02-01,Sorpresa disponible,TRUE,sorpresa_h12_disponible,1.17,0.04115753553809953,0.020865498204380398,2.6191053802879227e-4,0.08205316053817027,0.045233304863563396,TRUE,FALSE
2021-03-01,Sorpresa disponible,TRUE,sorpresa_h12_disponible,2.08,0.03997636646663308,0.02081641303430473,-8.230533679143281e-4,0.08077578630118049,0.045233304863563396,FALSE,TRUE
2021-04-01,Sorpresa disponible,TRUE,sorpresa_h12_disponible,1.98,0.039065204881454596,0.020840550965387408,-0.0017815244286761706,0.07991193419158536,0.045233304863563396,FALSE,TRUE
2021-05-01,Sorpresa disponible,TRUE,sorpresa_h12_disponible,1.6500000000000004,0.038296854962681315,0.020925736627463044,-0.0027168351771168983,0.07931054510247953,0.045233304863563396,FALSE,TRUE
2021-06-01,Sorpresa disponible,TRUE,sorpresa_h12_disponible,1.3900000000000001,0.037615910289936695,0.021026624851291482,-0.003595517135029473,0.07882733771490286,0.045233304863563396,FALSE,TRUE
2021-07-01,Sorpresa disponible,TRUE,sorpresa_h12_disponible,0.41000000000000014,0.037583695175292496,0.02111303100813159,-0.0037970852051227993,0.07896447555570779,0.045233304863563396,FALSE,TRUE
2021-08-01,Sorpresa disponible,TRUE,sorpresa_h12_disponible,0.3299999999999996,0.03772071618608926,0.02111540355526669,-0.003664714301262459,0.07910614667344099,0.045233304863563396,FALSE,TRUE
2021-09-01,Sorpresa disponible,TRUE,sorpresa_h12_disponible,0.010000000000000231,0.03789525934021552,0.021028588615001807,-0.003320016990897026,0.07911053567132807,0.045233304863563396,FALSE,TRUE
2021-10-01,Sorpresa disponible,TRUE,sorpresa_h12_disponible,-0.14000000000000012,0.03806923772546216,0.02084780539845171,-0.0027917100122028943,0.07893018546312722,0.045233304863563396,FALSE,TRUE
2021-11-01,Sorpresa disponible,TRUE,sorpresa_h12_disponible,-1.2300000000000004,0.038146920150163646,0.020571467715236835,-0.002172415680829015,0.07846625598115631,0.045233304863563396,FALSE,TRUE
2021-12-01,Sorpresa disponible,TRUE,sorpresa_h12_disponible,-1.6,0.03848940893833623,0.020269405641414818,-0.0012378961068698,0.07821671398354227,0.045233304863563396,FALSE,TRUE
2022-01-01,Sorpresa disponible,TRUE,sorpresa_h12_disponible,-1.4200000000000004,0.038832667304194116,0.019984586198419606,-3.3640189064453735e-4,0.07800173649903278,0.045233304863563396,FALSE,TRUE
2022-02-01,Sorpresa disponible,TRUE,sorpresa_h12_disponible,-1.46,0.03936182522638613,0.019688673175426517,7.727348991703048e-4,0.07795091555360195,0.045233304863563396,TRUE,FALSE
2022-03-01,Sorpresa disponible,TRUE,sorpresa_h12_disponible,-1.5799999999999996,0.039456786609636946,0.019381059634817288,0.0014706077431720574,0.07744296547610183,0.045233304863563396,TRUE,FALSE
2022-04-01,Sorpresa disponible,TRUE,sorpresa_h12_disponible,-0.4299999999999997,0.038941775717916335,0.01904652694119096,0.00161126888261022,0.07627228255322245,0.045233304863563396,TRUE,FALSE
2022-05-01,Sorpresa disponible,TRUE,sorpresa_h12_disponible,0.08000000000000007,0.03845457056508253,0.018597597381138843,0.0020039494990739745,0.07490519163109108,0.045233304863563396,TRUE,FALSE
2022-06-01,Sorpresa disponible,TRUE,sorpresa_h12_disponible,1.2800000000000002,0.03796083170909206,0.018018998022810477,0.0026442445468850898,0.07327741887129904,0.045233304863563396,TRUE,FALSE
2022-07-01,Sorpresa disponible,TRUE,sorpresa_h12_disponible,3.2699999999999996,0.037269942437674335,0.0173318688063322,0.0033001037924900167,0.07123978108285865,0.045233304863563396,TRUE,FALSE
2022-08-01,Sorpresa disponible,TRUE,sorpresa_h12_disponible,4.06,0.03481869048040442,0.01674120750638903,0.00200652671017032,0.06763085425063851,0.045233304863563396,TRUE,FALSE
2022-09-01,Sorpresa disponible,TRUE,sorpresa_h12_disponible,4.6499999999999995,0.03217928884724875,0.01636409814517389,1.062458432292343e-4,0.06425233185126827,0.045233304863563396,TRUE,FALSE
2022-10-01,Sorpresa disponible,TRUE,sorpresa_h12_disponible,4.819999999999999,0.02955048139461626,0.016128099227683695,-0.0020600122307320376,0.06116097501996456,0.045233304863563396,FALSE,TRUE
2022-11-01,Sorpresa disponible,TRUE,sorpresa_h12_disponible,5.4799999999999995,0.026646371847333965,0.01595367697632616,-0.004622260447251166,0.057915004141919094,0.045233304863563396,FALSE,TRUE
2022-12-01,Sorpresa disponible,TRUE,sorpresa_h12_disponible,5,0.022558132703681767,0.015962366156847742,-0.008727530071780835,0.05384379547914437,0.045233304863563396,FALSE,TRUE
2023-01-01,Sorpresa disponible,TRUE,sorpresa_h12_disponible,5.0200000000000005,0.018639741096502512,0.015759856201852638,-0.01224900946065886,0.04952849165366388,0.045233304863563396,FALSE,TRUE
2023-02-01,Sorpresa disponible,TRUE,sorpresa_h12_disponible,5.489999999999999,0.015421864222167795,0.015379683120429958,-0.01472176078751351,0.045565489231849096,0.045233304863563396,FALSE,TRUE
2023-03-01,Sorpresa disponible,TRUE,sorpresa_h12_disponible,6.08,0.013940573966024687,0.015215578679175612,-0.015881412249095034,0.043762560181144404,0.045233304863563396,FALSE,TRUE
2023-04-01,Sorpresa disponible,TRUE,sorpresa_h12_disponible,4.920000000000001,0.013926841361090018,0.015517992244420615,-0.01648786455034626,0.044341547272526295,0.045233304863563396,FALSE,TRUE
2023-05-01,Sorpresa disponible,TRUE,sorpresa_h12_disponible,4.180000000000001,0.014659188296917444,0.016039203591542813,-0.016777073083211948,0.04609544967704684,0.045233304863563396,FALSE,TRUE
2023-06-01,Sorpresa disponible,TRUE,sorpresa_h12_disponible,2.25,0.016442601400005964,0.01671549160148948,-0.01631916012279516,0.04920436292280708,0.045233304863563396,FALSE,TRUE
2023-07-01,Sorpresa disponible,TRUE,sorpresa_h12_disponible,0.3199999999999994,0.018654546543620313,0.017298829619505192,-0.01525053648530458,0.0525596295725452,0.045233304863563396,FALSE,TRUE
2023-08-01,Sorpresa disponible,TRUE,sorpresa_h12_disponible,-0.34999999999999964,0.02088878680272639,0.017736066424610075,-0.013873264616919439,0.05565083822237221,0.045233304863563396,FALSE,TRUE
2023-09-01,Sorpresa disponible,TRUE,sorpresa_h12_disponible,-0.9700000000000006,0.023091468029278205,0.018059415429167273,-0.012304335793736607,0.05848727185229302,0.045233304863563396,FALSE,TRUE
2023-10-01,Sorpresa disponible,TRUE,sorpresa_h12_disponible,-0.9099999999999993,0.025251845084152336,0.018310638863990668,-0.010636347623188772,0.06114003779149345,0.045233304863563396,FALSE,TRUE
2023-11-01,Sorpresa disponible,TRUE,sorpresa_h12_disponible,-0.6599999999999993,0.027732453724445445,0.018479160665403508,-0.008486035644274643,0.06395094309316554,0.045233304863563396,FALSE,TRUE
2023-12-01,Sorpresa disponible,TRUE,sorpresa_h12_disponible,-1.9699999999999998,0.030449971522882677,0.018547352402328274,-0.005902171194253184,0.06680211424001854,0.045233304863563396,FALSE,TRUE
2024-01-01,Sorpresa disponible,TRUE,sorpresa_h12_disponible,-1.9700000000000006,0.03309993860768277,0.018644673273075292,-0.003442949511061326,0.06964282672642685,0.045233304863563396,FALSE,TRUE
2024-02-01,Sorpresa disponible,TRUE,sorpresa_h12_disponible,-1.65,0.03576991220513336,0.01877000784703701,-0.0010186271645933748,0.0725584515748601,0.045233304863563396,FALSE,TRUE
2024-03-01,Sorpresa disponible,TRUE,sorpresa_h12_disponible,-1.9699999999999998,0.038560051284492046,0.01887823057889147,0.0015593992580220373,0.07556070331096205,0.045233304863563396,TRUE,FALSE
2024-04-01,Sorpresa disponible,TRUE,sorpresa_h12_disponible,-1.9500000000000002,0.04100350648962423,0.01900656266922343,0.0037513281880428365,0.07825568479120562,0.045233304863563396,TRUE,FALSE
2024-05-01,Sorpresa disponible,TRUE,sorpresa_h12_disponible,-1.7500000000000004,0.04293961693942942,0.019135163577731092,0.005435385488793881,0.08044384839006496,0.045233304863563396,TRUE,FALSE
2024-06-01,Sorpresa disponible,TRUE,sorpresa_h12_disponible,-1.2700000000000005,0.04466546763930779,0.019230209743893934,0.006974949126124466,0.08235598615249111,0.045233304863563396,TRUE,FALSE
2024-07-01,Sorpresa disponible,TRUE,sorpresa_h12_disponible,-1.3200000000000003,0.04642227154892474,0.01924858763792969,0.008695733025319646,0.08414881007252983,0.045233304863563396,TRUE,FALSE
2024-08-01,Sorpresa disponible,TRUE,sorpresa_h12_disponible,-0.8900000000000001,0.048332150019192194,0.019193557735067073,0.010713468123270564,0.08595083191511382,0.045233304863563396,TRUE,FALSE
2024-09-01,Sorpresa disponible,TRUE,sorpresa_h12_disponible,-1.4899999999999998,0.050151350819003994,0.019031627211375513,0.012850046917515533,0.08745265472049246,0.045233304863563396,TRUE,FALSE
2024-10-01,Sorpresa disponible,TRUE,sorpresa_h12_disponible,-2.3300000000000005,0.05180816459550345,0.018801956531147457,0.014957006955566794,0.0886593222354401,0.045233304863563396,TRUE,FALSE
2024-11-01,Sorpresa disponible,TRUE,sorpresa_h12_disponible,-3.38,0.05362973012393289,0.018613249158041762,0.017148432138900563,0.09011102810896522,0.045233304863563396,TRUE,FALSE
2024-12-01,Sorpresa disponible,TRUE,sorpresa_h12_disponible,-2.84,0.05404171757164844,0.01866208476566478,0.017464703554511865,0.09061873158878501,0.045233304863563396,TRUE,FALSE
2025-01-01,Sorpresa disponible,TRUE,sorpresa_h12_disponible,-2.7800000000000002,0.05595293987695873,0.018794141522118835,0.019117099373257028,0.09278878038066043,0.045233304863563396,TRUE,FALSE
2025-02-01,Sorpresa disponible,TRUE,sorpresa_h12_disponible,-2.28,0.05761474859535581,0.01902752224454996,0.020321490281003163,0.09490800690970845,0.045233304863563396,TRUE,FALSE
2025-03-01,Sorpresa disponible,TRUE,sorpresa_h12_disponible,-2.5599999999999996,0.05926929841918759,0.01924558466748393,0.02154864560950283,0.09698995122887236,0.045233304863563396,TRUE,FALSE
2025-04-01,Sorpresa disponible,TRUE,sorpresa_h12_disponible,-2.4799999999999995,0.06076763960208685,0.01950936757659665,0.022529981790803955,0.09900529741336975,0.045233304863563396,TRUE,FALSE
2025-05-01,Sorpresa disponible,TRUE,sorpresa_h12_disponible,-2.38,0.06181342735638006,0.019794241390096643,0.023017427130498598,0.10060942758226152,0.045233304863563396,TRUE,FALSE
2025-06-01,Sorpresa disponible,TRUE,sorpresa_h12_disponible,-2.2800000000000002,0.062475142943450454,0.02009588781171309,0.023087926595135373,0.10186235929176554,0.045233304863563396,TRUE,FALSE
2025-07-01,Sorpresa disponible,TRUE,sorpresa_h12_disponible,-2.2,0.06292403503125184,0.020392169878754494,0.022956116502270515,0.10289195356023316,0.045233304863563396,TRUE,FALSE
2025-08-01,Sorpresa disponible,TRUE,sorpresa_h12_disponible,-2.92,0.06328256374113261,0.020664856631057174,0.022780188998576846,0.10378493848368839,0.045233304863563396,TRUE,FALSE
2025-09-01,Sorpresa disponible,TRUE,sorpresa_h12_disponible,-2.8200000000000003,0.06352250355656835,0.02105867186085989,0.022248265147035894,0.10479674196610081,0.045233304863563396,TRUE,FALSE
2025-10-01,Sorpresa disponible,TRUE,sorpresa_h12_disponible,-2.5700000000000003,0.06336010172873785,0.02156163060668714,0.021100082291674552,0.10562012116580115,0.045233304863563396,TRUE,FALSE
2025-11-01,Sorpresa disponible,TRUE,sorpresa_h12_disponible,-2.6500000000000004,0.06277120266814447,0.022138197984635854,0.019381131935640998,0.10616127340064793,0.045233304863563396,TRUE,FALSE
2025-12-01,Sorpresa disponible,TRUE,sorpresa_h12_disponible,-1.8599999999999999,0.061628014243442095,0.022820881494747945,0.016899908418279534,0.10635612006860465,0.045233304863563396,TRUE,FALSE
2026-01-01,Sorpresa disponible,TRUE,sorpresa_h12_disponible,-2.24,0.061760527157177385,0.023492008268962625,0.015717037025493513,0.10780401728886126,0.045233304863563396,TRUE,FALSE
2026-02-01,Sorpresa disponible,TRUE,sorpresa_h12_disponible,-2.58,0.062053557579489896,0.024260356723462558,0.01450413214940914,0.10960298300957065,0.045233304863563396,TRUE,FALSE
2026-03-01,Sorpresa disponible,TRUE,sorpresa_h12_disponible,-2.09,0.062268201379972764,0.025216787613746187,0.012844205851234518,0.11169219690871102,0.045233304863563396,TRUE,FALSE
2026-04-01,Sorpresa disponible,TRUE,sorpresa_h12_disponible,-0.96,0.0623773752840412,0.02628140209795182,0.010866773708840226,0.11388797685924218,0.045233304863563396,TRUE,FALSE
2026-05-01,Sorpresa disponible,TRUE,sorpresa_h12_disponible,-0.2899999999999996,0.0625170421661751,0.027319562347741723,0.008971683891204806,0.11606240044114538,0.045233304863563396,TRUE,FALSE
2026-06-01,Sorpresa disponible,TRUE,sorpresa_h12_disponible,-0.4900000000000002,0.06262534552455418,0.028315246806609788,0.007128481570236225,0.11812220947887213,0.045233304863563396,TRUE,FALSE
