fecha,inflacion,expectativa,meta_inflacion,a0_t,a_t,b_t,c0_t,c_t,d_t,c0_se,c_se,c0_li_95,c0_ls_95,c_li_95,c_ls_95,lambda_t,lambda_se,pi_estrella_t,pi_estrella_se,denominador_lambda,denominador_ancla,lambda_li_95,lambda_ls_95,pi_estrella_li_95,pi_estrella_ls_95,lambda_fuera_0_1,lambda_no_distinta_de_1,brecha_ancla_meta,banda_inferior,banda_superior,ancla_dentro_banda_meta,radio_espectral,estable
2010-02-01,2.48,4.25,5,0.2961636298997075,0.945572281909891,-0.01613087685052156,3.6022409412937,0.18438591434210722,0.2520246348692555,0.2790813815561046,0.03965647154644172,3.0552514846880543,4.149230397899346,0.10666065835714406,0.2621111703270704,0.7534866481733968,0.0463857756309937,6.39160462683083,0.27616363862549753,0.7479753651307445,0.5635894507886372,0.6625721985416935,0.8444010978051002,5.8503338412853205,6.932875412376339,FALSE,FALSE,1.39160462683083,4,6,FALSE,0.9412568911981071,TRUE
2010-03-01,3.93,6.26,5,0.2961636298997075,0.9455722819098912,-0.01613087685052157,3.659889548904215,0.18509397199536998,0.2520246348692554,0.28188584549892143,0.039314691601628274,3.1074034439747074,4.212375653833723,0.10803859239287925,0.2621493515978607,0.7525400158559822,0.0458210808608872,6.502061701698498,0.2603708526927583,0.7479753651307446,0.5628813931353747,0.6627323476359457,0.8423476840760187,5.9917442077967085,7.012379195600287,FALSE,FALSE,1.5020617016984978,4,6,FALSE,0.9412402149130285,TRUE
2010-04-01,3.75,5.81,5,0.2961636298997064,0.9455722819098885,-0.016130876850518373,3.6085673799594913,0.1834808674549734,0.25202463486925675,0.2902404794884035,0.03897964523374971,3.0397064933065843,4.177428266612398,0.10708216666667564,0.2598795682432712,0.7546966437552369,0.045250136074766904,6.392564311640382,0.23144509225558332,0.7479753651307433,0.5644944976757699,0.6660080067531572,0.8433852807573167,5.938940266420889,6.846188356859876,FALSE,FALSE,1.392564311640382,4,6,FALSE,0.9412782058222591,TRUE
2010-05-01,3.51,5.7,5,0.29616362989971,0.9455722819098898,-0.016130876850525055,3.5671568553716586,0.1822023290829619,0.2520246348692581,0.2941374153850212,0.03862272818520252,2.99065811471132,4.143655596031998,0.10650317285528495,0.2579014853106389,0.7564059759493362,0.044739474660486986,6.304925523298373,0.21294487668007325,0.7479753651307419,0.56577303604778,0.6687182169275394,0.844093734971133,5.8875612343131065,6.72228981228364,FALSE,FALSE,1.3049255232983734,4,6,FALSE,0.9413083142281806,TRUE
2010-06-01,4.07,5.45,5,0.2961636298997451,0.94557228190990406,-0.01613087685053216,3.527241276681327,0.1809719411781217,0.2520246348692581,0.29614616960152285,0.038251485104383844,2.9468054501028518,4.107677103259802,0.10600040801835905,0.25594347433788434,0.7580509337409945,0.04424755441895267,6.220846519925193,0.19864845730485875,0.7479753651307419,0.5670034239526203,0.6713273206758712,0.8447745468061179,5.831502698023228,6.610190341827159,FALSE,FALSE,1.2208465199251934,4,6,FALSE,0.9413372862359408,TRUE
2010-07-01,4.12,5.11,5,0.29616362989972483,0.945572281909888,-0.01613087685053216,3.502499828739707,0.1801990149316191,0.2520246348692563,0.29688017265935873,0.03783398993577065,2.920625382603331,4.084374274876082,0.10604575726605779,0.2543522725971804,0.7590842916328924,0.04371109971719674,6.1688019015081315,0.186358266303918,0.7479753651307437,0.5677763501991246,0.6734121104625479,0.8447564728032368,5.803546411331128,6.534057391685135,FALSE,FALSE,1.1688019015081315,4,6,FALSE,0.9413554851171668,TRUE
2010-08-01,4.1,5.57,5,0.29616362989964456,0.9455722819098522,-0.016130876850482423,3.5286239861305124,0.18120421409477702,0.2520246348692572,0.29801228598947327,0.037447586257878286,2.9445306386406944,4.11271733362033,0.10780829372137855,0.2546001344681755,0.7577403982240735,0.04318092946756516,6.225835559344826,0.18121758644781935,0.7479753651307428,0.5667711510359658,0.6731073316486814,0.8423734647994655,5.870655616541826,6.581015502147825,FALSE,FALSE,1.2258355593448256,4,6,FALSE,0.9413318170811354,TRUE
2010-09-01,3.76,5.68,5,0.29616362989963574,0.945572281909849,-0.0161308768504842,3.5540384132476417,0.18218429819283474,0.25202463486925764,0.30151180833925467,0.03712114407674954,2.9630861279891594,4.144990698506124,0.10942819273748332,0.25494040364818615,0.7564300822113441,0.0426831190089552,6.281538576567306,0.17702635169885944,0.7479753651307424,0.5657910669379076,0.672772706205955,0.8400874582167333,5.93457330292302,6.628503850211592,FALSE,FALSE,1.2815385765673062,4,6,FALSE,0.941308738820148,TRUE
2010-10-01,4.51,5.89,5,0.29616362989963263,0.9455722819098494,-0.0161308768504842,3.581975654794794,0.1832532231858386,0.25202463486925786,0.3052190408600224,0.03678847508451458,2.983757327313291,4.180193982276297,0.11114913697404093,0.25535730939763623,0.7550009910369082,0.04217100356523374,6.3428992574267875,0.17300040995364954,0.7479753651307421,0.5647221419449036,0.6723473428571399,0.8376546392166765,6.00382468460697,6.681973830246605,FALSE,FALSE,1.3428992574267875,4,6,FALSE,0.9412835668296435,TRUE
2010-11-01,5.25,6.22,5,0.2961636298996294,0.945572281909849,-0.016130876850482423,3.5908178470188865,0.18370547878957602,0.25202463486925764,0.30885049328110004,0.03638577308015371,2.9854820035805005,4.1961536904572725,0.11239067400282773,0.25502028357632434,0.7543963513324196,0.041578552432993104,6.3636531630323825,0.1646660837873278,0.7479753651307424,0.5642698863411664,0.6729038860344428,0.8358888166303963,6.0409135693339655,6.6863927567307995,FALSE,FALSE,1.3636531630323825,4,6,FALSE,0.9412729161579708,TRUE
2010-12-01,5.39,6.2,5,0.2961636298996276,0.9455722819098505,-0.0161308768504842,3.5674522075195796,0.1829101159333237,0.2520246348692575,0.31198249065979644,0.035962234369236276,2.955977762019275,4.178926653019884,0.11242543176603212,0.2533948001006153,0.7554597056798096,0.04098851630606542,6.3133456049306735,0.15411597020223142,0.7479753651307425,0.5650652491974187,0.6751236899401887,0.8357957214194305,6.011283853891852,6.615407355969495,FALSE,FALSE,1.3133456049306735,4,6,FALSE,0.9412916468240943,TRUE
2011-01-01,4.9,5.85,5,0.29616362989964107,0.9455722819098533,-0.016130876850487752,3.5334258525111975,0.18163403614535367,0.2520246348692572,0.31342623056630103,0.03556120617183826,2.919121728791101,4.147729976231294,0.11193535280174723,0.25133271948896013,0.757165750888594,0.040477625204272345,6.239039377262816,0.14600732045930317,0.7479753651307428,0.5663413289853891,0.6778310633085094,0.8365004384686785,5.952870287683384,6.525208466842248,FALSE,FALSE,1.2390393772628157,4,6,FALSE,0.9413216961559425,TRUE
2011-02-01,5.24,5.81,5,0.2961636298996347,0.9455722819098517,-0.016130876850487752,3.5223130763473898,0.18141873667577105,0.2520246348692572,0.3134843897890848,0.035183052164053014,2.9078949626452677,4.136731190049511,0.11246122156803315,0.250376251783509,0.7574535938839912,0.040016539905341916,6.217053864417601,0.14184328017548942,0.7479753651307428,0.5665566284549718,0.6790226168836113,0.8358845708843712,5.939046143824618,6.495061585010585,FALSE,FALSE,1.2170538644176014,4,6,FALSE,0.9413267658025306,TRUE
2011-03-01,4.99,6.13,5,0.2961636298996442,0.9455722819098523,-0.016130876850487752,3.518900656866721,0.18152751605240233,0.2520246348692572,0.31392248155568153,0.03477766680646839,2.903623899080146,4.134177414653296,0.11336454164539018,0.2496904904594145,0.7573081621201895,0.039507424154088644,6.212223530537323,0.13788118269104552,0.7479753651307428,0.5664478490783404,0.6798750336562279,0.834741290584151,5.941981378317086,6.48246568275756,FALSE,FALSE,1.2122235305373232,4,6,FALSE,0.9413242043889909,TRUE
2011-04-01,5.76114812916453,6.19,5,0.29616362989964373,0.9455722819098519,-0.016130876850487752,3.495564201727974,0.18073958471466095,0.25202463486925697,0.3150906807599272,0.03438003883769549,2.877997815574309,4.113130587881639,0.11335594680568951,0.2481232226236324,0.758361580955185,0.039001320442365366,6.1624536434635475,0.13344638926636457,0.747975365130743,0.5672357804160821,0.6819203975386432,0.8348027643717268,5.90090352663456,6.424003760292535,FALSE,FALSE,1.1624536434635475,4,6,FALSE,0.9413427572705108,TRUE
2011-05-01,6.3930220625962,5.74,5,0.29616362989963546,0.9455722819098505,-0.016130876850485976,3.4470075728189213,0.17887073629062764,0.25202463486925675,0.31541996936987565,0.033880770265026804,2.828795792849238,4.0652193527886045,0.11246564680269953,0.24527582577855572,0.7608601237029221,0.03840509323294873,6.0568960400905905,0.1281184269959009,0.7479753651307433,0.5691046288401156,0.6855875241434397,0.8361327232624045,5.805788537422701,6.30800354275848,FALSE,FALSE,1.0568960400905905,4,6,FALSE,0.9413867577513768,TRUE
2011-06-01,6.42229936695938,6.16,5,0.29616362989963696,0.9455722819098505,-0.016130876850487752,3.428753828865155,0.178501354411584,0.25202463486925675,0.31480773319988764,0.03334894611771992,2.811742009738681,4.045765647991629,0.1131386210984861,0.24386408772468188,0.7613539660087834,0.03777818330631133,6.020913622616701,0.1258744607033659,0.7479753651307433,0.5694740107191593,0.6873100873270609,0.8353978446905058,5.774204213064701,6.2676230321687,FALSE,FALSE,1.0209136226167006,4,6,FALSE,0.9413954538714573,TRUE
2011-07-01,7.03967446592064,5.88,5,0.2961636298996437,0.9455722819098528,-0.016130876850491305,3.3958893106789554,0.17732969765130602,0.25202463486925675,0.3155450144207509,0.03293391635789295,2.777432446913112,4.014346174444799,0.11278040771998131,0.2418789875826307,0.7629204036414896,0.03726044937788165,5.950959595783356,0.12511151138167012,0.7479753651307433,0.5706456674794372,0.6898912648130637,0.8359495424699155,5.705745539423909,6.196173652142803,FALSE,FALSE,0.9509595957833561,4,6,TRUE,0.9414230359728606,TRUE
2011-08-01,7.6258261311642,5.95,5,0.29616362989965644,0.9455722819098537,-0.016130876850491305,3.384129555212983,0.17732220654210135,0.25202463486925686,0.3155196134720042,0.03252552206833174,2.765722476391856,4.00253663403411,0.11357335470980844,0.24107105837439424,0.7629304188232107,0.036760680165643406,5.930273940098261,0.12560628007076985,0.7479753651307431,0.5706531585886419,0.6908808096513537,0.8349800279950677,5.684090154927501,6.176457725269021,FALSE,FALSE,0.9302739400982611,4,6,TRUE,0.9414232123147482,TRUE
2011-09-01,7.24931562404949,6.43,5,0.2961636298996613,0.9455722819098544,-0.016130876850494857,3.3891053900722476,0.17832661491679444,0.25202463486925686,0.3161465880874995,0.032270079885246286,2.769469463585529,4.008741316558966,0.1150784205634813,0.24157480927010758,0.7615875826530414,0.03640649055637356,5.949465155149322,0.12615271519932572,0.7479753651307431,0.5696487502139487,0.6902321723590517,0.8329429929470311,5.702210376806705,6.196719933491939,FALSE,FALSE,0.9494651551493218,4,6,TRUE,0.9413995675741275,TRUE
2011-10-01,6.65,6.51,5,0.29616362989965744,0.9455722819098551,-0.01613087685049308,3.375600504097001,0.17812056573053914,0.2520246348692569,0.31715890755349907,0.0322761660296481,2.7539804679160746,3.9972205402779273,0.11486044275339373,0.24138068870768453,0.7618630585521966,0.036360988091310956,5.923615116780559,0.12566283523555014,0.747975365130743,0.5698547994002039,0.6905968314509373,0.8331292856534559,5.6773204855236905,6.169909748037428,FALSE,FALSE,0.9236151167805593,4,6,TRUE,0.9414044183034898,TRUE
2011-11-01,6.05484387510006,6.06,5,0.29616362989965306,0.9455722819098548,-0.01613087685049308,3.3394221019062846,0.17650276053117506,0.25202463486925697,0.3163257628487219,0.03237150078920826,2.7194349993406317,3.9594092044719376,0.11305578485881695,0.23994973620353316,0.7640259709618604,0.03651100025125206,5.843538386667239,0.12528254275555034,0.747975365130743,0.571472604599568,0.6924657254298735,0.8355862164938473,5.597989114974761,6.089087658359717,FALSE,FALSE,0.8435383866672392,4,6,TRUE,0.9414425016545556,TRUE
2011-12-01,6.2,5.62,5,0.29616362989963846,0.9455722819098542,-0.01613087685049308,3.3128013764812416,0.17543086117874626,0.2520246348692569,0.31313126185619217,0.032451690087623775,2.6990753808095245,3.9265273721529588,0.11182671736954822,0.2390350049879443,0.7654590386836047,0.03671861382718967,5.7861028332550255,0.1250109563050132,0.747975365130743,0.5725445039519967,0.6934918780200785,0.8374261993471308,5.541085861224289,6.031119805285762,FALSE,FALSE,0.7861028332550255,4,6,TRUE,0.9414677319777152,TRUE
2012-01-01,5.44,5.95,4.5,0.2961636298996421,0.9455722819098542,-0.01613087685049308,3.3149290097609962,0.1758540257640261,0.252024634869257,0.309444691757228,0.03252339465006278,2.708428558709731,3.9214294608122615,0.11210934359492039,0.2395987079331318,0.7648932919959369,0.036912186418173135,5.794101323733708,0.12533313730864862,0.747975365130743,0.5721213393667169,0.6925467360256891,0.8372398479661848,5.548452888539344,6.039749758928072,FALSE,FALSE,1.2941013237337078,3.5,5.5,FALSE,0.9414577717689299,TRUE
2012-02-01,5.17,6.11,4.5,0.2961636298996431,0.9455722819098543,-0.016130876850491305,3.3039800624456714,0.1755808370365386,0.25202463486925697,0.3071774593300222,0.03272201478841828,2.7019233052963108,3.906036819595032,0.11144686654965175,0.23971480752342544,0.7652585295962953,0.03722564950288859,5.772207630017567,0.12788616924794463,0.747975365130743,0.5723945280942044,0.6922975972695222,0.8382194619230683,5.521555344170801,6.022859915864332,FALSE,FALSE,1.2722076300175669,3.5,5.5,FALSE,0.9414642019638801,TRUE
2012-03-01,4.55,5.47,4.5,0.29616362989963746,0.9455722819098541,-0.01613087685048953,3.2572517756744737,0.17363588426648113,0.25202463486925686,0.3042041282233904,0.03290042682797241,2.6610226404082242,3.853480910940723,0.10915223260765985,0.2381195359253024,0.7678588194731115,0.03755606456366441,5.671300483771347,0.1310789007905366,0.7479753651307431,0.574339480864262,0.6942502855272683,0.8414673534189547,5.414390559088797,5.928210408453897,FALSE,FALSE,1.171300483771347,3.5,5.5,FALSE,0.9415099779113812,TRUE
2012-04-01,4.27,5.54,4.5,0.2961636298996376,0.945572281909854,-0.01613087685048953,3.2334201384368817,0.1727076629086982,0.25202463486925675,0.29918428439133143,0.033033386442534125,2.647029716289483,3.8198105605842803,0.10796341519393765,0.23745191062345877,0.7690997979879864,0.03787258682405994,5.620722536564078,0.1352762734818308,0.7479753651307433,0.575267702222045,0.6948708918114628,0.8433287041645101,5.355585912576899,5.885859160551258,FALSE,FALSE,1.1207225365640783,3.5,5.5,FALSE,0.9415318221541167,TRUE
2012-05-01,3.9,5.28,4.5,0.29616362989963413,0.9455722819098538,-0.01613087685048953,3.1951077240111805,0.1712135319923006,0.2520246348692568,0.29477560169023853,0.03315369102052169,2.617358161177189,3.772857286845172,0.10623349163750913,0.2361935723470921,0.7710973650016226,0.03816532212663406,5.539735017875645,0.1397418244171015,0.7479753651307433,0.5767618331384426,0.6962947081750502,0.845900021828195,5.265846074884206,5.813623960867084,FALSE,FALSE,1.0397350178756453,3.5,5.5,FALSE,0.9415669812722465,TRUE
2012-06-01,3.47,5.11,4.5,0.29616362989962647,0.9455722819098535,-0.016130876850487752,3.16111412338838,0.16987779412436416,0.25202463486925675,0.2899273997036908,0.033243102715560385,2.5928668618377975,3.7293613849389624,0.10472251006750015,0.23503307818122815,0.7728831696286278,0.038425689133300404,5.468132512450044,0.14434331561822292,0.7479753651307433,0.5780975710063792,0.697570202846227,0.8481961364110286,5.1852248124292295,5.751040212470858,FALSE,FALSE,0.968132512450044,3.5,5.5,TRUE,0.941598410113931,TRUE
2012-07-01,2.86,4.9,4.5,0.29616362989962847,0.9455722819098537,-0.016130876850487752,3.131635041851889,0.16869327995725752,0.2520246348692568,0.2853226928848719,0.03330881975370025,2.5724128398255575,3.69085724387822,0.10340919287246875,0.2339773670420463,0.7744667968740246,0.0386481739163091,5.406062300224621,0.148930112334233,0.7479753651307433,0.5792820851734857,0.6987177679298185,0.8502158258182307,5.11416464383602,5.6979599566132215,FALSE,FALSE,0.9060623002246206,3.5,5.5,TRUE,0.9416262783726943,TRUE
2012-08-01,2.71,4.55,4.5,0.29616362989962963,0.9455722819098535,-0.016130876850487752,3.112834004915741,0.1678270132654024,0.2520246348692567,0.28114287379566416,0.03333941827581292,2.56180409776615,3.6638639120653322,0.10248295417929264,0.23317107235151213,0.7756249455674695,0.03881322665055526,5.365582777072623,0.15301894195080207,0.7479753651307433,0.5801483518653409,0.699552419208591,0.851697471926348,5.065671161896626,5.66549439224862,FALSE,FALSE,0.865582777072623,3.5,5.5,TRUE,0.9416466577369014,TRUE
2012-09-01,3.28,5.17,4.5,0.29616362989962364,0.9455722819098535,-0.016130876850486864,3.122319241591533,0.16765558772733782,0.2520246348692567,0.27774460163807285,0.03331269762393648,2.577949825480486,3.66668865770258,0.10236390015654931,0.23294727529812634,0.7758541316423807,0.03888406356817926,5.38034263723029,0.1559131150616325,0.7479753651307433,0.5803197774034055,0.6996427674761834,0.852065495808578,5.07475854699204,5.685926727468539,FALSE,FALSE,0.8803426372302896,3.5,5.5,TRUE,0.9416506904662347,TRUE
2012-10-01,3.35,4.76,4.5,0.2961636298996241,0.9455722819098538,-0.016130876850487308,3.086318505584868,0.16642541922150234,0.2520246348692566,0.27659762066751914,0.033246768315787996,2.544197130867059,3.628439880302677,0.10126295072021049,0.23158788772279418,0.7774987961102011,0.03888292616641292,5.307056646285941,0.1536453652643649,0.7479753651307435,0.5815499459092411,0.7012896612105017,0.8537079310099005,5.005917263976285,5.608196028595598,FALSE,FALSE,0.8070566462859414,3.5,5.5,TRUE,0.9416796283838178,TRUE
2012-11-01,3.11,4.82,4.5,0.2961636298996246,0.9455722819098538,-0.016130876850487752,3.068156969232375,0.16569781656229635,0.25202463486925664,0.2742948032986577,0.03313557261110071,2.530549033620508,3.605764904844242,0.10075328763742715,0.23064234548716556,0.7784715589752973,0.03883564716391982,5.269234537336298,0.1512815570659714,0.7479753651307434,0.582277548568447,0.7023550892177094,0.8545880287328852,4.972728133961853,5.565740940710743,FALSE,FALSE,0.7692345373362981,3.5,5.5,TRUE,0.9416967430244102,TRUE
2012-12-01,3.45,4.93,4.5,0.29616362989962314,0.9455722819098539,-0.016130876850488196,3.0502889400874884,0.16497865905253703,0.2520246348692566,0.27290195105575116,0.03301512700723039,2.5154109447075035,3.5851669354674733,0.10027019917334982,0.22968711893172422,0.7794330311617959,0.0387604463837227,5.232086062040813,0.14849275479834256,0.7479753651307435,0.5829967060782064,0.7034639522250036,0.8554021100985881,4.941045610670924,5.523126513410702,FALSE,FALSE,0.7320860620408132,3.5,5.5,TRUE,0.941713658179171,TRUE
2013-01-01,3.86,4.83,4,0.2961636298996236,0.9455722819098539,-0.016130876850488196,3.0169539284037366,0.16384634965076084,0.25202463486925664,0.2718184233703157,0.032851624098777205,2.4841996082634576,3.5497082485440155,0.09945834958350942,0.22823434971801226,0.7809468636415304,0.03862787381509117,5.164875992206424,0.14328553541984027,0.7479753651307434,0.5841290154799825,0.705237622164594,0.8566561051184669,4.884041503277999,5.445710481134849,FALSE,FALSE,1.164875992206424,3,5,FALSE,0.9417402893030045,TRUE
2013-02-01,4.18,4.61,4,0.29616362989962314,0.9455722819098539,-0.01613087685048864,2.9830796793665084,0.1626980614981249,0.2520246348692567,0.2704373053022738,0.03265376238303894,2.453032300897989,3.5131270578350278,0.09869786326763981,0.22669825972861002,0.7824820587912198,0.038456065310345226,5.096865470182324,0.13756925578158477,0.7479753651307433,0.5852773036326183,0.707109555795823,0.8578545617866166,4.82723468347044,5.366496256894209,FALSE,FALSE,1.0968654701823244,3,5,FALSE,0.9417672941240105,TRUE
2013-03-01,4.34,4.66,4,0.29616362989962164,0.9455722819098534,-0.01613087685048864,2.971445526077801,0.16228711321709927,0.25202463486925675,0.269267588666995,0.03245689942696872,2.4436907500865455,3.4992003020690565,0.09867275929040187,0.22590146714379666,0.7830314729834289,0.03827547251117051,5.0734251820299825,0.13356587263609462,0.7479753651307433,0.5856882519136439,0.7080129253702818,0.858050020596576,4.8116408820995735,5.3352094819603915,FALSE,FALSE,1.0734251820299825,3,5,FALSE,0.9417769580672473,TRUE
2013-04-01,4.13,4.93,4,0.29616362989962275,0.9455722819098535,-0.01613087685048864,2.975254985682229,0.16243062331461972,0.25202463486925664,0.26940682041001857,0.032305114346737586,2.447227320489142,3.5032826508753154,0.09911376267856588,0.22574748395067357,0.7828396082453498,0.03812051655543293,5.081174457231376,0.13141741034053273,0.7479753651307434,0.5855447418161237,0.7081247687246384,0.8575544477660613,4.823601066022411,5.338747848440342,FALSE,FALSE,1.0811744572313762,3,5,FALSE,0.9417735832855901,TRUE
2013-05-01,4.27,4.83,4,0.296163629899622,0.9455722819098533,-0.016130876850487752,2.9713893143933405,0.1622880324739602,0.2520246348692567,0.2705574500091735,0.032201027431927126,2.4411064566263647,3.5016721721603163,0.09917517844219675,0.22540088650572365,0.7830302439899303,0.0380049881692868,5.073337169364043,0.1297882903726496,0.7479753651307433,0.5856873326567831,0.7085418359452573,0.8575186520346032,4.818956794618623,5.327717544109463,FALSE,FALSE,1.0733371693640432,3,5,FALSE,0.9417769364501203,TRUE
2013-06-01,4.79,5.21,4,0.2961636298996227,0.9455722819098533,-0.016130876850487752,2.973035498959915,0.1623409618477135,0.25202463486925664,0.2713040291254529,0.03208128229784753,2.4412893730134217,3.5047816249064083,0.09946280396606998,0.225219119729357,0.7829594804645246,0.03787550727306826,5.07660663767918,0.1283631658348339,0.7479753651307434,0.5856344032830298,0.7087248503131259,0.8571941106159232,4.825019455701363,5.328193819656996,FALSE,FALSE,1.0766066376791796,3,5,FALSE,0.9417756917674162,TRUE
2013-07-01,4.74,4.81,4,0.29616362989961786,0.9455722819098532,-0.016130876850486864,2.9414305304907877,0.16117440093211088,0.25202463486925664,0.27227396750016125,0.031965199500167234,2.4077833602626426,3.475077700718933,0.09852376115314539,0.2238250407110764,0.7845191052462828,0.03775292856724858,5.012654562535981,0.12572135162016188,0.7479753651307434,0.5868009641986325,0.7105247249435622,0.8585134855490033,4.766245241272768,5.259063883799194,FALSE,FALSE,1.0126545625359809,3,5,FALSE,0.9418031234686178,TRUE
2013-08-01,4.42,4.89,4,0.2961636298996149,0.9455722819098528,-0.01613087685048642,2.9318753181864103,0.1609149982910787,0.2520246348692567,0.2715358184659897,0.03187096793743254,2.399674893480465,3.464075742892356,0.09844904898128012,0.22338094760087726,0.7848659116427567,0.03769004111220366,4.994163264622412,0.1250843250406496,0.7479753651307433,0.5870603668396646,0.7109947884870036,0.8587370347985097,4.749002492512237,5.2393240367325875,FALSE,FALSE,0.9941632646224123,3,5,TRUE,0.9418092230283008,TRUE
2013-09-01,4.21,4.91,4,0.29616362989961803,0.9455722819098531,-0.016130876850486864,2.9240362768362034,0.16072546434811494,0.25202463486925664,0.2711386808922883,0.03183482188421432,2.39261422747162,3.455458326200787,0.09833036000080736,0.22312056869542252,0.785119307612463,0.03768893272445498,4.979202674941857,0.1254322832910728,0.7479753651307434,0.5872499007826284,0.7112503568567782,0.8589882583681477,4.733359917192729,5.225045432690985,FALSE,FALSE,0.979202674941857,3,5,TRUE,0.9418136796360036,TRUE
2013-10-01,4.15,4.71,4,0.2961636298996165,0.945572281909853,-0.016130876850487308,2.9118019646705875,0.16036907062371386,0.25202463486925664,0.27055063801767837,0.0318058416117921,2.381532458161605,3.44207147117957,0.098030766566616,0.22270737468081173,0.7855957855033342,0.03770025680145134,4.955362105359057,0.1258298904231699,0.7479753651307434,0.5876062945070295,0.7117046399645783,0.8594869310420901,4.708740051951022,5.201984158767091,FALSE,FALSE,0.9553621053590566,3,5,TRUE,0.9418220595455521,TRUE
2013-11-01,4.63,4.7,4,0.29616362989961714,0.9455722819098529,-0.016130876850486864,2.9112183219192125,0.16043396261783455,0.25202463486925664,0.2695503049675433,0.031760245660724995,2.38290943216104,3.439527211677385,0.09818502498266904,0.22268290025300005,0.785509028643221,0.03769543800706728,4.9549160441595435,0.12645191135124215,0.7479753651307434,0.5875414025129089,0.7116273277679068,0.8593907295185352,4.707074852134857,5.20275723618423,FALSE,FALSE,0.9549160441595435,3,5,TRUE,0.9418205337509854,TRUE
2013-12-01,4.39,5.19,4,0.29616362989961736,0.9455722819098529,-0.016130876850487308,2.9171583553729548,0.16073138743041607,0.25202463486925664,0.2690813511698113,0.03171456600640181,2.38976859816875,3.4445481125771593,0.09857198027255025,0.22289079458828187,0.7851113887924359,0.03767688606938186,4.967540692024927,0.12720904980066364,0.7479753651307434,0.5872439777003273,0.7112660490468286,0.8589567285380433,4.7182155359080635,5.21686584814179,FALSE,FALSE,0.9675406920249268,3,5,TRUE,0.9418135403644424,TRUE
2014-01-01,4.14,4.94,4,0.2961636298996163,0.9455722819098528,-0.01613087685048642,2.888049688517703,0.15963502440504698,0.25202463486925664,0.269183117731976,0.031737793738889165,2.360460472516825,3.415638904518581,0.09743009172806341,0.22183995708203055,0.7865771630364546,0.037737044152608014,4.908807859334273,0.12789459737256068,0.7479753651307434,0.5883403407256964,0.7126139156143452,0.8605404104585641,4.658139054666804,5.159476664001743,FALSE,FALSE,0.9088078593342734,3,5,TRUE,0.9418393185785191,TRUE
2014-02-01,3.5,4.68,4,0.2961636298996169,0.9455722819098529,-0.016130876850487308,2.854546973679221,0.1583729802385723,0.2520246348692567,0.26714828741887825,0.03175519930979153,2.330945951806665,3.378147995551777,0.09613393326948974,0.22061202720765485,0.7882644434273723,0.03783609735102584,4.841477997415619,0.1292180986010299,0.7479753651307433,0.589602384892171,0.7141070553038104,0.8624218315509343,4.5882151780068545,5.094740816824383,FALSE,FALSE,0.8414779974156188,3,5,TRUE,0.9418689899690156,TRUE
2014-03-01,3.25,4.54,4,0.29616362989961725,0.945572281909853,-0.016130876850487308,2.8287042655771977,0.1573833148420845,0.2520246348692567,0.264067656940641,0.03177523134640084,2.311141168491663,3.3462673626627324,0.09510500580271072,0.2196616238814583,0.7895875690844785,0.037956779216087276,4.789607757494594,0.13136951735077473,0.7479753651307433,0.5905920502886588,0.7151936488518089,0.863981489317148,4.532128234820666,5.0470872801685225,FALSE,FALSE,0.7896077574945943,3,5,TRUE,0.941892255781533,TRUE
2014-04-01,3.27,4.66,4,0.29616362989961653,0.945572281909853,-0.016130876850487308,2.804798756836742,0.15645188471960667,0.25202463486925675,0.26089385712509483,0.031765692582724506,2.2934561930838178,3.3161413205896664,0.09419227131349553,0.2187114981257178,0.7908328375330123,0.03803995516807936,4.741652444442739,0.13296237895889867,0.7479753651307433,0.5915234804111366,0.7162758954300584,0.8653897796359661,4.481050970384532,5.002253918500946,FALSE,FALSE,0.7416524444427388,3,5,TRUE,0.9419141511135227,TRUE
2014-05-01,3.22,4.28,4,0.29616362989961664,0.9455722819098529,-0.016130876850487308,2.7602655951255404,0.15494464759863635,0.25202463486925664,0.25795833649570193,0.0317230977062078,2.2546765460821003,3.2658546441689804,0.09276851861642388,0.21712077658084883,0.7928479267875987,0.03807876745643273,4.654506947991439,0.1328531694714944,0.7479753651307434,0.593030717532107,0.7182149139973147,0.8674809395778827,4.394119520595313,4.914894375387564,FALSE,FALSE,0.6545069479914387,3,5,TRUE,0.9419495791072804,TRUE
2014-06-01,3.13,4.36,4,0.2961636298996165,0.9455722819098529,-0.016130876850487086,2.732167009585856,0.1538989937088017,0.25202463486925664,0.25422864318733157,0.03164376657727856,2.2338880251002022,3.23044599407151,0.09187835088214344,0.21591963653545995,0.7942459058368845,0.03807961811345516,4.599016458180827,0.13249007673160967,0.7479753651307434,0.5940763714219417,0.7196112257894733,0.8688805858842956,4.339340679477925,4.85869223688373,FALSE,FALSE,0.5990164581808273,3,5,TRUE,0.9419741553203781,TRUE
2014-07-01,3.41,4.41,4,0.2961636298996178,0.945572281909853,-0.01613087685048753,2.69860825882825,0.1527023299198311,0.2520246348692566,0.25137371368089045,0.03155265281385884,2.2059248333536217,3.1912916843028785,0.09086026678797139,0.21454439305169082,0.7958457764272233,0.03805099260026467,4.5333957683336035,0.131496214047784,0.7479753651307435,0.5952730352109123,0.7212672013547045,0.8704243514997422,4.275667924696577,4.7911236119706295,FALSE,FALSE,0.5333957683336035,3,5,TRUE,0.9420022785899826,TRUE
2014-08-01,3.7,4.06,4,0.2961636298996177,0.9455722819098529,-0.016130876850486864,2.6513406305177294,0.15113712157807596,0.25202463486925647,0.24858830367275236,0.031434982636336865,2.164116508341229,3.1385647526942297,0.08952568775621376,0.21274855539993814,0.7979383698664224,0.03798754322502218,4.442310222507992,0.12930488343085383,0.7479753651307435,0.5968382435526676,0.7234841532842204,0.8723925864486244,4.188877307958368,4.695743137057615,FALSE,FALSE,0.44231022250799157,3,5,TRUE,0.9420390596930337,TRUE
2014-09-01,3.45,4.13,4,0.2961636298996169,0.9455722819098528,-0.016130876850486864,2.626290047675987,0.15022261868678466,0.2520246348692565,0.24530646204964662,0.031308614217122215,2.1454982168837384,3.107081878468236,0.08885886241536645,0.21158637495820287,0.7991610075814111,0.037916907852621584,4.393605990603692,0.1279628017255934,0.7479753651307435,0.5977527464439588,0.7248452337851489,0.8734767813776733,4.142803507860689,4.6444084733466955,FALSE,FALSE,0.3936059906036924,3,5,TRUE,0.9420605479314856,TRUE
2014-10-01,3.64,4.17,4,0.29616362989961725,0.9455722819098529,-0.016130876850487086,2.6089117892760196,0.14955193754626958,0.2520246348692565,0.24311836460733255,0.03122883099629957,2.1324085506653705,3.0854150278866688,0.08834455351423434,0.21075932157830482,0.8000576696531597,0.03788314477786905,4.359641800467018,0.12805930815627195,0.7479753651307435,0.5984234275844739,0.7258080702674198,0.8743072690388997,4.1086501685956085,4.610633432338427,FALSE,FALSE,0.3596418004670179,3,5,TRUE,0.9420763061915594,TRUE
2014-11-01,3.38,4.16,4,0.29616362989962,0.945572281909853,-0.016130876850487308,2.5910984224628546,0.14886836321709349,0.2520246348692565,0.24134004989756247,0.03116350633343062,2.118080616636533,3.0641162282891763,0.08778901317158361,0.20994771326260336,0.8009715691758487,0.03785935279727047,4.324934300861856,0.12855288825328876,0.7479753651307435,0.59910700191365,0.7267686012152028,0.8751745371364945,4.0729752697768085,4.576893331946904,FALSE,FALSE,0.32493430086185615,3,5,TRUE,0.9420923666444179,TRUE
2014-12-01,2.95,4.21,4,0.29616362989962003,0.945572281909853,-0.016130876850487974,2.5757213776575734,0.14826095816497836,0.2520246348692565,0.23957295671451262,0.031133973952512217,2.1061670108273556,3.045275744487791,0.08723949052244628,0.20928242580751044,0.8017836347604004,0.03787889971650899,4.294913291627174,0.13034352169033914,0.7479753651307435,0.5997144069657652,0.7275423555420383,0.8760249139787625,4.0394446834959945,4.550381899758354,FALSE,FALSE,0.29491329162717417,3,5,TRUE,0.9421066368837356,TRUE
2015-01-01,2.32,3.89,4,0.29616362989961953,0.945572281909853,-0.016130876850487752,2.5517146351502915,0.14740302524368287,0.2520246348692566,0.2376534861881564,0.031121855924005883,2.085922361421118,3.017506908879465,0.08640530850058684,0.2084007419867789,0.8029306416824071,0.03792265998984694,4.2488047911599605,0.13267369730778114,0.7479753651307435,0.6005723398870606,0.728603593904349,0.8772576894604652,3.9887691227409405,4.50884045957898,FALSE,FALSE,0.24880479115996046,3,5,TRUE,0.9421267919585914,TRUE
2015-02-01,2.44,4.07,4,0.2961636298996195,0.945572281909853,-0.01613087685048764,2.543756262573537,0.14695171978301502,0.2520246348692565,0.2350095952693299,0.031095150748096698,2.083145919824316,3.004366605322758,0.08600634422290179,0.20789709534312825,0.8035340111003143,0.03795613866651126,4.232373022698334,0.13568210566463762,0.7479753651307435,0.6010236453477285,0.7291413463217441,0.8779266758788845,3.966440982249086,4.498305063147582,FALSE,FALSE,0.23237302269833382,3,5,TRUE,0.942137393822313,TRUE
2015-03-01,2.43,4.11,4,0.2961636298996193,0.945572281909853,-0.01613087685048764,2.5149258977016866,0.14608450787546318,0.2520246348692565,0.2329846074219022,0.031037572710120528,2.058284458202555,2.9715673372008182,0.08525198319608372,0.20691703255484262,0.8046934234927268,0.037943374111830866,4.178375310716889,0.13644382018737797,0.7479753651307435,0.6018908572552804,0.7303257767816088,0.8790610702038447,3.9109503372365686,4.445800284197208,FALSE,FALSE,0.1783753107168886,3,5,TRUE,0.9421577650532649,TRUE
2015-04-01,2.58,3.82,4,0.2961636298996187,0.945572281909853,-0.01613087685048753,2.464414109268533,0.14476291369278016,0.2520246348692565,0.23032559958375848,0.030950671398934718,2.012984229366773,2.915843989170293,0.0841007124535342,0.20542511493202611,0.8064603188268424,0.037900014159407025,4.0854828234957,0.1354249401821279,0.7479753651307435,0.6032124514379633,0.7321776560608466,0.8807429815928383,3.820054818130238,4.350910828861162,FALSE,FALSE,0.08548282349569991,3,5,TRUE,0.9421888076214324,TRUE
2015-05-01,2.55,3.57,4,0.296163629899618,0.945572281909853,-0.016130876850487308,2.4171622840169262,0.14350935926341482,0.25202463486925664,0.22649105873275516,0.030833352683089277,1.9732479660803801,2.861076601953472,0.08307709848193842,0.20394162004489122,0.8081362489280246,0.037829428681442435,3.9988390754061,0.13373605695047222,0.7479753651307434,0.6044660058673286,0.7339919311566709,0.8822805666993783,3.7367212203487767,4.260956930463423,FALSE,FALSE,-0.001160924593900159,3,5,TRUE,0.9422182494292041,TRUE
2015-06-01,2.39,3.67,4,0.2961636298996187,0.945572281909853,-0.01613087685048753,2.388257790219994,0.14266237581204286,0.2520246348692567,0.2227317955815817,0.0307097473696323,1.9517114926681567,2.824804087771832,0.08247237699323992,0.2028523746308458,0.8092686170391373,0.03774790142739842,3.94549238553109,0.13276970899021204,0.7479753651307433,0.6053129893187004,0.7352840897494684,0.8832531443288063,3.6852685376724104,4.2057162333897695,FALSE,FALSE,-0.05450761446891006,3,5,TRUE,0.9422381408135068,TRUE
2015-07-01,2.32,3.56,4,0.29616362989961903,0.9455722819098529,-0.01613087685048742,2.357497160528425,0.14177473925662962,0.25202463486925664,0.22003344997495117,0.03058955895027189,1.9262395231834253,2.788754797873425,0.08182030541113187,0.20172917310212735,0.8104553360098324,0.0376570600237552,3.8889718352385754,0.13189748320985714,0.7479753651307434,0.6062006258741137,0.7366488545996093,0.8842618174200556,3.630457518495779,4.147486151981372,FALSE,FALSE,-0.11102816476142463,3,5,TRUE,0.9422589856986302,TRUE
2015-08-01,1.96,3.31,4,0.2961636298996191,0.945572281909853,-0.01613087685048753,2.3329764582634223,0.1410151944636657,0.25202463486925664,0.21749513190484593,0.030455748857632386,1.906693832917136,2.7592590836097086,0.08132302358050936,0.20070736534682204,0.8114708036687588,0.037545845162760334,3.8437060140196215,0.13093332109984468,0.7479753651307434,0.6069601706670776,0.7378822993806311,0.8850593079568865,3.5870814202877077,4.100330607751536,FALSE,FALSE,-0.15629398598037847,3,5,TRUE,0.942276821526079,TRUE
2015-09-01,1.88,3.4,4,0.2961636298996194,0.945572281909853,-0.01613087685048753,2.3336459010110047,0.1407576019309629,0.25202463486925664,0.2154443371396045,0.030307846016806427,1.9113827595442747,2.7559090424777346,0.08135531528903658,0.20015988857288922,0.8118151900546097,0.03741034722925993,3.8431779213995303,0.13060985304520786,0.7479753651307434,0.6072177631997805,0.7384922568361224,0.8851381232730969,3.5871873134048538,4.099168529394206,FALSE,FALSE,-0.1568220786004697,3,5,TRUE,0.9422828701703059,TRUE
2015-10-01,2.23,3.28,4,0.29616362989961953,0.9455722819098531,-0.016130876850487585,2.338769239901025,0.1405749884457195,0.25202463486925664,0.2150069417809508,0.030135301385366763,1.9173633775842613,2.7601751022177887,0.08151088306714066,0.19963909382429834,0.8120593337707753,0.03722828339757767,3.850457341935148,0.1291617020963499,0.7479753651307434,0.6074003766850239,0.7390932391052727,0.885025428436278,3.597305057644411,4.103609626225886,FALSE,FALSE,-0.14954265806485179,3,5,TRUE,0.9422871581338265,TRUE
2015-11-01,2.51,3.37,4,0.2961636298996194,0.945572281909853,-0.01613087685048742,2.3622178548754786,0.14068827984712856,0.2520246348692566,0.21565338084501798,0.029926922202416186,1.9395449952749435,2.7848907144760138,0.08203259016226075,0.19934396953199637,0.8119078696896164,0.03699131270996156,3.8897877332139816,0.1269438538888924,0.7479753651307435,0.607287085283615,0.739406229037233,0.8844095103419998,3.6409823515330375,4.138593114894926,FALSE,FALSE,-0.11021226678601836,3,5,TRUE,0.9422844979346372,TRUE
2015-12-01,3.07,3.65,4,0.29616362989961964,0.945572281909853,-0.016130876850487474,2.3991703835022213,0.1410602187437659,0.2520246348692565,0.21821220505419217,0.02969561193576164,1.9714823206089358,2.826858446395507,0.08285788885079534,0.19926254863673645,0.8114106087984474,0.036706223373655165,3.9530573553563566,0.12443165087437308,0.7479753651307435,0.6069151463869775,0.7394677329776009,0.8833534846192939,3.7091758011057236,4.19693890960699,FALSE,FALSE,-0.046942644643643394,3,5,TRUE,0.9422757642801018,TRUE
2016-01-01,4.38,3.8,4,0.29616362989961964,0.945572281909853,-0.01613087685048742,2.431290856792571,0.1413279860289754,0.25202463486925664,0.22250721679651816,0.029441528074601223,1.9951847255711497,2.8673969880139922,0.08362365135293214,0.19903232070501864,0.8110526193542861,0.0363727401165372,4.007749708557977,0.12101761930737823,0.7479753651307434,0.6066473791017679,0.739763358706838,0.8823418800017342,3.770559533220737,4.244939883895218,FALSE,FALSE,0.007749708557977186,3,5,TRUE,0.9422694765857428,TRUE
2016-02-01,4.27,4.09,4,0.2961636298996195,0.9455722819098529,-0.01613087685048742,2.461889538926302,0.14155562626787532,0.2520246348692567,0.227466932479191,0.02917196861923996,2.0160625435932835,2.9077165342593205,0.08437961841603236,0.19873163411971828,0.8107482774608066,0.03601124808048633,4.059712079199023,0.11786993339224384,0.7479753651307433,0.6064197388628679,0.7401675281847162,0.881329026736897,3.8286912548900895,4.290732903507956,FALSE,FALSE,0.05971207919902266,3,5,TRUE,0.9422641310616082,TRUE
2016-03-01,4.26,3.99,4,0.29616362989961964,0.945572281909853,-0.016130876850487308,2.4873549345434633,0.14159015267668495,0.25202463486925664,0.23261787892396152,0.028993430195723056,2.0314322696924,2.9432775993945266,0.08476407370479169,0.19841623164857822,0.8107021176400168,0.03575561122192982,4.101938641407607,0.11620069460030841,0.7479753651307434,0.6063852124540584,0.7406224073998181,0.8807818278802154,3.8741894650124644,4.329687817802749,FALSE,FALSE,0.10193864140760667,3,5,TRUE,0.9422633202936768,TRUE
2016-04-01,4.09,4.19,4,0.29616362989962,0.945572281909853,-0.01613087685048742,2.526337699682582,0.1421204303411567,0.2520246348692567,0.23688474180036026,0.028849072019111438,2.062052137266806,2.990623262098358,0.08557728819629609,0.19866357248601732,0.8099931669322898,0.03555906379132967,4.169872282314543,0.11593862084938117,0.7479753651307433,0.6058549347895865,0.7402986825773215,0.8796876512872582,3.9426367610325115,4.397107803596574,FALSE,FALSE,0.1698722823145431,3,5,TRUE,0.942250867784387,TRUE
2016-05-01,4.36,4.16,4,0.29616362989961975,0.945572281909853,-0.01613087685048753,2.5599582555769675,0.14245450885730176,0.2520246348692567,0.24124538512717145,0.02873561549711363,2.087125989291217,3.0327905218627182,0.08613373740936803,0.1987752803052355,0.8095465231901037,0.03539545290582718,4.227696253654622,0.11574049644417958,0.7479753651307433,0.6055208562734415,0.7401727102781989,0.8789203361020085,4.000849049071244,4.454543458238,FALSE,FALSE,0.22769625365462165,3,5,TRUE,0.9422430223874627,TRUE
2016-06-01,4.43,4.39,4,0.29616362989961964,0.945572281909853,-0.01613087685048753,2.597508012637676,0.142926616688845,0.25202463486925675,0.24511602781928257,0.028610262565297837,2.1170894260783646,3.0779265991969877,0.08685153247262671,0.19900170090506325,0.8089153421999908,0.035225977624022436,4.293055756790992,0.11573140009423656,0.7479753651307433,0.6050487484418983,0.7398736947366931,0.8779569896632886,4.066226380725894,4.519885132856091,FALSE,FALSE,0.2930557567909924,3,5,TRUE,0.9422319352470422,TRUE
2016-07-01,4.62,4.41,4,0.29616362989961953,0.945572281909853,-0.01613087685048753,2.6227438130410383,0.14293758974837717,0.25202463486925664,0.24902521384369086,0.028499116359248053,2.134663362665019,3.1108242634170575,0.08708034809303473,0.19879483140371962,0.8089006718511482,0.03506955001722664,4.334843078820229,0.11543154272904156,0.7479753651307434,0.6050377753823661,0.740165616863358,0.8776357268389384,4.108601412391411,4.561084745249047,FALSE,FALSE,0.3348430788202288,3,5,TRUE,0.9422316775477345,TRUE
2016-08-01,4.74,4.45,4,0.29616362989961964,0.945572281909853,-0.01613087685048753,2.6431262655553693,0.1427638959708881,0.25202463486925664,0.2521382581911201,0.02838443638353042,2.1489443603761127,3.137308170734626,0.08713142293770015,0.19839636900407603,0.8091328904315807,0.034923928400664606,4.367277224974791,0.11519261587614701,0.7479753651307434,0.6052114691598552,0.7406832485676225,0.8775825322955388,4.141503846572586,4.593050603376996,FALSE,FALSE,0.3672772249747913,3,5,TRUE,0.9422357566759884,TRUE
2016-09-01,4.56,4.42,4,0.29616362989961964,0.9455722819098529,-0.01613087685048764,2.659854957408049,0.142445216272009,0.25202463486925664,0.25463902304798397,0.028282700660213208,2.160771643175536,3.158938271640562,0.08701214159246393,0.1978782909515541,0.8095589468416382,0.034805330822361834,4.39260532678873,0.11503613884878351,0.7479753651307434,0.6055301488587344,0.7413417519598071,0.8777761417234693,4.167138637724565,4.618072015852895,FALSE,FALSE,0.39260532678872995,3,5,TRUE,0.9422432406140951,TRUE
2016-10-01,4.76,4.43,4,0.2961636298996201,0.945572281909853,-0.016130876850487863,2.6803065635657575,0.1422781037435686,0.25202463486925664,0.2565465847281533,0.028203175436245984,2.177484497141824,3.183128629989691,0.08700089563886178,0.19755531184827546,0.8097823666709947,0.0347255584926368,4.425158795381193,0.11511953580183067,0.7479753651307434,0.6056972613871747,0.7417215226823876,0.8778432106596018,4.199528651292635,4.65078893946975,FALSE,FALSE,0.4251587953811926,3,5,TRUE,0.942247165053124,TRUE
2016-11-01,4.67,4.6,4,0.2961636298996204,0.9455722819098531,-0.016130876850487974,2.702086588213537,0.1421630199800033,0.25202463486925664,0.25824097917782635,0.02812838897819525,2.1959435696926395,3.2082296067344345,0.08703239063960722,0.1972936493203994,0.8099362270371648,0.034654455980196876,4.460269933160896,0.11523675245289687,0.7479753651307434,0.60581234515074,0.7420147414121503,0.8778577126621794,4.23441004865786,4.686129817663932,FALSE,FALSE,0.46026993316089637,3,5,TRUE,0.9422498676323997,TRUE
2016-12-01,4.23,4.66,4,0.2961636298996207,0.9455722819098531,-0.016130876850488085,2.7131985799034672,0.14161178703360738,0.25202463486925664,0.25980670953846635,0.028085737104433496,2.2039867862662144,3.22241037354072,0.08656475382965749,0.19665882023755726,0.8106731937503662,0.03462156598866543,4.474540816613541,0.11537199801638337,0.7479753651307434,0.6063635780971359,0.7428161713242051,0.8785302161765273,4.2484158556770035,4.700665777550079,FALSE,FALSE,0.4745408166135414,3,5,TRUE,0.9422628122629522,TRUE
2017-01-01,3.83,4.4,4,0.2961636298996206,0.945572281909853,-0.016130876850487974,2.7114617689813993,0.140545179144409,0.25202463486925664,0.26049136179693405,0.028055553222521793,2.2009080815756157,3.222015456387183,0.08555730526191965,0.19553305302689836,0.8120991870904168,0.03462087436745026,4.463824537429887,0.115641262282688,0.7479753651307434,0.6074301859863344,0.7442435202169284,0.8799548539639053,4.2371718282290685,4.690477246630706,FALSE,FALSE,0.46382453742988705,3,5,TRUE,0.9422878580836046,TRUE
2017-02-01,3.96,4.46,4,0.29616362989962053,0.945572281909853,-0.01613087685048803,2.7179135239359833,0.1397760746845958,0.25202463486925664,0.26005761670650823,0.027993295799749476,2.208209961285905,3.2276170865860614,0.08491022310851047,0.1946419262606811,0.813127435473542,0.03460429923103279,4.468787725717741,0.1160621026925999,0.7479753651307434,0.6081992904461475,0.7453042552704707,0.8809506156766134,4.241310184470256,4.696265266965225,FALSE,FALSE,0.46878772571774086,3,5,TRUE,0.9423059168697238,TRUE
2017-03-01,4,4.28,4,0.29616362989962086,0.9455722819098531,-0.01613087685048814,2.7144012545850873,0.13867919410187476,0.25202463486925664,0.25987453540064404,0.027888873449823732,2.205056524700746,3.2237459844694287,0.08401800657082494,0.1933403816329246,0.8145939016619429,0.034529068650134435,4.454978356423117,0.11591282948050582,0.7479753651307434,0.6092961710288686,0.7469181706879684,0.8822696326359174,4.227793385295193,4.6821633275510415,FALSE,FALSE,0.45497835642311735,3,5,TRUE,0.942331670287771,TRUE
2017-04-01,4.09,4.51,4,0.29616362989962103,0.9455722819098531,-0.01613087685048814,2.7218475223981162,0.13795504110156137,0.25202463486925664,0.2595351659293216,0.027751185772296114,2.2131679444550194,3.230527100341213,0.08356371645958063,0.1923463657435421,0.8155620525317069,0.03441634275715489,4.461896456859542,0.11576668704095176,0.7479753651307434,0.6100203240291819,0.7481072602480974,0.8830168448153164,4.234997919649756,4.688794994069327,FALSE,FALSE,0.4618964568595416,3,5,TRUE,0.9423486714588726,TRUE
2017-05-01,3.93,4.17,4,0.2961636298996208,0.9455722819098531,-0.01613087685048803,2.713236294658131,0.13667921531187754,0.25202463486925664,0.259953521676447,0.027596825406834145,2.203736754517943,3.222735834798319,0.08259043142684272,0.19076799919691237,0.8172677581594061,0.03426468069313336,4.438497274131523,0.11515727792185163,0.7479753651307434,0.6112961498188658,0.7501102180590998,0.8844252982597124,4.212793156847024,4.664201391416022,FALSE,FALSE,0.43849727413152273,3,5,TRUE,0.9423786223814095,TRUE
2017-06-01,4.36,4.26,4,0.2961636298996211,0.9455722819098531,-0.01613087685048814,2.7289542168488885,0.13625805075408473,0.2520246348692565,0.2598674249260713,0.027412631773646837,2.2196234232386227,3.2382850104591543,0.08253027975627861,0.18998582175189085,0.8178308309254714,0.03408928443710611,4.461136137089235,0.11497456566120058,0.7479753651307435,0.6117173143766588,0.7510170611700017,0.8846446006809411,4.235790129255146,4.686482144923324,FALSE,FALSE,0.46113613708923484,3,5,TRUE,0.9423885089473165,TRUE
2017-07-01,5.22,4.48,4,0.29616362989962103,0.9455722819098531,-0.016130876850488196,2.7503134132456424,0.13602730661776338,0.2520246348692565,0.26113166235937996,0.027204147196516894,2.238504759798184,3.2621220666931006,0.08270815788246401,0.18934645535306277,0.8181393225511027,0.033858317624275644,4.494357609253377,0.114622059903897,0.7479753651307435,0.6119480585129801,0.7517782394304047,0.8845004056718007,4.269702500007946,4.719012718498807,FALSE,FALSE,0.4943576092533766,3,5,TRUE,0.9423939253962257,TRUE
2017-08-01,4.72,4.51,4,0.29616362989962153,0.9455722819098533,-0.016130876850488307,2.7652581831614107,0.13555635414100373,0.25202463486925664,0.26330394053460027,0.026999120878347323,2.249191942726118,3.281324423596703,0.08263904960519956,0.18847365867680788,0.8187689588983871,0.033609158386168875,4.515304282753135,0.11406537276580572,0.7479753651307434,0.6124190109897396,0.7528962189107937,0.8846416988859804,4.2917402602490204,4.73886830525725,FALSE,FALSE,0.5153042827531351,3,5,TRUE,0.9424049801902002,TRUE
2017-09-01,4.36,4.75,4,0.2961636298996219,0.9455722819098533,-0.016130876850488418,2.7895657895592874,0.13550518162572028,0.2520246348692566,0.26526313838189136,0.026877379955821932,2.2696595919047162,3.3094719872138585,0.08282648491351056,0.18818387833793,0.8188373736051662,0.03346529382486254,4.554614844424354,0.11427709561345596,0.7479753651307435,0.6124701835050232,0.7532466029763849,0.8844281442339474,4.33063585276414,4.778593836084569,FALSE,FALSE,0.5546148444243544,3,5,TRUE,0.9424061813549731,TRUE
2017-10-01,4.2,4.53,4,0.29616362989962136,0.9455722819098533,-0.016130876850488307,2.79511174970939,0.13469340844094052,0.2520246348692566,0.2671301858483185,0.026771017461167484,2.271546206263195,3.3186772931555852,0.08222317838755935,0.1871636384943217,0.8199226676170055,0.03333576687613997,4.557629193586651,0.1142194431663233,0.7479753651307435,0.6132819566898029,0.7545857651427479,0.8852595700912631,4.333763198646438,4.781495188526864,FALSE,FALSE,0.5576291935866511,3,5,TRUE,0.942425235423525,TRUE
2017-11-01,4.69,4.63,4,0.29616362989962136,0.9455722819098531,-0.016130876850488363,2.8056981978177387,0.13407039215454275,0.2520246348692566,0.2678202320823454,0.026623313368198332,2.280780188605183,3.3306162070302943,0.08188965680375028,0.18625112750533523,0.8207556045230077,0.03318125557740861,4.570248363058149,0.11416147960092561,0.7479753651307435,0.6139049729762007,0.755721538629468,0.8857896704165473,4.346495974618531,4.794000751497768,FALSE,FALSE,0.5702483630581492,3,5,TRUE,0.9424398582437421,TRUE
2017-12-01,5.68,4.56,4,0.2961636298996211,0.9455722819098532,-0.016130876850488418,2.8041107150305677,0.13300821474789493,0.2520246348692566,0.2686137710339012,0.02643736071338524,2.277637398052633,3.3305840320085025,0.08119193990336572,0.18482448959242415,0.8221756745629643,0.03297398445994099,4.559773173713206,0.11357800321501355,0.7479753651307435,0.6149671503828485,0.7575478525946965,0.886803496531232,4.337164377975806,4.782381969450607,FALSE,FALSE,0.5597731737132063,3,5,TRUE,0.942464787183467,TRUE
2018-01-01,4.71,4.71,4,0.29616362989962147,0.9455722819098531,-0.01613087685048853,2.806066736755806,0.13208877862376112,0.2520246348692565,0.26895495807159175,0.0262520262545953,2.278924705472006,3.333208768039606,0.08063575264355441,0.18354180460396782,0.8234049077262424,0.03277647355202167,4.556141988203527,0.11308443573949332,0.7479753651307435,0.6158865865069824,0.7591642000240504,0.8876456154284345,4.334500566942086,4.777783409464968,FALSE,FALSE,0.5561419882035272,3,5,TRUE,0.9424863645741857,TRUE
2018-02-01,4.15,4.56,4,0.29616362989962175,0.9455722819098532,-0.016130876850488418,2.8075709087273624,0.13114729871560774,0.2520246348692565,0.2691268466998698,0.026207153178396447,2.2800919819227854,3.3350498355319393,0.07978222234862631,0.18251237508258916,0.8246636121596282,0.032749622901224254,4.551626395738322,0.11341820433853257,0.7479753651307435,0.6168280664151358,0.7604755307659605,0.888851693553296,4.329330800043594,4.77392199143305,FALSE,FALSE,0.5516263957383218,3,5,TRUE,0.9425084578862692,TRUE
2018-03-01,4.14,4.62,4,0.29616362989962175,0.9455722819098532,-0.016130876850488363,2.8144026365539077,0.13042134133937433,0.2520246348692565,0.2684413540720629,0.02616811603723073,2.2882672506115,3.3405380224963155,0.07913277636313712,0.18170990631561154,0.8256341753761139,0.03274943517808536,4.557338351186437,0.11415643647740478,0.7479753651307435,0.6175540237913691,0.7614464619130376,0.8898218888391903,4.333595847087289,4.781080855285585,FALSE,FALSE,0.5573383511864369,3,5,TRUE,0.9425254926523053,TRUE
2018-04-01,3.92,4.46,4,0.29616362989962214,0.9455722819098531,-0.016130876850488474,2.809510392153692,0.12927748947853926,0.2520246348692566,0.26767889135640965,0.026103120726647024,2.2848694056735193,3.334151378633865,0.0781163129702101,0.18043866598686842,0.8271634394590763,0.032715077934985605,4.541005396522542,0.11465939595189495,0.7479753651307435,0.6186978756522042,0.7630430649550836,0.8912838139630691,4.316277109967711,4.765733683077373,FALSE,FALSE,0.5410053965225421,3,5,TRUE,0.9425523317009232,TRUE
2018-05-01,4.09,4.48,4,0.29616362989962225,0.9455722819098532,-0.01613087685048864,2.809615961417407,0.12831135264919702,0.2520246348692566,0.26637594742007215,0.02601787619232443,2.2875286981263305,3.3317032247084835,0.07731725235801903,0.179305452940375,0.8284551087765188,0.03266650605626537,4.534095743539854,0.11531185373467163,0.7479753651307435,0.6196640124815465,0.7644299334054792,0.8924802841475585,4.308088663229348,4.760102823850361,FALSE,FALSE,0.5340957435398543,3,5,TRUE,0.9425749992569956,TRUE
2018-06-01,3.79,4.43,4,0.2961636298996221,0.9455722819098531,-0.016130876850488585,2.8053041638530467,0.12719648762931987,0.2520246348692566,0.2652587379412484,0.025913381847004247,2.285406590903652,3.3252017368024416,0.07640719249155753,0.1779857827670822,0.8299456191219795,0.032588183332172956,4.519007114327297,0.11579859314578095,0.7479753651307435,0.6207788775014236,0.766073953469332,0.893817284774627,4.29204604230116,4.745968186353434,FALSE,FALSE,0.5190071143272972,3,5,TRUE,0.9426011544248298,TRUE
2018-07-01,2.61,4.36,4,0.2961636298996223,0.9455722819098531,-0.016130876850488696,2.803498570949975,0.12616966333298982,0.2520246348692566,0.26405422710275395,0.025812279147910615,2.285961795863017,3.321035346036933,0.0755785258441908,0.17676080082178885,0.8313184240888257,0.03251485164191031,4.508640822759505,0.11671448564740165,0.7479753651307435,0.6218057017977536,0.7675904859080185,0.895046362269633,4.27988463441648,4.737397011102529,FALSE,FALSE,0.5086408227595047,3,5,TRUE,0.942625242362815,TRUE
2018-08-01,3.36,4.33,4,0.29616362989962225,0.9455722819098532,-0.016130876850488612,2.8055784177291847,0.12526931941119931,0.2520246348692565,0.26289422025296016,0.02569893493441289,2.2903152142896426,3.320841621168727,0.07490033249871185,0.17563830632368677,0.8325221320767661,0.03242526249709507,4.505461986461535,0.11786239935105865,0.7479753651307435,0.6227060457195441,0.7689697853932025,0.8960744787603296,4.274455928601983,4.736468044321087,FALSE,FALSE,0.5054619864615351,3,5,TRUE,0.9426463618502572,TRUE
2018-09-01,4.55,4.32,4,0.2961636298996222,0.9455722819098532,-0.016130876850488585,2.7976122010413675,0.12414376937034258,0.2520246348692565,0.2620026106120851,0.02550875195142587,2.284096520386209,3.311127881696526,0.07414753425498208,0.17414000448570308,0.8340269276801079,0.03223388436113202,4.4845631738663405,0.11687517464521159,0.7479753651307435,0.6238315957604009,0.7708496752504602,0.8972041801097556,4.255492040874897,4.713634306857784,FALSE,FALSE,0.4845631738663405,3,5,TRUE,0.9426727622033446,TRUE
2018-10-01,4.34,4.32,4,0.29616362989962214,0.9455722819098532,-0.016130876850488585,2.7882203591969237,0.12297707704627665,0.2520246348692565,0.2614201783673362,0.02528224186079732,2.275846224764908,3.3005944936289393,0.07342479355068302,0.1725293605418703,0.8355867281474161,0.031990753657090774,4.46116479413477,0.11529516439935045,0.7479753651307435,0.6249982880844668,0.7728860031412251,0.898287453153607,4.235190424320418,4.687139163949121,FALSE,FALSE,0.46116479413476963,3,5,TRUE,0.9427001254306154,TRUE
2018-11-01,3.15,4.47,4,0.296163629899622,0.9455722819098533,-0.01613087685048853,2.7906946665138443,0.12227411447560256,0.2520246348692565,0.2610869724611228,0.02512763928901504,2.278973603657443,3.302415729370246,0.07302484645261945,0.17152338249858567,0.8365265486327488,0.031832583792523836,4.460107221444492,0.11537320683240566,0.7479753651307435,0.6257012506551409,0.7741358308645486,0.8989172664009489,4.233979891272086,4.686234551616898,FALSE,FALSE,0.4601072214444919,3,5,TRUE,0.9427166114380362,TRUE
2018-12-01,2.31,4.38,4,0.29616362989962175,0.9455722819098531,-0.016130876850488418,2.7870695859638897,0.1213437889302388,0.2520246348692566,0.2609599226642272,0.025020978601579903,2.2755975361336467,3.2985416357941326,0.07230357201319484,0.17038400584728275,0.8377703403252749,0.031725534588032296,4.447700517843207,0.11623475639978814,0.7479753651307435,0.6266315762005047,0.7755894351424518,0.8999512455080979,4.219884581547835,4.675516454138578,FALSE,FALSE,0.44770051784320675,3,5,TRUE,0.9427384283887998,TRUE
2019-01-01,4.1,4.07,4,0.2961636298996219,0.9455722819098531,-0.01613087685048839,2.7748745640897594,0.1201816000041374,0.2520246348692566,0.2601714595895033,0.024857302280886534,2.264947873489115,3.2848012546904037,0.07146218278077447,0.16890101722750034,0.8393241200087785,0.031554411716432376,4.42004160957246,0.1160078464729406,0.7479753651307435,0.6277937651266061,0.7774786094912224,0.9011696305263347,4.192670408561445,4.647412810583476,FALSE,FALSE,0.4200416095724604,3,5,TRUE,0.9427656807953033,TRUE
2019-02-01,4.46,4.25,4,0.2961636298996221,0.9455722819098532,-0.01613087685048853,2.771475028227019,0.1191939191755175,0.2520246348692566,0.2591420709436924,0.02460643083316514,2.2635659022982586,3.2793841541557796,0.07096620095443792,0.16742163739659707,0.8406445924129028,0.03127790596706493,4.407692125865255,0.1139162431658552,0.7479753651307435,0.628781445955226,0.7793410232056251,0.9019481616201804,4.184420392006071,4.630963859724439,FALSE,FALSE,0.40769212586525505,3,5,TRUE,0.9427888394285304,TRUE
2019-03-01,4.17,4.35,4,0.296163629899622,0.945572281909853,-0.016130876850488363,2.771732763143508,0.11833502911534206,0.2520246348692566,0.25948624758691335,0.024387136997945546,2.2631490633897147,3.2803164628973014,0.07053711891332456,0.16613293931735956,0.8417928789744866,0.03101322970194519,4.402088946022845,0.11254683677832603,0.7479753651307435,0.6296403360154014,0.7810080657144062,0.9025776922345671,4.181501199363418,4.622676692682272,FALSE,FALSE,0.40208894602284495,3,5,TRUE,0.942808976974566,TRUE
2019-04-01,4.75,4.3,4,0.29616362989962197,0.9455722819098531,-0.016130876850488363,2.774089684319982,0.11755655267186225,0.2520246348692566,0.260155481985322,0.02421274640956648,2.2641943092480923,3.283985059391872,0.07010044174231046,0.16501266360141403,0.842833657160201,0.030795178351009873,4.400391659474662,0.11190695750981267,0.7479753651307435,0.6304188124588812,0.7824762166947341,0.9031910976256678,4.181058053135976,4.619725265813349,FALSE,FALSE,0.4003916594746624,3,5,TRUE,0.9428272281236705,TRUE
2019-05-01,4.54,4.39,4,0.2961636298996223,0.9455722819098532,-0.016130876850488418,2.7826191601052224,0.11699915383663263,0.2520246348692566,0.2606560349359586,0.024040360551414636,2.2717427192777295,3.293495600932715,0.06988091298050249,0.16411739469276276,0.8435788673117843,0.030582585596834178,4.4100222960833415,0.11148141899510895,0.7479753651307435,0.6309762112941109,0.783638100987876,0.9035196336356927,4.191522729907509,4.628521862259174,FALSE,FALSE,0.4100222960833415,3,5,TRUE,0.94284029557907,TRUE
2019-06-01,4.8,4.36,4,0.2961636298996223,0.9455722819098531,-0.016130876850488418,2.794414896308843,0.11657501143298471,0.25202463486925664,0.2612875184335614,0.02393299543748806,2.282300770569217,3.3065290220484687,0.0696672023333467,0.16348282053262272,0.8441459212863143,0.030445065658109515,4.4257417341366985,0.1118055455449327,0.7479753651307434,0.6314003536977586,0.7844746890894624,0.9038171534831662,4.206606891596778,4.644876576676619,FALSE,FALSE,0.42574173413669847,3,5,TRUE,0.9428502386866741,TRUE
2019-07-01,4.37,4.6,4,0.2961636298996225,0.9455722819098532,-0.016130876850488418,2.813345202079068,0.11642907560549157,0.25202463486925664,0.26164329881277215,0.023865103308801247,2.3005337596097837,3.3261566445483526,0.06965433263291346,0.16320381857806968,0.8443410290857103,0.03036234470399153,4.454693581042058,0.11293243149929443,0.7479753651307434,0.6315462895252518,0.7848319269796965,0.9038501311917241,4.233350082616904,4.6760370794672115,FALSE,FALSE,0.4546935810420578,3,5,TRUE,0.942853659772238,TRUE
2019-08-01,3.01,4.53,4,0.2961636298996224,0.945572281909853,-0.016130876850488363,2.8191408510246383,0.11574163320913473,0.2520246348692566,0.2619916662710332,0.02388273909183204,2.3056466208837763,3.3326350811655003,0.06893232473697711,0.16255094168129236,0.84526009999152385,0.030378953420930818,4.459016829829931,0.11528138070412715,0.7479753651307435,0.6322337319216087,0.7857184453984796,0.9048017545845681,4.233069475561791,4.684964184098071,FALSE,FALSE,0.4590168298299311,3,5,TRUE,0.9428697746121018,TRUE
2019-09-01,1.8,4.34,4,0.2961636298996224,0.945572281909853,-0.016130876850488418,2.820276618421965,0.11487928667820221,0.2520246348692566,0.26109338790198466,0.02394260861209054,2.308542981532529,3.332010255311401,0.06795263610256624,0.16180593725383818,0.8464130076555105,0.030473331143857467,4.454737147188602,0.11948390539724794,0.7479753651307435,0.6330960784525412,0.7866863761245871,0.9061396391864339,4.220552995877806,4.688921298499399,FALSE,FALSE,0.45473714718860236,3,5,TRUE,0.942889988440512,TRUE
2019-10-01,2.17,4.22,4,0.2961636298996225,0.9455722819098531,-0.01613087685048846,2.818126361269032,0.11393198668933434,0.25202463486925664,0.25917635433504477,0.023963143453167936,2.3101500411279527,3.326102681410111,0.06696508856475841,0.16089888481391026,0.8476794932017321,0.030532360837550083,4.444690153844814,0.12372037007907406,0.7479753651307434,0.634043378441409,0.7878371655971528,0.9075218208063114,4.2022026843358615,4.687177623353766,FALSE,FALSE,0.4446901538448138,3,5,TRUE,0.9429121922512969,TRUE
2019-11-01,2.92,4.25,4,0.29616362989962247,0.9455722819098531,-0.016130876850488453,2.8054851946235813,0.11282249470871734,0.25202463486925664,0.2568786665592108,0.0239217421276554,2.3020122597708546,3.308958129476308,0.0659367416910582,0.15970824772637648,0.8491628201030439,0.030513179844495142,4.41702356278337,0.12537060702792796,0.7479753651307434,0.6351528704220261,0.7893580865540399,0.9089675536520478,4.171301688288707,4.662745437278033,FALSE,FALSE,0.4170235627833696,3,5,TRUE,0.942938195866609,TRUE
2019-12-01,3.41,4.1,4,0.2961636298996224,0.9455722819098531,-0.016130876850488432,2.7789783107717714,0.11145457099863415,0.25202463486925664,0.2546219110303925,0.023837286208508106,2.27992853547744,3.2780280860661026,0.06473434854078494,0.15817479345648336,0.8509916553479642,0.030434830706380457,4.365887707660652,0.12514888023768872,0.7479753651307434,0.6365207941321092,0.7913404832878848,0.9106428274080436,4.120600409689265,4.611175005632038,FALSE,FALSE,0.3658877076606517,3,5,TRUE,0.9429702537471698,TRUE
2020-01-01,1.78,4.11,4,0.29616362989962236,0.9455722819098532,-0.016130876850488418,2.7601637741727996,0.11027957094939159,0.2520246348692566,0.25208409385708463,0.023749458848571003,2.2660880291374994,3.2542395192080997,0.06373148695387634,0.15682765494490683,0.8525625627655329,0.03035624584593577,4.3283393106209616,0.12567057122348685,0.7479753651307435,0.6376957941813519,0.7930654142016552,0.9120597113294105,4.082029517106352,4.574649104135571,FALSE,FALSE,0.32833931062096156,3,5,TRUE,0.9429977879949125,TRUE
2020-02-01,1.24,3.85,4,0.2961636298996223,0.9455722819098532,-0.016130876850488432,2.747410826898027,0.10928210617221172,0.2520246348692566,0.24997158344551218,0.023708731841078856,2.2574755261863744,3.2373461276096793,0.06281384564457917,0.15575036669984427,0.8538961157455907,0.030331904657320247,4.3016123755212625,0.12843016848857813,0.7479753651307435,0.6386932589585318,0.7944466750347403,0.913345556456441,4.0498938707552385,4.5533308802872865,FALSE,FALSE,0.3016123755212625,3,5,TRUE,0.943021160258942,TRUE
2020-03-01,1.77,3.99,4,0.29616362989962236,0.9455722819098532,-0.016130876850488418,2.7476689378468313,0.10848356044861829,0.2520246348692566,0.24769182534600817,0.023628267079923344,2.26220188090367,3.2331359947899925,0.06217300795487516,0.15479411294236142,0.8549637254033684,0.030258348257150777,4.296644488216118,0.1301578911154872,0.7479753651307435,0.6394918046821252,0.7956584525876826,0.9142689982190542,4.041539709326077,4.551749267106159,FALSE,FALSE,0.2966444882161179,3,5,TRUE,0.9430398703739176,TRUE
2020-04-01,1.88,3.97,4,0.29616362989962236,0.9455722819098532,-0.016130876850488432,2.733921746623185,0.10753585281693756,0.2520246348692566,0.24638897279133756,0.02350734561232833,2.2510082337643444,3.2168352594820258,0.06146230204463839,0.15360940358923675,0.8562307559445616,0.030124253217207485,4.268821167429164,0.12878320342657765,0.7479753651307435,0.6404395123138059,0.7971883045776701,0.915273207311453,4.016410726899377,4.521231607958951,FALSE,FALSE,0.26882116742916384,3,5,TRUE,0.9430620740681286,TRUE
2020-05-01,1.8,3.96,4,0.29616362989962236,0.9455722819098532,-0.016130876850488432,2.7160843296245365,0.1065259632392717,0.2520246348692566,0.2452167429335419,0.02335066651316679,2.2354683450685777,3.1967003141804953,0.06075949785845933,0.15229242862008407,0.8575809201675361,0.029941303708279417,4.234292403446775,0.12599929798649667,0.7479753651307435,0.6414494018914718,0.7988970432491329,0.9162647970859392,3.987338317315911,4.4812464895776385,FALSE,FALSE,0.2342924034467746,3,5,TRUE,0.9430857330374782,TRUE
2020-06-01,2.39,3.77,4,0.29616362989962236,0.9455722819098532,-0.01613087685048846,2.693856494411081,0.10544517998457623,0.2520246348692566,0.2442256587811251,0.023157140840080265,2.2151829990995076,3.172529989722655,0.06005801795309731,0.15083234201605514,0.8590258651551381,0.029707925690385297,4.192575783499205,0.12206988338053996,0.7479753651307435,0.6425301851461672,0.8007994007465907,0.9172523295636855,3.953323208476342,4.4318283585220675,FALSE,FALSE,0.1925757834992048,3,5,TRUE,0.943111051052208,TRUE
2020-07-01,2.88,3.9,4,0.29616362989962236,0.9455722819098532,-0.01613087685048846,2.683002175580716,0.10454023403709232,0.2520246348692566,0.24343731444488964,0.022917125532120927,2.20587380677558,3.1601305443858516,0.059623493364952,0.14945697470923264,0.8602357257864782,0.02941464209173853,4.16980989368796,0.11743617172087044,0.7479753651307435,0.6434351310936511,0.8025840866685348,0.9178873649044217,3.9396392266327926,4.399980560743127,FALSE,FALSE,0.16980989368795996,3,5,TRUE,0.9431322485375933,TRUE
2020-08-01,4.19,3.92,4,0.29616362989962236,0.9455722819098531,-0.016130876850488456,2.6704150965778726,0.10359971839636974,0.2520246348692566,0.24403822270416192,0.022642911110769038,2.1921089692265503,3.148721223929195,0.05922042811412061,0.14797900867861885,0.8614931410498248,0.02906324255312141,4.144189976935423,0.11276213597166296,0.7479753651307435,0.6443756467343738,0.8045302323717549,0.9184560497278946,3.9231802516111554,4.365199702259691,FALSE,FALSE,0.14418997693542313,3,5,TRUE,0.943154277825919,TRUE
2020-09-01,4.97,3.99,4,0.29616362989962225,0.9455722819098531,-0.016130876850488446,2.661054282740914,0.10273900889615976,0.2520246348692566,0.24543271855026247,0.022332435189649964,2.180014993754644,3.142093571727184,0.05896824023737092,0.1465097775549486,0.8626438600979842,0.02865811415491885,4.124154283974436,0.10905291290335871,0.7479753651307435,0.6452363562345838,0.8064749884895057,0.9188127317064627,3.9104145022746697,4.337894065674202,FALSE,FALSE,0.12415428397443584,3,5,TRUE,0.9431744366148687,TRUE
2020-10-01,5.34,4.15,4,0.2961636298996226,0.9455722819098531,-0.016130876850488557,2.6608052163294356,0.10220621301728555,0.2520246348692566,0.24760855173303484,0.022051161811944147,2.1755013726685646,3.1461090599903065,0.05898673004861004,0.14542569598596106,0.863356177513386,0.02827904877962987,4.1203659351352036,0.10747870543910996,0.7479753651307435,0.6457691521134579,0.8079302603882601,0.9187820946385119,3.909711543369559,4.331020326900848,FALSE,FALSE,0.12036593513520355,3,5,TRUE,0.9431869147050218,TRUE
2020-11-01,5.46,4.27,4,0.29616362989962247,0.9455722819098532,-0.01613087685048853,2.663035898007923,0.10177927124591857,0.2520246348692566,0.2502300754491132,0.021840556524762668,2.172593962278921,3.153477833736925,0.05897256705507247,0.14458597543676466,0.8639269740813885,0.02797678909154095,4.121095629034506,0.10729501463018402,0.7479753651307435,0.6461960938848249,0.8090934750588952,0.9187604731038819,3.910801264638647,4.331389993430364,FALSE,FALSE,0.12109562903450577,3,5,TRUE,0.9431969133635669,TRUE
2020-12-01,4.82,4.26,4,0.2961636298996223,0.9455722819098531,-0.016130876850488474,2.663478134309814,0.10127030174346535,0.2520246348692566,0.2525585550988029,0.021701490951002413,2.1684724623286855,3.1584838062909424,0.05873616106867875,0.14380444241825197,0.8646074370032713,0.027765236205770396,4.11853607633623,0.10767847955940436,0.7479753651307435,0.6467050633872782,0.8101885740177137,0.9190262999888288,3.9074901344897657,4.329582018182696,FALSE,FALSE,0.11853607633623042,3,5,TRUE,0.9432088326712411,TRUE
2021-01-01,5.24,4.12,4,0.2961636298996223,0.9455722819098531,-0.01613087685048839,2.6672363415029112,0.10091683822793909,0.2520246348692566,0.25413542921144855,0.021618180202315585,2.169140053052844,3.1653326299529785,0.05854598362010374,0.14328769283577444,0.8650799973735777,0.027638134542493184,4.122094417439863,0.10816269148483848,0.7479753651307435,0.6470585269028044,0.8109102490704186,0.9192497456767367,3.9100994376586624,4.334089397221064,FALSE,FALSE,0.12209441743986282,3,5,TRUE,0.9432171100176154,TRUE
2021-02-01,6,4.39,4,0.2961636298996222,0.9455722819098531,-0.016130876850488335,2.6819204662612868,0.1010156977622136,0.2520246348692566,0.25530137107553735,0.02151200200409496,2.1815389737495376,3.182301958773036,0.058852948598834026,0.14317844692559317,0.8649478278678919,0.027493424439661084,4.145421425063234,0.10855958275582758,0.7479753651307435,0.6469596673685298,0.8110617061544829,0.9188339495813009,3.9326485526851167,4.358194297441352,FALSE,FALSE,0.1454214250632342,3,5,TRUE,0.9432147949624858,TRUE
2021-03-01,5.84,4.34,4,0.2961636298996223,0.945572281909853,-0.016130876850488363,2.6823040235845523,0.10047093909278974,0.2520246348692566,0.25690003086238483,0.02142760520756867,2.1787892154670496,3.185818831702055,0.05847360461101225,0.14246827357456723,0.865676138845525,0.02735462519941052,4.142526160010106,0.10870346197318652,0.7479753651307435,0.6475044260379538,0.8120620586440885,0.9192902190469614,3.9294712895478408,4.35558103047237,FALSE,FALSE,0.14252616001010576,3,5,TRUE,0.9432275517213,TRUE
2021-04-01,5.2,4.39,4,0.29616362989962247,0.945572281909853,-0.01613087685048853,2.687934383212782,0.10019656985489009,0.2520246348692566,0.2574835350484727,0.021426727527782376,2.183275927905719,3.1925928385198454,0.0582009555938837,0.14219218411589649,0.8660429547203389,0.02734293031671162,4.149463370544784,0.1084052119228894,0.7479753651307435,0.6477787952758534,0.8124517960677957,0.919634113372882,3.936993059439489,4.361933681650079,FALSE,FALSE,0.1494633705447841,3,5,TRUE,0.9432339765198954,TRUE
2021-05-01,5.17,4.41,4,0.2961636298996224,0.945572281909853,-0.016130876850488474,2.6912090061138296,0.09980403711280991,0.2520246348692566,0.25745144385977686,0.02150008309413327,2.1866134483808315,3.1958045638468278,0.05766464858369023,0.1419434256419296,0.8665677483972156,0.02743294519411203,4.152002548991753,0.10782898062606214,0.7479753651307435,0.6481713280179335,0.8128001638268949,0.9203353329675363,3.940661630475004,4.363343467508502,FALSE,FALSE,0.15200254899175292,3,5,TRUE,0.9432431680993114,TRUE
2021-06-01,3.91,4.23,4,0.2961636298996224,0.9455722819098531,-0.016130876850488474,2.6849691321160387,0.09898655916466051,0.2520246348692566,0.2566470041804442,0.021585476246608972,2.1819502471822676,3.18798801704981,0.056679803132162115,0.1412933151971589,0.8676606693492399,0.02755003489557161,4.137157848384151,0.10732798955089867,0.7479753651307435,0.648988805966083,0.8136635931810978,0.921657745517382,3.926798854331298,4.347516842437003,FALSE,FALSE,0.13715784838415068,3,5,TRUE,0.9432623094438393,TRUE
2021-07-01,3.82,4.12,4,0.29616362989962236,0.9455722819098532,-0.016130876850488557,2.6866892450870954,0.0985225464158909,0.2520246348692565,0.25489348032446674,0.021699823542102457,2.187107203757072,3.186271286417119,0.05599167380249571,0.1410534190292861,0.8682810276797425,0.027726162435386163,4.136850541974024,0.10725256615141057,0.7479753651307435,0.6494528187148526,0.8139387478768783,0.9226233074826067,3.9266393750677593,4.347061708880288,FALSE,FALSE,0.1368505419740238,3,5,TRUE,0.9432731738849824,TRUE
2021-08-01,3.62,4.14,4,0.2961636298996223,0.9455722819098532,-0.016130876850488543,2.690240175636918,0.0981200181596335,0.2520246348692566,0.2531204326676519,0.021765008226615888,2.1941332438571246,3.1863471074167116,0.05546138591224839,0.14077865040701862,0.8688191847836025,0.02784090651157561,4.139752312842808,0.10746580926692441,0.7479753651307435,0.6498553469711099,0.8142520107239677,0.9233863588432374,3.9291231971101857,4.350381428575431,FALSE,FALSE,0.1397523128428082,3,5,TRUE,0.9432825984444873,TRUE
2021-09-01,3.67,4.2,4,0.2961636298996224,0.9455722819098531,-0.01613087685048857,2.6900636138082494,0.09759519062662932,0.2520246348692566,0.2517235844649658,0.02179685246142713,2.1966944541975906,3.1834327734189083,0.054874144825898925,0.14031623642735971,0.8695208489793377,0.027905325029416176,4.136140244218396,0.10788534263284474,0.7479753651307435,0.6503801745041141,0.8148274169447979,0.9242142810138775,3.9246888581982566,4.347591630238536,FALSE,FALSE,0.13614024421839588,3,5,TRUE,0.9432948860599863,TRUE
2021-10-01,2.96,3.89,4,0.2961636298996224,0.9455722819098531,-0.016130876850488557,2.678352169662052,0.09671171749927597,0.2520246348692566,0.2504137253917023,0.021791928041703976,2.187550286659812,3.1691540526642914,0.05400032338384772,0.13942311161470422,0.8707020016864178,0.027918013230456402,4.112546707317002,0.10822047453594885,0.7479753651307435,0.6512636476314675,0.8159837012348105,0.9254203021380251,3.9004384748367085,4.324654939797296,FALSE,FALSE,0.11254670731700234,3,5,TRUE,0.9433155695377631,TRUE
2021-11-01,2.89,4.08,4,0.29616362989962247,0.9455722819098531,-0.016130876850488574,2.687191675749685,0.09647604555001373,0.2520246348692566,0.24868031800027152,0.02175902561558288,2.1997872088051853,3.1745961426941847,0.053829139004786815,0.13912295209524064,0.8710170815142421,0.02790636952464757,4.124626987299109,0.10897212178575665,0.7479753651307435,0.6514993195807297,0.8163216023066667,0.9257125607218174,3.911045553280114,4.338208421318105,FALSE,FALSE,0.12462698729910926,3,5,TRUE,0.9433210867742483,TRUE
2021-12-01,3.07,4.02,4,0.2961636298996224,0.9455722819098531,-0.016130876850488578,2.6831108492342923,0.09591189342348173,0.2520246348692566,0.2481105125514101,0.02167689206344805,2.1968231804477556,3.169398518020829,0.05342596568236144,0.13839782116460203,0.8717713204274894,0.027813579052052187,4.114800116328019,0.10908390353403662,0.7479753651307435,0.6520634717072618,0.8172577072043095,0.9262849336506693,3.900999594108266,4.328600638547773,FALSE,FALSE,0.11480011632801901,3,5,TRUE,0.9433342935904461,TRUE
2022-01-01,2.87,4.09,4,0.2961636298996224,0.9455722819098532,-0.016130876850488564,2.6758277004737434,0.09526825236957483,0.2520246348692566,0.24754415382602818,0.021534265686427953,2.1906500743912853,3.1610053265562015,0.05306186719065935,0.13747463754849032,0.8726318314602216,0.027642693343489753,4.099584098530963,0.10863475117048149,0.7479753651307435,0.6527071127611687,0.8184531480712967,0.9268105148491466,3.886663898767349,4.312504298294577,FALSE,FALSE,0.09958409853096306,3,5,TRUE,0.9433493606262955,TRUE
2022-02-01,2.98,3.92,4,0.2961636298996224,0.9455722819098531,-0.016130876850488588,2.657488345946862,0.09433307796113072,0.2520246348692566,0.24729039895037602,0.021337540611471816,2.1728080702815835,3.1421686216121407,0.05251226684398521,0.13615388907827622,0.8738821058035225,0.027396250253145793,4.065661598263874,0.10791675557314838,0.7479753651307435,0.6536422871696128,0.8201864419959105,0.9275777696111346,3.8541486440120916,4.277174552515658,FALSE,FALSE,0.06566159826387441,3,5,TRUE,0.9433712510116194,TRUE
2022-03-01,4.17,3.8,4,0.2961636298996223,0.9455722819098531,-0.01613087685048857,2.643121437714154,0.09349582632329898,0.25202463486925664,0.24700338614443454,0.02106415942902597,2.159003696811623,3.1272391786166853,0.0522108324777983,0.13478082016879966,0.8750014630402216,0.027054896650581226,4.038508892929335,0.10740637162513608,0.7479753651307434,0.6544795388074444,0.8219748399996292,0.9280280860808141,3.8279962728339436,4.249021513024727,FALSE,FALSE,0.038508892929335126,3,5,TRUE,0.9433908480594824,TRUE
2022-04-01,4.62,3.94,4,0.2961636298996223,0.9455722819098531,-0.01613087685048857,2.639924376973726,0.09294447015231697,0.2520246348692566,0.2477699908857898,0.020708034548398317,2.1543041183877607,3.1255446355596916,0.05235746824684512,0.1335314720577888,0.8757385944976,0.026600744791378087,4.03022879868998,0.10809223465806422,0.7479753651307435,0.6550308949784265,0.8236020927445575,0.9278750962506426,3.818371911751722,4.242085685628238,FALSE,FALSE,0.030228798689980074,3,5,TRUE,0.9434037527147088,TRUE
2022-05-01,5.82,4.01,4,0.29616362989962225,0.9455722819098531,-0.016130876850488557,2.641330321585779,0.0925579762593688,0.2520246348692566,0.25034227793156916,0.02031256872744191,2.1506684730321872,3.1319921701393705,0.05274607312008808,0.13236987939864953,0.8762553145808619,0.026069821566965103,4.02999732145364,0.11100348481934337,0.7479753651307435,0.6554173888713747,0.8251594032262248,0.927351225935499,3.8124344890492887,4.247560153857992,FALSE,FALSE,0.029997321453640424,3,5,TRUE,0.943412798431168,TRUE
2022-06-01,7.55,4.16,4,0.29616362989962247,0.9455722819098531,-0.016130876850488585,2.648024562788823,0.09238132877532093,0.2520246348692566,0.25423684601452035,0.019857420665277823,2.149729501057308,3.146319624520338,0.05346149944551501,0.13130115810512685,0.8764914820969097,0.025445098996347545,4.039122407991563,0.11665465828828266,0.7479753651307435,0.6555940363554226,0.8266200044810122,0.9263629597128072,3.8104834791177025,4.267761336865424,FALSE,FALSE,0.03912240799156308,3,5,TRUE,0.9434169327073543,TRUE
2022-07-01,8.36,4.51,4,0.29616362989962286,0.9455722819098531,-0.016130876850488696,2.6584160305186275,0.09238949867013753,0.25202463486925664,0.25930204771848697,0.019386584221263718,2.150193355872907,3.166638705164348,0.05439249181320817,0.13038650552706688,0.8764805594179051,0.024776162233307728,4.055023402000647,0.1247015616509795,0.7479753651307434,0.6555858664606058,0.8279201737655005,0.9250409450703098,3.810612832348826,4.299433971652468,FALSE,FALSE,0.05502340200064726,3,5,TRUE,0.9434167414993756,TRUE
2022-08-01,8.87,4.55,4,0.29616362989962325,0.9455722819098531,-0.01613087685048875,2.658050609143116,0.09170011525354965,0.25202463486925664,0.2647992251362289,0.019023352580054567,2.1390536647419944,3.177047553544238,0.0544150293314356,0.1289852011756637,0.8774022253560172,0.02421135713370218,4.0502069972020225,0.13316900690824646,0.7479753651307434,0.6562752498771938,0.829948837357124,0.9248556133549104,3.789200539804894,4.311213454599151,FALSE,FALSE,0.050206997202022485,3,5,TRUE,0.9434328754354389,TRUE
2022-09-01,9.03,4.61,4,0.2961636298996232,0.9455722819098531,-0.01613087685048875,2.658835487773931,0.09109332824503828,0.25202463486925664,0.269246369345857,0.018760729420988723,2.131122300887882,3.1865486746599796,0.05432297425619942,0.12786368223387715,0.8782134646518532,0.0238030031867571,4.047660521179022,0.14073604922470437,0.7479753651307434,0.6568820368857051,0.8315604356819172,0.9248664936217893,3.7718229333721456,4.323498108985899,FALSE,FALSE,0.0476605211790222,3,5,TRUE,0.9434470757073458,TRUE
2022-10-01,9.7,4.67,4,0.2961636298996232,0.945572281909853,-0.01613087685048864,2.659981445494263,0.09051404991455432,0.25202463486925664,0.2728075483059336,0.01860208443858219,2.1252884761039623,3.1946744148845636,0.05405463437756025,0.1269734654515484,0.8789879264289235,0.023546907626298873,4.045837198222982,0.14668563744457533,0.7479753651307434,0.657461315216189,0.8328368355340863,0.9251390173237608,3.758338631782314,4.33333576466365,FALSE,FALSE,0.04583719822298171,3,5,TRUE,0.9434606316643083,TRUE
2022-11-01,9.17,4.8,4,0.29616362989962347,0.945572281909853,-0.016130876850488862,2.6579862030636416,0.08969114362803197,0.25202463486925664,0.27555478755060236,0.018510242001292445,2.117908743696875,3.198063662430408,0.05341173596037818,0.12597055129568577,0.8800881047568268,0.02339418626917343,4.037748614110894,0.15120965466364905,0.7479753651307434,0.6582842215027114,0.8342363422216253,0.9259398672920282,3.7413831368554034,4.334114091366385,FALSE,FALSE,0.03774861411089425,3,5,TRUE,0.9434798879537882,TRUE
2022-12-01,9.24,4.71,4,0.29616362989962375,0.9455722819098531,-0.016130876850488862,2.6463101716060713,0.08806169670879907,0.25202463486925664,0.27725711834502276,0.01855272051415022,2.1028962051924673,3.1897241380196752,0.05169903268582721,0.12442436073177093,0.8822665814757065,0.02343010614960877,4.0100854069809,0.15344775073629804,0.7479753651307434,0.6599136684219443,0.8363444172685228,0.9281887456828901,3.709333342029076,4.310837471932723,FALSE,FALSE,0.01008540698089977,3,5,TRUE,0.9435180143970902,TRUE
2023-01-01,9.69,4.62,4,0.29616362989962325,0.945572281909853,-0.016130876850488862,2.6299038911412613,0.086059689038388,0.25202463486925664,0.27760630449053164,0.018605941308998418,2.0858055324585596,3.174002249823963,0.04959271417428508,0.12252666390249091,0.8849431504694742,0.0235284254556758,3.9731705806803066,0.15453317962453378,0.7479753651307434,0.6619156760923554,0.8388282839634142,0.9310580169755343,3.6702911141997614,4.276050047160852,FALSE,FALSE,-0.026829419319693404,3,5,TRUE,0.9435648523916635,TRUE
2023-02-01,9.92,4.49,4,0.2961636298996233,0.9455722819098531,-0.016130876850488862,2.612696242370425,0.08399408271826701,0.25202463486925664,0.2769794751381848,0.01869307884336155,2.069826446642776,3.1555660380980743,0.04735632142511074,0.1206318440114233,0.8877047471963396,0.02369891696398084,3.9348944188269668,0.15421397395634415,0.7479753651307434,0.6639812824124763,0.8412557234743319,0.9341537709183474,3.6326405839597347,4.237148253694199,FALSE,FALSE,-0.06510558117303322,3,5,TRUE,0.943613171640583,TRUE
2023-03-01,8.71,4.43,4,0.29616362989962297,0.945572281909853,-0.01613087685048864,2.6057700670833106,0.08278417909064156,0.25202463486925664,0.27542306771559866,0.018914867211470694,2.0659507738492007,3.1455893603174205,0.045711720583801456,0.11985663759748166,0.8893223186887028,0.024059332668373092,3.9173250063572227,0.1509773682356633,0.7479753651307434,0.6651911860401019,0.8421668931666236,0.936477744210782,3.621414802134681,4.213235210579764,FALSE,FALSE,-0.0826749936427773,3,5,TRUE,0.9436414709051152,TRUE
2023-04-01,8.32,4.39,4,0.2961636298996236,0.9455722819098531,-0.01613087685048875,2.611939023528997,0.08269002137802292,0.2520246348692566,0.27314435165894513,0.019375362842438536,2.076585931696921,3.147292115361073,0.04471500801944779,0.12066503473659805,0.8894482021295327,0.02472270957095836,3.92604323551704,0.14388124308871847,0.7479753651307435,0.6652853437527205,0.8409925817702106,0.9379038224888547,3.6440411810122995,4.208045290021781,FALSE,FALSE,-0.07395676448295996,3,5,TRUE,0.9436436731269406,TRUE
2023-05-01,6.54,4.3,4,0.29616362989962375,0.9455722819098531,-0.01613087685048875,2.6240799592360013,0.08304262976082477,0.2520246348692566,0.2705546423813082,0.019942932935228263,2.0938026043185234,3.1543573141534793,0.04395519946167972,0.12213006005996982,0.8889767850224463,0.025518969571244873,3.946384077144525,0.13517782460868302,0.7479753651307435,0.6649327353699187,0.8389605237402328,0.9389930463046597,3.6814404094030344,4.211327744886016,FALSE,FALSE,-0.053615922855474896,3,5,TRUE,0.9436354260204549,TRUE
2023-06-01,4.93,4.24,4,0.2961636298996242,0.9455722819098531,-0.01613087685048864,2.648583057466668,0.08427864656880063,0.25202463486925664,0.2676207149852346,0.020651970930480323,2.1240560945787497,3.173110020354586,0.04380152733529106,0.12475576580231021,0.8873243017113684,0.02649703888877352,3.990652633036148,0.1251230141616633,0.7479753651307434,0.6636967185619427,0.8353910597924151,0.9392575436303218,3.7454160316421925,4.235889234430103,FALSE,FALSE,-0.009347366963852188,3,5,TRUE,0.9436065154444325,TRUE
2023-07-01,4.53,4.21,4,0.29616362989962386,0.9455722819098531,-0.01613087685048875,2.677513469803124,0.08576335539400592,0.25202463486925664,0.26509831194919287,0.02134897980004904,2.157930326020342,3.1970966135859062,0.043920123879236696,0.12760658690877516,0.8853393314911985,0.027453113640033902,4.043287392005425,0.11686109342429091,0.7479753651307434,0.6622120097367374,0.8315322174932467,0.9391464454891503,3.8142438576998443,4.272330926311006,FALSE,FALSE,0.04328739200542486,3,5,TRUE,0.9435717847283851,TRUE
2023-08-01,4.47,4.17,4,0.29616362989962347,0.9455722819098531,-0.016130876850488696,2.702259222579626,0.08707086948442806,0.25202463486925664,0.26342950001118043,0.021942726424361163,2.185946890092319,3.218571555066933,0.044063915970064836,0.13007782299879128,0.8835912604298025,0.02826813996651238,4.088728765473169,0.11174470250697338,0.7479753651307434,0.6609044956463153,0.828186724185501,0.938995796674104,3.8697131730963585,4.3077443578499794,FALSE,FALSE,0.08872876547316899,3,5,TRUE,0.9435411961027207,TRUE
2023-09-01,4.69,4.15,4,0.29616362989962347,0.9455722819098531,-0.01613087685048864,2.7257537118655737,0.08832969907232927,0.25202463486925664,0.2625081912965389,0.022447194327329646,2.211247111277607,3.2402603124535405,0.04433400663679137,0.13232539150786715,0.8819082777453646,0.028961251171226023,4.132148291298253,0.10880333981497664,0.7479753651307434,0.6596456660584141,0.8251452685025432,0.938671286988186,3.918897663863226,4.34539891873328,FALSE,FALSE,0.132148291298253,3,5,TRUE,0.9435117438615692,TRUE
2023-10-01,4.98,4.32,4,0.2961636298996232,0.9455722819098532,-0.01613087685048864,2.751440931833233,0.08967271402117974,0.25202463486925664,0.2623084617460688,0.022890004230078836,2.237325793970836,3.26555606969563,0.04480913012425575,0.13453629791810373,0.8801127440801406,0.02956651514265873,4.179598741089227,0.10715858403638537,0.7479753651307434,0.6583026511095637,0.8221634392521714,0.9380620489081098,3.969571775743603,4.389625706434851,FALSE,FALSE,0.1795987410892268,3,5,TRUE,0.9434803192005964,TRUE
2023-11-01,4.3,4.43,4,0.2961636298996233,0.9455722819098531,-0.01613087685048864,2.7667306685626536,0.09059689216958405,0.25202463486925664,0.2627416161394596,0.023315352967768033,2.2517665636894653,3.281694773435842,0.04489964006591966,0.13629414427324843,0.8788771711034252,0.030135081154939333,4.208733298034424,0.10627768733924561,0.7479753651307434,0.6573784729611594,0.8198134973685525,0.937940844838298,4.000432858489295,4.417033737579554,FALSE,FALSE,0.2087332980344243,3,5,TRUE,0.943458693067509,TRUE
2023-12-01,4.18,4.32,4,0.2961636298996234,0.9455722819098531,-0.01613087685048875,2.769457853650152,0.0909837280989374,0.25202463486925664,0.2627548095954986,0.023765626644012317,2.2544678900782955,3.2844478172220084,0.044403955806647764,0.13756350039122703,0.8783599937371818,0.030737626137183754,4.21536241490404,0.10608536467419852,0.7479753651307434,0.656991637031806,0.8181153535380447,0.9386046339363189,4.007438920855813,4.423285908952266,FALSE,FALSE,0.21536241490403984,3,5,TRUE,0.9434496405513525,TRUE
2024-01-01,3.82,4.29,4,0.2961636298996236,0.9455722819098532,-0.016130876850488696,2.7678217188856316,0.09120941441516074,0.25202463486925664,0.2618577075317459,0.02419003501907575,2.2545900430491868,3.2810533947220764,0.04379781699300961,0.13862101183731187,0.8780582641258277,0.031321047676374024,4.214319752523616,0.10642499724189025,0.7479753651307434,0.6567659507155826,0.8166701387220726,0.9394463895295827,4.0057305908747365,4.422908914172495,FALSE,FALSE,0.21431975252361557,3,5,TRUE,0.9434443590576912,TRUE
2024-02-01,3.3,4.28,4,0.2961636298996236,0.9455722819098532,-0.016130876850488696,2.760871696777402,0.09124432093259237,0.25202463486925664,0.26052953412522933,0.02460544392939718,2.2502431929829534,3.2715002005718503,0.0430185370073542,0.13947010485783054,0.8780115961216942,0.03189744674299278,4.203960999206827,0.10730130422625384,0.7479753651307434,0.656731044198151,0.815493749306644,0.9405294429367445,3.993654307429194,4.41426769098446,FALSE,FALSE,0.20396099920682698,3,5,TRUE,0.9434435421708515,TRUE
2024-03-01,3.24,4.14,4,0.2961636298996236,0.9455722819098532,-0.01613087685048864,2.744817869586064,0.09098053099024515,0.25202463486925664,0.25882061829001707,0.02500108997752695,2.237538779281242,3.2520969598908858,0.041979295060047044,0.13998176692044326,0.8783642680874362,0.0324512995773958,4.177837826041544,0.10843275570386925,0.7479753651307434,0.6569948341404982,0.8147608896642206,0.9419676465106518,3.96531353011753,4.390362121965557,FALSE,FALSE,0.17783782604154386,3,5,TRUE,0.9434497153692608,TRUE
2024-04-01,3.36,4.02,4,0.29616362989962347,0.9455722819098531,-0.016130876850488696,2.7271059189962106,0.09066974357031364,0.25202463486925664,0.2566556544683596,0.025353703335676228,2.2240700798096693,3.230141758182752,0.04097739815767522,0.14036208898295205,0.8787797729749229,0.032954940233960096,4.148916165545821,0.10926878369468312,0.7479753651307434,0.6573056215604297,0.8141892770036911,0.9433702689461547,3.934753284869745,4.363079046221897,FALSE,FALSE,0.14891616554582132,3,5,TRUE,0.943456988258306,TRUE
2024-05-01,3.76,3.99,4,0.2961636298996236,0.9455722819098531,-0.016130876850488696,2.713901387299161,0.09048439056072637,0.25202463486925664,0.2545460127505067,0.025674873209495498,2.2150003698998946,3.2128024046984276,0.0401625637624829,0.14080621735896984,0.8790275792774137,0.03341757649322383,4.127663332677663,0.10988652343487669,0.7479753651307434,0.657490974570017,0.8135303329000827,0.9445248256547447,3.9122897043589884,4.343036960996338,FALSE,FALSE,0.12766333267766328,3,5,TRUE,0.9434613257220547,TRUE
2024-06-01,3.62,4.02,4,0.2961636298996237,0.9455722819098531,-0.016130876850488696,2.7048794004129593,0.09041974210123993,0.25202463486925664,0.25286319634167737,0.025985076208751245,2.2092766425675916,3.200482158258327,0.0394899285965589,0.14134955560592097,0.8791140105457419,0.033860426156217344,4.113537023607196,0.11058669724116495,0.7479753651307434,0.6575556230295034,0.8127487947783779,0.9454792263131059,3.896791079845278,4.330282967369114,FALSE,FALSE,0.1135370236071962,3,5,TRUE,0.9434628385540837,TRUE
2024-07-01,3.78,4.07,4,0.2961636298996237,0.945572281909853,-0.016130876850488696,2.6989571433132666,0.0904551985664383,0.2520246348692567,0.2514483419296844,0.02632804949060827,2.206127449158773,3.1917868374677605,0.038853169781657995,0.14205722735121862,0.8790666072931064,0.03433965791933117,4.1047518852782,0.11225445651972878,0.7479753651307433,0.6575201665643049,0.8117621145297916,0.9463711000564211,3.8847371933954147,4.324766577160986,FALSE,FALSE,0.10475188527820034,3,5,TRUE,0.9434620088417678,TRUE
2024-08-01,3.07,4.02,4,0.2961636298996236,0.9455722819098531,-0.016130876850488696,2.6899331112011833,0.09039421382727643,0.2520246348692567,0.2499895004666644,0.02670055155741881,2.199962693773362,3.1799035286290045,0.03806209440738073,0.14272633324717213,0.8791481403782919,0.03485442322814824,4.090648136536698,0.11489283325859485,0.7479753651307433,0.6575811513034668,0.8108347261492052,0.9474615546073787,3.8654623212680868,4.31583395180531,FALSE,FALSE,0.09064813653669823,3,5,TRUE,0.943463435936799,TRUE
2024-09-01,2.11,3.97,4,0.2961636298996235,0.9455722819098531,-0.016130876850488668,2.6847143443728423,0.09045677275870696,0.25202463486925664,0.24802244916076013,0.02713369039110199,2.198599276660336,3.1708294120853484,0.03727571682448655,0.14363782869292738,0.8790645026886742,0.03545185041390064,4.0831002735414375,0.11990472801246665,0.7479753651307434,0.6575185923720364,0.8095801526921276,0.9485488526852208,3.848091325060932,4.318109222021943,FALSE,FALSE,0.08310027354143745,3,5,TRUE,0.9434619720042449,TRUE
2024-10-01,1.16,3.96,4,0.2961636298996235,0.9455722819098532,-0.016130876850488696,2.6800613915645983,0.0905342512441698,0.2520246348692567,0.2458195487247124,0.027583977784796192,2.1982639293682733,3.1618588537609233,0.03647064823561635,0.14459785425272326,0.8789609184142786,0.03607331846946618,4.076504092847139,0.12658851215173267,0.7479753651307433,0.6574411138865734,0.8082585134112814,0.9496633234172758,3.8283951681732318,4.324613017521045,FALSE,FALSE,0.07650409284713877,3,5,TRUE,0.943460158932734,TRUE
2024-11-01,1.66,3.66,4,0.2961636298996234,0.9455722819098531,-0.016130876850488682,2.666408084795493,0.0904486177696064,0.25202463486925664,0.24356943787414972,0.028009780009938492,2.1890207588274935,3.1437954107634924,0.03555045773523702,0.14534677780397579,0.8790754054395945,0.03666256710295395,4.055208545502723,0.13267796286991798,0.7479753651307434,0.6575267473611369,0.8072180943370217,0.9509327165421673,3.7951645167355417,4.3152525742699055,FALSE,FALSE,0.05520854550272336,3,5,TRUE,0.9434621628383241,TRUE
2024-12-01,1.7,3.95,4,0.2961636298996234,0.9455722819098531,-0.016130876850488668,2.663891064376902,0.09047393808474453,0.2520246348692567,0.2410836369543372,0.028396866485837554,2.1913758186844716,3.1364063100693325,0.03481710249871046,0.14613077367077862,0.8790415536360211,0.03720277117609966,4.051536551555707,0.13654643911667222,0.7479753651307433,0.6575014270459987,0.806125462005781,0.9519576452662613,3.7839104486698387,4.319162654441576,FALSE,FALSE,0.051536551555707355,3,5,TRUE,0.9434615703198326,TRUE
2025-01-01,2.19,3.76,4,0.29616362989962347,0.9455722819098531,-0.016130876850488696,2.6396290291716675,0.0901892228054217,0.25202463486925664,0.23973671919145018,0.028764429885169203,2.169753693784633,3.109504364558702,0.03381197619466248,0.14656646941618093,0.8794222015725652,0.03770912335866893,4.012898508078002,0.1382925758569436,0.7479753651307434,0.6577861423253216,0.805513677900996,0.9533307252441344,3.741850040069119,4.2839469760868845,FALSE,FALSE,0.012898508078001747,3,5,TRUE,0.943468232858642,TRUE
2025-02-01,1.79,3.79,4,0.2961636298996233,0.9455722819098531,-0.01613087685048864,2.6182642663479463,0.08994681158221236,0.25202463486925664,0.2376525235986784,0.02911187031488005,2.1524738792594817,3.084054653436411,0.03288859424244676,0.14700502892197798,0.8797462914216567,0.03819285084320759,3.9789523603930417,0.1393667177133488,0.7479753651307434,0.658028553548531,0.8048896793020597,0.9546029035412538,3.705798613031318,4.2521061077547655,FALSE,FALSE,-0.021047639606958324,3,5,TRUE,0.943473905351128,TRUE
2025-03-01,1.57,3.71,4,0.2961636298996233,0.9455722819098531,-0.016130876850488626,2.5941354871136393,0.08965240932034212,0.2520246348692567,0.23566794378290404,0.02947060706246067,2.1322348049885376,3.056036169238741,0.03189108087538746,0.14741373776529676,0.880139890296158,0.03868924167459659,3.940521083485896,0.14130872343393266,0.7479753651307433,0.6583229558104011,0.8043103700247826,0.9559694105675335,3.663561074854057,4.217481092117735,FALSE,FALSE,-0.059478916514104085,3,5,TRUE,0.9434807943233692,TRUE
2025-04-01,1.47,3.62,4,0.2961636298996233,0.9455722819098531,-0.016130876850488626,2.5699849809914626,0.08935767302167108,0.25202463486925664,0.23341585891013364,0.029821462576774118,2.112498304107118,3.027471657875807,0.030908680404884793,0.14780666563845737,0.8805339357586306,0.039176076372799115,3.9020891964831286,0.14316156467836524,0.7479753651307434,0.6586176921090723,0.8037502370123538,0.9573176345049074,3.6214976857431314,4.182680707223126,FALSE,FALSE,-0.09791080351687143,3,5,TRUE,0.943487690974108,TRUE
2025-05-01,1.69,3.55,4,0.29616362989962325,0.9455722819098531,-0.01613087685048864,2.5484099093647337,0.08909766585447926,0.25202463486925664,0.23112935194998652,0.03015948526294811,2.0954047037726777,3.0014151149567896,0.029986160946834456,0.14820917076212406,0.8808815503717755,0.039645894061506384,3.867804164815416,0.14455401563841644,0.7479753651307434,0.6588776992762642,0.8031770258763327,0.9585860748672184,3.58448350034348,4.151124829287352,FALSE,FALSE,-0.132195835184584,3,5,TRUE,0.9434937748696636,TRUE
2025-06-01,1.79,3.53,4,0.2961636298996232,0.945572281909853,-0.016130876850488626,2.5310830400985167,0.08889129591122902,0.2520246348692567,0.22908937617468106,0.030484255365076124,2.082076113555394,2.9800899666416396,0.02914325330015792,0.1486393385223001,0.881157455104566,0.04009707419973987,3.8403037765664996,0.14541818694939412,0.7479753651307433,0.6590840692195142,0.8025686337876456,0.9597462764214864,3.555289367448575,4.125318185684424,FALSE,FALSE,-0.15969622343350043,3,5,TRUE,0.9434986036338853,TRUE
2025-07-01,1.17,3.54,4,0.2961636298996232,0.9455722819098532,-0.016130876850488626,2.518440687790263,0.08875292383372937,0.2520246348692567,0.22746167719911756,0.030807161370353345,2.072623992616917,2.9642573829636087,0.02837199708192322,0.14913385058553552,0.8813424506056885,0.04054353014182092,3.820320016465542,0.14671347150751932,0.7479753651307433,0.6592224412970139,0.8018785917216054,0.9608063094897716,3.532766896263961,4.1078731366671235,FALSE,FALSE,-0.17967998353445802,3,5,TRUE,0.9435018413065266,TRUE
2025-08-01,1.17,3.49,4,0.2961636298996232,0.945572281909853,-0.016130876850488633,2.5085435914697447,0.08865675828544359,0.2520246348692567,0.22617355196196418,0.031135271278293047,2.0652515753687966,2.951835607570693,0.027632747931104866,0.1496807686397823,0.8814710184072082,0.040994606755927906,3.804751701870809,0.14887736430098342,0.7479753651307433,0.6593186068452996,0.8011230656052072,0.9618189712092092,3.5129574297276323,4.096545974013986,FALSE,FALSE,-0.19524829812919098,3,5,TRUE,0.9435040913998394,TRUE
2025-09-01,1.47,3.42,4,0.2961636298996232,0.945572281909853,-0.016130876850488637,2.500117048087816,0.08857537055424451,0.25202463486925664,0.22508114858415984,0.03144601501726424,2.058966103263954,2.9412679929116776,0.026942313663100938,0.1502084274453881,0.8815798291180862,0.04142211167308334,3.791502985518709,0.14973208086583398,0.7479753651307434,0.6593999945764989,0.8003939820752467,0.9627656761609257,3.4980334996914353,4.084972471345982,FALSE,FALSE,-0.2084970144812912,3,5,TRUE,0.9435059957084971,TRUE
2025-10-01,1.26,3.37,4,0.2961636298996232,0.945572281909853,-0.016130876850488644,2.4981389087316233,0.08855878384631555,0.25202463486925664,0.22436391809394707,0.031740249598004824,2.0583937098371927,2.937884107626054,0.02634903777391418,0.15076852991871692,0.8816020045916408,0.041826943154955394,3.788407782930916,0.14962828645003132,0.7479753651307434,0.6594165812844278,0.7996227024245242,0.9635813067587575,3.495141730420412,4.0816738354414195,FALSE,FALSE,-0.21159221706908404,3,5,TRUE,0.9435063838026978,TRUE
2025-11-01,1.73,3.3,4,0.2961636298996232,0.945572281909853,-0.016130876850488647,2.50840701115765,0.08869681651787303,0.2520246348692567,0.22432655528905868,0.03202756944419479,2.068735042015162,2.948078980300138,0.02592393389489575,0.15146969914085032,0.8814174628567223,0.042220634593488536,3.8047757149620103,0.15001971996164085,0.7479753651307433,0.6592785486128703,0.7986665396490589,0.9641683860643857,3.5107424668664096,4.0988089630576106,FALSE,FALSE,-0.19522428503798972,3,5,TRUE,0.9435031541141805,TRUE
2025-12-01,1.65,3.72,4,0.2961636298996232,0.9455722819098531,-0.016130876850488644,2.5359365269439276,0.08902165511990882,0.25202463486925664,0.22530111761766683,0.032299835320477636,2.0943544507366783,2.977518603151177,0.025715141185197923,0.1523281690546197,0.8809831723477308,0.04259228609024648,3.848428938813064,0.15035906392348508,0.7479753651307434,0.6589537100108346,0.7975038255916215,0.9644625191038402,3.5537305887738775,4.14312728885225,FALSE,FALSE,-0.15157106118693608,3,5,TRUE,0.9434955534210057,TRUE
2026-01-01,0.96,3.64,4,0.29616362989962325,0.945572281909853,-0.01613087685048864,2.543262679920455,0.08904629175895978,0.25202463486925664,0.2277241280723788,0.032574875950048786,2.096931590487806,2.989593769353104,0.025200708096004207,0.15289187542191535,0.8809502345797247,0.04295889721440556,3.8596910998423724,0.1497258884670327,0.7479753651307434,0.6589290733717836,0.7967523432239317,0.9651481259355176,3.566233750893727,4.1531484487910175,FALSE,FALSE,-0.14030890015762765,3,5,TRUE,0.9434949769570193,TRUE
2026-02-01,1.56,3.62,4,0.29616362989962314,0.9455722819098531,-0.016130876850488644,2.549338254706777,0.08905320534419152,0.25202463486925664,0.22945405767562516,0.03283972534867515,2.0996165655559755,2.9990599438575787,0.024688526398601182,0.15341788428978187,0.8809409915143056,0.043315756414721435,3.868952070958727,0.14931648818465926,0.7479753651307434,0.6589221597865519,0.7960436689783418,0.9658383140502694,3.5762971318187944,4.16160701009866,FALSE,FALSE,-0.13104792904127294,3,5,TRUE,0.9434948151883155,TRUE
2026-03-01,2.5,3.61,4,0.29616362989962325,0.945572281909853,-0.01613087685048865,2.548508674525991,0.08900318273651579,0.25202463486925664,0.23144299734618473,0.03307559354885215,2.0948887352534697,3.0021286137985124,0.024176210613480242,0.15383015485955134,0.8810078688608168,0.04363487610747553,3.8673994784826218,0.14631792060964213,0.7479753651307434,0.6589721823942276,0.7954850832202975,0.9665306545013361,3.5806216237949324,4.154177333170312,FALSE,FALSE,-0.13260052151737822,3,5,TRUE,0.9434959856491257,TRUE
2026-04-01,3.24,3.71,4,0.29616362989962325,0.945572281909853,-0.01613087685048864,2.5466283466472843,0.08893908129098556,0.25202463486925664,0.23407323307169248,0.03328927658019261,2.0878532400819174,3.0054034532126512,0.02369329812241537,0.15418486445955576,0.8810935688029788,0.04392494361016781,3.864170166488872,0.14382844439121586,0.7479753651307434,0.6590362838397578,0.7950022613040972,0.9671848763018605,3.5822715955296673,4.146068737448077,FALSE,FALSE,-0.13582983351112787,3,5,TRUE,0.9434974855297346,TRUE
2026-05-01,2.86,3.74,4,0.29616362989962325,0.9455722819098531,-0.01613087685048864,2.5415689425443837,0.08880671694907023,0.25202463486925664,0.23753346738703116,0.03352659210757717,2.0760119013428833,3.007125983745884,0.02309580389385417,0.1545176300042863,0.8812705323075084,0.04424466275554469,3.855718789956623,0.1460558510181214,0.7479753651307434,0.6591686481816731,0.7945525867985201,0.9679884778164967,3.5694545822297576,4.141982997683489,FALSE,FALSE,-0.1442812100433768,3,5,TRUE,0.9435005826421989,TRUE
2026-06-01,2.27,3.71,4,0.29616362989962325,0.945572281909853,-0.016130876850488647,2.538985794557403,0.08874326293768965,0.25202463486925664,0.24160368962931308,0.033851491837406086,2.065451264351956,3.01252032476285,0.02239555811342213,0.1550909677619572,0.8813553666674869,0.04468241301628169,3.8514292403404076,0.1575836661811271,0.7479753651307434,0.6592321021930537,0.7937794464132312,0.9689312869217427,3.542570930073616,4.160287550607199,FALSE,FALSE,-0.14857075965959243,3,5,TRUE,0.9435020673540223,TRUE
