fecha,inflacion,expectativa,meta_inflacion,a0,a_pi1,a_pi2,a_pi3,a_pi4,b_e1,b_e2,b_e3,b_e4,c0,c,d,pulso_2012_09,lambda_t,lambda_se,pi_estrella_t,pi_estrella_se,denominador_1_menos_d,denominador_ancla,codigo_modelo,lambda_li_95,lambda_ls_95,pi_estrella_li_95,pi_estrella_ls_95,lambda_fuera_0_1,lambda_significativamente_menor_1,lambda_no_distinta_de_1,brecha_ancla_meta,ancla_dentro_banda_meta
2010-05-01,3.51,5.7,5,0.18306591092584015,1.3143607926097585,-0.5345842542725502,0.21612240944063077,-0.07279013170333523,0.16451289909803443,-0.09845112933295097,0.25693225041218176,-0.29461057930135565,2.8951901758527208,0.19713016218669005,0.33900386735028487,0.5999095368292874,0.7017680551375387,0.05535501485792526,6.241436880922261,0.25728772501769415,0.6609961326497151,0.4638659704630251,M3A_PULSOS_CONJUNTOS,0.5932742196523256,0.8102618906227518,5.737162206223335,6.745711555621186,FALSE,TRUE,FALSE,1.2414368809222607,FALSE
2010-06-01,4.07,5.45,5,0.18306591092584018,1.3143607926097585,-0.5345842542725504,0.21612240944063071,-0.07279013170333523,0.1645128990980344,-0.09845112933295096,0.2569322504121818,-0.29461057930135565,2.8840478239721996,0.19645955346471905,0.33900386735027155,0.5999095368292874,0.7027825977178208,0.05465960304399685,6.208440741161914,0.23744765904948212,0.6609961326497285,0.4645365791850094,M3A_PULSOS_CONJUNTOS,0.5956517443423311,0.8099134510933105,5.743051881211582,6.673829601112245,FALSE,TRUE,FALSE,1.2084407411619136,FALSE
2010-07-01,4.12,5.11,5,0.18306591092584018,1.3143607926097591,-0.5345842542725502,0.2161224094406307,-0.07279013170333523,0.1645128990980344,-0.09845112933295096,0.2569322504121818,-0.29461057930135554,2.87940130761274,0.19615487910781276,0.3390038673504794,0.5999095368292874,0.703243529850091,0.05385429175380197,6.194375575906982,0.22204989809659106,0.6609961326495206,0.46484125354170786,M3A_PULSOS_CONJUNTOS,0.5976910575997267,0.8087960021004552,5.759165772866874,6.629585378947089,FALSE,TRUE,FALSE,1.1943755759069816,FALSE
2010-08-01,4.1,5.57,5,0.18306591092584015,1.3143607926097587,-0.5345842542725503,0.21612240944063094,-0.0727901317033352,0.16451289909803435,-0.09845112933295096,0.2569322504121819,-0.2946105793013558,2.9229801817642027,0.19900035466874902,0.33900386735039945,0.5999095368292874,0.698938700486708,0.053124791039316166,6.326854748627924,0.22280890457375851,0.6609961326496006,0.46199577798085156,M3A_PULSOS_CONJUNTOS,0.5948160233634322,0.8030613776099839,5.8901573202285356,6.763552177027313,FALSE,TRUE,FALSE,1.326854748627924,FALSE
2010-09-01,3.76,5.68,5,0.1830659109258405,1.3143607926097576,-0.5345842542725506,0.21612240944063207,-0.07279013170333362,0.16451289909803526,-0.0984511293329505,0.25693225041218043,-0.2946105793013567,2.955547990189043,0.20111773592895107,0.3390038673502076,0.5999095368292874,0.6957353818051658,0.0523259415100526,6.426803283788825,0.2214510614571348,0.6609961326497924,0.4598783967208413,M3A_PULSOS_CONJUNTOS,0.5931784209883133,0.7982923426220183,5.992767178994675,6.860839388582975,FALSE,TRUE,FALSE,1.426803283788825,FALSE
2010-10-01,4.51,5.89,5,0.18306591092584057,1.3143607926097605,-0.5345842542725485,0.21612240944063815,-0.0727901317033346,0.16451289909803204,-0.09845112933295122,0.25693225041217616,-0.2946105793013572,2.9867667980913244,0.2031463490667197,0.3390038673502005,0.5999095368292874,0.6926663575891931,0.051462913931646294,6.523464475001452,0.21906909012805528,0.6609961326497995,0.4578497835830798,M3A_PULSOS_CONJUNTOS,0.5918008997436819,0.7935318154347044,6.094096948224505,6.9528320017783996,FALSE,TRUE,FALSE,1.523464475001452,FALSE
2010-11-01,5.25,6.22,5,0.18306591092584107,1.3143607926097582,-0.534584254272547,0.21612240944063837,-0.07279013170333302,0.16451289909803418,-0.09845112933295085,0.2569322504121753,-0.29461057930135776,2.993153042325388,0.20367641487923646,0.33900386735019894,0.5999095368292874,0.6918644379011136,0.050350337912203814,6.5449901371343024,0.20505099273342348,0.6609961326498011,0.45731971777056457,M3A_PULSOS_CONJUNTOS,0.5931795889837725,0.7905492868184547,6.143097576382608,6.9468826978859965,FALSE,TRUE,FALSE,1.5449901371343024,FALSE
2010-12-01,5.39,6.2,5,0.18306591092584112,1.3143607926097585,-0.5345842542725475,0.21612240944064298,-0.07279013170333516,0.16451289909803443,-0.09845112933295035,0.2569322504121725,-0.2946105793013567,2.963365425941778,0.20158810196993718,0.33900386735019117,0.5999095368292874,0.6950237800003329,0.04915254130861884,6.450399705804737,0.18273915233464272,0.6609961326498088,0.4594080306798717,M3A_PULSOS_CONJUNTOS,0.5986865692868227,0.7913609907138431,6.0922375486634595,6.808561862946015,FALSE,TRUE,FALSE,1.4503997058047373,FALSE
2011-01-01,4.9,5.85,5,0.18306591092581484,1.3143607926097323,-0.5345842542725449,0.21612240944056657,-0.07279013170330766,0.16451289909815484,-0.09845112933301645,0.25693225041219236,-0.294610579301355,2.92548537681968,0.19881792239119284,0.3390038673501974,0.5999095368292874,0.6992146964700517,0.04817055765138348,6.329777804069858,0.16607611734365016,0.6609961326498026,0.4621782102586098,M3A_PULSOS_CONJUNTOS,0.6048021383581298,0.7936272545819737,6.0042745953840555,6.65528101275566,FALSE,TRUE,FALSE,1.3297778040698578,FALSE
2011-02-01,5.24,5.81,5,0.18306591092580454,1.3143607926097165,-0.5345842542725435,0.2161224094405651,-0.0727901317033005,0.16451289909813763,-0.09845112933301446,0.25693225041219997,-0.2946105793013544,2.9165108725003237,0.19854826656748367,0.3390038673501974,0.5999095368292874,0.6996226501786886,0.04744750864524683,6.306680355577994,0.16046561423529548,0.6609961326498026,0.4624478660823189,M3A_PULSOS_CONJUNTOS,0.606627242077852,0.7926180582795253,5.992173530919717,6.62118718023627,FALSE,TRUE,FALSE,1.3066803555779938,FALSE
2011-03-01,4.99,6.13,5,0.1830659109257725,1.3143607926097087,-0.5345842542725395,0.21612240944056252,-0.07279013170329848,0.16451289909813532,-0.09845112933301668,0.2569322504122011,-0.2946105793013549,2.9148017127039347,0.19884997537584914,0.33900386735019733,0.5999095368292874,0.6991662045302762,0.04662462557523612,6.307099316582834,0.15497961960171508,0.6609961326498026,0.4621461572739535,M3A_PULSOS_CONJUNTOS,0.6077836176101483,0.7905487914504041,6.003344843825754,6.610853789339913,FALSE,TRUE,FALSE,1.3070993165828337,FALSE
2011-04-01,5.76114812916453,6.19,5,0.18306591092575714,1.3143607926097103,-0.534584254272538,0.21612240944055944,-0.07279013170329653,0.16451289909814024,-0.09845112933301697,0.256932250412204,-0.29461057930135415,2.8894500584093223,0.19716336710091173,0.33900386735019783,0.5999095368292874,0.7017178204802456,0.04570395525318926,6.22950829053658,0.14602757358880822,0.6609961326498022,0.4638327655488904,M3A_PULSOS_CONJUNTOS,0.6121397142329644,0.7912959267275267,5.943299505552743,6.515717075520416,FALSE,TRUE,FALSE,1.2295082905365797,FALSE
2011-05-01,6.3930220625962,5.74,5,0.18306591092600735,1.3143607926097438,-0.5345842542725547,0.2161224094405806,-0.07279013170330885,0.16451289909810043,-0.09845112933301753,0.2569322504121888,-0.2946105793013629,2.8363919747274657,0.19325783616001346,0.3390038673501987,0.5999095368292874,0.7076263738710824,0.04454774139178088,6.064057606600945,0.1348914883267863,0.6609961326498013,0.4677382964897878,M3A_PULSOS_CONJUNTOS,0.6203144051505877,0.7949383425915771,5.799675147659438,6.328440065542451,FALSE,TRUE,FALSE,1.0640576066009446,FALSE
2011-06-01,6.42229936695938,6.16,5,0.18306591092620345,1.3143607926097447,-0.5345842542725467,0.21612240944057481,-0.07279013170329995,0.16451289909806632,-0.09845112933302629,0.25693225041218526,-0.2946105793013789,2.8191221771624235,0.19266141368638348,0.33900386735019716,0.5999095368292874,0.7085286824386673,0.04349303078256462,6.01946014893382,0.13140691779312208,0.6609961326498028,0.4683347189634194,M3A_PULSOS_CONJUNTOS,0.6232839085263487,0.7937734563509858,5.761907322739885,6.2770129751277555,FALSE,TRUE,FALSE,1.0194601489338204,FALSE
2011-07-01,7.03967446592064,5.88,5,0.18306591092587232,1.3143607926097212,-0.5345842542725364,0.21612240944055852,-0.0727901317032993,0.1645128990981247,-0.09845112933302073,0.25693225041219886,-0.2946105793013647,2.782889917601461,0.19011935344990175,0.3390038673501965,0.5999095368292874,0.7123744844198245,0.0424984970938415,5.910017313510458,0.13044188317582942,0.6609961326498035,0.4708767791999018,M3A_PULSOS_CONJUNTOS,0.6290789607188151,0.795670008120834,5.654355920410252,6.165678706610665,FALSE,TRUE,FALSE,0.9100173135104583,TRUE
2011-08-01,7.6258261311642,5.95,5,0.18306591092577948,1.3143607926097174,-0.5345842542725262,0.21612240944054859,-0.07279013170330062,0.1645128990981385,-0.09845112933302885,0.25693225041221107,-0.2946105793013576,2.771292381975408,0.19011650722471546,0.33900386735019655,0.5999095368292874,0.7123787903832723,0.041639748907677236,5.88535207798302,0.1317642839640587,0.6609961326498035,0.47087962542508804,M3A_PULSOS_CONJUNTOS,0.6307663821989339,0.7939911985676108,5.627098826964756,6.143605329001284,FALSE,TRUE,FALSE,0.8853520779830202,TRUE
2011-09-01,7.24931562404949,6.43,5,0.18306591092583832,1.314360792609713,-0.5345842542725223,0.21612240944054759,-0.07279013170329804,0.16451289909814765,-0.09845112933305124,0.25693225041221235,-0.29461057930136825,2.7774597501187017,0.19212079559319445,0.3390038673501963,0.5999095368292874,0.7093465663361449,0.041045890144881414,5.923663563868294,0.13291280299665684,0.6609961326498037,0.4688753370566093,M3A_PULSOS_CONJUNTOS,0.6288980999387899,0.7897950327334999,5.663159256910579,6.184167870826008,FALSE,TRUE,FALSE,0.9236635638682937,TRUE
2011-10-01,6.65,6.51,5,0.18306591092573768,1.3143607926097158,-0.5345842542725248,0.21612240944054384,-0.07279013170330248,0.16451289909814984,-0.09845112933303621,0.2569322504122157,-0.2946105793013585,2.763842500784493,0.19170363334004645,0.33900386735019633,0.5999095368292874,0.7099776778246126,0.040866331333548146,5.889381366311193,0.13263614512956146,0.6609961326498037,0.46929249930975725,M3A_PULSOS_CONJUNTOS,0.6298811402305775,0.7900742154186478,5.629419298809025,6.149343433813361,FALSE,TRUE,FALSE,0.8893813663111931,TRUE
2011-11-01,6.05484387510006,6.06,5,0.18306591092572744,1.3143607926097136,-0.5345842542725248,0.21612240944054373,-0.07279013170330022,0.16451289909815126,-0.09845112933303295,0.25693225041221496,-0.29461057930135937,2.7297143280643135,0.18890007086147148,0.3390038673501947,0.5999095368292874,0.7142190982204272,0.04103680116958747,5.782116287358889,0.13273258686888464,0.6609961326498053,0.4720960617883338,M3A_PULSOS_CONJUNTOS,0.6337884458873045,0.7946497505535498,5.521965197521041,6.042267377196737,FALSE,TRUE,FALSE,0.7821162873588889,TRUE
2011-12-01,6.2,5.62,5,0.1830659109257502,1.314360792609713,-0.5345842542725208,0.21612240944054215,-0.07279013170330047,0.16451289909814676,-0.09845112933303606,0.256932250412215,-0.29461057930135937,2.711008027091876,0.18774247033806526,0.33900386735019405,0.5999095368292874,0.7159703951890884,0.04145896109784235,5.72844595401374,0.13135526189732666,0.660996132649806,0.4732536623117407,M3A_PULSOS_CONJUNTOS,0.6347123246008703,0.7972284657773065,5.470994371515153,5.985897536512327,FALSE,TRUE,FALSE,0.7284459540137398,TRUE
2012-01-01,5.44,5.95,4.5,0.18306591092572788,1.3143607926097134,-0.5345842542725224,0.2161224094405416,-0.07279013170330068,0.1645128990981505,-0.09845112933303245,0.2569322504122147,-0.2946105793013576,2.725060545419654,0.18976827742383462,0.33900386735019405,0.5999095368292874,0.7129056161598251,0.04195132068459631,5.7828935942525845,0.13046618017599143,0.660996132649806,0.4712278552259713,M3A_PULSOS_CONJUNTOS,0.6306825385141261,0.795128693805524,5.527184579907128,6.038602608598041,FALSE,TRUE,FALSE,1.2828935942525845,FALSE
2012-02-01,5.17,6.11,4.5,0.18306591092568522,1.314360792609714,-0.5345842542725241,0.21612240944054167,-0.0727901317033013,0.16451289909815228,-0.09845112933303042,0.25693225041221623,-0.2946105793013576,2.7224883027014966,0.19013980777666104,0.33900386735019394,0.5999095368292874,0.7123435397202292,0.04254149418727596,5.781993697196213,0.13422050912210295,0.6609961326498061,0.470856324873145,M3A_PULSOS_CONJUNTOS,0.6289637432646483,0.7957233361758101,5.518926333330262,6.045061061062164,FALSE,TRUE,FALSE,1.2819936971962127,FALSE
2012-03-01,4.55,5.47,4.5,0.18306591092567348,1.3143607926097138,-0.5345842542725238,0.21612240944054045,-0.07279013170329984,0.1645128990981572,-0.09845112933303012,0.25693225041221546,-0.29461057930135626,2.6808921937066335,0.1871041959674409,0.33900386735019383,0.5999095368292874,0.7169360201588832,0.04307420832658318,5.657180437538337,0.1383368855761464,0.6609961326498062,0.4738919366823653,M3A_PULSOS_CONJUNTOS,0.632512123176205,0.8013599171415615,5.386045124075652,5.928315751001023,FALSE,TRUE,FALSE,1.1571804375383374,FALSE
2012-04-01,4.27,5.54,4.5,0.18306591092566812,1.3143607926097136,-0.5345842542725232,0.21612240944053976,-0.07279013170329965,0.16451289909815903,-0.09845112933302862,0.256932250412218,-0.2946105793013558,2.6682708993856354,0.18647279344420414,0.33900386735019383,0.5999095368292874,0.7178912489295957,0.04374083750587967,5.623055135396668,0.14465147847422452,0.6609961326498062,0.474523339205602,M3A_PULSOS_CONJUNTOS,0.6321607827644528,0.8036217150947386,5.339543447276717,5.906566823516619,FALSE,TRUE,FALSE,1.123055135396668,FALSE
2012-05-01,3.9,5.28,4.5,0.18306591092565547,1.3143607926097136,-0.5345842542725239,0.2161224094405399,-0.07279013170329991,0.16451289909816122,-0.0984511293330293,0.2569322504122173,-0.2946105793013558,2.6360345997283243,0.18440900221659937,0.3390038673501935,0.5999095368292874,0.7210134929574563,0.04429280712671122,5.531065426236389,0.15086078687762625,0.6609961326498065,0.4765871304332071,M3A_PULSOS_CONJUNTOS,0.6342011862149233,0.8078257996999894,5.235383717276869,5.82674713519591,FALSE,TRUE,FALSE,1.0310654262363892,FALSE
2012-06-01,3.47,5.11,4.5,0.18306591092566263,1.3143607926097143,-0.5345842542725243,0.21612240944054062,-0.07279013170330019,0.16451289909815933,-0.09845112933302999,0.25693225041221707,-0.29461057930135603,2.6062997131828354,0.18251663606760854,0.3390038673501937,0.5999095368292874,0.7238763934428263,0.0448026944952022,5.447045760162683,0.15744384700031258,0.6609961326498063,0.47847949658219774,M3A_PULSOS_CONJUNTOS,0.636064725821879,0.8116880610637736,5.138461490454636,5.75563002987073,FALSE,TRUE,FALSE,0.9470457601626832,TRUE
2012-07-01,2.86,4.9,4.5,0.1830659109256767,1.314360792609714,-0.5345842542725251,0.21612240944054154,-0.07279013170330034,0.1645128990981597,-0.09845112933302964,0.25693225041221635,-0.29461057930135603,2.5763389836337836,0.1806101337307474,0.3390038673501936,0.5999095368292874,0.7267606801166655,0.04523063424897591,5.363060100483643,0.16408725454580494,0.6609961326498064,0.480385998919059,M3A_PULSOS_CONJUNTOS,0.6381102659907689,0.8154110942425621,5.0414549912518085,5.684665209715477,FALSE,TRUE,FALSE,0.8630601004836427,TRUE
2012-08-01,2.71,4.55,4.5,0.183065910925675,1.314360792609714,-0.5345842542725248,0.21612240944054126,-0.07279013170330034,0.1645128990981598,-0.09845112933302984,0.2569322504122165,-0.2946105793013563,2.5504847829059614,0.17893233099666958,0.3390038673501938,0.5999095368292874,0.7292989744442765,0.04553438269789614,5.290761874589234,0.17045577275182788,0.6609961326498062,0.48206380165313656,M3A_PULSOS_CONJUNTOS,0.6400532242981363,0.8185447245904167,4.956674699038707,5.62484905013976,FALSE,TRUE,FALSE,0.7907618745892337,TRUE
2012-09-01,3.28,5.17,4.5,0.18306591092567126,1.3143607926097136,-0.5345842542725245,0.21612240944054123,-0.0727901317033004,0.1645128990981598,-0.09845112933302969,0.25693225041221684,-0.29461057930135637,2.544759220009069,0.1781784633904155,0.3390038673501938,0.5999095368292874,0.7304394767392475,0.045642027251104396,5.270642277679182,0.17650479893141763,0.6609961326498062,0.4828176692593907,M3A_PULSOS_CONJUNTOS,0.6409827471456871,0.8198962063328078,4.92469922867512,5.616585326683245,FALSE,TRUE,FALSE,0.7706422776791824,TRUE
2012-10-01,3.35,4.76,4.5,0.18306591092568084,1.3143607926097143,-0.5345842542725252,0.2161224094405419,-0.07279013170330062,0.16451289909815844,-0.09845112933302985,0.25693225041221607,-0.29461057930135515,2.539033655843007,0.17742459572896005,0.33900386735019383,0.5999095368292875,0.731579979117731,0.045692850304170425,5.250585408749174,0.17133189826601744,0.6609961326498062,0.4835715369208461,M3A_PULSOS_CONJUNTOS,0.642023638170577,0.821136320064885,4.914781058744899,5.586389758753449,FALSE,TRUE,FALSE,0.7505854087491741,TRUE
2012-11-01,3.11,4.82,4.5,0.1830659109256777,1.3143607926097145,-0.5345842542725255,0.21612240944054223,-0.07279013170330084,0.16451289909815822,-0.09845112933302862,0.2569322504122159,-0.2946105793013549,2.546503025496295,0.17736533980915767,0.3390038673501937,0.5999095368292876,0.73166962551182535,0.04568899567875312,5.265386454280924,0.16881303395879874,0.6609961326498063,0.4836307928406486,M3A_PULSOS_CONJUNTOS,0.6421208394916631,0.8212184115319876,4.934518987600741,5.596253920961107,FALSE,TRUE,FALSE,0.7653864542809243,TRUE
2012-12-01,3.45,4.93,4.5,0.18306591092567315,1.3143607926097143,-0.5345842542725253,0.2161224094405423,-0.07279013170330094,0.1645128990981591,-0.09845112933302876,0.25693225041221585,-0.2946105793013547,2.546347711035736,0.17689613687937802,0.33900386735019383,0.5999095368292876,0.7323794676827602,0.045590865700181525,5.259962266645577,0.16591865376947884,0.6609961326498062,0.48409999577042817,M3A_PULSOS_CONJUNTOS,0.643023012886402,0.8217359224791184,4.934767680894028,5.585156852397127,FALSE,TRUE,FALSE,0.7599622666455774,TRUE
2013-01-01,3.86,4.83,4,0.183065910925674,1.3143607926097147,-0.5345842542725252,0.21612240944054226,-0.07279013170330104,0.1645128990981585,-0.09845112933302855,0.2569322504122162,-0.2946105793013547,2.523026589053331,0.1752706382967105,0.3390038673501938,0.5999095368292877,0.7348386327253016,0.04532318667680222,5.194346638966474,0.1577455007467555,0.6609961326498062,0.48572549435309564,M3A_PULSOS_CONJUNTOS,0.6460068191741837,0.8236704462764195,4.885171138779597,5.50352213915335,FALSE,TRUE,FALSE,1.1943466389664739,FALSE
2013-02-01,4.18,4.61,4,0.18306591092567998,1.3143607926097147,-0.5345842542725254,0.21612240944054248,-0.07279013170330124,0.16451289909815792,-0.09845112933302881,0.2569322504122158,-0.2946105793013547,2.4961058132331106,0.17344582429637417,0.3390038673501938,0.5999095368292877,0.7375993357161361,0.04497338741647086,5.119688718202284,0.1485527414470909,0.6609961326498062,0.487550308353432,M3A_PULSOS_CONJUNTOS,0.6494531161170863,0.8257455553151859,4.828530695161295,5.410846741243273,FALSE,TRUE,FALSE,1.1196887182022843,FALSE
2013-03-01,4.34,4.66,4,0.1830659109256807,1.3143607926097145,-0.5345842542725255,0.21612240944054198,-0.07279013170330102,0.16451289909815944,-0.09845112933302973,0.25693225041221573,-0.2946105793013547,2.491594783708456,0.17300931662913774,0.33900386735019383,0.5999095368292877,0.7382597142655333,0.04464673928072488,5.105864957636327,0.14314588734112355,0.6609961326498062,0.4879868160206684,M3A_PULSOS_CONJUNTOS,0.6507537132481628,0.8257657152829038,4.825304173912697,5.3864257413599574,FALSE,TRUE,FALSE,1.105864957636327,FALSE
2013-04-01,4.13,4.93,4,0.1830659109256829,1.3143607926097145,-0.5345842542725252,0.21612240944054173,-0.07279013170330066,0.16451289909815936,-0.09845112933302974,0.25693225041221623,-0.2946105793013549,2.5007367903855147,0.17348874803044162,0.3390038673501937,0.5999095368292877,0.73753439776575,0.04436788616853704,5.129638789652462,0.14084010938544808,0.6609961326498063,0.48750738461936466,M3A_PULSOS_CONJUNTOS,0.6505749388052446,0.8244938567262554,4.853597247678302,5.4056803316266215,FALSE,TRUE,FALSE,1.1296387896524616,FALSE
2013-05-01,4.27,4.83,4,0.18306591092567992,1.3143607926097145,-0.5345842542725248,0.21612240944054195,-0.07279013170330062,0.164512899098159,-0.09845112933302957,0.2569322504122158,-0.2946105793013549,2.4986662214944384,0.17318717019021507,0.3390038673501938,0.5999095368292877,0.7379906452766356,0.044116554797717235,5.122222865475584,0.1381461777489595,0.6609961326498062,0.4878089624595911,M3A_PULSOS_CONJUNTOS,0.6515237867511221,0.8244575038021491,4.851461332485755,5.392984398465414,FALSE,TRUE,FALSE,1.1222228654755844,FALSE
2013-06-01,4.79,5.21,4,0.1830659109256798,1.3143607926097138,-0.5345842542725245,0.21612240944054156,-0.07279013170330062,0.1645128990981588,-0.09845112933302963,0.2569322504122165,-0.2946105793013556,2.503007350850405,0.1733105877084339,0.3390038673501938,0.5999095368292877,0.7378039308434905,0.04385518585482931,5.1324206280325715,0.1361375090562561,0.6609961326498062,0.4876855449413723,M3A_PULSOS_CONJUNTOS,0.6518493460327146,0.8237585156542664,4.865596013337314,5.399245242727829,FALSE,TRUE,FALSE,1.1324206280325715,FALSE
2013-07-01,4.74,4.81,4,0.1830659109256792,1.3143607926097145,-0.5345842542725251,0.21612240944054215,-0.07279013170330084,0.1645128990981593,-0.09845112933303005,0.2569322504122171,-0.2946105793013549,2.469080568748176,0.17081145571689568,0.33900386735019383,0.5999095368292876,0.7415847880499006,0.04351317031764236,5.037041517081344,0.1301254884508357,0.6609961326498062,0.49018467693291046,M3A_PULSOS_CONJUNTOS,0.6563005413741643,0.8268690347256369,4.782000246247024,5.292082787915665,FALSE,TRUE,FALSE,1.0370415170813443,FALSE
2013-08-01,4.42,4.89,4,0.18306591092567862,1.314360792609714,-0.5345842542725244,0.21612240944054184,-0.0727901317033007,0.164512899098159,-0.0984511293330293,0.2569322504122175,-0.2946105793013547,2.463425298601208,0.170485753482349,0.3390038673501939,0.5999095368292877,0.7420775325887241,0.0434128243546427,5.022167528406591,0.129387187746382,0.6609961326498062,0.49051037916745716,M3A_PULSOS_CONJUNTOS,0.6569899603864611,0.8271651047909871,4.76857330036276,5.275761756450422,FALSE,TRUE,FALSE,1.022167528406591,FALSE
2013-09-01,4.21,4.91,4,0.18306591092567834,1.314360792609714,-0.534584254272525,0.2161224094405423,-0.07279013170330129,0.16451289909815853,-0.09845112933302906,0.2569322504122173,-0.29461057930135426,2.459179248855599,0.17026725705812698,0.33900386735019383,0.5999095368292876,0.742408088871022,0.04342647492344805,5.011278877548278,0.13015631839728117,0.6609961326498062,0.4907288755916792,M3A_PULSOS_CONJUNTOS,0.6572937620455321,0.827522415696512,4.75617718112928,5.266380573967277,FALSE,TRUE,FALSE,1.0112788775482784,FALSE
2013-10-01,4.15,4.71,4,0.1830659109256779,1.3143607926097143,-0.5345842542725252,0.2161224094405422,-0.07279013170330116,0.16451289909815817,-0.09845112933302914,0.2569322504122177,-0.29461057930135426,2.450229296460071,0.16971507181495282,0.3390038673501939,0.5999095368292877,0.7432434723413619,0.043453385695073496,4.9874287689745245,0.13075855705821435,0.6609961326498062,0.49128106083485334,M3A_PULSOS_CONJUNTOS,0.6580764013726899,0.8284105433100339,4.731146706469999,5.24371083147905,FALSE,TRUE,FALSE,0.9874287689745245,TRUE
2013-11-01,4.63,4.7,4,0.18306591092567878,1.314360792609714,-0.5345842542725243,0.21612240944054187,-0.0727901317033007,0.16451289909815878,-0.09845112933302931,0.2569322504122176,-0.2946105793013545,2.4551248046886647,0.17009840116169556,0.3390038673501939,0.5999095368292876,0.7426635455796029,0.04347682403317974,5.0012958854916345,0.1322831235410396,0.6609961326498062,0.4908977314881106,M3A_PULSOS_CONJUNTOS,0.6574505363123851,0.8278765548468207,4.742025727588734,5.260566043394535,FALSE,TRUE,FALSE,1.0012958854916345,FALSE
2013-12-01,4.39,5.19,4,0.183065910925677,1.314360792609714,-0.5345842542725244,0.21612240944054137,-0.07279013170330098,0.16451289909815905,-0.0984511293330293,0.2569322504122176,-0.29461057930135426,2.4667249802550275,0.17092829726651027,0.33900386735019383,0.5999095368292876,0.7414080221902484,0.04346108355715719,5.033435786141182,0.13407816533208786,0.6609961326498062,0.4900678353832959,M3A_PULSOS_CONJUNTOS,0.6562258636891344,0.8265901806913624,4.770647410977083,5.296224161305282,FALSE,TRUE,FALSE,1.0334357861411823,FALSE
2014-01-01,4.14,4.94,4,0.1830659109256766,1.3143607926097138,-0.5345842542725243,0.21612240944054115,-0.072790131703301,0.16451289909815864,-0.09845112933302863,0.25693225041221784,-0.29461057930135426,2.4390132425554025,0.1688369601412075,0.3390038673501939,0.5999095368292876,0.7445719395295511,0.043507249883928255,4.955740700967612,0.1337295497064,0.6609961326498062,0.49215917250859864,M3A_PULSOS_CONJUNTOS,0.6592992966906673,0.829844582368435,4.69363559987431,5.217845802060915,FALSE,TRUE,FALSE,0.9557407009676124,TRUE
2014-02-01,3.5,4.68,4,0.18306591092567545,1.314360792609714,-0.5345842542725244,0.2161224094405412,-0.07279013170330097,0.16451289909815853,-0.09845112933302888,0.25693225041221807,-0.2946105793013545,2.411259421028451,0.1667426579058978,0.33900386735019405,0.5999095368292877,0.747740342689361,0.043695388540568404,4.878588708512,0.13529813647467548,0.660996132649806,0.49425347474390813,M3A_PULSOS_CONJUNTOS,0.6620989548593628,0.8333817305193592,4.613409233846251,5.143768183177749,FALSE,TRUE,FALSE,0.8785887085119999,TRUE
2014-03-01,3.25,4.54,4,0.1830659109256759,1.3143607926097138,-0.5345842542725247,0.21612240944054123,-0.07279013170330097,0.1645128990981583,-0.09845112933302867,0.2569322504122179,-0.2946105793013546,2.3946820757210308,0.16539097508660822,0.339003867350194,0.5999095368292877,0.7497852605830118,0.043978945817272956,4.83183445365108,0.139027551728696,0.660996132649806,0.49560515756319773,M3A_PULSOS_CONJUNTOS,0.6635881107031183,0.8359824104629052,4.5593454594040566,5.104323447898103,FALSE,TRUE,FALSE,0.83183445365108,TRUE
2014-04-01,3.27,4.66,4,0.183065910925676,1.3143607926097138,-0.5345842542725244,0.21612240944054134,-0.07279013170330098,0.16451289909815836,-0.09845112933302887,0.25693225041221773,-0.2946105793013545,2.3804373259791762,0.16417032160636438,0.339003867350194,0.5999095368292877,0.75163194836218294,0.04418798324403779,4.79129158161035,0.14196904572383415,0.660996132649806,0.4968258110434416,M3A_PULSOS_CONJUNTOS,0.6650250926544095,0.8382388040699564,4.513037365072115,5.069545798148585,FALSE,TRUE,FALSE,0.7912915816103503,TRUE
2014-05-01,3.22,4.28,4,0.18306591092567603,1.314360792609714,-0.5345842542725247,0.21612240944054117,-0.07279013170330088,0.16451289909815872,-0.09845112933302894,0.2569322504122178,-0.2946105793013545,2.3421646220767367,0.16169635030210255,0.3390038673501941,0.5999095368292877,0.7553747407660418,0.04426496913799206,4.690898544084875,0.1410260368310345,0.660996132649806,0.4992997823477034,M3A_PULSOS_CONJUNTOS,0.6686169954788004,0.8421324860532833,4.414492591013628,4.967304497156121,FALSE,TRUE,FALSE,0.6908985440848747,TRUE
2014-06-01,3.13,4.36,4,0.18306591092567642,1.314360792609714,-0.5345842542725247,0.21612240944054117,-0.07279013170330088,0.1645128990981588,-0.09845112933302895,0.2569322504122175,-0.2946105793013545,2.323709309662911,0.16026243159255513,0.33900386735019417,0.5999095368292877,0.7575440707193036,0.04430748058714505,4.6406089798961485,0.1408112993929988,0.6609961326498058,0.5007337010572507,M3A_PULSOS_CONJUNTOS,0.6707030045227917,0.8443851369158155,4.3646239044695845,4.9165940553227125,FALSE,TRUE,FALSE,0.6406089798961485,TRUE
2014-07-01,3.41,4.41,4,0.18306591092567606,1.314360792609714,-0.5345842542725247,0.21612240944054123,-0.07279013170330105,0.16451289909815872,-0.09845112933302899,0.25693225041221757,-0.29461057930135454,2.297206138384152,0.15841260487396283,0.3390038673501941,0.5999095368292877,0.7603426146550702,0.04426280340984167,4.570794726501118,0.13895571480796698,0.660996132649806,0.5025835277758431,M3A_PULSOS_CONJUNTOS,0.6735891141170038,0.8470961151931367,4.298446530031484,4.8431429229707526,FALSE,TRUE,FALSE,0.5707947265011182,TRUE
2014-08-01,3.7,4.06,4,0.18306591092567664,1.314360792609714,-0.5345842542725247,0.21612240944054126,-0.07279013170330104,0.16451289909815883,-0.0984511293330289,0.2569322504122176,-0.2946105793013545,2.254573885919446,0.15575253564399108,0.3390038673501941,0.5999095368292877,0.7643669486845419,0.04412229050520763,4.462350239133259,0.13451289066754446,0.660996132649806,0.5052435970058149,M3A_PULSOS_CONJUNTOS,0.6778888483789214,0.8508450489901624,4.198709817968497,4.72599066029802,FALSE,TRUE,FALSE,0.4623502391332588,TRUE
2014-09-01,3.45,4.13,4,0.18306591092567584,1.3143607926097143,-0.5345842542725248,0.21612240944054148,-0.07279013170330108,0.16451289909815892,-0.09845112933302867,0.25693225041221746,-0.2946105793013545,2.237567976863517,0.15449496386609865,0.33900386735019417,0.5999095368292877,0.7662694889805812,0.0440158366625979,4.417695584467709,0.1325945848845959,0.6609961326498058,0.5065011687837072,M3A_PULSOS_CONJUNTOS,0.6800000343724917,0.8525389435886708,4.157814973548862,4.677576195386556,FALSE,TRUE,FALSE,0.41769558446770905,TRUE
2014-10-01,3.64,4.17,4,0.18306591092567592,1.3143607926097145,-0.5345842542725248,0.21612240944054145,-0.07279013170330097,0.16451289909815897,-0.09845112933302894,0.2569322504122172,-0.29461057930135437,2.227012867260901,0.15362046048564784,0.33900386735019417,0.5999095368292877,0.7675924972967496,0.04398068333914099,4.3892779836325415,0.13291317513557724,0.6609961326498058,0.507375672164158,M3A_PULSOS_CONJUNTOS,0.6813919419365725,0.8537930526569267,4.128772947295945,4.649783019969138,FALSE,TRUE,FALSE,0.3892779836325415,TRUE
2014-11-01,3.38,4.16,4,0.18306591092567492,1.314360792609714,-0.5345842542725242,0.21612240944054137,-0.07279013170330098,0.16451289909815914,-0.09845112933302899,0.25693225041221734,-0.29461057930135404,2.214958640687244,0.1526629499220955,0.33900386735019417,0.5999095368292877,0.7690410845369107,0.04395771914240409,4.357296977548859,0.13358443797966282,0.6609961326498058,0.5083331827277103,M3A_PULSOS_CONJUNTOS,0.6828855381752718,0.8551966308985496,4.0954762902136945,4.619117664884023,FALSE,TRUE,FALSE,0.3572969775488586,TRUE
2014-12-01,2.95,4.21,4,0.1830659109256752,1.314360792609714,-0.5345842542725247,0.21612240944054148,-0.07279013170330105,0.164512899098159,-0.09845112933302896,0.2569322504122173,-0.29461057930135426,2.2057257765124416,0.15187026368815243,0.33900386735019417,0.5999095368292877,0.7702403142975529,0.044037746918392635,4.332378122940309,0.13647817145954422,0.6609961326498058,0.5091258689616533,M3A_PULSOS_CONJUNTOS,0.6839279163772136,0.8565527122178922,4.06488582220372,4.599870423676898,FALSE,TRUE,FALSE,0.3323781229403089,TRUE
2015-01-01,2.32,3.89,4,0.18306591092567534,1.3143607926097143,-0.5345842542725247,0.21612240944054154,-0.07279013170330105,0.16451289909815903,-0.09845112933302892,0.2569322504122173,-0.2946105793013543,2.187122784549175,0.1505692737502898,0.3390038673501941,0.5999095368292877,0.772208540545182,0.044166298929155814,4.2848896887296,0.13992775036065017,0.660996132649806,0.5104268588995161,M3A_PULSOS_CONJUNTOS,0.6856441853136066,0.8587728957767573,4.010636337585014,4.559143039874186,FALSE,TRUE,FALSE,0.2848896887296002,TRUE
2015-02-01,2.44,4.07,4,0.18306591092567515,1.3143607926097145,-0.5345842542725244,0.21612240944054154,-0.07279013170330106,0.16451289909815905,-0.09845112933302902,0.2569322504122174,-0.29461057930135426,2.188086225388503,0.15019467567595476,0.33900386735019417,0.5999095368292877,0.7727752580429581,0.044312317638800475,4.283633485212467,0.14558574476120625,0.6609961326498058,0.510801456973851,M3A_PULSOS_CONJUNTOS,0.6859247113994102,0.859625804686506,3.9982906688180617,4.568976301606872,FALSE,TRUE,FALSE,0.2836334852124667,TRUE
2015-03-01,2.43,4.11,4,0.18306591092567503,1.3143607926097138,-0.5345842542725247,0.21612240944054165,-0.07279013170330108,0.16451289909815914,-0.09845112933302903,0.2569322504122174,-0.29461057930135426,2.164115371463437,0.14889165408074986,0.33900386735019417,0.5999095368292877,0.7747465579202831,0.04432758958919022,4.225925493779121,0.14640164573285,0.6609961326498058,0.5121044785690559,M3A_PULSOS_CONJUNTOS,0.6878660788039976,0.8616270370365686,3.938983540865343,4.512867446692899,FALSE,TRUE,FALSE,0.22592549377912086,TRUE
2015-04-01,2.58,3.82,4,0.1830659109256751,1.3143607926097145,-0.5345842542725244,0.21612240944054167,-0.07279013170330108,0.16451289909815917,-0.09845112933302905,0.2569322504122173,-0.29461057930135426,2.1165912803608404,0.14666627029510687,0.3390038673501941,0.5999095368292877,0.7781132701833668,0.04426644396673485,4.1152408897097414,0.14377547128413784,0.660996132649806,0.514329862354699,M3A_PULSOS_CONJUNTOS,0.6913526342849062,0.8648739060818275,3.8334461441325587,4.397035635286924,FALSE,TRUE,FALSE,0.11524088970974145,TRUE
2015-05-01,2.55,3.57,4,0.1830659109256751,1.3143607926097143,-0.5345842542725245,0.21612240944054162,-0.07279013170330105,0.1645128990981591,-0.09845112933302906,0.25693225041221734,-0.29461057930135426,2.074442895120332,0.1446505403544621,0.33900386735019405,0.5999095368292877,0.7811628038206729,0.044171246702100625,4.0175474063769565,0.14082529218711415,0.660996132649806,0.5163455922953438,M3A_PULSOS_CONJUNTOS,0.6945887511323221,0.8677368565090238,3.741534905577883,4.29355990717603,FALSE,TRUE,FALSE,0.01754740637695651,TRUE
2015-06-01,2.39,3.67,4,0.18306591092567512,1.3143607926097143,-0.5345842542725248,0.21612240944054198,-0.07279013170330115,0.16451289909815917,-0.09845112933302903,0.25693225041221723,-0.29461057930135426,2.052340225358925,0.14346485673313733,0.33900386735019405,0.5999095368292877,0.7829565868138828,0.04407931218154196,3.9656351622880215,0.13982511413648688,0.660996132649806,0.5175312759166686,M3A_PULSOS_CONJUNTOS,0.6965627224747629,0.8693504511530027,3.691582974446305,4.2396873501297385,FALSE,TRUE,FALSE,-0.03436483771197851,TRUE
2015-07-01,2.32,3.56,4,0.18306591092567495,1.3143607926097143,-0.5345842542725247,0.21612240944054179,-0.07279013170330106,0.1645128990981593,-0.09845112933302916,0.2569322504122174,-0.29461057930135426,2.0254094070937,0.14208157542310745,0.33900386735019417,0.5999095368292877,0.7850493090579368,0.043957673011595914,3.9031655190371897,0.13852955091784958,0.6609961326498058,0.5189145572266984,M3A_PULSOS_CONJUNTOS,0.6988938531110205,0.8712047650048531,3.631652588443697,4.174678449630682,FALSE,TRUE,FALSE,-0.09683448096281033,TRUE
2015-08-01,1.96,3.31,4,0.18306591092567476,1.3143607926097143,-0.5345842542725248,0.21612240944054165,-0.07279013170330091,0.16451289909815917,-0.09845112933302902,0.2569322504122174,-0.2946105793013543,2.0041831747196284,0.14091711213346134,0.3390038673501942,0.5999095368292877,0.7868109884871007,0.04380345942987428,3.853612808164877,0.13731379548477682,0.6609961326498057,0.5200790205163444,M3A_PULSOS_CONJUNTOS,0.7009577856062857,0.8726641913679157,3.5844827144342157,4.122742901895538,FALSE,TRUE,FALSE,-0.14638719183512316,TRUE
2015-09-01,1.88,3.4,4,0.1830659109256746,1.3143607926097138,-0.5345842542725245,0.2161224094405413,-0.07279013170330102,0.16451289909815922,-0.09845112933302909,0.2569322504122171,-0.29461057930135415,2.0094271612503833,0.14073826219546734,0.33900386735019417,0.5999095368292877,0.7870815648629065,0.0436232822885459,3.862367636063941,0.1380090212409961,0.6609961326498058,0.5202578704543385,M3A_PULSOS_CONJUNTOS,0.7015815026899325,0.8725816270358805,3.5918749248899653,4.132860347237917,FALSE,TRUE,FALSE,-0.13763236393605904,TRUE
2015-10-01,2.23,3.28,4,0.18306591092567462,1.3143607926097143,-0.5345842542725243,0.21612240944054154,-0.07279013170330104,0.16451289909815922,-0.09845112933302881,0.2569322504122171,-0.2946105793013542,2.0155277264158826,0.14058635764099567,0.33900386735019417,0.5999095368292877,0.7873113764260433,0.04333202803670622,3.8729628519790222,0.13645926698076133,0.6609961326498058,0.5204097750088101,M3A_PULSOS_CONJUNTOS,0.7023821620970193,0.8722405907550673,3.605507603339994,4.14041810061805,FALSE,TRUE,FALSE,-0.12703714802097776,TRUE
2015-11-01,2.51,3.37,4,0.18306591092567495,1.3143607926097138,-0.5345842542725243,0.21612240944054145,-0.07279013170330106,0.16451289909815897,-0.0984511293330289,0.2569322504122171,-0.29461057930135415,2.0393293068046807,0.14096854633142344,0.33900386735019405,0.5999095368292877,0.7867331753268998,0.04292884714200952,3.9215790862989306,0.13395994522467003,0.660996132649806,0.5200275863183825,M3A_PULSOS_CONJUNTOS,0.7025941810307359,0.8708721696230637,3.659022418287619,4.184135754310242,FALSE,TRUE,FALSE,-0.0784209137010694,TRUE
2015-12-01,3.07,3.65,4,0.18306591092567503,1.3143607926097143,-0.5345842542725244,0.21612240944054173,-0.07279013170330119,0.16451289909815917,-0.09845112933302884,0.25693225041221696,-0.2946105793013539,2.0742340621120725,0.14174812151806465,0.3390038673501942,0.5999095368292878,0.7855537808522058,0.04241688185933851,3.994688506540679,0.13069952631967227,0.6609961326498057,0.519248011131741,M3A_PULSOS_CONJUNTOS,0.702418220071412,0.8686893416329997,3.738522142157677,4.250854870923682,FALSE,TRUE,FALSE,-0.005311493459320804,TRUE
2016-01-01,4.38,3.8,4,0.1830659109256751,1.3143607926097145,-0.5345842542725245,0.21612240944054173,-0.07279013170330124,0.16451289909815928,-0.09845112933302888,0.2569322504122169,-0.294610579301354,2.1001357914544294,0.14216501697412678,0.3390038673501942,0.5999095368292877,0.7849230729925534,0.04177639371430222,4.047821589727519,0.12487353964236617,0.6609961326498057,0.518831115675679,M3A_PULSOS_CONJUNTOS,0.7030428459085556,0.8668033000765512,3.8030739494064467,4.292569230048591,FALSE,TRUE,FALSE,0.047821589727519154,TRUE
2016-02-01,4.27,4.09,4,0.1830659109256751,1.3143607926097143,-0.5345842542725244,0.2161224094405418,-0.0727901317033012,0.16451289909815922,-0.09845112933302883,0.256932250412217,-0.2946105793013541,2.1230123078004968,0.14243285439467446,0.3390038673501942,0.5999095368292877,0.7845178702881533,0.041068374212764984,4.094027473260423,0.11911565473571065,0.6609961326498057,0.5185632782551313,M3A_PULSOS_CONJUNTOS,0.7040253359275205,0.8650104046487862,3.8605650799835227,4.3274898665373245,FALSE,TRUE,FALSE,0.09402747326042338,TRUE
2016-03-01,4.26,3.99,4,0.18306591092567512,1.3143607926097143,-0.5345842542725243,0.2161224094405417,-0.07279013170330116,0.16451289909815922,-0.09845112933302895,0.25693225041221696,-0.29461057930135415,2.1395121006182136,0.1422524289541159,0.3390038673501942,0.5999095368292877,0.7847908301916179,0.04058237264999408,4.124410735736494,0.11577990239441338,0.6609961326498057,0.5187437036956898,M3A_PULSOS_CONJUNTOS,0.7052508413904461,0.8643308189927896,3.8974862969098814,4.351335174563107,FALSE,TRUE,FALSE,0.12441073573649408,TRUE
2016-04-01,4.09,4.19,4,0.18306591092567512,1.314360792609714,-0.5345842542725244,0.21612240944054167,-0.07279013170330106,0.16451289909815928,-0.09845112933302895,0.256932250412217,-0.29461057930135426,2.172669328172307,0.14321355907896666,0.33900386735019417,0.5999095368292877,0.7833367670324316,0.04026836814662274,4.19610361389472,0.11553006851038772,0.6609961326498058,0.5177825735708392,M3A_PULSOS_CONJUNTOS,0.7044122157488512,0.862261318316012,3.969668840482915,4.422538387306525,FALSE,TRUE,FALSE,0.19610361389471986,TRUE
2016-05-01,4.36,4.16,4,0.1830659109256752,1.3143607926097143,-0.5345842542725243,0.21612240944054187,-0.07279013170330113,0.1645128990981591,-0.09845112933302888,0.25693225041221707,-0.29461057930135426,2.1994848543150343,0.14374110200713203,0.3390038673501943,0.5999095368292877,0.7825386641357466,0.040007761240886744,4.252225157834117,0.11516147701310055,0.6609961326498057,0.5172550306426738,M3A_PULSOS_CONJUNTOS,0.704124893001531,0.8609524352699621,4.026512810482002,4.477937505186231,FALSE,TRUE,FALSE,0.2522251578341166,TRUE
2016-06-01,4.43,4.39,4,0.1830659109256752,1.314360792609714,-0.5345842542725244,0.21612240944054195,-0.0727901317033012,0.16451289909815914,-0.09845112933302892,0.25693225041221707,-0.29461057930135426,2.2318521119821266,0.14463307384712018,0.3390038673501943,0.5999095368292877,0.7811892283434183,0.03974618998547333,4.3222536429256255,0.11525748991421306,0.6609961326498057,0.5163630588026855,M3A_PULSOS_CONJUNTOS,0.703288127449204,0.8590903292376326,4.0963531137452796,4.5481541721059715,FALSE,TRUE,FALSE,0.3222536429256255,TRUE
2016-07-01,4.62,4.41,4,0.18306591092567528,1.3143607926097143,-0.5345842542725244,0.21612240944054203,-0.0727901317033012,0.164512899098159,-0.09845112933302881,0.25693225041221707,-0.29461057930135426,2.250600002034343,0.1445720202508824,0.3390038673501943,0.5999095368292877,0.7812815943849458,0.03948306509516343,4.358045931627253,0.11456742284469905,0.6609961326498057,0.5164241123989233,M3A_PULSOS_CONJUNTOS,0.703896208799175,0.8586669799707166,4.133497909050072,4.582593954204435,FALSE,TRUE,FALSE,0.3580459316272533,TRUE
2016-08-01,4.74,4.45,4,0.18306591092567526,1.3143607926097145,-0.5345842542725245,0.21612240944054206,-0.07279013170330122,0.16451289909815892,-0.09845112933302876,0.256932250412217,-0.29461057930135415,2.2657809447452353,0.14425735950996388,0.3390038673501942,0.5999095368292877,0.7817576345996701,0.039246785256612494,4.38477053110946,0.11405290266142855,0.6609961326498057,0.5167387731398418,M3A_PULSOS_CONJUNTOS,0.704835348987732,0.8586799202116081,4.1612309495608075,4.6083101126581125,FALSE,TRUE,FALSE,0.38477053110946,TRUE
2016-09-01,4.56,4.42,4,0.1830659109256752,1.3143607926097147,-0.5345842542725245,0.21612240944054212,-0.07279013170330124,0.16451289909815894,-0.0984511293330288,0.256932250412217,-0.29461057930135426,2.278321073673876,0.14374688608801653,0.3390038673501943,0.5999095368292877,0.7825299135839675,0.03906861436132411,4.404687080393289,0.11372568294118526,0.6609961326498057,0.5172492465617892,M3A_PULSOS_CONJUNTOS,0.7059568365098879,0.8591029906580471,4.181788837711345,4.627585323075234,FALSE,TRUE,FALSE,0.4046870803932894,TRUE
2016-10-01,4.76,4.43,4,0.18306591092567523,1.3143607926097147,-0.5345842542725247,0.21612240944054212,-0.07279013170330127,0.16451289909815894,-0.0984511293330288,0.256932250412217,-0.29461057930135426,2.2964636020031826,0.1436626126890973,0.3390038673501942,0.5999095368292877,0.7826574081255488,0.03898695788856169,4.439038866411748,0.11392926442889445,0.6609961326498057,0.5173335199607084,M3A_PULSOS_CONJUNTOS,0.7062443747971882,0.8590704414539095,4.215741611345974,4.662336121477521,FALSE,TRUE,FALSE,0.4390388664117477,TRUE
2016-11-01,4.67,4.6,4,0.1830659109256752,1.3143607926097145,-0.5345842542725245,0.2161224094405421,-0.07279013170330129,0.16451289909815908,-0.09845112933302892,0.256932250412217,-0.2946105793013542,2.316924051438984,0.14374797784072993,0.3390038673501943,0.5999095368292878,0.7825282619060537,0.03892301213681834,4.479327823400735,0.11420050209534906,0.6609961326498057,0.5172481548090758,M3A_PULSOS_CONJUNTOS,0.7062405599480743,0.8588159638640331,4.25549895227746,4.70315669452401,FALSE,TRUE,FALSE,0.47932782340073476,TRUE
2016-12-01,4.23,4.66,4,0.18306591092567517,1.3143607926097145,-0.5345842542725244,0.21612240944054198,-0.07279013170330127,0.16451289909815894,-0.09845112933302887,0.2569322504122171,-0.29461057930135426,2.3261156766137994,0.1429724550619856,0.3390038673501942,0.5999095368292877,0.7837015256218873,0.03892026298112261,4.490365551330335,0.1143915800866921,0.6609961326498057,0.5180236775878201,M3A_PULSOS_CONJUNTOS,0.7074192119100595,0.8599838393337151,4.266162174225789,4.714568928434881,FALSE,TRUE,FALSE,0.4903655513303349,TRUE
2017-01-01,3.83,4.4,4,0.18306591092567515,1.3143607926097147,-0.5345842542725245,0.21612240944054173,-0.07279013170330118,0.16451289909815892,-0.09845112933302894,0.2569322504122171,-0.29461057930135426,2.3229078930399543,0.14126758310836554,0.3390038673501942,0.5999095368292877,0.7862807721097382,0.038986142507312443,4.469463713489418,0.11478402942528931,0.6609961326498057,0.5197285495414402,M3A_PULSOS_CONJUNTOS,0.7098693368992598,0.8626922073202167,4.244491149815465,4.694436277163371,FALSE,TRUE,FALSE,0.46946371348941796,TRUE
2017-02-01,3.96,4.46,4,0.1830659109256751,1.314360792609715,-0.5345842542725244,0.21612240944054173,-0.07279013170330112,0.16451289909815897,-0.09845112933302902,0.2569322504122172,-0.29461057930135426,2.3313381053811493,0.14035280672717154,0.3390038673501942,0.5999095368292877,0.7876647081662577,0.03905730900264618,4.4778027284797615,0.11562339691152627,0.6609961326498057,0.5206433259226342,M3A_PULSOS_CONJUNTOS,0.7111137891880192,0.8642156271444962,4.25118503476299,4.704420422196533,FALSE,TRUE,FALSE,0.47780272847976146,TRUE
2017-03-01,4,4.28,4,0.18306591092567512,1.3143607926097145,-0.5345842542725243,0.21612240944054176,-0.07279013170330112,0.16451289909815897,-0.09845112933302906,0.2569322504122171,-0.29461057930135426,2.328215569471912,0.13872788843603334,0.33900386735019417,0.5999095368292877,0.7901229953042236,0.038986814518249535,4.457892271387914,0.11530011224328435,0.6609961326498058,0.5222682442137725,M3A_PULSOS_CONJUNTOS,0.7137102429765112,0.866535747631936,4.231908203977651,4.683876338798177,FALSE,TRUE,FALSE,0.4578922713879141,TRUE
2017-04-01,4.09,4.51,4,0.18306591092567512,1.3143607926097145,-0.534584254272524,0.21612240944054134,-0.07279013170330095,0.16451289909815894,-0.0984511293330291,0.2569322504122172,-0.29461057930135426,2.337811769995619,0.13791132158034125,0.33900386735019417,0.5999095368292878,0.7913583532970436,0.038861468030133586,4.4692786342159,0.11518125551403532,0.6609961326498058,0.5230848110694646,M3A_PULSOS_CONJUNTOS,0.7151912755716271,0.8675254310224602,4.243527521714285,4.695029746717515,FALSE,TRUE,FALSE,0.4692786342159003,TRUE
2017-05-01,3.93,4.17,4,0.18306591092567512,1.3143607926097143,-0.534584254272524,0.2161224094405414,-0.07279013170330093,0.164512899098159,-0.09845112933302912,0.2569322504122172,-0.29461057930135426,2.3277140466864736,0.13583044550319406,0.33900386735019417,0.5999095368292878,0.7945064444497185,0.03862158882268666,4.432342218193399,0.11396202751222012,0.6609961326498058,0.5251656871466117,M3A_PULSOS_CONJUNTOS,0.718809521331538,0.8702033675678991,4.208980748664285,4.655703687722513,FALSE,TRUE,FALSE,0.4323422181933987,TRUE
2017-06-01,4.36,4.26,4,0.18306591092567512,1.3143607926097145,-0.5345842542725242,0.21612240944054156,-0.07279013170330105,0.16451289909815894,-0.0984511293330291,0.25693225041221723,-0.29461057930135426,2.345735772853011,0.13559539722382585,0.33900386735019417,0.5999095368292878,0.7948620415065817,0.038384379125158914,4.4646602387245515,0.11389611777622237,0.6609961326498058,0.52540073542598,M3A_PULSOS_CONJUNTOS,0.7196300408523392,0.8700940421608242,4.241427949904224,4.6878925275448795,FALSE,TRUE,FALSE,0.46466023872455153,TRUE
2017-07-01,5.22,4.48,4,0.1830659109256751,1.3143607926097147,-0.5345842542725243,0.2161224094405416,-0.07279013170330098,0.164512899098159,-0.09845112933302906,0.2569322504122171,-0.29461057930135426,2.367504755112717,0.1355967051368886,0.33900386735019417,0.5999095368292878,0.794860062806559,0.03801268156337954,4.50610455804981,0.11343159593074911,0.6609961326498058,0.5253994275129172,M3A_PULSOS_CONJUNTOS,0.7203565759865453,0.8693635496265726,4.283782715316641,4.728426400782978,FALSE,TRUE,FALSE,0.5061045580498096,TRUE
2017-08-01,4.72,4.51,4,0.18306591092567515,1.3143607926097147,-0.5345842542725243,0.21612240944054173,-0.07279013170330098,0.16451289909815872,-0.0984511293330289,0.25693225041221696,-0.29461057930135404,2.380316923540034,0.13497125330227516,0.33900386735019405,0.5999095368292879,0.7958062889699499,0.03757298482824887,4.525103311639032,0.11234206829325026,0.660996132649806,0.5260248793475308,M3A_PULSOS_CONJUNTOS,0.7221645919149122,0.8694479860249875,4.304916903835522,4.745289719442541,FALSE,TRUE,FALSE,0.5251033116390316,TRUE
2017-09-01,4.36,4.75,4,0.18306591092567512,1.3143607926097152,-0.5345842542725242,0.21612240944054156,-0.07279013170330102,0.1645128990981588,-0.0984511293330289,0.25693225041221684,-0.29461057930135415,2.4039979855420026,0.135256378935593,0.33900386735019405,0.5999095368292878,0.7953749314789842,0.03738389354016021,4.572600737453064,0.1128985889221217,0.660996132649806,0.525739753714213,M3A_PULSOS_CONJUNTOS,0.7221038465383907,0.8686460164195777,4.351323569260313,4.793877905645815,FALSE,TRUE,FALSE,0.5726007374530644,TRUE
2017-10-01,4.2,4.53,4,0.18306591092567517,1.3143607926097147,-0.5345842542725243,0.2161224094405416,-0.072790131703301,0.16451289909815892,-0.09845112933302898,0.2569322504122169,-0.2946105793013541,2.4069310191401314,0.13396976751155548,0.33900386735019405,0.5999095368292878,0.7973214049309236,0.03719288693657967,4.567003054028883,0.11272649235521123,0.660996132649806,0.5270263651382505,M3A_PULSOS_CONJUNTOS,0.7244246860541572,0.87021812380769,4.34606318890914,4.787942919148627,FALSE,TRUE,FALSE,0.5670030540288833,TRUE
2017-11-01,4.69,4.63,4,0.1830659109256752,1.3143607926097147,-0.5345842542725244,0.21612240944054154,-0.072790131703301,0.16451289909815894,-0.09845112933302907,0.2569322504122169,-0.29461057930135415,2.418143964520583,0.1332625491079136,0.339003867350194,0.5999095368292878,0.7983913331327829,0.03697797708692959,4.582130150389845,0.11271073001305394,0.660996132649806,0.5277335835418924,M3A_PULSOS_CONJUNTOS,0.7259158298212536,0.8708668364443122,4.361221178893041,4.803039121886648,FALSE,TRUE,FALSE,0.5821301503898448,TRUE
2017-12-01,5.68,4.56,4,0.1830659109256752,1.3143607926097147,-0.5345842542725242,0.21612240944054156,-0.07279013170330104,0.1645128990981591,-0.09845112933302909,0.2569322504122171,-0.29461057930135426,2.415833429007609,0.13164374219443048,0.339003867350194,0.5999095368292878,0.8008403745621081,0.03662315791014364,4.56375275254616,0.11158972511750803,0.660996132649806,0.5293523904553754,M3A_PULSOS_CONJUNTOS,0.7290603040581034,0.8726204450661128,4.345040910271119,4.7824645948212,FALSE,TRUE,FALSE,0.5637527525461596,TRUE
2018-01-01,4.71,4.71,4,0.18306591092567503,1.314360792609715,-0.5345842542725243,0.21612240944054167,-0.07279013170330112,0.16451289909815905,-0.09845112933302855,0.256932250412217,-0.29461057930135404,2.4184961749648997,0.13039928450949181,0.33900386735019394,0.5999095368292878,0.8027230749645293,0.03629619593347914,4.558067360259437,0.11067570787004741,0.6609961326498061,0.5305968481403143,M3A_PULSOS_CONJUNTOS,0.7315838381591011,0.8738623117699575,4.3411469588706675,4.774987761648206,FALSE,TRUE,FALSE,0.5580673602594368,TRUE
2018-02-01,4.15,4.56,4,0.18306591092567526,1.314360792609715,-0.5345842542725242,0.2161224094405417,-0.07279013170330118,0.16451289909815886,-0.09845112933302846,0.2569322504122168,-0.2946105793013538,2.420580868689672,0.12910213096671166,0.339003867350194,0.5999095368292878,0.8046854972522061,0.03632936074162046,4.550870776940758,0.11123872796889331,0.660996132649806,0.5318940016830943,M3A_PULSOS_CONJUNTOS,0.7334812586172667,0.8758897358871455,4.332846876435679,4.768894677445837,FALSE,TRUE,FALSE,0.5508707769407577,TRUE
2018-03-01,4.14,4.62,4,0.18306591092567528,1.314360792609715,-0.5345842542725243,0.2161224094405418,-0.07279013170330123,0.1645128990981589,-0.09845112933302849,0.2569322504122168,-0.29461057930135376,2.4302548827766683,0.12837867742828155,0.339003867350194,0.5999095368292879,0.8057799870724868,0.03644012607857718,4.56285249188066,0.11251067293850385,0.660996132649806,0.5326174552215244,M3A_PULSOS_CONJUNTOS,0.7343586523663768,0.8772013217785968,4.342335625044828,4.7833693587164925,FALSE,TRUE,FALSE,0.5628524918806601,TRUE
2018-04-01,3.92,4.46,4,0.18306591092567528,1.314360792609715,-0.5345842542725242,0.21612240944054179,-0.07279013170330123,0.1645128990981589,-0.09845112933302835,0.2569322504122167,-0.2946105793013537,2.4270266150170814,0.12679586280813124,0.33900386735019405,0.5999095368292878,0.8081745769073851,0.03645891010355921,4.543289758607571,0.11319684016720806,0.660996132649806,0.5342002698416747,M3A_PULSOS_CONJUNTOS,0.7367164261888256,0.8796327276259447,4.321428028716106,4.765151488499036,FALSE,TRUE,FALSE,0.5432897586075711,TRUE
2018-05-01,4.09,4.48,4,0.18306591092567523,1.314360792609715,-0.5345842542725245,0.21612240944054179,-0.07279013170330119,0.16451289909815886,-0.09845112933302838,0.25693225041221673,-0.2946105793013538,2.430551547311912,0.1256617636312183,0.3390038673501941,0.5999095368292879,0.8098903194373248,0.03646599067486305,4.5402493992077675,0.11422459837556047,0.660996132649806,0.5353343690185877,M3A_PULSOS_CONJUNTOS,0.7384182910540198,0.8813623478206298,4.316373300243117,4.764125498172418,FALSE,TRUE,FALSE,0.5402493992077675,TRUE
2018-06-01,3.79,4.43,4,0.18306591092567523,1.314360792609715,-0.5345842542725244,0.2161224094405418,-0.07279013170330123,0.16451289909815883,-0.09845112933302845,0.25693225041221673,-0.29461057930135376,2.4288632333338738,0.12419967840720797,0.3390038673501941,0.5999095368292879,0.8121022616133692,0.03640306629172317,4.52473784827979,0.11487537950973738,0.660996132649806,0.536796454242598,M3A_PULSOS_CONJUNTOS,0.7407535627547677,0.8834509604719707,4.299586241730335,4.749889454829246,FALSE,TRUE,FALSE,0.5247378482797904,TRUE
2018-07-01,2.61,4.36,4,0.18306591092567526,1.3143607926097145,-0.5345842542725244,0.21612240944054187,-0.07279013170330126,0.16451289909815883,-0.0984511293330284,0.25693225041221673,-0.29461057930135387,2.4301448327299853,0.12293254538764034,0.33900386735019405,0.5999095368292879,0.8140192668074661,0.036364447113495624,4.5164640207216316,0.11635778666719164,0.660996132649806,0.5380635872621656,M3A_PULSOS_CONJUNTOS,0.7427462601473032,0.885292273467629,4.288406949533141,4.744521091910122,FALSE,TRUE,FALSE,0.5164640207216316,TRUE
2018-08-01,3.36,4.33,4,0.18306591092567534,1.314360792609715,-0.5345842542725243,0.2161224094405418,-0.07279013170330112,0.16451289909815864,-0.0984511293330283,0.2569322504122168,-0.2946105793013538,2.435820973993298,0.1219327215499096,0.3390038673501941,0.5999095368292879,0.8155318684526869,0.03630441526982534,4.518616778355051,0.11839265158492185,0.660996132649806,0.5390634110998963,M3A_PULSOS_CONJUNTOS,0.7443765220440433,0.8866872148613305,4.286571445214405,4.750662111495697,FALSE,TRUE,FALSE,0.5186167783550513,TRUE
2018-09-01,4.55,4.32,4,0.1830659109256752,1.3143607926097147,-0.5345842542725245,0.21612240944054173,-0.0727901317033011,0.1645128990981585,-0.09845112933302809,0.2569322504122168,-0.2946105793013538,2.4301319941893267,0.12045682242939601,0.3390038673501941,0.5999095368292879,0.8177647092328546,0.03601138718676661,4.4957544220020145,0.11665056478998831,0.660996132649806,0.5405393102204099,M3A_PULSOS_CONJUNTOS,0.7471836873134649,0.8883457311522444,4.2671235162373815,4.724385327766647,FALSE,TRUE,FALSE,0.49575442200201447,TRUE
2018-10-01,4.34,4.32,4,0.18306591092567517,1.314360792609715,-0.5345842542725244,0.21612240944054173,-0.0727901317033011,0.16451289909815858,-0.09845112933302824,0.25693225041221696,-0.2946105793013538,2.4224404480851858,0.11887293238886316,0.3390038673501941,0.5999095368292879,0.8201609260370034,0.03560431054652032,4.4684316165018965,0.11387980357019509,0.660996132649806,0.5421232002609427,M3A_PULSOS_CONJUNTOS,0.750377759671444,0.8899440924025628,4.245231302937818,4.691631930065975,FALSE,TRUE,FALSE,0.46843161650189646,TRUE
2018-11-01,3.15,4.47,4,0.18306591092567515,1.3143607926097147,-0.5345842542725244,0.2161224094405417,-0.07279013170330108,0.16451289909815878,-0.0984511293330283,0.25693225041221684,-0.2946105793013537,2.427267193099724,0.11820319243337721,0.3390038673501941,0.5999095368292879,0.8211741542881297,0.03540471131306898,4.471810543688898,0.11417576583439747,0.660996132649806,0.5427929402164288,M3A_PULSOS_CONJUNTOS,0.7517821952314767,0.8905661133447826,4.2480301547462,4.695590932631596,FALSE,TRUE,FALSE,0.47181054368889797,TRUE
2018-12-01,2.31,4.38,4,0.1830659109256752,1.3143607926097145,-0.5345842542725245,0.21612240944054167,-0.07279013170330113,0.16451289909815872,-0.09845112933302842,0.25693225041221684,-0.2946105793013538,2.4245192338986197,0.11700583828627867,0.3390038673501941,0.5999095368292879,0.8229855932481407,0.03531134385332436,4.456916343949344,0.11566871887689736,0.660996132649806,0.5439902943635273,M3A_PULSOS_CONJUNTOS,0.7537766310499152,0.8921945554463662,4.230209820812737,4.683622867085951,FALSE,TRUE,FALSE,0.4569163439493442,TRUE
2019-01-01,4.1,4.07,4,0.18306591092567517,1.314360792609715,-0.5345842542725245,0.21612240944054134,-0.07279013170330101,0.1645128990981588,-0.09845112933302867,0.256932250412217,-0.2946105793013538,2.4134614616705568,0.11538837428724916,0.33900386735019405,0.5999095368292879,0.8254326030249535,0.035081582059337896,4.423436845754693,0.115348717120996,0.660996132649806,0.5456077583625568,M3A_PULSOS_CONJUNTOS,0.7566739656679647,0.8941912403819422,4.197357514534642,4.6495161769747435,FALSE,TRUE,FALSE,0.42343684575469265,TRUE
2019-02-01,4.46,4.25,4,0.18306591092567534,1.314360792609715,-0.5345842542725244,0.21612240944054156,-0.07279013170330102,0.16451289909815892,-0.0984511293330289,0.2569322504122171,-0.2946105793013539,2.4134167233777597,0.1141792108877582,0.3390038673501941,0.5999095368292879,0.8272619078268495,0.03462843940129605,4.41357358803168,0.1121067510791954,0.660996132649806,0.5468169217620478,M3A_PULSOS_CONJUNTOS,0.7593914137594815,0.8951324018942175,4.19384839349266,4.6332987825707,FALSE,TRUE,FALSE,0.41357358803167976,TRUE
2019-03-01,4.17,4.35,4,0.18306591092567528,1.3143607926097145,-0.5345842542725248,0.2161224094405417,-0.07279013170330104,0.164512899098159,-0.09845112933302891,0.256932250412217,-0.29461057930135387,2.414683767904599,0.11305636657875053,0.3390038673501941,0.599909536829288,0.8289606232255409,0.03418435379605088,4.406841622791562,0.10991542032117492,0.660996132649806,0.5479397660710554,M3A_PULSOS_CONJUNTOS,0.761960520950506,0.8959607255005757,4.191411357616477,4.622271887966647,FALSE,TRUE,FALSE,0.40684162279156233,TRUE
2019-04-01,4.75,4.3,4,0.18306591092567534,1.3143607926097147,-0.5345842542725248,0.21612240944054176,-0.0727901317033011,0.16451289909815894,-0.0984511293330288,0.256932250412217,-0.29461057930135387,2.4170749957440045,0.11201399209408723,0.3390038673501941,0.599909536829288,0.8305375983895023,0.03383410828710831,4.402829923205279,0.1088799405113384,0.660996132649806,0.5489821405557187,M3A_PULSOS_CONJUNTOS,0.7642239646977418,0.8968512320812627,4.189429161164192,4.616230685246366,FALSE,TRUE,FALSE,0.402829923205279,TRUE
2019-05-01,4.54,4.39,4,0.18306591092567537,1.3143607926097147,-0.5345842542725247,0.2161224094405417,-0.07279013170330112,0.16451289909815894,-0.09845112933302873,0.2569322504122169,-0.2946105793013538,2.4262984763827085,0.1114288753252117,0.3390038673501941,0.599909536829288,0.8314228029163879,0.03349600621997566,4.41492546006912,0.10817515678780552,0.660996132649806,0.5495672573245942,M3A_PULSOS_CONJUNTOS,0.7657718370993061,0.8970737687334698,4.202906048743047,4.626944871395192,FALSE,TRUE,FALSE,0.4149254600691199,TRUE
2019-06-01,4.8,4.36,4,0.1830659109256753,1.3143607926097145,-0.5345842542725247,0.2161224094405417,-0.07279013170330106,0.1645128990981592,-0.09845112933302895,0.2569322504122168,-0.29461057930135387,2.4382277100548206,0.1110500317648359,0.3390038673501941,0.599909536829288,0.8319959432747999,0.03330719786530442,4.433575774300861,0.10856437233361867,0.660996132649806,0.5499461008849701,M3A_PULSOS_CONJUNTOS,0.7667150350328539,0.8972768515167459,4.2207935145227715,4.6463580340789505,FALSE,TRUE,FALSE,0.43357577430086103,TRUE
2019-07-01,4.37,4.6,4,0.18306591092567534,1.3143607926097145,-0.5345842542725245,0.2161224094405416,-0.072790131703301,0.1645128990981593,-0.09845112933302884,0.2569322504122169,-0.29461057930135404,2.4583572300921825,0.11126869924164617,0.33900386735019405,0.599909536829288,0.8316651282124883,0.033236178600947616,4.471956611026377,0.11018530754868963,0.660996132649806,0.5497274334081598,M3A_PULSOS_CONJUNTOS,0.7665234151708902,0.8968068412540864,4.2559973766054755,4.687915845447278,FALSE,TRUE,FALSE,0.47195661102637665,TRUE
2019-08-01,3.01,4.53,4,0.1830659109256753,1.314360792609714,-0.5345842542725244,0.21612240944054145,-0.07279013170330088,0.16451289909815958,-0.098451129333029,0.2569322504122168,-0.294610579301354,2.463450245132461,0.11032899165287058,0.3390038673501941,0.599909536829288,0.8330867818990363,0.03334949200636477,4.473574073573006,0.11333764394891767,0.660996132649806,0.5506671409969354,M3A_PULSOS_CONJUNTOS,0.767722978663855,0.8984505851342176,4.251436373340503,4.695711773805508,FALSE,TRUE,FALSE,0.4735740735730056,TRUE
2019-09-01,1.8,4.34,4,0.1830659109256754,1.3143607926097143,-0.5345842542725244,0.21612240944054156,-0.07279013170330087,0.1645128990981593,-0.098451129333029,0.25693225041221684,-0.294610579301354,2.4656410388843364,0.10918573316703227,0.3390038673501941,0.599909536829288,0.8348163812557756,0.033648563367019796,4.468275772249755,0.1194609297818399,0.660996132649806,0.5518103994827737,M3A_PULSOS_CONJUNTOS,0.768866408924903,0.9007663535866482,4.23413665231768,4.70241489218183,FALSE,TRUE,FALSE,0.46827577224975503,TRUE
2019-10-01,2.17,4.22,4,0.18306591092567553,1.314360792609714,-0.5345842542725243,0.2161224094405411,-0.07279013170330069,0.1645128990981593,-0.09845112933302913,0.25693225041221684,-0.2946105793013542,2.4666680787892648,0.10798625496026139,0.3390038673501941,0.599909536829288,0.8366310336380255,0.03388256841348051,4.460441265705624,0.12566366752481492,0.660996132649806,0.5530098776895446,M3A_PULSOS_CONJUNTOS,0.7702224198438893,0.9030396474321617,4.2141450031917715,4.7067375282194766,FALSE,TRUE,FALSE,0.46044126570562405,TRUE
2019-11-01,2.92,4.25,4,0.18306591092567526,1.3143607926097147,-0.5345842542725242,0.216122409440541,-0.07279013170330081,0.1645128990981589,-0.09845112933302895,0.2569322504122167,-0.2946105793013541,2.457514129498208,0.10649265744110915,0.33900386735019405,0.599909536829288,0.8388906497618971,0.0339412546288704,4.431918354656444,0.1277651194778598,0.660996132649806,0.5545034752086968,M3A_PULSOS_CONJUNTOS,0.7723670130992077,0.9054142864245864,4.181503321999382,4.6823333873135065,FALSE,TRUE,FALSE,0.43191835465644424,TRUE
2019-12-01,3.41,4.1,4,0.18306591092567537,1.3143607926097145,-0.5345842542725242,0.2161224094405411,-0.0727901317033008,0.16451289909815897,-0.09845112933302907,0.25693225041221673,-0.2946105793013541,2.433172222133093,0.10447010314731871,0.33900386735019405,0.599909536829288,0.8419505077457591,0.033864811479294994,4.372072631190774,0.12680334441671134,0.660996132649806,0.5565260295024872,M3A_PULSOS_CONJUNTOS,0.7755766969031023,0.9083243185884159,4.123542643014791,4.620602619366756,FALSE,TRUE,FALSE,0.3720726311907736,TRUE
2020-01-01,1.78,4.11,4,0.18306591092567542,1.3143607926097147,-0.5345842542725245,0.21612240944054112,-0.07279013170330086,0.164512899098159,-0.09845112933302905,0.25693225041221673,-0.29461057930135415,2.4180024326675262,0.10287739549747478,0.33900386735019405,0.599909536829288,0.8443600644302424,0.033807682178933686,4.332415795615126,0.12736116090670457,0.660996132649806,0.5581187371523312,M3A_PULSOS_CONJUNTOS,0.7780982249587557,0.910621903901729,4.082792507208774,4.582039084021478,FALSE,TRUE,FALSE,0.3324157956151259,TRUE
2020-02-01,1.24,3.85,4,0.18306591092567534,1.3143607926097147,-0.5345842542725243,0.2161224094405409,-0.0727901317033009,0.164512899098159,-0.09845112933302887,0.25693225041221673,-0.29461057930135415,2.4084909735621256,0.10159436113135178,0.339003867350194,0.599909536829288,0.8463011262651725,0.03388993638140979,4.305476128587254,0.13166136136392054,0.660996132649806,0.5594017715184542,M3A_PULSOS_CONJUNTOS,0.7798780715192557,0.9127241810110893,4.047424602158457,4.563527655016052,FALSE,TRUE,FALSE,0.30547612858725426,TRUE
2020-03-01,1.77,3.99,4,0.18306591092567492,1.314360792609715,-0.534584254272525,0.21612240944054137,-0.07279013170330094,0.16451289909815967,-0.0984511293330295,0.2569322504122167,-0.29461057930135415,2.414380468636643,0.10075130246568301,0.339003867350194,0.599909536829288,0.8475765628736881,0.033876358337657515,4.309509590375271,0.13486418738792041,0.660996132649806,0.560244830184123,M3A_PULSOS_CONJUNTOS,0.7811801206045063,0.9139730051428699,4.045180640290686,4.573838540459856,FALSE,TRUE,FALSE,0.3095095903752707,TRUE
2020-04-01,1.88,3.97,4,0.183065910925675,1.314360792609715,-0.5345842542725248,0.2161224094405414,-0.07279013170330095,0.1645128990981602,-0.09845112933302948,0.2569322504122167,-0.2946105793013539,2.403372490769546,0.09957196111594302,0.33900386735019394,0.599909536829288,0.8493607508461839,0.033723759312529446,4.2808496901786555,0.13313099907832612,0.6609961326498061,0.561424171533863,M3A_PULSOS_CONJUNTOS,0.7832633971703289,0.9154581045220389,4.019917726759301,4.54178165359801,FALSE,TRUE,FALSE,0.28084969017865546,TRUE
2020-05-01,1.8,3.96,4,0.18306591092567492,1.3143607926097145,-0.5345842542725248,0.21612240944054145,-0.07279013170330093,0.1645128990981603,-0.09845112933302978,0.25693225041221657,-0.2946105793013539,2.387980027189243,0.09826806711223349,0.339003867350194,0.599909536829288,0.8513333705625542,0.033469869647262576,4.243577268370315,0.12939054582569945,0.660996132649806,0.5627280655375725,M3A_PULSOS_CONJUNTOS,0.7857336314866692,0.9169331096384392,3.9899764586119644,4.497178078128665,FALSE,TRUE,FALSE,0.24357726837031457,TRUE
2020-06-01,2.39,3.77,4,0.1830659109256749,1.3143607926097145,-0.5345842542725248,0.21612240944054142,-0.07279013170330094,0.16451289909816041,-0.09845112933302981,0.2569322504122167,-0.29461057930135404,2.367776824327323,0.09681901853287554,0.33900386735019394,0.599909536829288,0.8535255900140493,0.03311147837555258,4.196867907400762,0.12396182259580887,0.6609961326498061,0.5641771141169305,M3A_PULSOS_CONJUNTOS,0.7886282849230895,0.9184228951050091,3.953907199655033,4.4398286151464905,FALSE,TRUE,FALSE,0.19686790740076177,TRUE
2020-07-01,2.88,3.9,4,0.1830659109256751,1.314360792609715,-0.5345842542725251,0.21612240944054162,-0.07279013170330102,0.16451289909816041,-0.0984511293330301,0.2569322504122166,-0.2946105793013539,2.3608695813484792,0.09575407787299187,0.33900386735019394,0.599909536829288,0.8551367048258933,0.0326325593332692,4.1767408518120055,0.1176659644503162,0.6609961326498061,0.5652420547768142,M3A_PULSOS_CONJUNTOS,0.7911780638093193,0.9190953458424673,3.9461197992832155,4.407361904340796,FALSE,TRUE,FALSE,0.1767408518120055,TRUE
2020-08-01,4.19,3.92,4,0.18306591092567506,1.3143607926097152,-0.5345842542725252,0.2161224094405417,-0.07279013170330104,0.1645128990981606,-0.09845112933303046,0.25693225041221657,-0.294610579301354,2.3502195199965636,0.09454556919210222,0.33900386735019394,0.599909536829288,0.8569650191248666,0.03202446226519242,4.149028479467744,0.11087469113539596,0.6609961326498061,0.5664505634577038,M3A_PULSOS_CONJUNTOS,0.7941982264608274,0.9197318117889057,3.9317180780453658,4.3663388808901225,FALSE,TRUE,FALSE,0.1490284794677441,TRUE
2020-09-01,4.97,3.99,4,0.18306591092567495,1.314360792609715,-0.5345842542725253,0.21612240944054156,-0.07279013170330106,0.16451289909816064,-0.09845112933303052,0.25693225041221657,-0.2946105793013539,2.3424288995615066,0.09346923105457677,0.33900386735019394,0.599909536829288,0.8585933768176878,0.031301844780009906,4.127432361315923,0.10527102353966493,0.6609961326498061,0.5675269015952293,M3A_PULSOS_CONJUNTOS,0.7972428883992053,0.9199438652361702,3.921104946562511,4.333759776069334,FALSE,TRUE,FALSE,0.12743236131592273,TRUE
2020-10-01,5.34,4.15,4,0.18306591092567503,1.3143607926097154,-0.5345842542725253,0.21612240944054167,-0.07279013170330112,0.16451289909816058,-0.09845112933303049,0.25693225041221657,-0.2946105793013539,2.3431100789359616,0.09296259888378666,0.33900386735019394,0.5999095368292879,0.8593598444954322,0.03064162330767419,4.124950270807639,0.1028823918755145,0.6609961326498061,0.5680335337660194,M3A_PULSOS_CONJUNTOS,0.7993033663845478,0.9194163226063167,3.923304488088294,4.326596053526983,FALSE,TRUE,FALSE,0.12495027080763865,TRUE
2020-11-01,5.46,4.27,4,0.18306591092567495,1.3143607926097152,-0.5345842542725254,0.2161224094405416,-0.07279013170330108,0.16451289909816058,-0.09845112933303048,0.2569322504122165,-0.29461057930135387,2.3446922708513345,0.09252783681890814,0.33900386735019394,0.599909536829288,0.8600175821786099,0.03013781674480578,4.124578781344755,0.1025207879803573,0.6609961326498061,0.568468295830898,M3A_PULSOS_CONJUNTOS,0.8009485467861224,0.9190866175710974,3.9236417292365875,4.325515833452922,FALSE,TRUE,FALSE,0.12457878134475475,TRUE
2020-12-01,4.82,4.26,4,0.18306591092567492,1.3143607926097154,-0.5345842542725252,0.21612240944054148,-0.07279013170330108,0.16451289909816047,-0.09845112933303043,0.25693225041221657,-0.29461057930135387,2.343447860567421,0.09185082295560049,0.339003867350194,0.5999095368292879,0.8610418148932457,0.029815638286962435,4.117486027999644,0.10300337345861052,0.660996132649806,0.5691453096942054,M3A_PULSOS_CONJUNTOS,0.8026042376747259,0.9194793921117655,3.9156031257346386,4.319368930264649,FALSE,TRUE,FALSE,0.11748602799964392,TRUE
2021-01-01,5.24,4.12,4,0.18306591092567492,1.314360792609715,-0.534584254272525,0.2161224094405415,-0.07279013170330106,0.16451289909816047,-0.09845112933303045,0.25693225041221646,-0.29461057930135387,2.3459771872845594,0.09150450234437504,0.339003867350194,0.5999095368292879,0.8615657523175648,0.02967100229760841,4.119423469009299,0.10371568453544124,0.660996132649806,0.5694916303054309,M3A_PULSOS_CONJUNTOS,0.8034116564290472,0.9197198482060824,3.9161444626879165,4.322702475330682,FALSE,TRUE,FALSE,0.11942346900929923,TRUE
2021-02-01,6,4.39,4,0.183065910925675,1.3143607926097154,-0.5345842542725249,0.21612240944054154,-0.0727901317033011,0.16451289909816047,-0.0984511293330305,0.2569322504122165,-0.2946105793013539,2.3614168534154243,0.09215690635909349,0.33900386735019405,0.5999095368292879,0.8605787510591715,0.02948281347397934,4.151290460072091,0.10425722912228301,0.660996132649806,0.5688392262907125,M3A_PULSOS_CONJUNTOS,0.8027934984872598,0.9183640036310832,3.946950045864476,4.355630874279706,FALSE,TRUE,FALSE,0.15129046007209102,TRUE
2021-03-01,5.84,4.34,4,0.1830659109256751,1.3143607926097154,-0.5345842542725249,0.21612240944054156,-0.07279013170330112,0.16451289909816033,-0.09845112933303042,0.25693225041221657,-0.29461057930135387,2.3595570552635823,0.09135443765012895,0.339003867350194,0.5999095368292879,0.8617927804147558,0.029258990892786742,4.142177575791604,0.10441836360570896,0.660996132649806,0.569641694999677,M3A_PULSOS_CONJUNTOS,0.8044462120409084,0.9191393487886033,3.9375213437998067,4.346833807783401,FALSE,TRUE,FALSE,0.14217757579160395,TRUE
2021-04-01,5.2,4.39,4,0.1830659109256751,1.3143607926097158,-0.5345842542725249,0.21612240944054165,-0.07279013170330116,0.16451289909816014,-0.09845112933303025,0.25693225041221635,-0.29461057930135376,2.3641893488733206,0.09117713725833386,0.339003867350194,0.5999095368292879,0.8620610125314617,0.02930474028928716,4.149018140838032,0.10405040258992465,0.660996132649806,0.5698189953914721,M3A_PULSOS_CONJUNTOS,0.804624776988159,0.9194972480747644,3.9450830991848864,4.352953182491177,FALSE,TRUE,FALSE,0.14901814083803178,TRUE
2021-05-01,5.17,4.41,4,0.18306591092567512,1.3143607926097156,-0.5345842542725251,0.21612240944054173,-0.07279013170330119,0.16451289909816025,-0.09845112933303027,0.25693225041221635,-0.2946105793013539,2.366260206861251,0.09075975610923119,0.339003867350194,0.5999095368292879,0.8626924551806485,0.029553032321449162,4.149612869695416,0.10335154462783819,0.660996132649806,0.5702363765405748,M3A_PULSOS_CONJUNTOS,0.80476957619666,0.920615334164637,3.9470475644782694,4.352178174912563,FALSE,TRUE,FALSE,0.14961286969541643,TRUE
2021-06-01,3.91,4.23,4,0.1830659109256751,1.3143607926097156,-0.5345842542725253,0.2161224094405418,-0.07279013170330122,0.16451289909816025,-0.09845112933303031,0.2569322504122163,-0.2946105793013538,2.358628215222169,0.08953260119079114,0.33900386735019394,0.5999095368292879,0.8645489787786319,0.02984736897136409,4.127346865337685,0.10275074995355084,0.6609961326498061,0.571463531459015,M3A_PULSOS_CONJUNTOS,0.8060492105614799,0.9230487469957839,3.925959096044245,4.328734634631125,FALSE,TRUE,FALSE,0.12734686533768524,TRUE
2021-07-01,3.82,4.12,4,0.18306591092567512,1.3143607926097154,-0.5345842542725253,0.21612240944054173,-0.07279013170330123,0.16451289909816022,-0.0984511293330303,0.2569322504122163,-0.29461057930135387,2.361042395812983,0.08913903574774777,0.339003867350194,0.599909536829288,0.8651443914045207,0.03028999434077876,4.128727978726752,0.10286535344843645,0.660996132649806,0.5718570969020582,M3A_PULSOS_CONJUNTOS,0.8057770934046723,0.9245116894043691,3.9271155907108333,4.3303403667426705,FALSE,TRUE,FALSE,0.12872797872675168,TRUE
2021-08-01,3.62,4.14,4,0.18306591092567515,1.314360792609716,-0.5345842542725255,0.2161224094405419,-0.07279013170330122,0.1645128990981604,-0.09845112933303035,0.2569322504122162,-0.2946105793013539,2.366192533470825,0.08891716113298655,0.339003867350194,0.599909536829288,0.8654800584437086,0.030602923287935162,4.136129190690341,0.10334873311462732,0.660996132649806,0.5720789715168194,M3A_PULSOS_CONJUNTOS,0.8054994309777136,0.9254606859097035,3.9335693959378295,4.338688985442853,FALSE,TRUE,FALSE,0.13612919069034124,TRUE
2021-09-01,3.67,4.2,4,0.18306591092567523,1.3143607926097156,-0.5345842542725255,0.21612240944054179,-0.07279013170330119,0.1645128990981601,-0.0984511293330302,0.256932250412216,-0.2946105793013539,2.3669943820650983,0.08842869714695761,0.339003867350194,0.5999095368292879,0.8662190400532843,0.03081209497701555,4.134001054367199,0.10413498457747766,0.660996132649806,0.5725674355028483,M3A_PULSOS_CONJUNTOS,0.8058284436101063,0.9266096364964623,3.929900235064709,4.3381018736696895,FALSE,TRUE,FALSE,0.13400105436719922,TRUE
2021-10-01,2.96,3.89,4,0.18306591092567523,1.3143607926097152,-0.5345842542725254,0.21612240944054187,-0.07279013170330123,0.16451289909815997,-0.09845112933303002,0.256932250412216,-0.2946105793013539,2.3550911415812923,0.08720207853605419,0.339003867350194,0.5999095368292879,0.8680747522886739,0.030916599063261538,4.104418867181931,0.10469323398995099,0.660996132649806,0.5737940541137517,M3A_PULSOS_CONJUNTOS,0.8074793316002166,0.9286701729771313,3.899223899136602,4.3096138352272595,FALSE,TRUE,FALSE,0.10441886718193061,TRUE
2021-11-01,2.89,4.08,4,0.18306591092567534,1.3143607926097156,-0.534584254272525,0.2161224094405414,-0.07279013170330113,0.16451289909815991,-0.09845112933302995,0.25693225041221585,-0.29461057930135404,2.3674489502647242,0.08740447464552677,0.339003867350194,0.5999095368292879,0.8677685536598541,0.031007060303611594,4.127411752294107,0.10625882226255952,0.660996132649806,0.5735916580042791,M3A_PULSOS_CONJUNTOS,0.8069958321983137,0.9285412751213944,3.919148287619848,4.335675216968367,FALSE,TRUE,FALSE,0.1274117522941074,TRUE
2021-12-01,3.07,4.02,4,0.18306591092567534,1.3143607926097154,-0.534584254272525,0.21612240944054129,-0.07279013170330108,0.16451289909815997,-0.09845112933303005,0.2569322504122161,-0.29461057930135415,2.36411854329867,0.08686157899126537,0.339003867350194,0.5999095368292878,0.86858988320695,0.03092357187358581,4.11770817177588,0.10660205987664677,0.660996132649806,0.5741345536585406,M3A_PULSOS_CONJUNTOS,0.807980796061386,0.929198970352514,3.9087719737398703,4.32664436981189,FALSE,TRUE,FALSE,0.11770817177588011,TRUE
2022-01-01,2.87,4.09,4,0.18306591092567526,1.3143607926097152,-0.5345842542725247,0.21612240944054106,-0.07279013170330097,0.16451289909815978,-0.09845112933302999,0.2569322504122161,-0.2946105793013542,2.358266606181161,0.08620172718563357,0.339003867350194,0.5999095368292878,0.869588151991045,0.03068817457426489,4.10280020780083,0.1059660271792691,0.660996132649806,0.5747944054641724,M3A_PULSOS_CONJUNTOS,0.809440435074208,0.929735868907882,3.8951106109446703,4.31048980465699,FALSE,TRUE,FALSE,0.1028002078008301,TRUE
2022-02-01,2.98,3.92,4,0.18306591092567526,1.3143607926097154,-0.5345842542725244,0.2161224094405408,-0.07279013170330093,0.1645128990981599,-0.0984511293330299,0.2569322504122163,-0.29461057930135415,2.3403039957794562,0.08494515932373917,0.33900386735019394,0.5999095368292877,0.8714891734945401,0.030305947959232384,4.062668243170825,0.10465407897066217,0.6609961326498061,0.5760509733260669,M3A_PULSOS_CONJUNTOS,0.8120906069770996,0.9308877400119807,3.8575500175531166,4.267786468788533,FALSE,TRUE,FALSE,0.0626682431708252,TRUE
2022-03-01,4.17,3.8,4,0.18306591092567526,1.3143607926097152,-0.5345842542725245,0.21612240944054098,-0.07279013170330101,0.16451289909815983,-0.09845112933302999,0.25693225041221596,-0.2946105793013541,2.3282194309231325,0.08395934609926702,0.33900386735019394,0.5999095368292878,0.872980578929123,0.029742380504409933,4.034785104154219,0.10328493240335854,0.6609961326498061,0.577036786550539,M3A_PULSOS_CONJUNTOS,0.8146865843259933,0.9312745735322526,3.832350356497982,4.237219851810456,FALSE,TRUE,FALSE,0.03478510415421887,TRUE
2022-04-01,4.62,3.94,4,0.18306591092567526,1.314360792609715,-0.5345842542725245,0.216122409440541,-0.07279013170330091,0.1645128990981601,-0.09845112933303012,0.25693225041221596,-0.2946105793013541,2.3285956155785557,0.0835694988835244,0.339003867350194,0.5999095368292877,0.8735703663673335,0.028956411717668606,4.032712520359903,0.10304635259932496,0.660996132649806,0.5774266337662816,M3A_PULSOS_CONJUNTOS,0.8168168422791895,0.9303238904554776,3.8307453805270106,4.234679660192795,FALSE,TRUE,FALSE,0.0327125203599028,TRUE
2022-05-01,5.82,4.01,4,0.18306591092567526,1.314360792609715,-0.5345842542725248,0.21612240944054115,-0.07279013170330091,0.16451289909816022,-0.09845112933303006,0.2569322504122159,-0.2946105793013541,2.331908954895098,0.08337622469730978,0.33900386735019394,0.5999095368292878,0.8738627647289394,0.028029377234207977,4.037099349918658,0.10552229355867235,0.6609961326498061,0.5776199079524963,M3A_PULSOS_CONJUNTOS,0.8189261948408049,0.928799334617074,3.8302794549775974,4.243919244859718,FALSE,TRUE,FALSE,0.03709934991865804,TRUE
2022-06-01,7.55,4.16,4,0.1830659109256752,1.3143607926097152,-0.5345842542725249,0.2161224094405411,-0.07279013170330091,0.16451289909816033,-0.0984511293330303,0.25693225041221607,-0.29461057930135415,2.34018998642085,0.08355129800176221,0.33900386735019394,0.5999095368292878,0.8735979019017537,0.02692373496875881,4.052664161152658,0.1112933719079724,0.6609961326498061,0.5774448346480439,M3A_PULSOS_CONJUNTOS,0.8208283510336848,0.9263674527698226,3.8345331604950106,4.270795161810306,FALSE,TRUE,FALSE,0.05266416115265837,TRUE
2022-07-01,8.36,4.51,4,0.18306591092567526,1.314360792609715,-0.5345842542725247,0.21612240944054098,-0.07279013170330083,0.16451289909816078,-0.09845112933303043,0.25693225041221623,-0.29461057930135426,2.3514742338283083,0.08400689567696906,0.33900386735019394,0.5999095368292878,0.8729086426872097,0.02573568878961686,4.075421313169155,0.1200060653116713,0.6609961326498061,0.576989236972837,M3A_PULSOS_CONJUNTOS,0.8224676195422295,0.9233496658321899,3.840213747231918,4.3106288791063925,FALSE,TRUE,FALSE,0.07542131316915501,TRUE
2022-08-01,8.87,4.55,4,0.18306591092567545,1.3143607926097154,-0.5345842542725247,0.2161224094405409,-0.07279013170330084,0.16451289909816016,-0.09845112933303035,0.2569322504122164,-0.2946105793013545,2.349519273567708,0.08285825089349037,0.33900386735019394,0.5999095368292877,0.8746463908021253,0.024737346364740214,4.063942785465193,0.1290866497833216,0.6609961326498061,0.5781378817563156,M3A_PULSOS_CONJUNTOS,0.8261620828541416,0.9231306987501089,3.810937601004948,4.3169479699254385,FALSE,TRUE,FALSE,0.06394278546519327,TRUE
2022-09-01,9.03,4.61,4,0.1830659109256755,1.3143607926097152,-0.5345842542725249,0.21612240944054073,-0.07279013170330068,0.16451289909816058,-0.09845112933303043,0.2569322504122164,-0.2946105793013545,2.350016868340373,0.08203867444902793,0.33900386735019394,0.5999095368292878,0.8758863019059572,0.02404718026746498,4.059049305010256,0.13703847055936866,0.6609961326498061,0.5789574582007782,M3A_PULSOS_CONJUNTOS,0.8287546946519836,0.9230179091599308,3.790458838217441,4.327639771803071,FALSE,TRUE,FALSE,0.05904930501025607,TRUE
2022-10-01,9.7,4.67,4,0.1830659109256755,1.3143607926097147,-0.5345842542725247,0.21612240944054079,-0.07279013170330066,0.1645128990981611,-0.09845112933303066,0.25693225041221696,-0.2946105793013547,2.351695067862861,0.08138716761996889,0.3390038673501939,0.5999095368292878,0.8768719458407368,0.02361945861582457,4.057382148569423,0.1430894674738905,0.6609961326498062,0.5796089650298373,M3A_PULSOS_CONJUNTOS,0.8305786576193863,0.9231652340620873,3.7769319457535824,4.337832351385264,FALSE,TRUE,FALSE,0.05738214856942303,TRUE
2022-11-01,9.17,4.8,4,0.18306591092567542,1.3143607926097152,-0.5345842542725251,0.2161224094405406,-0.07279013170330069,0.1645128990981611,-0.09845112933303031,0.2569322504122171,-0.2946105793013549,2.350984658614417,0.08038948727954964,0.3390038673501939,0.5999095368292877,0.8783813046571336,0.02333011053841101,4.049186617757672,0.14767241842602996,0.6609961326498062,0.5806066453702565,M3A_PULSOS_CONJUNTOS,0.8326551282465097,0.9241074810677575,3.7597539961327247,4.33861923938262,FALSE,TRUE,FALSE,0.0491866177576723,TRUE
2022-12-01,9.24,4.71,4,0.18306591092567534,1.314360792609715,-0.534584254272525,0.21612240944054015,-0.07279013170330072,0.1645128990981604,-0.09845112933302995,0.25693225041221707,-0.2946105793013549,2.3402779561734732,0.07783558411657554,0.33900386735019394,0.5999095368292877,0.8822450234246489,0.023336690569783557,4.013093756187309,0.14987828155780467,0.6609961326498061,0.5831605485332305,M3A_PULSOS_CONJUNTOS,0.8365059503895177,0.9279840964597802,3.719337722269258,4.3068497901053595,FALSE,TRUE,FALSE,0.013093756187308792,TRUE
2023-01-01,9.69,4.62,4,0.18306591092567517,1.314360792609715,-0.5345842542725249,0.2161224094405401,-0.07279013170330066,0.16451289909815994,-0.09845112933302981,0.2569322504122167,-0.2946105793013545,2.3262327979704662,0.0747903478545452,0.3390038673501939,0.5999095368292878,0.8868520643914737,0.023397905149089054,3.968287004849209,0.15107875709597002,0.6609961326498062,0.586205784795261,M3A_PULSOS_CONJUNTOS,0.8409930129855748,0.9327111157973725,3.672178082112033,4.264395927586386,FALSE,TRUE,FALSE,-0.031712995150790846,TRUE
2023-02-01,9.92,4.49,4,0.18306591092567498,1.3143607926097154,-0.5345842542725249,0.21612240944053993,-0.07279013170330062,0.16451289909815842,-0.09845112933302975,0.25693225041221746,-0.2946105793013549,2.3114913914353448,0.07164185989526195,0.33900386735019394,0.5999095368292878,0.8916153115630745,0.023522908724547462,3.922074545471296,0.15106657195372308,0.6609961326498061,0.5893542727545441,M3A_PULSOS_CONJUNTOS,0.8455112576513385,0.9377193654748105,3.6259895051740703,4.218159585768522,FALSE,TRUE,FALSE,-0.07792545452870403,TRUE
2023-03-01,8.71,4.43,4,0.1830659109256751,1.3143607926097147,-0.5345842542725243,0.2161224094405393,-0.07279013170330031,0.16451289909815908,-0.09845112933302887,0.2569322504122174,-0.2946105793013545,2.3062597109809415,0.06997231973360235,0.33900386735019394,0.5999095368292877,0.8941411057079913,0.023945363705503025,3.9021434679619693,0.14796971938819878,0.6609961326498061,0.5910238129162038,M3A_PULSOS_CONJUNTOS,0.8472090552484929,0.9410731561674898,3.6121281471586015,4.192158788765337,FALSE,TRUE,FALSE,-0.09785653203803069,TRUE
2023-04-01,8.32,4.39,4,0.18306591092567506,1.314360792609715,-0.5345842542725248,0.21612240944053956,-0.07279013170330045,0.16451289909815822,-0.09845112933302917,0.2569322504122167,-0.2946105793013545,2.311770160348633,0.0700130434731532,0.33900386735019394,0.5999095368292877,0.8940794960592516,0.02489997074287804,3.911736566894579,0.140548661212019,0.6609961326498061,0.5909830891766529,M3A_PULSOS_CONJUNTOS,0.8452764501871096,0.9428825419313936,3.6362662528437,4.187206880945458,FALSE,TRUE,FALSE,-0.08826343310542084,TRUE
2023-05-01,6.54,4.3,4,0.183065910925675,1.3143607926097152,-0.5345842542725249,0.21612240944053976,-0.07279013170330027,0.16451289909815736,-0.09845112933302776,0.25693225041221573,-0.2946105793013545,2.3211554872142877,0.07059544021758656,0.33900386735019394,0.5999095368292877,0.8931984065707268,0.02606589763393767,3.9314918105059067,0.13135277336610318,0.6609961326498061,0.5904006924322195,M3A_PULSOS_CONJUNTOS,0.8421101859835012,0.9442866271579524,3.6740451054388923,4.188938515572921,FALSE,TRUE,FALSE,-0.06850818949409332,TRUE
2023-06-01,4.93,4.24,4,0.1830659109256752,1.314360792609715,-0.5345842542725251,0.21612240944053968,-0.07279013170330025,0.16451289909815664,-0.09845112933302705,0.25693225041221596,-0.2946105793013545,2.3417734202823617,0.07267774599306463,0.339003867350194,0.5999095368292876,0.8900481524729751,0.02759989143916472,3.9804525464350085,0.12035082483779826,0.660996132649806,0.5883183866567413,M3A_PULSOS_CONJUNTOS,0.8359533592749969,0.9441429456709532,3.7445692642432356,4.216335828626781,FALSE,TRUE,FALSE,-0.019547453564991546,TRUE
2023-07-01,4.53,4.21,4,0.1830659109256751,1.3143607926097147,-0.5345842542725248,0.21612240944053937,-0.07279013170330016,0.16451289909815608,-0.0984511293330269,0.2569322504122158,-0.2946105793013545,2.3664324625883415,0.07518422123109003,0.33900386735019394,0.5999095368292877,0.8862561859027964,0.029096864656640416,4.039577237098728,0.11150385326214075,0.6609961326498061,0.585811911418716,M3A_PULSOS_CONJUNTOS,0.8292273791127448,0.943284992692848,3.821033700567493,4.258120773629963,FALSE,TRUE,FALSE,0.039577237098727736,TRUE
2023-08-01,4.47,4.17,4,0.18306591092567528,1.3143607926097152,-0.5345842542725245,0.21612240944053954,-0.07279013170330018,0.16451289909815572,-0.09845112933302716,0.25693225041221607,-0.29461057930135426,2.386965582546082,0.07736423718069908,0.339003867350194,0.5999095368292877,0.8829581091941329,0.03030237554204767,4.089847729496529,0.10636395624282335,0.660996132649806,0.5836318954691069,M3A_PULSOS_CONJUNTOS,0.8235665444857121,0.9423496739025536,3.8813782060074007,4.298317252985656,FALSE,TRUE,FALSE,0.08984772949652875,TRUE
2023-09-01,4.69,4.15,4,0.18306591092567506,1.314360792609715,-0.5345842542725244,0.21612240944053943,-0.07279013170330012,0.16451289909815645,-0.09845112933302726,0.2569322504122159,-0.29461057930135426,2.4068753782967356,0.0794989348672999,0.33900386735019405,0.5999095368292877,0.8797285930424373,0.03126309837643181,4.139100562264385,0.10363801520818158,0.660996132649806,0.5814971977825061,M3A_PULSOS_CONJUNTOS,0.8184540461794984,0.9410031399053763,3.935973785027135,4.342227339501635,FALSE,TRUE,FALSE,0.13910056226438527,TRUE
2023-10-01,4.98,4.32,4,0.1830659109256745,1.3143607926097154,-0.5345842542725242,0.2161224094405395,-0.07279013170330009,0.16451289909815742,-0.09845112933302771,0.2569322504122168,-0.2946105793013549,2.4297904446082073,0.08184923424378239,0.339003867350194,0.5999095368292877,0.876172899959846,0.03205294197945281,4.1954648316267935,0.10229520053552076,0.660996132649806,0.5791468984060235,M3A_PULSOS_CONJUNTOS,0.8133502880815665,0.9389955118381256,3.9949699227858706,4.395959740467717,FALSE,TRUE,FALSE,0.1954648316267935,TRUE
2023-11-01,4.3,4.43,4,0.18306591092567384,1.3143607926097147,-0.5345842542725242,0.2161224094405393,-0.0727901317033,0.16451289909815808,-0.09845112933302753,0.2569322504122161,-0.2946105793013549,2.4411554369508113,0.08333013555668645,0.33900386735019405,0.5999095368292877,0.8739324915221032,0.032774344463630846,4.225894287070696,0.10165104554990588,0.660996132649806,0.5776659970931195,M3A_PULSOS_CONJUNTOS,0.809695956756477,0.9381690262877294,4.026661898802041,4.425126675339352,FALSE,TRUE,FALSE,0.22589428707069636,TRUE
2023-12-01,4.18,4.32,4,0.18306591092567376,1.314360792609715,-0.534584254272524,0.21612240944053923,-0.07279013170329993,0.16451289909815783,-0.09845112933302706,0.2569322504122158,-0.2946105793013545,2.439821603762873,0.08379606510807448,0.33900386735019405,0.5999095368292877,0.8732276015410979,0.03358858568025175,4.2269946608876205,0.10183051072642356,0.660996132649806,0.5772000675417315,M3A_PULSOS_CONJUNTOS,0.8073951833161667,0.9390600197660292,4.027410527336511,4.42657879443873,FALSE,TRUE,FALSE,0.22699466088762055,TRUE
2024-01-01,3.82,4.29,4,0.18306591092567426,1.314360792609715,-0.5345842542725242,0.21612240944053956,-0.07279013170330005,0.16451289909815728,-0.0984511293330264,0.2569322504122159,-0.29461057930135404,2.436389775123501,0.08411720616303554,0.3390038673501941,0.5999095368292877,0.872741757465621,0.03437745151596078,4.223398816041471,0.1025552253296739,0.660996132649806,0.5768789264867704,M3A_PULSOS_CONJUNTOS,0.805363190614066,0.940120324317176,4.02239426796892,4.424403364114022,FALSE,TRUE,FALSE,0.22339881604147127,TRUE
2024-02-01,3.3,4.28,4,0.18306591092567417,1.314360792609715,-0.534584254272524,0.21612240944053931,-0.07279013170330005,0.16451289909815692,-0.0984511293330264,0.25693225041221546,-0.2946105793013538,2.428603199236258,0.08414620098187635,0.33900386735019405,0.5999095368292877,0.872697892127522,0.03516410174747946,4.210112658268133,0.1039362152978739,0.660996132649806,0.5768499316679296,M3A_PULSOS_CONJUNTOS,0.8037775191537603,0.9416182651012838,4.0064014195949,4.413823896941366,FALSE,TRUE,FALSE,0.21011265826813297,TRUE
2024-03-01,3.24,4.14,4,0.18306591092567412,1.3143607926097145,-0.5345842542725241,0.21612240944053945,-0.07279013170330012,0.16451289909815633,-0.0984511293330262,0.25693225041221585,-0.2946105793013538,2.412034611294536,0.08363677918723028,0.33900386735019405,0.5999095368292877,0.8734685801383639,0.03590993206797037,4.177700762668746,0.10551881721797991,0.660996132649806,0.5773593534625756,M3A_PULSOS_CONJUNTOS,0.803086406597862,0.9438507536788658,3.97088768123024,4.384513844107251,FALSE,TRUE,FALSE,0.17770076266874568,TRUE
2024-04-01,3.36,4.02,4,0.18306591092567387,1.3143607926097145,-0.5345842542725241,0.21612240944053943,-0.07279013170330019,0.16451289909815614,-0.09845112933302623,0.2569322504122157,-0.2946105793013538,2.3953467187687303,0.08312103862864167,0.33900386735019405,0.5999095368292877,0.8742488276059567,0.036551344976579823,4.145094231524369,0.10647057092909142,0.660996132649806,0.5778750940211643,M3A_PULSOS_CONJUNTOS,0.8026095078653612,0.9458881473465521,3.9364157470899324,4.353772715958805,FALSE,TRUE,FALSE,0.14509423152436884,TRUE
2024-05-01,3.76,3.99,4,0.18306591092567379,1.3143607926097145,-0.5345842542725239,0.21612240944053937,-0.07279013170330013,0.16451289909815636,-0.09845112933302624,0.2569322504122159,-0.2946105793013538,2.3842480315968846,0.08289593857333576,0.33900386735019405,0.5999095368292877,0.8745893743114321,0.0371071140507734,4.124281666097313,0.10701741617425445,0.660996132649806,0.5781001940764702,M3A_PULSOS_CONJUNTOS,0.8018607672016961,0.9473179814211682,3.91453138467724,4.334031947517386,FALSE,TRUE,FALSE,0.12428166609731317,TRUE
2024-06-01,3.62,4.02,4,0.1830659109256738,1.3143607926097147,-0.5345842542725237,0.2161224094405394,-0.0727901317033002,0.1645128990981561,-0.09845112933302642,0.25693225041221573,-0.29461057930135404,2.3772800278291055,0.08289359084392071,0.33900386735019405,0.5999095368292877,0.874592926116502,0.03762143776895229,4.112211685496007,0.10762949127976305,0.660996132649806,0.5781025418058853,M3A_PULSOS_CONJUNTOS,0.8008562630427406,0.9483295891902633,3.9012617589133036,4.32316161207871,FALSE,TRUE,FALSE,0.11221168549600691,TRUE
2024-07-01,3.78,4.07,4,0.1830659109256737,1.3143607926097145,-0.5345842542725238,0.21612240944053926,-0.072790131703300065,0.1645128990981557,-0.09845112933302605,0.25693225041221535,-0.29461057930135426,2.372818418040503,0.08304249411072795,0.33900386735019405,0.5999095368292877,0.8743676551058981,0.03822154117077569,4.105551483399938,0.10969206835298241,0.660996132649806,0.577953638539078,M3A_PULSOS_CONJUNTOS,0.7994548109775629,0.9492804992342333,3.890558980038387,4.320543986761489,FALSE,TRUE,FALSE,0.10555148339993803,TRUE
2024-08-01,3.07,4.02,4,0.1830659109256736,1.3143607926097152,-0.5345842542725238,0.21612240944053931,-0.07279013170330008,0.16451289909815536,-0.09845112933302597,0.25693225041221507,-0.29461057930135404,2.3644353330203267,0.08296356307737972,0.3390038673501941,0.5999095368292876,0.874487067352732,0.038902640540850304,4.090488075385289,0.11306472161046592,0.660996132649806,0.5780325695724262,M3A_PULSOS_CONJUNTOS,0.7982392929891575,0.9507348417163064,3.868885293106728,4.31209085766385,FALSE,TRUE,FALSE,0.0904880753852888,TRUE
2024-09-01,2.11,3.97,4,0.18306591092567365,1.3143607926097145,-0.5345842542725238,0.21612240944053934,-0.07279013170330023,0.16451289909815606,-0.09845112933302651,0.25693225041221496,-0.29461057930135426,2.3604394780139777,0.08315079233604042,0.3390038673501941,0.5999095368292877,0.8742038141695248,0.03978175584334671,4.084898351403642,0.12013242828358392,0.660996132649806,0.5778453403137656,M3A_PULSOS_CONJUNTOS,0.7962330054747994,0.9521746228642501,3.8494431185924767,4.320353584214807,FALSE,TRUE,FALSE,0.0848983514036421,TRUE
2024-10-01,1.16,3.96,4,0.18306591092567367,1.3143607926097145,-0.5345842542725239,0.2161224094405394,-0.07279013170330033,0.16451289909815564,-0.09845112933302685,0.2569322504122151,-0.29461057930135404,2.357431528359077,0.08338669758252143,0.33900386735019405,0.5999095368292877,0.8738469206344064,0.04072392791739699,4.081359107446825,0.12971167979938894,0.660996132649806,0.5776094350672845,M3A_PULSOS_CONJUNTOS,0.794029488607303,0.9536643526615097,3.8271288866658306,4.335589328227819,FALSE,TRUE,FALSE,0.08135910744682473,TRUE
2024-11-01,1.66,3.66,4,0.18306591092567365,1.3143607926097147,-0.5345842542725241,0.21612240944053943,-0.07279013170330031,0.16451289909815564,-0.09845112933302647,0.25693225041221524,-0.2946105793013539,2.345044098707709,0.0833049722713231,0.33900386735019405,0.5999095368292877,0.8739705602552174,0.04159583731157576,4.0593387255074465,0.13818980477188647,0.660996132649806,0.5776911603784829,M3A_PULSOS_CONJUNTOS,0.7924442172177415,0.9554969032926932,3.788491685123928,4.330185765890965,FALSE,TRUE,FALSE,0.059338725507446455,TRUE
2024-12-01,1.7,3.95,4,0.18306591092567345,1.3143607926097147,-0.5345842542725241,0.21612240944053945,-0.07279013170330027,0.16451289909815558,-0.0984511293330264,0.256932250412215,-0.29461057930135404,2.3470704502595354,0.08349159410248763,0.3390038673501941,0.5999095368292877,0.8736882260297258,0.042358615940626045,4.064159315809821,0.1436137763476086,0.660996132649806,0.5775045385473183,M3A_PULSOS_CONJUNTOS,0.7906668643511345,0.9567095877083172,3.782681486484718,4.3456371451349245,FALSE,TRUE,FALSE,0.06415931580982104,TRUE
2025-01-01,2.19,3.76,4,0.18306591092567318,1.3143607926097145,-0.534584254272524,0.21612240944053943,-0.07279013170330031,0.16451289909815575,-0.09845112933302633,0.25693225041221524,-0.29461057930135404,2.3231357832825483,0.08298655877623588,0.3390038673501941,0.5999095368292877,0.8744522778922188,0.043042861051517764,4.019199487845673,0.14540126650676796,0.660996132649806,0.5780095738735701,M3A_PULSOS_CONJUNTOS,0.7900898204396821,0.9588147353447555,3.7342182421858974,4.304180733505448,FALSE,TRUE,FALSE,0.019199487845672714,TRUE
2025-02-01,1.79,3.79,4,0.1830659109256734,1.314360792609715,-0.5345842542725238,0.21612240944053937,-0.0727901317033003,0.16451289909815522,-0.098451129333026,0.2569322504122152,-0.29461057930135415,2.3042263853956446,0.08261863350456461,0.3390038673501941,0.5999095368292878,0.8750089003193371,0.043682753815149154,3.9839488721483107,0.14648938792379163,0.660996132649806,0.5783774991452413,M3A_PULSOS_CONJUNTOS,0.7893922760961152,0.960625524542559,3.6968349477003626,4.271062796596259,FALSE,TRUE,FALSE,-0.016051127851689273,TRUE
2025-03-01,1.57,3.71,4,0.18306591092567343,1.3143607926097145,-0.5345842542725239,0.21612240944053943,-0.07279013170330034,0.1645128990981551,-0.09845112933302624,0.2569322504122154,-0.29461057930135415,2.281812127636316,0.08212751812537149,0.33900386735019405,0.5999095368292877,0.8757518931371987,0.04436041039748378,3.9418480642812583,0.1489191496171454,0.660996132649806,0.5788686145244345,M3A_PULSOS_CONJUNTOS,0.7888070864187143,0.9626966998556831,3.6499718944233215,4.233724234139195,FALSE,TRUE,FALSE,-0.058151935718741665,TRUE
2025-04-01,1.47,3.62,4,0.1830659109256734,1.3143607926097147,-0.534584254272524,0.21612240944053931,-0.0727901317033003,0.16451289909815525,-0.09845112933302634,0.25693225041221557,-0.29461057930135415,2.259821115637768,0.08164856199394784,0.33900386735019405,0.5999095368292877,0.8764764906163149,0.04502248809770847,3.900631037564389,0.1513248668803986,0.660996132649806,0.5793475706558581,M3A_PULSOS_CONJUNTOS,0.7882340354504231,0.9647189457822067,3.60403974851349,4.197222326615289,FALSE,TRUE,FALSE,-0.09936896243561089,TRUE
2025-05-01,1.69,3.55,4,0.18306591092567326,1.3143607926097147,-0.5345842542725239,0.21612240944053931,-0.07279013170330031,0.16451289909815534,-0.09845112933302627,0.2569322504122155,-0.29461057930135415,2.2408158623713725,0.08124484008271216,0.33900386735019405,0.5999095368292877,0.8770872686395044,0.04565027666417443,3.8651330166927504,0.153152701857841,0.660996132649806,0.5797512925670938,M3A_PULSOS_CONJUNTOS,0.7876143704934332,0.9665601667855755,3.5649592369163816,4.165306796469119,FALSE,TRUE,FALSE,-0.13486698330724955,TRUE
2025-06-01,1.79,3.53,4,0.18306591092567334,1.3143607926097145,-0.534584254272524,0.21612240944053934,-0.0727901317033003,0.16451289909815509,-0.09845112933302619,0.2569322504122158,-0.29461057930135415,2.226157945973288,0.0809436837630632,0.33900386735019405,0.5999095368292877,0.8775428784453313,0.04623916504307928,3.8378563011772626,0.15427830479133406,0.660996132649806,0.5800524488867428,M3A_PULSOS_CONJUNTOS,0.7869157802856924,0.9681699766049702,3.535476380190355,4.14023622216417,FALSE,TRUE,FALSE,-0.16214369882273738,TRUE
2025-07-01,1.17,3.54,4,0.18306591092567331,1.3143607926097145,-0.5345842542725239,0.21612240944053934,-0.07279013170330031,0.1645128990981554,-0.09845112933302656,0.2569322504122159,-0.29461057930135426,2.215728548226926,0.08075722020648464,0.3390038673501941,0.5999095368292877,0.8778249732222418,0.04682292636063215,3.8186486647314646,0.1561032001644276,0.660996132649806,0.5802389124433213,M3A_PULSOS_CONJUNTOS,0.7860537239046317,0.969596222539852,3.5126920145377394,4.12460531492519,FALSE,TRUE,FALSE,-0.18135133526853542,TRUE
2025-08-01,1.17,3.49,4,0.18306591092567331,1.3143607926097145,-0.5345842542725238,0.21612240944053931,-0.07279013170330029,0.1645128990981554,-0.09845112933302659,0.256932250412216,-0.2946105793013543,2.207269353930359,0.08062735778835159,0.33900386735019405,0.5999095368292876,0.8780214379392326,0.04742448169349445,3.8032186594760864,0.15925891432874817,0.660996132649806,0.5803687748614543,M3A_PULSOS_CONJUNTOS,0.7850711618345044,0.9709717140439608,3.49107692317479,4.115360395777382,FALSE,TRUE,FALSE,-0.1967813405239136,TRUE
2025-09-01,1.47,3.42,4,0.18306591092567331,1.3143607926097143,-0.5345842542725238,0.21612240944053931,-0.07279013170330031,0.16451289909815536,-0.09845112933302669,0.25693225041221607,-0.29461057930135437,2.200166045987501,0.08052295606272333,0.3390038673501941,0.5999095368292876,0.8781793839853157,0.047974373447928965,3.790297527481758,0.16052801400556901,0.660996132649806,0.5804731765870826,M3A_PULSOS_CONJUNTOS,0.7841513398465003,0.9722074281241311,3.4756684015211015,4.104926653442415,FALSE,TRUE,FALSE,-0.20970247251824192,TRUE
2025-10-01,1.26,3.37,4,0.18306591092567326,1.3143607926097145,-0.5345842542725239,0.21612240944053934,-0.07279013170330033,0.1645128990981553,-0.09845112933302654,0.25693225041221607,-0.29461057930135437,2.1997395396352846,0.08054393062084439,0.33900386735019405,0.5999095368292876,0.8781476522442585,0.048475185217230723,3.7896997064463354,0.16049295991694362,0.660996132649806,0.5804522020289615,M3A_PULSOS_CONJUNTOS,0.7831380350745779,0.9731572694139391,3.4751392852368954,4.104260127655776,FALSE,TRUE,FALSE,-0.21030029355366464,TRUE
2025-11-01,1.73,3.3,4,0.18306591092567323,1.3143607926097145,-0.5345842542725237,0.21612240944053934,-0.07279013170330031,0.16451289909815528,-0.09845112933302655,0.25693225041221607,-0.29461057930135426,2.2117992006629508,0.08085948808863233,0.3390038673501941,0.5999095368292876,0.8776702554000093,0.04895597476390717,3.8125486838294753,0.16135062636862024,0.660996132649806,0.5801366445611736,M3A_PULSOS_CONJUNTOS,0.7817183080346995,0.9736222027653191,3.496307267264001,4.12879010039495,FALSE,TRUE,FALSE,-0.18745131617052468,TRUE
2025-12-01,1.65,3.72,4,0.18306591092567323,1.3143607926097143,-0.5345842542725238,0.21612240944053934,-0.0727901317033003,0.16451289909815545,-0.09845112933302662,0.25693225041221607,-0.2946105793013543,2.2419874094850005,0.08154164738030796,0.33900386735019405,0.5999095368292876,0.8766382383306491,0.04938934179806654,3.8691346196798815,0.1623043961111938,0.660996132649806,0.5794544852694979,M3A_PULSOS_CONJUNTOS,0.7798369071863,0.9734395694749982,3.551023848769419,4.187245390590344,FALSE,TRUE,FALSE,-0.13086538032011852,TRUE
2026-01-01,0.96,3.64,4,0.18306591092567326,1.3143607926097145,-0.5345842542725239,0.21612240944053937,-0.07279013170330031,0.16451289909815547,-0.09845112933302659,0.256932250412216,-0.2946105793013544,2.246835419288522,0.08152022067908207,0.33900386735019417,0.5999095368292875,0.8766706541046114,0.049810593631073964,3.8773577518473905,0.16087144056953553,0.6609961326498058,0.5794759119707238,M3A_PULSOS_CONJUNTOS,0.7790436845391463,0.9742976236700766,3.5620555221900254,4.192659981504756,FALSE,TRUE,FALSE,-0.12264224815260949,TRUE
2026-02-01,1.56,3.62,4,0.18306591092567326,1.3143607926097147,-0.5345842542725238,0.2161224094405394,-0.07279013170330031,0.16451289909815553,-0.09845112933302658,0.25693225041221607,-0.29461057930135437,2.251966538312857,0.08150629117651788,0.3390038673501941,0.5999095368292875,0.8766917276054629,0.05021529533974331,3.8861190950086093,0.1597198222846739,0.660996132649806,0.5794898414732881,M3A_PULSOS_CONJUNTOS,0.778271557266524,0.9751118979444018,3.5730739957135107,4.199164194303708,FALSE,TRUE,FALSE,-0.1138809049913907,TRUE
2026-03-01,2.5,3.61,4,0.18306591092567323,1.3143607926097145,-0.5345842542725239,0.21612240944053934,-0.07279013170330029,0.16451289909815547,-0.09845112933302659,0.256932250412216,-0.29461057930135437,2.2506168652154113,0.08139250884245366,0.33900386735019417,0.5999095368292875,0.876863865275328,0.05053109550993301,3.8830275946712645,0.1540463512720449,0.6609961326498058,0.5796036238073522,M3A_PULSOS_CONJUNTOS,0.7778247379765056,0.9759029925741504,3.5811022942282507,4.184952895114279,FALSE,TRUE,FALSE,-0.11697240532873554,TRUE
2026-04-01,3.24,3.71,4,0.1830659109256733,1.3143607926097143,-0.5345842542725237,0.21612240944053931,-0.0727901317033003,0.16451289909815536,-0.09845112933302659,0.256932250412216,-0.2946105793013544,2.2486614385366397,0.08126356013831171,0.33900386735019417,0.5999095368292875,0.8770589476635184,0.0507784667733428,3.8787909204326385,0.14788669231890603,0.6609961326498058,0.5797325725114941,M3A_PULSOS_CONJUNTOS,0.7775349815976027,0.9765829137294342,3.5889383296948267,4.16864351117045,FALSE,TRUE,FALSE,-0.12120907956736149,TRUE
2026-05-01,2.86,3.74,4,0.18306591092567326,1.3143607926097145,-0.5345842542725238,0.21612240944053934,-0.0727901317033003,0.1645128990981553,-0.09845112933302666,0.25693225041221596,-0.2946105793013544,2.242714461707612,0.08097445563860238,0.33900386735019417,0.5999095368292875,0.8774963246547428,0.05109513211912555,3.8666045608228066,0.14674907283901248,0.6609961326498058,0.5800216770112034,M3A_PULSOS_CONJUNTOS,0.777351705915941,0.9776409433935446,3.578981663293697,4.154227458351916,FALSE,TRUE,FALSE,-0.13339543917719343,TRUE
2026-06-01,2.27,3.71,4,0.18306591092567318,1.3143607926097147,-0.5345842542725239,0.21612240944053931,-0.0727901317033003,0.16451289909815542,-0.09845112933302662,0.256932250412216,-0.29461057930135437,2.2394121358751438,0.08082287385419325,0.3390038673501941,0.5999095368292874,0.8777256479093305,0.05169354892626142,3.8599023686889007,0.15709406302143392,0.660996132649806,0.5801732587956127,M3A_PULSOS_CONJUNTOS,0.776408153780799,0.979043142037862,3.552003662981825,4.167801074395976,FALSE,TRUE,FALSE,-0.1400976313110993,TRUE
