fecha,rho_rolling_36,beta_rolling_36,beta_rolling_36_li_95,beta_rolling_36_ls_95,beta_lp_rolling_36,beta_lp_rolling_36_li_95,beta_lp_rolling_36_ls_95,gamma_tc_rolling_36,beta_tvp_base,beta_tvp_base_li_95,beta_tvp_base_ls_95,rho_rolling_30,beta_rolling_30,beta_lp_rolling_30,gamma_tc_rolling_30,beta_tvp_pulso,beta_tvp_pulso_li_95,beta_tvp_pulso_ls_95,z_beta_rolling_36,z_beta_lp_rolling_36,z_beta_tvp_base,indice_anclaje_rolling_36,indice_anclaje_lp_rolling_36,indice_anclaje_tvp_base,d_beta_rolling_36,d_beta_lp_rolling_36,d_beta_tvp_base,z_beta_rolling_30,d_beta_rolling_30,z_beta_tvp_pulso,indice_anclaje_tvp_pulso,d_beta_tvp_pulso
2013-01-01,0.07033757023025015,0.16380994549327252,0.0857505406455474,0.24186935034099766,0.17620368452863416,0.0944078655676597,0.25799950348960865,-0.03780692362796777,0.11194167804040646,0.05975103653316618,0.16413231954764673,0.1538652087238562,0.15116043983603772,0.17864817921983442,-0.036643585439473304,0.1253575229923591,0.07292566569216233,0.1777893802925559,0.4498191073242774,-0.4769194432319195,1.4232280214504267,0.5169461532106294,0.819977012835959,0,NA,NA,NA,0.15854301181799982,NA,1.607622504747062,0,NA
2013-02-01,-0.08006827657924802,0.18314556446143224,0.09636395766010565,0.26992717126275884,0.16956850639246998,0.0908227509338733,0.24831426185106664,-0.020875091692980942,0.11176061126871624,0.05928096866316626,0.1642402538742662,0.13797508805933809,0.15049933380024924,0.1745881490378656,-0.04045657962823576,0.12475142013515844,0.07194745557137822,0.17755538469893864,0.6955845345846162,-0.5250210982950931,1.418092033065957,0.45504470316531687,0.8332409165137593,0.0017606587405597507,0.019335618968159718,-0.006635178136164183,-1.8106677169021923e-4,0.15074351787123455,-6.611060357884779e-4,1.5917923563165186,0.005104897243361384,-6.061028572006688e-4
2013-03-01,0.21397932637473696,0.1492920047033967,0.07728104132038781,0.2213029680864056,0.18993394157794374,0.1086111892395452,0.2712566939163423,-0.03635152679575279,0.11145754679600972,0.05874165727326196,0.16417343631875747,0.14433017734842077,0.14440297758256918,0.1687601616416578,-0.043698829975237684,0.1239996929600616,0.07088989074857367,0.17710949517154956,0.26528878910484893,-0.3773820871939691,1.4094955600795762,0.5634241888010689,0.792529851171847,0.004707599848764787,-0.03385355975803553,0.020365435185473763,-3.030644727065185e-4,0.07882087484104204,-0.006096356217680066,1.5721588030017941,0.011436314325992347,-7.517271750968474e-4
2013-04-01,0.18047290448181624,0.16267680439244425,0.08474062913526278,0.24061297964962572,0.19850082478308342,0.11897772715736861,0.27802392240879825,-0.032878516379521015,0.11115154216540632,0.05825619069997716,0.16404689363083547,0.12794790375620577,0.1662270696357908,0.19061598538869828,-0.03397803142672274,0.12324534599205124,0.06990113109216808,0.17658956089193437,0.435416314879417,-0.3152765562732348,1.400815689036965,0.5205738145419123,0.7754044159054434,0.007683130491379919,0.013384799689047544,0.00856688320513968,-3.0600463060340144e-4,0.33629375309080406,0.02182409205322161,1.5524568261345564,0.017789796596839214,-7.543469680103554e-4
2013-05-01,0.1735302083368899,0.16777607281554646,0.08183830500733362,0.2537138406237593,0.20300327308748897,0.11863581843375817,0.28737072774121974,-0.0316799627867372,0.1110708278070415,0.05804055496452813,0.16410110064955483,0.11063357624553503,0.19209529679783213,0.2159911726675051,-0.02142978220750101,0.12277385090085952,0.06925093155826209,0.17629677024345694,0.5002305773440722,-0.2826361039999384,1.3985262131538314,0.504248911259525,0.766403897848752,0.008467981511901979,0.00509926842310221,0.0045024483044055486,-8.071435836481955e-5,0.6414778994180403,0.025868227162041346,1.540142353121989,0.021760960835199183,-4.7149509119172317e-4
2013-06-01,0.17847745172419355,0.16858493188445411,0.07523518596487706,0.2619346778040312,0.20521035270215832,0.11676261750496225,0.2936580878993544,-0.027515110058785933,0.11101979352793576,0.05788748925148541,0.1641520978043861,0.0704625355032202,0.2142294743386755,0.2304688971892619,-0.010413066537518379,0.1223389101052291,0.06867882298936563,0.17599899722109258,0.5105115823116835,-0.2666359032301726,1.3970786175389642,0.5016594131250129,0.7619918849656835,0.008964229104637678,8.088590689076525e-4,0.002207079614669344,-5.1034279105743874e-5,0.9026090559964841,0.022134177540843375,1.528782602426987,0.02542424676474231,-4.3494079563041743e-4
2013-07-01,0.1294748456128461,0.1584775538311353,0.07061602325405653,0.24633908440821406,0.18204821886244382,0.10562828745497668,0.258468150269911,-0.03467059106241277,0.11092924697157693,0.05774755329520112,0.16411094064795273,0.06521470909459587,0.20563707118903324,0.21998321239079352,-0.016953123649341862,0.12185470895288689,0.06812345926726562,0.17558595863850815,0.3820417314190801,-0.4345495522115842,1.394510249762969,0.5340173820468712,0.8082936278756175,0.009844686542480052,-0.010107378053318822,-0.023162133839714494,-9.054655635883091e-5,0.8012389387597333,-0.00859240314964227,1.5161362734734845,0.02950242771779099,-4.8420115234221184e-4
2013-08-01,0.11549815496851337,0.1582717573226821,0.07349728294116913,0.24304623170419504,0.17893886622367408,0.1033153748022049,0.25456235764514323,-0.03614251096280629,0.11078278887490092,0.05760559199000894,0.1639599857597929,0.07063938549131771,0.19838339058256735,0.2134622314368735,-0.021179670620120848,0.1212992355831079,0.06756426691181949,0.1750342042543963,0.3794259544474727,-0.4570907719091664,1.3903559420657707,0.5346762232408611,0.8145093093621734,0.011268817130501652,-2.057965084532043e-4,-0.0031093526387697412,-1.4645809667600262e-4,0.7156625940899647,-0.00725368060646589,1.5016284621534264,0.034180898443439856,-5.55473369778986e-4
2013-09-01,0.112481819667843,0.157061824471224,0.06833114511851157,0.24579250382393641,0.1769674446696326,0.0949554697825758,0.2589794195566894,-0.03683675325718672,0.11062854330749965,0.05750413775898828,0.16375294885601102,0.07577753672205517,0.2140924901014369,0.23164605774903363,-0.007173004772420362,0.12074863896131977,0.06706889347776387,0.17442838444487563,0.3640471002879764,-0.4713825720131844,1.3859807414967549,0.5385497272691546,0.8184502352973226,0.012768671598014203,-0.0012099328514580954,-0.0019714215540414803,-1.5424556740127604e-4,0.9009929646717839,0.015709099518869563,1.4872480213673236,0.03881829479189447,-5.505966217881353e-4
2013-10-01,0.10572730942954817,0.17078394279317474,0.08601841159238299,0.2555494739939665,0.19097524121443601,0.11674977711412063,0.2652007053147514,-0.03228573030766904,0.11057200324316135,0.05753040754798935,0.16361359893833338,-0.004125974608840719,0.27614991800749666,0.2750152122248122,0.026907922124446284,0.12032479353891969,0.06673736754975125,0.1739122195280881,0.5384621152851468,-0.3698331962819135,1.38437697338962,0.4946194541695007,0.7904482645445216,0.013318456395853051,0.01372211832195075,0.014007796544803414,-5.6540064338292395e-5,1.633124433911608,0.06205742790605975,1.4761780587883844,0.0423881300149368,-4.238454224000793e-4
2013-11-01,0.0909102102338914,0.19331654477992247,0.1203916096600399,0.26624147989980507,0.21264846108288063,0.15122056924236033,0.27407635292340093,-0.022277778187042997,0.11037499434368352,0.05744282273810006,0.163307165949267,0.039634265179997796,0.23959689993055042,0.24948505683145514,0.002230685172857031,0.1197360649992883,0.0662736329689109,0.1731984970296657,0.8248628022080372,-0.212713413688868,1.3787887839614323,0.4224831166376939,0.7471229016343672,0.01523413334527779,0.022532601986747725,0.021673219868444615,-1.9700889947783795e-4,1.2018849234643614,-0.03655301807694625,1.4608016914656736,0.04734669218528054,-5.887285396313918e-4
2013-12-01,0.029922180608358502,0.22146267175341122,0.13580878348806164,0.3071165600187608,0.22829371760329048,0.16190414075575865,0.2946832944508223,-0.011797704960211009,0.11016712235787827,0.05740085087933347,0.16293339383642308,0.014135218962519755,0.27035023974946937,0.2742264912485917,0.02478547837303892,0.1191351053671951,0.0658682291434578,0.1724019815909324,1.1826142107744821,-0.09929328885184552,1.3728924613253888,0.3323755242359461,0.7158476033315008,0.017255440873484518,0.028146126973488755,0.01564525652040985,-2.0787198580524135e-4,1.564701891962312,0.03075333981891895,1.445105873398196,0.05240827064972309,-6.009596320931954e-4
2014-01-01,0.04676135521260944,0.2150898953643601,0.12756257134741802,0.30261721938130215,0.22564118286699714,0.15883667928289985,0.2924456864510944,-0.014498451752574752,0.11018997225959563,0.05764291345319677,0.16273703106599452,0.03082233714912711,0.2589437108056207,0.26717878540857815,0.010029134254823059,0.11882159193666315,0.06581686359711056,0.17182632027621578,1.1016130225182983,-0.11852281190456491,1.373540602498455,0.35277746223164186,0.7211500932605133,0.01703325278892287,-0.006372776389051121,-0.002652534736293344,2.28499017173589e-5,1.430131719198657,-0.011406528943848693,1.4369175534103784,0.0550488354123958,-3.135134305319448e-4
2014-02-01,0.04046648121353337,0.21400352166640055,0.11768261467995578,0.3103244286528453,0.22302870871780833,0.14756612130318086,0.2984912961324358,-0.01684007344737189,0.11020285417524804,0.0578631116281834,0.1625425967223127,-0.055538051077137926,0.28364470311941387,0.2687204907771585,-0.006871335761098479,0.11848694644842848,0.06573104396674831,0.17124284893010863,1.087804667250071,-0.1374619161466682,1.3739060001279753,0.35625540143314993,0.7263725009735359,0.016907991498975372,-0.0010863736979595529,-0.0026124741491888037,1.2881915652407372e-5,1.7215452438093526,0.02470099231379319,1.4281773079430773,0.057867384789118015,-3.3464548823466944e-4
2014-03-01,0.04976532232204037,0.23325366843583853,0.13898638693680884,0.32752094993486824,0.2454695391730269,0.17452509710475944,0.3164139812412944,-9.027092944385817e-4,0.10980419396622318,0.05763421255117252,0.16197417538127384,-0.10770007373636663,0.32152233304640415,0.29026118230892767,0.001994576681405215,0.11768468085954722,0.06512914284226252,0.17024021887683194,1.3324836999412821,0.025222651431816668,1.3625979385560543,0.29462758385071053,0.6815126633776852,0.020784487307570654,0.01925014676943798,0.02244083045521858,-3.98660209024862e-4,2.168412053883217,0.037877629926990286,1.4072237961722147,0.06462446132236344,-8.022655888812597e-4
2014-04-01,-0.021864104922679702,0.2831200873954306,0.1956846272248653,0.3705555475659959,0.27706236673892476,0.22278462389084147,0.33134010958700805,0.028081033822892818,0.10921742524265313,0.05716685177884596,0.1612679987064603,-0.1061665488220673,0.3093741728414367,0.2796813673048444,-0.0012645268108694393,0.11669489970939798,0.06427554885386673,0.16911425056492924,1.9663109273876052,0.2542545271191314,1.3459541484199942,0.13498419993582733,0.618357731717377,0.026490114420690047,0.04986641895959207,0.031592827565897846,-5.867687235700525e-4,2.0250923791959727,-0.01214816020496745,1.3813727672016831,0.07296088641077891,-9.897811501492493e-4
2014-05-01,-0.011997977438795476,0.28538580615620357,0.18258035365873115,0.388191258653676,0.28200234834309573,0.22123445934765903,0.34277023733853246,0.024985741692344222,0.10897547567411538,0.05701267294262122,0.16093827840560954,-0.09401267356543651,0.3318600684302331,0.30334206947410053,0.00106207480633234,0.11616191850500585,0.06383892553406756,0.1684849114759441,1.9951093506607407,0.2900668725100006,1.3390912096154997,0.12773068108454722,0.6084825725546257,0.02884278586141953,0.0022657187607729723,0.004939981604170973,-2.4194956853774985e-4,2.290372980246975,0.02248589558879638,1.3674524045503915,0.07744991702454485,-5.3298120439213e-4
2014-06-01,0.02431192596316356,0.2931641862172525,0.19658554733524897,0.389742825099256,0.30046917044328275,0.2327346325454211,0.3682037083411444,0.04146702107602999,0.10830513756096376,0.05637307287177035,0.16023720225015717,-0.06281977390852252,0.34273164146942336,0.32247390374477775,-0.03456485262872169,0.11511497317845028,0.06281804390555645,0.16741190245134413,2.0939764674696177,0.4239419077460114,1.320076960172182,0.10282881445305447,0.5715668870153141,0.035361025773875565,0.007778380061048917,0.01846682210018702,-6.703381131516195e-4,2.418631933456881,0.010871573039190285,1.3401083659583557,0.08626780700475023,-0.0010469453265555678
2014-07-01,0.039520104158736025,0.29171181453040945,0.19156919254711596,0.39185443651370294,0.3037146490972674,0.2327990710424042,0.3746302271521307,0.034146953773836565,0.1077303360661771,0.05582472865546472,0.15963594347688947,0.03197059587752671,0.309232207505122,0.31944505630533354,-0.014453045817279193,0.11422328144492828,0.06194612824543221,0.16650043464442432,2.0755160939617627,0.44746997157868995,1.3037726224240562,0.10747846717782039,0.5650790858784941,0.04095028583764038,-0.0014523716868430347,0.003245478653984668,-5.748014947866559e-4,2.0234175226354565,-0.033499433964301384,1.3168192289278264,0.09377807464052457,-8.916917335219932e-4
2014-08-01,0.020952427939278928,0.3252839309688928,0.23387434709764143,0.41669351484014416,0.3322452761761392,0.23486861565685374,0.42962193669542464,0.03825180391409814,0.1073438280606856,0.05548003123857891,0.15920762488279228,-0.030684341110548644,0.3243497185527143,0.3146935541906378,0.08012898940300764,0.11357044112807374,0.06133305443038479,0.1658078278257627,2.5022345535117023,0.6543024566033203,1.2928092600788923,0,0.508045577255896,0.044708615937705365,0.033572116438483346,0.028530627078871773,-3.8650800549150377e-4,2.201768542778885,0.015117511047592291,1.2997683950726928,0.09927661782386843,-6.528403168545444e-4
2014-09-01,0.12183226456105181,0.3149071731029999,0.1994178656064458,0.43039648059955404,0.35859569919816625,0.23528789726180235,0.4819035011345302,0.05005868519874539,0.10671645178720254,0.05493784466558773,0.15849505890881735,0.12110238396170618,0.2762044090502721,0.314262325906955,0.10167995559113129,0.11262230542635655,0.06047970664864936,0.16476490420406378,2.3703407499211484,0.845329574935821,1.2750136301948316,0.03322036701931386,0.45537035653672664,0.05080910311829967,-0.010376757865892872,0.02635042302202706,-6.273762734830546e-4,1.6337672998593875,-0.04814530950244217,1.275005058764065,0.10726228440261232,-9.481357017171871e-4
2014-10-01,0.14568652090502557,0.31072929169132935,0.18836431373113074,0.433094269651528,0.36371811904513496,0.23883650060673875,0.48859973748353114,0.06579946382532878,0.1061008009649196,0.05444920909693434,0.15775239283290488,0.07915445193850609,0.2830754426669573,0.30740816770290075,0.1079017209420402,0.11170588769483628,0.0597103544408535,0.1637014209488191,2.3172377790841114,0.8824645044751936,1.25755059463829,0.04659552288712632,0.44513049830637574,0.056795574248628244,-0.004177881411670581,0.0051224198469687066,-6.156508222829454e-4,1.7148293113980373,0.006871033616685174,1.251070129994137,0.11498080659043386,-9.164177315202776e-4
2014-11-01,0.17463312880932416,0.3148772426537562,0.18762263355287673,0.4421318517546357,0.3814997350202749,0.23283908196679745,0.5301603880737523,0.06850861368976548,0.10558563757056794,0.05410016116717948,0.1570711139739564,0.0856807474926241,0.280793083967182,0.3071061701885325,0.10408758398604226,0.11091608493602606,0.05911750729344567,0.16271466257860645,2.369960318880457,1.0113721450161703,1.2429379012943071,0.03331618697789618,0.40958455866620247,0.061804924802652095,0.004147950962426872,0.01778161597513994,-5.151633943516615e-4,1.687902854975637,-0.0022823586997752776,1.230442121473334,0.12163291502112328,-7.898027588102152e-4
2014-12-01,0.19965934994676973,0.3244238922812115,0.18203925657465272,0.4668085279877703,0.4053572591366366,0.21943184733076584,0.5912826709425074,0.05523504785266542,0.10513514115477345,0.05384701905973679,0.1564232632498101,0.09339521791030299,0.2744323001588014,0.30270334503006163,0.09962644248532454,0.11021057292382772,0.0586491018088278,0.1617720440388276,2.4913030298875305,1.1843270185939885,1.230159497299099,0.002753345623442871,0.36189271145783886,0.06618546599557973,0.009546649627455273,0.023857524116361717,-4.5049641579449073e-4,1.6128605892504755,-0.006360783808380621,1.2120156122761772,0.1275750852046854,-7.055120121983449e-4
2015-01-01,0.2973842361814574,0.2612536083354566,0.13905285071015516,0.383454365960758,0.37182998416603685,0.22177987697114726,0.5218800913609265,0.06912959659728996,0.10497656390455218,0.05384993614938054,0.1561031916597238,0.08862771477667579,0.2792547723218074,0.3064113061693316,0.1095025921815594,0.10988230107507464,0.05851434539245703,0.16125025675769225,1.6883769973849885,0.9412713865147142,1.2256614278434232,0.2049879977675284,0.4289146567113299,0.06772744092035321,-0.06317028394575491,-0.03352727497059976,-1.5857725022126734e-4,1.669754401147004,0.00482247216300602,1.2034418330411958,0.13033995264568798,-3.282718487530728e-4
2015-02-01,0.11456344477305735,0.2703203703553641,0.1367350390133672,0.403905701697361,0.305296148842736,0.22508059381297627,0.38551170387249567,0.09569185704642597,0.10446543377622423,0.05331059736459364,0.15562027018785482,0.12592384908384796,0.22634497899834838,0.25895338611070406,0.10753699364257494,0.10914796808574144,0.05773871647819808,0.16055721969328476,1.8036200959048632,0.45893503757660203,1.2111631387452106,0.17596147851452404,0.5619176243683608,0.07269757276510547,0.009066762019907526,-0.06653383532330087,-5.11130128327944e-4,1.045543472171378,-0.05290979332345902,1.1842625797502968,0.13652486731556757,-7.343329893332029e-4
2015-03-01,0.10255123488420151,0.2704238542178159,0.11729629672744751,0.4235514117081843,0.301325117075539,0.22321237165947347,0.3794378624916045,0.09647534770161446,0.10435419014793312,0.05312665918824513,0.15558172110762108,0.18165724727500382,0.2549929223281957,0.31159672579624587,0.08880642320799145,0.10894726199993976,0.05744139970955197,0.16045312429032757,1.8049354277652963,0.43014708397675494,1.208007695162625,0.17563018313925804,0.5698558261439104,0.07377928458143712,1.0348386245179197e-4,-0.003971031767196986,-1.1124362829111056e-4,1.3835217214879645,0.028647943329847325,1.1790205534318132,0.1382153129750172,-2.0070608580168015e-4
2015-04-01,0.05383269061966436,0.2930166655981497,0.14272449159418016,0.44330883960211925,0.30968800411213987,0.23383414927872256,0.38554185894555715,0.10233323128827353,0.10470511859594056,0.05333334698811286,0.15607689020376825,0.24060455968186448,0.23061221200776535,0.3036786893415562,0.0975450327492362,0.10932297599433508,0.05763304331513831,0.16101290867353185,2.092101406317285,0.49077374678997293,1.2179618375815875,0.10330109001087762,0.5531381848318832,0.07036692330980376,0.02259281138033381,0.008362887036600875,3.5092844800743705e-4,1.095886769955205,-0.02438071032043035,1.1888334230265545,0.13505086438102887,3.7571399439531583e-4
2015-05-01,0.22436932066913154,0.26170445627162026,0.1265957182104577,0.39681319433278284,0.3374085930914839,0.21959306512435398,0.4552241210586139,0.08760732652679812,0.10474653830406004,0.05318475736475829,0.15630831924336175,0.3903346509381458,0.21239919024661513,0.3483865215129128,0.0808076986523339,0.10932811866193072,0.0573979353300398,0.16125830199382166,1.694107501065433,0.6917338690156088,1.2191367143290104,0.20354464387001803,0.49772396466047597,0.06996416597088817,-0.03131220932652945,0.02772058897934404,4.141970811948059e-5,0.8810160150558428,-0.018213021761150222,1.1889677388285687,0.1350075502977497,5.1426675956450785e-6
2015-06-01,0.35706136905658825,0.2276258621081828,0.10071665455358123,0.35453506966278436,0.35403979657308426,0.20753052118651422,0.5005490719596544,0.07767359579339234,0.1043873645371759,0.05262536521447582,0.15614936385987596,0.46174843290610096,0.21667332176345522,0.40255028505222384,0.06452866561152848,0.10886538016500556,0.05668193918469493,0.16104882114531616,1.26095145528274,0.8123016061193288,1.2089486921010597,0.3126445593005134,0.46447773125138025,0.07345670315008013,-0.03407859416343745,0.016631203481600354,-3.591737668841438e-4,0.9314406989774079,0.004274131516840085,1.1768819698805655,0.1389049621797207,-4.62738496925158e-4
2015-07-01,0.4060113697117569,0.21675213218557252,0.09106278804429763,0.3424414763268474,0.364909564145007,0.20426740454058967,0.5255517237494244,0.07884365590311662,0.10421912041527318,0.05224386706980875,0.1561943737607376,0.4419138289396493,0.2817973198670742,0.5049351417034145,0.03708291503579079,0.108663971773078,0.05621051907328285,0.16111742447287314,1.1227408872763829,0.8911018733663756,1.2041764202602272,0.34745594292981874,0.4427487667661242,0.0750926768906548,-0.010873729922610292,0.010869767571922762,-1.6824412190272198e-4,1.699750473055529,0.06512399810361896,1.1716216007839804,0.14060132300779782,-2.0140839192756e-4
2015-08-01,0.5321903538105119,0.17056876283719818,0.03360927121744409,0.3075282544569523,0.36461147012797734,0.1363057150788989,0.5929172251770558,0.07804280057501926,0.10405435928607557,0.05186235385212435,0.1562463647200268,0.5167692981078413,0.2691107276274073,0.5568990682373158,0.035190741801868826,0.10847033319481438,0.05574263668508191,0.16119802970454683,0.535727069983234,0.8889408438824186,1.1995029440731177,0.4953083357262572,0.44334466490897273,0.07669478267471652,-0.04618336934837433,-2.9809401702968197e-4,-1.6476112919761032e-4,1.550078568668288,-0.012686592239666894,1.1665641630910613,0.14223224263248313,-1.936385782636274e-4
2015-09-01,0.5209490014204206,0.22259185731259146,0.07609939345891681,0.3690843211662661,0.4646516925600662,0.25680067787089944,0.672502707249233,0.05878356890415867,0.10356764953621855,0.0511168603219332,0.15601843875050392,0.4995451347901765,0.27314186258146883,0.5457872059390407,0.037503845281644944,0.1078989089536984,0.05484339875283083,0.160954419154566,1.1969667262985584,1.6141813985622966,1.185697342976134,0.32876052625741814,0.24336150740899443,0.08142745541860075,0.05202309447539327,0.10004022243208888,-4.8670974985701165e-4,1.5976364655422721,0.004031134954061544,1.1516397481238478,0.14704505946481994,-5.714242411159753e-4
2015-10-01,0.6202541736639846,0.18006263876025513,0.0026600145668237984,0.35746526295368647,0.47416620874439314,0.21904571155287172,0.7292867059359145,0.05813739539047531,0.10328517418418363,0.05054198176523394,0.15602836660313332,0.5455415364655377,0.26212629253257375,0.5767882294323171,0.022910478423361073,0.10760789806639148,0.05418070972258182,0.16103508641020114,0.6563990007049225,1.683156784934674,1.177684883741303,0.46491444519938774,0.22434172774069172,0.08417419184577846,-0.04252921855233632,0.009514516184326915,-2.8247535203491936e-4,1.4676786868115774,-0.011015570048895085,1.144039147852387,0.14949609670833752,-2.910108873069167e-4
2015-11-01,0.654004654173622,0.1753831252967154,-0.00983453846036067,0.36060078905379145,0.5068944637906297,0.25071979189770716,0.7630691356835524,0.04927170162701691,0.10297496354716,0.049943047918863157,0.15600687917545686,0.5639417281731275,0.25713507973214333,0.5896805458015328,0.0195273122722301,0.10728525283180534,0.05348996549963927,0.1610805401639714,0.5969200345734955,1.9204199303615044,1.168885708643521,0.4798955362819476,0.1589170453030444,0.08719062089232221,-0.004679513463539731,0.03272825504623661,-3.102106370236335e-4,1.4087941328722913,-0.004991212800430411,1.1356123240992446,0.152213574029315,-3.226452345861386e-4
2015-12-01,0.5991238797014076,0.21285448897720252,0.03772138788016552,0.38798759007423955,0.5309732313779577,0.3303661364150582,0.7315803263408572,0.045361266098655574,0.10271756476764622,0.04943773315115363,0.1559973963841388,0.53573315845173,0.252340414354946,0.5435245246320484,0.01771952162586588,0.10703269648463926,0.05291921988223058,0.16114617308704793,1.0731998847364173,2.094978706186859,1.1615845504607196,0.3599339384237654,0.1107829263081489,0.08969351751288879,0.03747136368048712,0.024078767587327965,-2.573987795137789e-4,1.3522283755477271,-0.00479466537719736,1.1290160765890775,0.15434072816680944,-2.5255634716608855e-4
2016-01-01,0.5208948997480652,0.28094322606727334,0.130511983908999,0.4313744682255477,0.5863916412485296,0.45566358015006925,0.71711970234699,0.022991824818059295,0.10243824643956442,0.04895822630809603,0.1559182665710328,0.5593236355572538,0.2625720709860681,0.5958387882184277,0.01673042010556172,0.10675322404833164,0.05238058417244324,0.16112586392422007,1.9386419267064237,2.496733893619534,1.1536616407230236,0.14195324876650584,0,0.09240955564150322,0.06808873709007082,0.055418409870571894,-2.7931832808179846e-4,1.4729378225045089,0.010231656631122132,1.1217168367052266,0.15669458288429328,-2.7947243630761787e-4
2016-02-01,0.6017902075878346,0.22853882941589962,0.11682196745578152,0.34025569137601774,0.5739156438909254,0.4293759405918114,0.7184553471900395,0.026817632730956994,0.10197737906312028,0.04821965606731098,0.15573510205892954,0.613742822639227,0.22526784823562396,0.5832068928138483,0.016019114637649382,0.10627758492197978,0.05154772246718661,0.16100744737677294,1.2725557282478428,2.406289280204607,1.1405890627447306,0.30972176689936504,0.024939862026284176,0.09689094207701943,-0.052404396651373725,-0.012475997357604185,-4.6086737644414344e-4,1.0328358664183555,-0.03730422275044415,1.109294130096815,0.16070065023095248,-4.7563912635185945e-4
2016-03-01,0.6664615430902792,0.1836321997793518,0.05732667866872371,0.3099377208899799,0.5505578021818807,0.37463188764235833,0.726483716721403,0.025098885106744313,0.10126354020890832,0.04723605482507262,0.15529102559274402,0.6694969835035837,0.17629665419594368,0.5334191986046677,0.011655966095481045,0.10549683017338936,0.05041883146998768,0.16057482887679106,0.7017699138592811,2.236956849054807,1.1203409077166602,0.4534867788044734,0.07163283035240342,0.103832174895649,-0.04490662963654782,-0.023357841709044758,-7.138388542119595e-4,0.4550911313807847,-0.04897119403968028,1.0889024368203288,0.16727655185634438,-7.807547485904204e-4
2016-04-01,0.6770772738607668,0.17258676933537728,0.06613989248105338,0.27903364618970117,0.534452224526817,0.3554148612702524,0.7134895877833816,0.017982496297806076,0.10057753582262312,0.04631756882997916,0.1548375028152671,0.6836804308395766,0.17374856943098527,0.5492817592416094,0.011712251693894529,0.10475585219323624,0.04937514300298959,0.1601365613834829,0.5613769459999173,2.1201996309275946,1.1008822818916855,0.48884784803026704,0.1038283232703362,0.1105027506589471,-0.011045430443974519,-0.016105577655063708,-6.860043862852022e-4,0.42502973332315674,-0.002548084764958408,1.0695496301634473,0.173517433916768,-7.409779801531152e-4
2016-05-01,0.6906507362351445,0.1631887475189531,0.062349291892791744,0.26402820314511444,0.5275226633252864,0.34093957618229126,0.7141057504682815,0.015725550839348634,0.09986979228101156,0.04542183188683916,0.154317752675184,0.6900872669336588,0.16468463214036183,0.5313903385347797,0.007993416522520886,0.10398741069267808,0.04835830706993224,0.1596165143154239,0.4419233691106069,2.069963848886049,1.0808070213954117,0.518934869239783,0.117680706796494,0.11738471382082993,-0.009398021816424185,-0.006929561201530543,-7.07743541611558e-4,0.3180966239502209,-0.009063937290623436,1.049479533364683,0.1799896272933207,-7.684415005581591e-4
2016-06-01,0.6540743078425046,0.1718185386561907,0.08488376727386103,0.25875331003852037,0.49669204268864775,0.31646576750220834,0.6769183178750872,0.009499708211035478,0.0991623042048984,0.04456869404364375,0.15375591436615307,0.6624359431325648,0.1481575155012326,0.4389019283513812,-0.0026991465612171903,0.10322122554133234,0.04739516400130834,0.15904728708135635,0.5516123482688751,1.8464575844250788,1.0607390072194882,0.4913072775985293,0.17931196583117315,0.12426419288494883,0.008629791137237608,-0.03083062063663866,-7.074880761131636e-4,0.12311557823849416,-0.01652711663912923,1.0294683677234262,0.18644281658378847,-7.66185151345744e-4
2016-07-01,0.685802965807444,0.17020606902711652,0.09061880695619237,0.24979333109804067,0.5417176182599024,0.36983321834304,0.7136020181767648,0.008883768410191912,0.09837926580226104,0.04367621444524616,0.15308231715927592,0.6673310481737232,0.14601566900937124,0.4389218416921041,-0.0024295236885399107,0.102361401179067,0.04638217108258188,0.1583406312755521,0.5311170495155063,2.1728700274226393,1.0385279957622355,0.4964694711832335,0.08930460127232387,0.13187830890926366,-0.001612469629074187,0.04502557557125464,-7.830384026373538e-4,0.09784683488441295,-0.00214184649186136,1.0070115402771382,0.19368468149921836,-8.598243622653379e-4
2016-08-01,0.690432715850849,0.16063899217608438,0.08736015632594588,0.23391782802622288,0.5189146282611948,0.33773612377582113,0.7000931327465685,0.009950042525587021,0.09757499519677378,0.04279951157067156,0.152350478822876,0.6876282132742428,0.14121827810592083,0.45208397207108086,-4.245175479769764e-4,0.10147912652359813,0.04539122408040261,0.15756702896679362,0.4095146982384014,2.007559987990762,1.0157147294230082,0.5270977086732795,0.13488840576133942,0.13969888282300824,-0.009567076851032141,-0.022802989998707557,-8.042706054872673e-4,0.04124892277020581,-0.00479739090345041,0.9839683577765899,0.2011156338583483,-8.82274655468876e-4
2016-09-01,0.6925018931468354,0.14823179307054962,0.07967849491197722,0.21678509122912204,0.48205757943522154,0.2951475846096321,0.668967574260811,0.012668009905719032,0.09678095183318322,0.04195634140784873,0.1516055622585177,0.6814750804284794,0.13464715985240353,0.42272096021099614,0.0012454126380064443,0.1006109902944348,0.04444181972114393,0.15678016086772567,0.25181296682255633,1.7403651948908396,0.9931915604610982,0.5668183722268085,0.20856666057882123,0.14742000898789653,-0.012407199105534755,-0.03685704882597329,-7.940433635905547e-4,-0.03627479395197043,-0.006571118253517305,0.961294441621402,0.2084275054168926,-8.681362291633327e-4
2016-10-01,0.7052934248931636,0.14285550786614012,0.07823164812480725,0.207479367607473,0.4847381087929662,0.2864410136745471,0.6830352039113853,0.015241108088873793,0.0959988408863048,0.04116695680454357,0.15083072496806602,0.5995338707139991,0.15857367472195377,0.3959727505661414,-0.004803261226518406,0.0997579438185859,0.04355792876062336,0.15595795887654842,0.1834776819521339,1.7597976646613473,0.9710068564370677,0.5840301227561366,0.20320820863118527,0.15502510660936908,-0.005376285204409498,0.0026805293577446543,-7.821109468784254e-4,0.24600172114545585,0.023926514869550247,0.9390146384982019,0.21561228362950946,-8.530464758488981e-4
2016-11-01,0.6952185150682392,0.15124294637138747,0.09251348059165593,0.209972412151119,0.4962340360184611,0.307316725517066,0.6851513465198562,0.010390807629934736,0.09524046230363466,0.04043419414058658,0.15004673046668274,0.6435918645405307,0.15151444546530785,0.4251150026920137,-0.0033598300900344806,0.09893410070953032,0.04274248391742306,0.15512571750163756,0.29008623745048007,1.843137269821033,0.9494953247779717,0.5571784038380266,0.18022753376808132,0.16239943524939116,0.008387438505247341,0.011495927225494917,-7.583785826701384e-4,0.1627194443615632,-0.007059229256645927,0.9174975666928262,0.2225510966814791,-8.238431090555748e-4
2016-12-01,0.6642638486009997,0.14516698520436097,0.09268520689078384,0.1976487635179381,0.43238413438485984,0.29141683792195283,0.5733514308477669,-0.004196913505210383,0.09443120191517432,0.03968850654764062,0.14917389728270802,0.5974286245123811,0.17034748113983508,0.42314851852916735,-0.010295979612540532,0.0980475819602599,0.04190982324165011,0.1541853406788697,0.2128577197241807,1.3802580703226186,0.926540522434366,0.5766301114496266,0.30786524412421956,0.1702685288607203,-0.006075961167026495,-0.06384990163360127,-8.092603884603394e-4,0.38490490295823276,0.018833035674527238,0.89434353727243,0.23001779489214347,-8.865187492704263e-4
2017-01-01,0.6529117170303339,0.14393223286959658,0.08638055788858032,0.20148390785061285,0.4146847932696581,0.2746128191130711,0.5547567674262451,-0.0033090475111940175,0.09371537916519444,0.03906889755358136,0.1483618607768075,0.4401651837692161,0.22082122691953496,0.39443996785741986,-0.03096575741910952,0.09727453755747814,0.04122865251558135,0.15332042259937492,0.1971633974677387,1.2519468805252247,0.9062360938806513,0.5805830730845561,0.34324671405537666,0.17722905270327194,-0.0012347523347643885,-0.017699341115201717,-7.158227499798747e-4,0.9803762091758826,0.050473745779699875,0.8741532222226788,0.23652875618175506,-7.730444027817529e-4
2017-02-01,0.6724754221816155,0.1410429972934489,0.08347085180788173,0.1986151427790161,0.4306333229491516,0.27514419358988207,0.5861224523084211,-0.0023787020420725775,0.09276939612297548,0.03821234257506956,0.14732644967088138,0.5255997536724626,0.19464006114359206,0.4102865937578115,-0.02188187580043823,0.0962199756804015,0.04025337220183113,0.15218657915897188,0.1604397623466187,1.3675655809827945,0.8794031312592473,0.5898327315506522,0.31136516436217865,0.18642761131320673,-0.002889235576147675,0.01594852967949345,-9.459830422189619e-4,0.6715001243505758,-0.0261811657759429,0.8466102551421116,0.24541079650756104,-0.001054561877076643
2017-03-01,0.6593429976349866,0.14223247829514313,0.07782155868485945,0.2066433979054268,0.4175240118585358,0.2677657837403603,0.5672822399767113,0.0013757688588855455,0.09182674402013843,0.03739422831120174,0.14625925972907514,0.5222170485527108,0.19272883489451956,0.4033815654382597,-0.017486872675424946,0.09517780898408051,0.03933103624190353,0.1510245817262575,0.17555866322488,1.2725297662305508,0.8526646512743602,0.5860247024967351,0.3375710379679725,0.19559378050413156,0.0011894810016942203,-0.01310931109061575,-9.426521028370466e-4,0.648952156621373,-0.0019112262490725007,0.8193910244519185,0.25418843850671535,-0.0010421666963209841
2017-04-01,0.5604294393852411,0.17970141245383614,0.11574876949146451,0.24365405541620777,0.40881130028934554,0.2864804031137339,0.5311421974649572,-0.018173239928857478,0.09079841335672914,0.03652690878517412,0.14506991792828416,0.48208214007257477,0.20941499297393815,0.40434016506648957,-0.029516816600602815,0.09402988670539826,0.03834565716588271,0.14971411624491382,0.6518076329457145,1.2093670540974906,0.8234958850045329,0.4660708825598193,0.35498798814694743,0.20559307167067875,0.03746893415869301,-0.00871271156919029,-0.0010283306634092937,0.8458095166967136,0.01668615807941859,0.7894096774868252,0.2638568061879092,-0.0011479222786822535
2017-05-01,0.6023038076346393,0.16016704904496754,0.07935068842047609,0.24098340966945897,0.4027371951749118,0.26982260089798,0.5356517894518436,7.049555990160839e-4,0.08980363079988916,0.03574005128596787,0.14386721031381045,0.5059927793496862,0.1954537898713693,0.3956496619909176,-0.011225119101292359,0.09292496385742846,0.03745941210998498,0.14839051560487193,0.403516064036284,1.165332892084644,0.7952787162257998,0.528608597163747,0.3671302914149738,0.21526614744989048,-0.019534363408868605,-0.006074105114433737,-9.947825568399765e-4,0.6811002065507604,-0.013961203102568848,0.7605513863900887,0.27316301145277,-0.0011049228479697998
2017-06-01,0.5503495848678985,0.17900514123953531,0.10158562056168344,0.2564246619173872,0.39809846764390494,0.27958718102901187,0.5166097542587981,-0.006495836920784598,0.08864189817215344,0.03481925268752457,0.14246454365678232,0.5026084360978789,0.19765918336399893,0.39739150743396034,-0.00966832628910304,0.09160978374245583,0.03640134552330868,0.146818221961603,0.6429576761507704,1.1317044849718951,0.7623259815732026,0.46829993961048866,0.37640323539570686,0.22656261386458876,0.01883809219456778,-0.004638727531006859,-0.0011617326277357232,0.707118654825076,0.0022053934926296315,0.7262016119490439,0.2842401071365883,-0.0013151801149726278
2017-07-01,0.4342121270274113,0.2217421413587588,0.12748181310760753,0.3160024696099101,0.3919174516656736,0.2926609993560287,0.4911739039753185,-0.022129941571008806,0.08749172203467863,0.03395333990292796,0.1410301041664293,0.5049514574680923,0.1959104269572086,0.39573983180564853,-0.016860726868660823,0.09030596526251132,0.03540675877043346,0.1452051717545892,1.186166409805588,1.086895273761067,0.7297010486436452,0.33148082446744653,0.3887592564223856,0.23774670717295654,0.04273700011922349,-0.006181015978231341,-0.001150176137474812,0.6864874485271922,-0.0017487564067903416,0.6921485798294911,0.2952215095257026,-0.001303818479944513
2017-08-01,0.5071793435045756,0.19156674650106323,0.11079333797050477,0.2723401550316217,0.38871492900347177,0.28194219010900456,0.49548766789793897,-0.012536993798518237,0.08611637307415859,0.03281257075467363,0.13942017539364354,0.49538931130339225,0.20865620227361487,0.41349937079725113,-0.007117524395417288,0.08873319962615042,0.034077986034005,0.14338841321829585,0.8026219873506799,1.0636786189451823,0.6906890520200536,0.4280849569990779,0.3951611873495897,0.25112033804987033,-0.030175394857695576,-0.0032025226622018343,-0.001375348960520037,0.8368575738106154,0.012745775316406277,0.6510712062875808,0.30846811753311887,-0.0015727656363608983
2017-09-01,0.5018791039651992,0.1987966953441274,0.11857740509014159,0.2790159855981132,0.3990932661661289,0.29717364179975386,0.501012890532504,-0.015963211510105844,0.08471140326251811,0.03167692283121055,0.13774588369382568,0.3809240830890581,0.26522794466482746,0.4284255572212515,-0.01602274261937413,0.08712861662301902,0.03275844795440823,0.1414987852916298,0.8945182679617149,1.1389162665384762,0.6508368551439664,0.4049388493996222,0.37441460577539876,0.26478199643145117,0.00722994884306416,0.010378337162657125,-0.001404969811640483,1.5042708758416357,0.0565717423912126,0.6091628291748039,0.32198270709843113,-0.0016045830031314046
2017-10-01,0.4837148504903587,0.2035779153120407,0.12113618915385665,0.28601964147022474,0.3943129402528729,0.29513579306484505,0.4934900874409007,-0.015933633239923507,0.08335105367753454,0.03063588689107667,0.13606622046399242,0.3449948808950255,0.2806014794791544,0.42839585721494766,-0.017790191394561214,0.08557924892851418,0.03155414911362216,0.1396043487434062,0.9552899748398276,1.1042613434225883,0.6122503182433845,0.38963215301266885,0.38397060881868317,0.2780097762425141,0.004781219967913308,-0.0047803259132560005,-0.0013603495849835723,1.6856423733529546,0.015373534814326961,0.5686965613027486,0.3350322460977372,-0.0015493676945048385
2017-11-01,0.5102107627447809,0.19810380478451037,0.12140732903110975,0.274800280537911,0.40446745194868905,0.29953522889072315,0.509399675006655,-0.014718111933308608,0.08191316903209558,0.02955769037725469,0.13426864768693647,0.4273186634679147,0.24756453067420686,0.4322902020403745,-0.012779983752226014,0.08393004497105384,0.03029779334217764,0.13756229659993005,0.8857112809855364,1.1778763706160384,0.5714644867611923,0.4071570835525412,0.36367146051182786,0.2919914921878344,-0.005474110527530329,0.01015451169581616,-0.0014378846454389527,1.29588419799994,-0.033036948804947563,0.5256227774908483,0.34892265535114975,-0.001649203957460335
2017-12-01,0.5071682500527822,0.19927886006696596,0.12010945997828015,0.27844826015565177,0.4043547520798096,0.30294562163538813,0.5057638825242311,-0.012875289245816827,0.08047554138149875,0.02852662583223064,0.13242445693076685,0.4221985558757686,0.2523045920320587,0.43666313851893285,-0.013513933362843542,0.08227885051437347,0.02909599836713589,0.13546170266161106,0.9006468237278075,1.1770593540857726,0.530685944979433,0.4033952372942351,0.3638967506509382,0.3059707091643443,0.0011750552824555949,-1.1269986887946226e-4,-0.0014376276505968372,1.3518057565193207,0.004740061357851821,0.48249700597136735,0.3628298295708722,-0.0016511944566803688
2018-01-01,0.5380195045517431,0.18243795897887682,0.09807439501495561,0.266801522942798,0.39490402901503097,0.28299830379286595,0.506809754237196,-0.01403177108814964,0.07931076947312717,0.02770029670181179,0.13092124224444254,0.4508407548360595,0.23186703918930918,0.42222186229440595,-0.012808726166328908,0.08097485205431776,0.02815296327279343,0.1337967408358421,0.6865905135481879,1.108546435271755,0.4976470006380166,0.45731004597654634,0.38278900611783584,0.31729672896405403,-0.01684090108808914,-0.009450723064778621,-0.0011647719083715813,1.1106907748755577,-0.020437552842749507,0.4484392731449279,0.37381274784126395,-0.0013039984600557164
2018-02-01,0.49894531558055155,0.2077322312350886,0.13863006025666835,0.27683440221350886,0.4145899393711476,0.33210128367310376,0.4970785950691914,-0.010165181675707145,0.07811916429765223,0.02689708984030169,0.12934123875500275,0.4365387042483208,0.21580798815382382,0.38300410299864096,-0.01625153932313549,0.07963687659020316,0.02723628447443221,0.1320374687059741,1.0080934164820927,1.25125923817201,0.4638469263174564,0.3763324401870043,0.3434363296086428,0.32888367033331667,0.02529427225621178,0.01968591035611661,-0.0011916051754749385,0.9212318007297869,-0.016059051035485356,0.4134941315048071,0.385081837200106,-0.0013379754641145991
2018-03-01,0.4722961748970198,0.2314789476203139,0.16752558568397286,0.29543230955665495,0.4386531546841475,0.3693700908984472,0.5079362184698478,-0.007498244028546045,0.0768588344614938,0.02604429949151417,0.12767336943147345,0.49722444020736684,0.19449557260105713,0.38684372939940775,-0.00984126004039577,0.07821050313235434,0.02625192053245945,0.13016908573224922,1.3099261071270327,1.4257052679459663,0.4280974658356358,0.30030921173588343,0.295333300038089,0.3411388771904702,0.023746716385225297,0.02406321531299993,-0.0012603298361584248,0.6697954999002271,-0.021312415552766695,0.37624021777237515,0.39709545806737334,-0.001426373457848823
2018-04-01,0.47738548972349276,0.2298169786042016,0.15491885601347055,0.30471510119493267,0.43974473361370897,0.3697880208007318,0.5097014464266861,-0.006860892402785689,0.07562881690826413,0.02526311596577466,0.1259945178507536,0.49944684071541856,0.16801486244555336,0.335658379792647,-0.011123540952384346,0.07682719912006755,0.02535917391238439,0.1282952243277507,1.2888016463062597,1.4336186580715173,0.3932078181818431,0.3056298736809261,0.29315120372035697,0.35309933319197717,-0.0016619690161122913,0.0010915789295614653,-0.0012300175532296703,0.35738549699113503,-0.026480710155503767,0.3401111885508283,0.4087463268187074,-0.0013833040122867846
2018-05-01,0.5298903048053005,0.20511926419165027,0.13409897134289767,0.2761395570404029,0.4363221313840349,0.35168163451981005,0.5209626282482598,-4.5536184466970044e-4,0.07429358111004651,0.02441014398768601,0.124177018232407,0.5084916223029939,0.14090926713588842,0.2866874167966939,-0.006846870304804382,0.07531340361839993,0.02437486311333649,0.12625194412346336,0.9748812931512965,1.4088065387144018,0.3553336379213887,0.3846976468646801,0.2999930797589806,0.36608291133221293,-0.024697714412551336,-0.0034226022296740544,-0.001335235798217621,0.03760332121798674,-0.027105595309664943,0.30057399251191663,0.4214962592627932,-0.0015137955016676224
2018-06-01,0.5373471945283482,0.20579760325937185,0.13598165933622186,0.27561354718252185,0.4448208263852876,0.3522821425255457,0.5373595102450295,3.87002089147719e-4,0.07294731746723573,0.02360200899027619,0.12229262594419528,0.5236098399024156,0.14502194308513083,0.3044184268109659,-0.005696579254104097,0.07378937552225442,0.0234477731127491,0.12413097793175974,0.9835033233578546,1.470417739958458,0.3171466510581134,0.38252599815855404,0.2830039545885169,0.379173722129171,6.783390677215784e-4,0.008498695001252665,-0.0013462636428107772,0.08612320976032384,0.004112675949242417,0.2607695423469271,0.43433237566513305,-0.001524028096145505
2018-07-01,0.5471103599446204,0.19818167107796061,0.1293542278204306,0.2670091143354906,0.4375937392909382,0.33776168522730565,0.5374257933545707,9.838901783781199e-4,0.0715837920575554,0.02282331386918626,0.12034427024592452,0.5105431203705766,0.13543829664289295,0.27671139640622827,-0.005306844931829031,0.07224450629591812,0.02255589497244017,0.12193311761939608,0.8867010006790457,1.4180250470435278,0.2784700313742499,0.4069078007919448,0.2974511005615924,0.39243238305364103,-0.007615932181411239,-0.007227087094349383,-0.0013635254096803356,-0.026941243395097608,-0.009583646442237886,0.22042076512513356,0.4473440263465074,-0.0015448692263363012
2018-08-01,0.612805106336876,0.1446571626002262,0.07455329207859268,0.21476103312185973,0.3736029709267914,0.2681327952130515,0.4790731466405313,0.0036180186986552736,0.070280843804767,0.02196177216184535,0.11859991544768864,0.5167773960299727,0.09973816158133718,0.20640210280296328,-0.0026431221240337892,0.07078507249239066,0.02156484290277885,0.12000530208200248,0.20637761839727273,0.9541246356434093,0.24151169258343438,0.5782622680676168,0.4253704073883934,0.40510200326255386,-0.053524508477734406,-0.0639907683641468,-0.0013029482527883995,-0.4481187432786329,-0.03570013506155577,0.1823033837930353,0.4596360977531748,-0.0014594338035274629
2018-09-01,0.6198612644844558,0.1413982422016445,0.06892010706982787,0.2138763773334611,0.3719648354432499,0.23134796560344348,0.5125817052830562,0.005294100612525531,0.0689713089280005,0.02110935264835018,0.11683326520765085,0.4019859519702212,0.11368765637360044,0.19010867177477947,0.0015829500576438307,0.06932269497660498,0.02058772927681998,0.11805766067638998,0.1649551035306023,0.9422489894498901,0.204366523133804,0.5886954431620709,0.4286450852974091,0.41783567054630855,-0.0032589203985817217,-0.0016381354835415252,-0.0013095348767664938,-0.28354756361464756,0.013949494792263262,0.1441091188075591,0.47195296255656316,-0.0014623775157856789
2018-10-01,0.6067390130034958,0.10974624365064486,0.03973771628251169,0.17975477101877804,0.2790672028995859,0.16227093254221964,0.3958634732569522,-0.0020159090249150884,0.06771199052232152,0.02035384140199586,0.11507013964264716,0.3676853697951426,0.10565352786369825,0.16709012067215429,-0.0026616645164808687,0.06792124028106866,0.0197288146316281,0.11611366593050924,-0.2373576934033774,0.2687885660671875,0.1686457520417903,0.6900268052645941,0.6143500090641081,0.43008104244645995,-0.03165199855099962,-0.09289763254366395,-0.0012593184056789858,-0.3783313551523868,-0.008034128509902191,0.10750603141825678,0.48375670531564174,-0.0014014546955363194
2018-11-01,0.5677746368070183,0.10339164716783508,0.0435229938475722,0.16326030048809798,0.23920772812601554,0.14982901751893946,0.3285864387330916,1.2995672204156743e-4,0.06646409977637435,0.01967459543004418,0.11325360412270452,0.27904645112153337,0.11442015739305289,0.158706698331741,7.09471203047711e-4,0.06653355633133083,0.01896365554936087,0.1141034571133008,-0.31812780592144757,-0.02017228279194454,0.1332491283739363,0.7103705417328459,0.6940301959701348,0.4422152939637649,-0.006354596482809782,-0.03985947477357038,-0.0012478907459471666,-0.27490577703588054,0.008766629529354641,0.07126260732273297,0.4954444640607356,-0.0013876839497378307
2018-12-01,0.5737015193529477,0.10039583535490343,0.04693935190204524,0.15385231880776162,0.23550596568516674,0.12456118500922612,0.34645074636110734,8.56637884687732e-4,0.06558557254351723,0.01935373926266845,0.111817405824366,0.2862953283099024,0.11122123749136956,0.1558364991894906,0.001412262525776783,0.06560434028352173,0.01864079844313356,0.11256788212390988,-0.35620607853372555,-0.04700817120389582,0.108329560739991,0.7199613955652844,0.7014301209526917,0.45075792515396496,-0.0029958118129316536,-0.0037017624408487992,-8.785272328571264e-4,-0.3126454966250522,-0.0031989199016833336,0.046993413099167596,0.5032707799815288,-9.292160478091005e-4
2019-01-01,0.5262248823843052,0.11162627231157293,0.05360643737491143,0.16964610724823442,0.23561024663629376,0.1074544064676935,0.36376608680489403,-0.0014300985044058583,0.06497031474334802,0.01906676260690941,0.11087386687978663,0.2625405781247327,0.1336373136328804,0.18121310768944734,5.21742143321287e-4,0.06498660674165772,0.01833922209611926,0.11163399138719618,-0.21346158498939138,-0.046252187530536365,0.09087767331953327,0.6840080426674499,0.7012216604618363,0.4567405746122477,0.011230436956669504,1.0428095112702263e-4,-6.152578001692027e-4,-0.04818860058805818,0.022416076141510838,0.030859495329176062,0.5084736365883397,-6.177335418640073e-4
2019-02-01,0.5046411956737548,0.1142253664307956,0.055557379970089076,0.17289335289150212,0.23059117034602322,0.09656300901665077,0.3646193316753957,-9.106113086678961e-4,0.06428128668159434,0.01878295398182562,0.10977961938136306,0.30729741630507246,0.12876499920111847,0.1858878575481505,-0.00100359150569224,0.06427845928864062,0.01804246951412907,0.11051444906315216,-0.18042579349223464,-0.08263792902773692,0.07133328044884643,0.6756872490559774,0.7112549320785897,0.4634405520188871,0.0025990941192226696,-0.005019076290270541,-6.890280617536798e-4,-0.1056704338494062,-0.0048723144317619205,0.012364153888704139,0.5144380037544947,-7.081474530171022e-4
2019-03-01,0.4110214576199062,0.11822182796087334,0.06386898153676673,0.17257467438497995,0.20072348897997647,0.10640231115160044,0.2950446668083525,-0.002061716383512579,0.06356687980076445,0.01853437002740875,0.10859938957412014,0.31639344522476687,0.12798107339237594,0.18721452054311497,-0.0022871092460365833,0.06353133189538168,0.01778213852138122,0.10928052526938214,-0.12962876045768557,-0.2991633752363166,0.051069013253509855,0.6628928945452945,0.7709612490136608,0.47038730821997066,0.003996461530077738,-0.029867681366046755,-7.144068808298959e-4,-0.11491891180757255,-7.83925808742536e-4,-0.007149262673030078,0.5207306792054942,-7.471273932589395e-4
2019-04-01,0.37645519492003654,0.11754174373512855,0.06266882967114576,0.17241465779911133,0.18850569001221168,0.10073540361481678,0.27627597640960655,-0.003479753241019091,0.06286571036570247,0.01838062308935393,0.10735079764205102,0.3156124734788965,0.12563991201194746,0.18358007290197637,-0.004074690781447274,0.06280007948370335,0.0176388832658418,0.10796127570156488,-0.13827297249912165,-0.38773618210271527,0.031180228357158616,0.6650701302363717,0.7953849653536781,0.47720534602409814,-6.800842257447953e-4,-0.012217798967764787,-7.01169435061974e-4,-0.14253910134838435,-0.0023411613804284748,-0.02624805767050733,0.5268896477307692,-7.31252411678332e-4
2019-05-01,0.32929079666420313,0.11442922680966093,0.06088124113539921,0.16797721248392267,0.17060929869538538,0.08986150083960152,0.2513570965511692,-0.004641847732266407,0.06220223876161357,0.01833462147929826,0.10606985604392888,0.3356938566773792,0.1171125353120361,0.1762930186469167,-0.0043943661315272034,0.0621171113722799,0.01763095256964274,0.10660327017491708,-0.1778346256999961,-0.51747588529254,0.012360748558534789,0.6750346062272513,0.8311603440602144,0.4836568173125513,-0.003112516925467615,-0.0178963913168263,-6.634716040889027e-4,-0.24314205965207394,-0.008527376699911368,-0.04408576697795854,0.5326419420614903,-6.829681114234529e-4
2019-06-01,0.3413689288725848,0.11008979429058756,0.056608347742547485,0.16357124083862762,0.16714940900395234,0.0848687484806304,0.24943006952727426,-0.005425169410553873,0.06152380182750035,0.01835653358701127,0.10469107006798942,0.3158363747693951,0.10953532737904319,0.16010106842807245,-0.005372026762917726,0.06141477322179224,0.01770710557738987,0.1051224408661946,-0.23299099224164496,-0.5425583197168483,-0.0068832252566176965,0.6889269551480053,0.8380767587609526,0.4902538086147912,-0.004339432519073372,-0.0034598896914330435,-6.784369341132218e-4,-0.332535264686536,-0.007577207932992908,-0.062429381495802454,0.5385573804161141,-7.023381504876539e-4
2019-07-01,0.3299780020945856,0.11950396577767189,0.06827663586681697,0.1707312956885268,0.17835827204369192,0.09935061261585484,0.257365931471529,-0.003899469981767224,0.06086914349751837,0.01848242930103495,0.10325585769400181,0.34821890949366313,0.11781361918052095,0.18075642404568276,-0.003836025500160216,0.06074316885826717,0.01791458615912374,0.1035717515574106,-0.11333214492802386,-0.46129978339372213,-0.02545271510391165,0.6587882320491802,0.8156699331044662,0.49661958130739237,0.00941417148708433,0.011208863039739586,-6.546583299819816e-4,-0.23487092144971158,0.008278291801477766,-0.07997029329797625,0.5442139636564957,-6.716043635250704e-4
2019-08-01,0.33616840964789135,0.12087013174990532,0.06960931668814113,0.17213094681166952,0.18207951159087438,0.10363801375177131,0.26052100942997747,-0.0035707055712653414,0.06022439258820658,0.01871625862117638,0.10173252655523678,0.361825440742488,0.120949825049751,0.18952467361041594,-0.0028793080268275113,0.06008390374903417,0.01825793099965796,0.10190987649841038,-0.0959674893445961,-0.43432269590146527,-0.043741179354917614,0.6544145600802056,0.8082310728503868,0.5028890161317224,0.0013661659722334352,0.0037212395471824533,-6.447509093117851e-4,-0.19787107971676493,0.003136205869230052,-0.09718892939290823,0.5497666196104893,-6.592651092330037e-4
2019-09-01,0.33706199701519374,0.12216233432982593,0.07571849456982989,0.16860617408982198,0.18427414596810457,0.10836198599849012,0.260186305937719,-0.0037345384797738573,0.05977869104259161,0.01910704155110402,0.1004503405340792,0.3587006157141004,0.113913772898544,0.17762963085546915,-0.005012169680265335,0.0596522737635885,0.01877903399601618,0.10052551353116082,-0.07954294562121898,-0.41841271675140473,-0.05638357607879066,0.6502776760434907,0.8038439383394211,0.5072229329218807,0.0012922025799206038,0.0021946343772301924,-4.457015456149696e-4,-0.280879921251562,-0.007036052151207006,-0.10846220859874453,0.5534020202634915,-4.316299854456723e-4
2019-10-01,0.3248936596786737,0.1103668507172777,0.0741246957244831,0.1466090057100723,0.16348069056016723,0.1043122425464993,0.22264913857383517,-0.005056020001828632,0.05907373406724811,0.01888925312772382,0.0992582150067724,0.4041032537538145,0.10578805613458539,0.17752749415228505,-0.0027378341003629876,0.05891186943681165,0.01855997800874984,0.09926376086487346,-0.22946946592315207,-0.5691546560148928,-0.076379795170328807,0.6880399809795169,0.8454106278840905,0.514077800045047,-0.01179548361254823,-0.02079345540793734,-7.049569753435e-4,-0.37674423844545546,-0.00812571676395861,-0.12780003262027617,0.5596380707322068,-7.404043267768487e-4
2019-11-01,0.3133155512055814,0.10033567401464628,0.06605646453770819,0.13461488349158438,0.146116129746059,0.09059828943024545,0.20163397006187256,-0.005323767555270326,0.05814372291894541,0.01829955623651107,0.09798788960137976,0.3585426807271523,0.09029309325045652,0.1407624335050261,-0.011835828336308937,0.0579160237657949,0.01790680404589856,0.09792524348569125,-0.3569707593808812,-0.6950388594926016,-0.10275971242694203,0.7201539973229379,0.8801228627810401,0.5231210510059612,-0.010031176702631414,-0.017364560814108226,-9.300111483027049e-4,-0.5595483011492218,-0.015494962884128868,-0.15380945428662207,0.5680255742068914,-9.958456710167513e-4
2019-12-01,0.32543696784828696,0.10471975773340379,0.07246892856704465,0.13697058689976294,0.1552408785274965,0.10423719006476304,0.20624456699022994,-0.00403951987071353,0.05730881435136036,0.01783845831069552,0.0967791703920252,0.3174079837361062,0.09745780801542593,0.14277607369165038,-0.014222946543089102,0.0570466795753202,0.01742654801673519,0.0966668111339052,-0.30124685366781356,-0.6288890878639293,-0.12644202953671752,0.7061187011290058,0.8618822388765432,0.5312395426174525,0.004384083718757509,0.009124748781437486,-8.349085675850507e-4,-0.4750215438446526,0.00716471476496941,-0.17651491988367465,0.5753476198114664,-8.693441904746996e-4
2020-01-01,0.41265157939445435,0.104637370998834,0.07045730789014867,0.13881743410751932,0.17815212798385452,0.1182151533306839,0.23808910263702515,-0.0030316502085299636,0.05635683606500209,0.01736052731666754,0.09535314481333663,0.43983464365893093,0.09810447459990479,0.17513484811112043,-0.008934883297677795,0.05603208086393287,0.01693120208827733,0.0951329596395884,-0.30229403043807745,-0.4627942226169249,-0.15344504823176833,0.7063824557231961,0.8160820207526532,0.5404963978375115,-8.2386734569797615e-05,0.02291124945635803,-9.519782863582696e-4,-0.4673924014103337,6.466665844788583e-4,-0.20301413203535387,0.5838930706427011,-0.0010145987113873295
2020-02-01,0.4554841517046986,0.1178689725929747,0.07515376101528612,0.16058418417066328,0.2164656418394127,0.11672879970349917,0.31620248397532624,-7.497065081955454e-4,0.05561627553149485,0.01697484768221865,0.09425770338077104,0.49741639712381586,0.11610566949129925,0.23101762339011864,-0.0067329176559375,0.0552956083779717,0.01657188063581981,0.0940193361201236,-0.13411372938448932,-0.18504080139474852,-0.1744511680326846,0.6640225330102004,0.7394922522627343,0.5476974671671393,0.013231601594140704,0.03831351385555817,-7.405605335072396e-4,-0.2550207046029945,0.018001194891394456,-0.22224926453682745,0.5900960052085581,-7.36472485961169e-4
2020-03-01,0.40529399151392487,0.10969040923932287,0.07859619920380233,0.14078461927484343,0.18444476375572258,0.1358102291129335,0.23307929839851166,-0.004001308614222752,0.05437710827796747,0.01576463031426275,0.0929895862416722,0.44116057143607024,0.10426915986461356,0.18658160919775804,-0.005748380671768363,0.0539394633592048,0.01519528785853285,0.09268363885987674,-0.2380673768108223,-0.4171758248700983,-0.20960034842134492,0.690205554702559,0.8035028686869954,0.5597468931085877,-0.00817856335365183,-0.03202087808369011,-0.001239167253527379,-0.39466363657843506,-0.011836509626685685,-0.2576689572265691,0.6015181275194077,-0.0013561450187669008
2020-04-01,0.434223263446987,0.107882697449952,0.07744458699260065,0.13832080790730336,0.1906806881230675,0.1496589208191392,0.23170245542699577,-0.0014576165303919128,0.05365961312357487,0.01495271306009653,0.0923665131870532,0.4755270477403438,0.10369007902610862,0.1977033869513517,-0.0073006313366503995,0.05325703096726014,0.01434427101357563,0.09216979092094464,-0.26104430147042973,-0.37196855586202443,-0.22995221499782725,0.6959928005730082,0.7910370842795361,0.5667236790925556,-0.0018077117893708639,0.006235924367344908,-7.174951543926014e-4,-0.4014954264126034,-5.790808385049417e-4,-0.27549267465332605,0.6072659097564174,-6.824323919446609e-4
2020-05-01,0.45860857505844693,0.10669079845920602,0.07931206999788615,0.1340695269205259,0.19706776565721196,0.16071435997019395,0.23342117134422996,-0.0071563738402577745,0.05328776954026215,0.01438423131679298,0.09219130776373131,0.47223400466672866,0.10219588839952466,0.19363863777352772,-0.004321020372174401,0.05298690462196122,0.01378322660270939,0.09219058264121303,-0.27619393620383137,-0.32566550353933676,-0.2404996186263687,0.6998085706270321,0.7782691405322851,0.5703394151493109,-0.001191898990745982,0.00638707753414447,-3.718435833127143e-4,-0.41912335614925406,-0.0014941906265839577,-0.2825478140414354,0.6095410470851614,-2.7012634529891694e-4
2020-06-01,0.47715381480483754,0.11252313213582256,0.08334465205455342,0.1417016122170917,0.21521268648794123,0.16855201621502344,0.261873356760859,-0.00750550197569395,0.05307875185433028,0.0139251215054764,0.09223238220318417,0.5219287510989177,0.1051044341182174,0.21985098321602803,-0.0038007444942212646,0.05292043445046598,0.01336191741331779,0.09247895148761416,-0.2020620462281908,-0.19412408821677796,-0.24642843923256738,0.6811368170966596,0.7419969444885423,0.5723718632469506,0.005832333676616536,0.018144920830729272,-2.0901768593187264e-4,-0.3848093679252951,0.0029085457186927427,-0.2842838769364911,0.6101008916580761,-6.647017149524065e-5
2020-07-01,0.5048732259936967,0.10861894559847314,0.07854526366063273,0.13869262753631356,0.21937602913206697,0.17693152739784956,0.2618205308662844,-0.005667449232724561,0.05258258114328819,0.01318422417021838,0.091980938116358,0.5273869090371897,0.10002512051691018,0.21164272092662176,-0.0015667885360146933,0.05250061124305362,0.01259510322163589,0.09240611926447134,-0.25168621776548633,-0.16394197890971557,-0.2605024020300381,0.6936357605391885,0.733674307978095,0.5771965325722567,-0.003904186537349419,0.004163342644125739,-4.961707110420904e-4,-0.4447333037881245,-0.005079313601307228,-0.295248787609605,0.613636849802403,-4.1982320741235785e-4
2020-08-01,0.5244255309120474,0.11071641770906256,0.07674745926046742,0.1446853761576577,0.23280563803475893,0.18035952566006647,0.2852517504094514,-0.007090292761178604,0.05216848164639369,0.01261689606998939,0.091720067222798,0.5788568463163254,0.10129724695781799,0.2405292501416359,-0.005226490308825069,0.05218924477705099,0.01205121070884152,0.09232727884526046,-0.2250262939081476,-0.06658416849167276,-0.2722484015097416,0.6869208699898406,0.7068281502321612,0.5812231570702959,0.0020974721105894156,0.013429608902691959,-4.140994968944989e-4,-0.4297252083567359,0.0012721264409078087,-0.30338103334076727,0.6162593317707494,-3.1136646600263274e-4
2020-09-01,0.5949607828189978,0.09237473830748408,0.05671188009487585,0.1280375965200923,0.22806368961108286,0.1733589718413836,0.2827684073807821,-7.565574084397606e-4,0.05174533634051893,0.01211777581896162,0.09137289686207624,0.5979642848032855,0.08346775026416245,0.20761277446040333,0.0036990270890450544,0.05187067810751761,0.01159660085057224,0.09214475536446298,-0.4581582501296721,-0.10096087439498841,-0.2842509868302214,0.7456403013715612,0.7163074356177224,0.585337741288928,-0.01834167940157848,-0.004741948423676062,-4.231453058747628e-4,-0.6400712708763198,-0.017829496693655536,-0.31170133344136164,0.6189424574049672,-3.185666695333794e-4
2020-10-01,0.6428877520910474,0.08647841545214303,0.05401254706409388,0.11894428384019219,0.24216031782307032,0.17870726800907374,0.3056133676370669,-0.0026655204831010316,0.05134306522453282,0.01163193484895581,0.09105419560010984,0.63538376625836,0.08039744938471552,0.2204988202518805,0.002255841661192805,0.05157815696018282,0.01115772789233997,0.09199858602802569,-0.5331034747016948,0.001232485585971886,-0.295661472364514,0.7645169111807412,0.6881278879177937,0.5892493488678572,-0.0058963228553410435,0.014096628211987455,-4.022711159861053e-4,-0.6762935889730436,-0.00307030087944693,-0.3193413785696251,0.6214062148034245,-2.925211473347872e-4
2020-11-01,0.6419586267234431,0.08131936624611134,0.05032070188648181,0.11231803060574089,0.22712281963933523,0.16818059789175516,0.2860650413869153,8.792271574843093e-4,0.0507364261255506,0.01090660767989116,0.09056624457121004,0.6132661530962976,0.07466056723503728,0.19305413227414753,0.006712229440425515,0.05103768898219845,0.01042513523502779,0.09165024272936911,-0.5986775809387586,-0.10778170149435944,-0.312868888926115,0.7810331978966908,0.7181882605816485,0.5951481917202371,-0.005159049206031691,-0.015037498183735093,-6.066390989822243e-4,-0.7439752847638792,-0.005736882149678241,-0.3334572802054684,0.6259583027174798,-5.404679779843699e-4
2020-12-01,0.6615981221083234,0.07430817734159258,0.04121121009181328,0.10740514459137188,0.21958559392326665,0.15147247897627153,0.2876987088702618,0.001053776704744015,0.0499553325904748,0.01001901226234432,0.08989165291860526,0.598254940941573,0.06639811683131304,0.1652742587225113,0.010855044017764512,0.05029156308491929,0.00949946181945996,0.09108366435037862,-0.6877933128715956,-0.16242274112998947,-0.335024733899135,0.8034789629092305,0.7332553821937846,0.6027433962234621,-0.007011188904518767,-0.007537225716068574,-7.810935350757997e-4,-0.8414527368225895,-0.008262450403724239,-0.35294453977120077,0.6322425430753171,-7.46125897279161e-4
2021-01-01,0.6607454115813441,0.06168445453051788,0.025895011116191934,0.09747389794484382,0.18182349373089807,0.10127333049008416,0.262373656971712,0.006137660079060859,0.04917658194187265,0.009236973435008,0.08911619044873731,0.5830671198834163,0.05879970018956655,0.14102917518312505,0.014585611639818672,0.04955010118224423,0.00870485639018729,0.09039534597430116,-0.8482471693211231,-0.4361786947213721,-0.35711412251684216,0.8438928099271306,0.8087428595974544,0.6103158189456376,-0.012623722811074697,-0.037762100192368586,-7.787506486021459e-4,-0.9310961546619383,-0.007598416641746486,-0.3723099854797882,0.6384875009699311,-7.414619026750585e-4
2021-02-01,0.6539200310217104,0.06860226862688398,0.03635174097648076,0.10085279627728722,0.19822663770288176,0.10117819916514986,0.29527507624061367,0.0035929781499118257,0.04862220683281319,0.00875371378260649,0.08849069988301989,0.5532264417727649,0.06833870646500835,0.15296049913108412,0.01289419642594854,0.04908527452849408,0.0082766246357254,0.08989392442126276,-0.7603182780919004,-0.3172642726666734,-0.3728390625165448,0.821745976954567,0.7759525234237133,0.6157064567319248,0.006917814096366104,0.016403143971983697,-5.543751090594656e-4,-0.8185583503220786,0.009539006275441797,-0.38445029274928777,0.6424025003387337,-4.6482665375015275e-4
2021-03-01,0.59386634400674565,0.06006959844898873,0.03167993394417558,0.08845926295380188,0.14790598504347163,0.0719279681290566,0.22388400195788666,0.012385885693148803,0.04773982805482101,0.00787756484309355,0.08760209126654847,0.5247901236729601,0.0630481798257558,0.13267438865762543,0.01607276143763596,0.04820273261635584,0.00734439331211386,0.08906107192059781,-0.8687728010836494,-0.6820633220824021,-0.39786787985374183,0.849062643550029,0.8765448927891439,0.6242865396121473,-0.008532670177895253,-0.05032065265941013,-8.823787779921807e-4,-0.8809741025074856,-0.0052905266392525435,-0.40750045543924596,0.6498357036653659,-8.825419121382405e-4
2021-04-01,0.5971519756144156,0.05934771736893166,0.033739869783846146,0.08495556495401717,0.14732036345330868,0.0710422614055782,0.22359846550103915,0.01240238742014332,0.04693949564562767,0.00710038034216135,0.086778610949094,0.5204641612251415,0.06342353677258583,0.1322602642893665,0.017584598812524294,0.04743986665732461,0.0065470536838718,0.08833267963077741,-0.8779482721334013,-0.6863087797249079,-0.4205694386155238,0.8513736885540393,0.87771556646273,0.6320688192565336,-7.218810800570727e-4,-5.856215901629547e-4,-8.003324091933398e-4,-0.8765457747110447,3.753569468300244e-4,-0.42742493066750736,0.6562609370808611,-7.628659590312309e-4
2021-05-01,0.5704232218474343,0.06026104215537525,0.03587594815688025,0.08464613615387025,0.14028002727366545,0.07836903097342138,0.20219102357390953,0.014335154902998162,0.0461482365493176,0.00642217530386476,0.08587429779477043,0.5413496016866837,0.06373351078801091,0.13895880396570123,0.011971699247064144,0.04668624492454541,0.00586630162398492,0.08750618822510589,-0.8663394554341585,-0.737347623821075,-0.44301363138385413,0.8484497517131093,0.891789392218387,0.6397628717376218,9.133247864435909e-4,-0.007040336179643225,-7.912590963100666e-4,-0.8728888114917042,3.099740154250824e-4,-0.447107965896012,0.6626083110628452,-7.536217327792014e-4
2021-06-01,0.526602460917961,0.057469959994858585,0.03303063409093364,0.08190928589878353,0.12139894116538519,0.06668185613553064,0.17611602619523975,0.01928135292775493,0.04536592095900885,0.00584290967698123,0.08488893224103647,0.5014281289143788,0.06197807737522247,0.12431121964475769,0.015355263320820736,0.04594499194224988,0.00530465772597376,0.08658532615852599,-0.9018155113508404,-0.8742258616860824,-0.4652041401520202,0.8573851798065204,0.9295332029093927,0.6473699592727651,-0.0027910821605166627,-0.018881086108280265,-7.82315590308752e-4,-0.8935987907322712,-0.001755433412788443,-0.4664679550379806,0.668851509326966,-7.412529822955274e-4
2021-07-01,0.5158935993494843,0.057450377403635795,0.03268555398738995,0.08221520081988165,0.11867303825447695,0.06538487671300719,0.1719611997959467,0.020639218879591713,0.04442870381030762,0.00520101157007704,0.0836563960505382,0.5240868734194085,0.05037228837134783,0.1058434524243318,0.028453428366157243,0.04501266130714911,0.00466069825922457,0.08536462435507364,-0.9020644159194844,-0.8939872665595333,-0.49178845678020133,0.8574478719186442,0.9349823578383701,0.6564832800066569,-1.9582591222790102e-5,-0.00272590291090824,-9.37217148701229e-4,-1.030519762835023,-0.011605789003874642,-0.49081849581608095,0.6767040578383015,-9.323306351007726e-4
2021-08-01,0.49872639186300666,0.06028074587220614,0.03455842553657655,0.08600306620783572,0.1202551758035743,0.06812433332480444,0.17238601828234415,0.02057605754508754,0.04337755806110258,0.00455263729106515,0.08220247883114001,0.521137356341243,0.05036898810531469,0.10518462605575099,0.029107158231149073,0.0439445830682255,0.0040086837476476,0.0838804823888034,-0.8660890112982075,-0.882517576810831,-0.5216043766638243,0.8483866718269613,0.9318196213412322,0.6667044207143868,0.002830368468570342,0.0015821375490973483,-0.0010511457492050416,-1.0305586982002364,-3.300266033137711e-6,-0.5187144822096845,0.6856999396309693,-0.0010680782389236101
2021-09-01,0.4938133429222651,0.06109741006783321,0.035014707908888484,0.08718011222677793,0.12070134448141034,0.06848540715840021,0.17291728180442048,0.019550735946614124,0.04232521068525893,0.0039991808775802,0.08065124049293765,0.5126233132839241,0.05038453013064854,0.10337903207914484,0.03101111564241195,0.04288030379172847,0.0034735132161697,0.08228709436728723,-0.8557087992503276,-0.8792830816095207,-0.5514543808821972,0.845772186198513,0.930927717876785,0.6769372458102814,8.166641956270718e-4,4.4616867783604797e-4,-0.00105234737584365,-1.0303753389114845,1.5542025333846465e-5,-0.5465112475909131,0.6946638246881183,-0.001064279276497028
2021-10-01,0.4670825356807339,0.06185903473221804,0.03347983749740073,0.09023823196703536,0.1160762010515738,0.06633716070478757,0.16581524139836004,0.026135654539781634,0.04133464051974779,0.00361628210138456,0.07905299893811102,0.4533557224631494,0.04791692376903004,0.08765649936909813,0.05511724409990609,0.04189284494487511,0.00314442984469853,0.08064126004505169,-0.846028167284897,-0.9128130109217603,-0.5795520644967899,0.8433339052625197,0.9401735068654778,0.6865693610999315,7.616246643848343e-4,-0.00462514342983654,-9.905701655111357e-4,-1.0594872813814828,-0.0024676063616184962,-0.5723016228201897,0.7029806901926239,-9.874588468533618e-4
2021-11-01,0.4516974774031662,0.06158562645170244,0.034588287383903196,0.08858296551950168,0.11232052364089937,0.06365230119243678,0.16098874608936195,0.021481322299583813,0.03985681389654606,0.00278709675928486,0.076926531033807255,0.4222623975242711,0.04910105133171744,0.08498849844861915,0.053187503835305745,0.04030185241807661,0.00225494568615289,0.07834875915000034,-0.8495033238334453,-0.9400397553481354,-0.621470856664852,0.844209200180473,0.9476812093563222,0.7009394652161283,-2.7340828051560656e-4,-0.003755677410674438,-0.0014778266232017348,-1.045517365426377,0.0011841275626873968,-0.6138550449034105,0.7163808140623142,-0.0015909925267985
2021-12-01,0.44636203224032445,0.06268949908571968,0.03249625553722009,0.09288274263421926,0.1132319362766899,0.06467290471718,0.16179096783619978,0.020741243471498777,0.03864149169780168,0.00226536009744174,0.07501762329816161,0.4152044264147076,0.048459407710139506,0.08286555148330259,0.06031438285049931,0.03906052223655233,0.00176268173111403,0.07635836274199062,-0.8354725483001154,-0.9334324789001879,-0.655943668202125,0.8406752395235357,0.9458592704175669,0.7127570263944791,0.0011038726340172403,9.114126357905317e-4,-0.00121532219874438,-1.0530872487303597,-6.416436215779323e-4,-0.6462760123867181,0.7268359091777405,-0.0012413301815242805
2022-01-01,0.4694682072277147,0.05126516510879571,0.028676122611195638,0.07385420760639579,0.09662976999155964,0.054975830666614885,0.1382837093165044,0.03055039365559807,0.03747049153680842,0.00186199849470001,0.07307898457891682,0.4643134479089771,0.04910492925439622,0.09166728017105868,0.024742780589938583,0.03786523912545594,0.00140227922889875,0.074328199022013125,-0.9806815703452344,-1.0537897111493366,-0.6891592779406315,0.8772493383479931,0.9790474576718873,0.7241436085343377,-0.011424333976923967,-0.016602166285130254,-0.0011710001609932588,-1.0454716150734504,6.455215442567122e-4,-0.6774943259788497,0.7369031731518025,-0.0011952831110963874
2022-02-01,0.45017794708491854,0.05189867949047324,0.028056971392994665,0.07574038758795182,0.09439177496667063,0.05127525103439416,0.1375082988989471,0.0358725977733207,0.03647604264239323,0.0016898373006628,0.07126224798412364,0.4113970270385992,0.052291519256152635,0.08884005290197844,0.025466070278841645,0.03689563861554918,0.00132861316104238,0.07246266407005597,-0.9726292844088525,-1.070014032864766,-0.7173669823304982,0.8752211923178621,0.9835212713107001,0.7338134398437932,6.335143816775315e-4,-0.002237995024889014,-9.944488944151897e-4,-1.007877359259586,0.0031865900017564175,-0.7028182785189262,0.7450696269333363,-9.696005099067567e-4
2022-03-01,0.4591481673077432,0.050829524701596546,0.027365665843945338,0.07429338355924775,0.0939804982236575,0.04880968914072312,0.1391513073065919,0.04220337681151182,0.0352592297585196,0.00137630149137582,0.06914215802566338,0.42434130803300546,0.05317652061590571,0.09237508502512908,0.026515739592154187,0.0356491162714001,0.00107322636537836,0.07022500617742183,-0.9862187786954546,-1.0729955793465549,-0.7518820773935516,0.8786440065480836,0.984343424837297,0.7456454961599197,-0.0010691547888766958,-4.1127674301312533e-4,-0.0012168128838736317,-0.9974364278891126,8.850013597530779e-4,-0.7353748545116637,0.7555684530035924,-0.0012465223441490841
2022-04-01,0.4497753913698053,0.04803523552759856,0.026323894842638126,0.06974657621255899,0.08730113988755268,0.04111500967984596,0.1334872700952594,0.05290699938596151,0.03414375077664863,0.00133490582843759,0.06695259572485968,0.3824854180822973,0.06163832829807686,0.09981679802063607,0.019422567193518793,0.03452464837135183,0.00114961931346534,0.06789967742923832,-1.0217355973640176,-1.1214175183108621,-0.7835228198695435,0.8875897016407118,0.9976956459505077,0.7564922009473777,-0.002794289173997988,-0.006679358336104821,-0.0011154789818709696,-0.8976070295429422,0.008461807682171148,-0.7647436217954188,0.7650392763382929,-0.001124467900048269
2022-05-01,0.4489851858705712,0.04746904591078842,0.026714335926970718,0.06822375589460612,0.0861484023542756,0.039301772753297166,0.13299503195525403,0.054696552696927594,0.03295498466969521,0.0013819023258217,0.06452806701356872,0.32270126618029865,0.07327593133169975,0.10818849596610347,0.011972348723906373,0.03330373424602718,0.00132978270977949,0.06527768578227489,-1.0289321517290395,-1.1297742770995753,-0.8172423635504223,0.8894023127776431,1,0.7680515357560285,-5.661896168101394e-4,-0.00115273753327709,-0.0011887661069534192,-0.7603107268290462,0.011637603033622893,-0.7966313642721671,0.7753224173575198,-0.00122091412532465
2022-06-01,0.4370138049355011,0.049107161946044794,0.03048890209603621,0.06772542179605338,0.08722622752840112,0.041291302475639294,0.13316115258116296,0.05996169661970683,0.03165654923313216,0.00141508764431343,0.0618980108219509,0.32357688990281747,0.07132695033990916,0.10544724045525519,0.01536788540401441,0.03195943784656453,0.00150790798087384,0.06241096771225522,-1.008110874273699,-1.1219605946813724,-0.8540726955761188,0.8841580142583235,0.9978453978178536,0.7806772742010067,0.0016381160352563762,0.001077825174125524,-0.0012984354365630502,-0.7833041115887263,-0.001948980991790597,-0.8317415956220471,0.7866447447518707,-0.0013442963994626522
2022-07-01,0.46466624986889676,0.05943602906169391,0.03515998280647742,0.0837120753169104,0.1110261197750712,0.058907391612388796,0.16314484793775358,0.03207522194322669,0.03009503902714692,9.680226304905824e-4,0.05922205542380326,0.28769700835208273,0.0819687457145697,0.11507567239740846,0.011484159604328819,0.03030392557217322,0.00111372233382098,0.05949412881052547,-0.8768257861690504,-0.9494235227449968,-0.8983651861601565,0.8510909656762797,0.9502687583028894,0.7958611015094479,0.010328867115649114,0.023799892246670076,-0.0015615102059852379,-0.6577559935649852,0.010641795374660548,-0.8749801395768468,0.8005882857622593,-0.0016555122743913062
2022-08-01,0.443114283038416,0.06011276611662202,0.037258053558075634,0.0829674786751684,0.10794452844760036,0.07271035746584256,0.14317869942935815,0.02574019913025224,0.02699722080181367,-0.00132172705446008,0.05531616865808743,0.30837324543730915,0.0770699874552154,0.11143291803965281,0.010736388351232787,0.0267788172352413,-0.00151192052522857,0.05506955499571119,-0.8682241183496134,-0.9717634871043203,-0.9862353032113995,0.8489244456870088,0.9564289441642364,0.8259836948720215,6.767370549281143e-4,-0.0030815913274708367,-0.0030978182253332508,-0.7155498017018767,-0.004898758259354305,-0.9670486516196848,0.8302784870506457,-0.0035251083369319224
2022-09-01,0.43048052195261216,0.06175127182344736,0.03705033459954972,0.086452209047345,0.10842697081259309,0.0818278682286701,0.13502607339651607,0.02125165530299908,0.02373740508062706,-0.00409610202429438,0.05157091218554852,0.28941794183448444,0.08321592839292444,0.11710952653063045,0.027770699797132453,0.02311589585068548,-0.00464933051157466,0.05088112221294563,-0.847397887972942,-0.9682660261842796,-1.0787005055411247,0.8436788996650775,0.9554645286010014,0.8576815209753156,0.0016385057068253397,4.824423649927301e-4,-0.0032598157211866097,-0.6430421757751708,0.006145940937709038,-1.0627165543824868,0.8611294178069047,-0.0036629213845558173
2022-10-01,0.37226585072936724,0.06882668223833605,0.04694450402015603,0.09070886045651606,0.10964304286823665,0.08885489381826166,0.13043119191821165,0.017718045450825032,0.02063427489264051,-0.00690375481476691,0.04817230460004795,0.26943989024997433,0.086799638013065,0.11881245205512943,0.028246669388055687,0.01963491105504679,-0.00780970535193809,0.04707952746203167,-0.7574658683918348,-0.9594501244327184,-1.166721297275698,0.8210275345824007,0.95303356709849,0.8878557668492127,0.007075410414888683,0.0012160720556435578,-0.003103130187986549,-0.6007628439038251,0.0035837096201405683,-1.1536326511221215,0.8904479888651426,-0.00348098479563869
2022-11-01,0.3047689531922817,0.07953617858097962,0.0630885708858331,0.09598378627612615,0.11440251258367225,0.09622270079296297,0.13258232437438153,0.014086466828786257,0.01766678732231253,-0.009910154912906,0.04524372955753109,0.26599911680739335,0.08994369912002029,0.12253895217237562,0.02369031451841732,0.01629804530844485,-0.01120611169685861,0.04380220231374832,-0.6213427916634905,-0.9249463981065622,-1.2508945641318503,0.786741931729124,0.9435192561685591,0.9167110497894715,0.010709496342643579,0.004759469715435602,-0.0029674875703279806,-0.5636703288692118,0.0031440611069552815,-1.2407846574754193,0.9185527182009682,-0.0033368657466019414
2022-12-01,0.2813617838593342,0.0810307568476453,0.06281754276934236,0.09924397092594824,0.11275598072533397,0.09783237678484856,0.12767958466581938,0.014513464010858497,0.01431915892971275,-0.0134557010021959,0.04209401886162142,0.26067225433726743,0.08559959841168298,0.11578031382408298,0.02910025917779506,0.01246568144844557,-0.01526351528435838,0.04019487818124953,-0.6023459513303224,-0.9368829137320642,-1.3458505871471012,0.781957157987711,0.946810718661841,0.9492627495550189,0.001494578266665672,-0.001646531858338282,-0.003347628392599781,-0.6149204844337511,-0.004344100708337309,-1.340878045953793,0.9508307770684434,-0.00383236385999928
2023-01-01,0.263177091395975,0.08126795490600244,0.06254931143278479,0.0999865983792201,0.11029509799033209,0.09598648686493721,0.12460370911572696,0.011848532039298322,0.011459003655255,-0.01653406541131052,0.03945207272182053,0.2598909070139743,0.08444660137147549,0.1141002078906629,0.02071092507336266,0.00922229136035636,-0.01872914013798171,0.03717372285869444,-0.5993310448898582,-0.9547230575896655,-1.4269793559999915,0.7811977872230917,0.9517300909664851,0.9770743537291283,2.3719805835714647e-4,-0.0024608827350018764,-0.0028601552744577496,-0.6285231335534361,-0.001152997040207493,-1.4255886621514107,0.9781482082983551,-0.00324339008808921
2023-02-01,0.31552232599326396,0.07268313063440549,0.04935779002777451,0.09600847124103645,0.10618773028627695,0.08855266437557996,0.12382279619697395,-0.0019045117023142697,0.00954387911643515,-0.01886631928123151,0.03795407751410181,0.2875553779724642,0.07693656605810927,0.10798953866639713,0.008718792724462653,0.00707378285828061,-0.02131764529427452,0.03546521101083574,-0.7084484726038757,-0.9844993771493837,-1.4813021745623056,0.8086814210116522,0.9599408320314401,0.9956966593407982,-0.008584824271596958,-0.004107367704055134,-0.0019151245388198505,-0.7171238599055008,-0.00751003531336622,-1.4817032441700912,0.9962440067247826,-0.0021485085020757503
2023-03-01,0.3624023847220113,0.06675919133119528,0.03828222164133874,0.09523616102105181,0.10470426760001081,0.08239162742425256,0.12701690777576907,-0.0035291116238160432,0.00910132203101314,-0.02026474765605441,0.03846739171808069,0.3405501139645544,0.06674227787257085,0.10120902177088774,0.0017975037487724444,0.00662783494841891,-0.02284410636472807,0.03609977626156589,-0.7837447160970488,-0.9952537245036681,-1.493855378162141,0.8276464426876059,0.9629063147624916,1,-0.00592393930321021,-0.001483462686266146,-4.425570854220094e-4,-0.8373924472280446,-0.010194288185538414,-1.4933504778393165,1,-4.4594790986169936e-4
2023-04-01,0.37693180859008046,0.06539134709240124,0.03480709679986618,0.0959755973849363,0.10495054633495159,0.08019824635543155,0.12970284631447163,-0.0086096797550613,0.00943718504925577,-0.02113393265541941,0.04000830275393095,0.38373379319879286,0.062484263904998304,0.10139167654402027,-0.005504467504138957,0.007061640071777,-0.02378309123379119,0.0379063713773452,-0.8011307032912722,-0.9934683293696702,-1.4843285691051025,0.8320254874938212,0.9624139967943663,0.9967341320929309,-0.0013678442387940332,2.4627873494077746e-4,3.358630182426301e-4,-0.8876269820341217,-0.004258013967572548,-1.4820203885465428,0.9963462792625418,4.3380512335809e-4
2023-05-01,0.4052674653706768,0.06487524385597032,0.03360231887936569,0.09614816883257496,0.10908305848175076,0.07989276453128122,0.1382733524322203,-0.022963370171810632,0.01027193480311192,-0.0217180108859164,0.04226188049214025,0.4393045528624256,0.05877182125664233,0.10481950862394258,-0.017706791082977107,0.00805486412648145,-0.02442159520645875,0.04053132345942166,-0.8076906346087418,-0.9635097254331338,-1.4606507567725389,0.8336777510578044,0.9541529912964535,0.9886171847558379,-5.161032364309204e-4,0.004132512146799175,8.347497538561503e-4,-0.9314250603999195,-0.0037124426483559764,-1.4560794380561015,0.9879808563336373,9.932240547044502e-4
2023-06-01,0.42185602542123873,0.060365663083727046,0.02846552457294694,0.09226580159450715,0.10441285516762461,0.07208249200155134,0.13674321833369787,-0.020977686612820595,0.01139756861213831,-0.0219062903804546,0.04470142760473123,0.4495831178766344,0.05963439708979115,0.10834405525451384,-0.024573819379151776,0.00939457699823016,-0.02458207507932356,0.0433712290757839,-0.8650096708951122,-0.9973663159090685,-1.4287219709751264,0.848114816111579,0.9634888562337772,0.9776717363666513,-0.004509580772243275,-0.004670203314126153,0.0011256338090263902,-0.9212486974186823,8.625758331488251e-4,-1.4210889189352356,0.9766971336706678,0.0013397128717487095
2023-07-01,0.432711245883342,0.059742547972279694,0.02728333331399961,0.09220176263055978,0.10531241372007553,0.07113697083078015,0.1394878566093709,-0.02038126807388517,0.01250745023158031,-0.02193273447076086,0.04694763493392148,0.45132686927896914,0.05667026185577048,0.10328601617742439,-0.0165303895194352,0.01071536539383438,-0.02454254659444324,0.04597327738211201,-0.8729297768844476,-0.9908449755153143,-1.3972399985934514,0.8501096697031425,0.9616906139338127,0.9668794592634815,-6.231151114473518e-4,8.99558552450927e-4,0.0011098816194419995,-0.9562185109790213,-0.0029641352340206706,-1.3865926678462364,0.9655728022809027,0.0013207883956042193
2023-08-01,0.43056655744095407,0.058964632128410736,0.026042649105814483,0.09188661515100699,0.1035496472834866,0.06820144893814853,0.13889784562882468,-0.018261192573912784,0.01357993222526273,-0.0218439127550834,0.04900377720560887,0.5197768083241515,0.056157068285438434,0.11693951741369575,-0.03418899854931354,0.01199112457110721,-0.02436231557503969,0.04834456471725412,-0.882817477922406,-1.003624132509999,-1.3668188726701938,0.8526001055577179,0.9652144325475043,0.9564508489853875,-7.779158438689579e-4,-0.0017627664365889306,0.0010724819936824195,-0.9622729862502233,-5.131935703320475e-4,-1.353272486464596,0.9548277291800563,0.0012757591772728314
2023-09-01,0.41755220814237265,0.05898236432357779,0.02474397378073577,0.09322075486641981,0.1012663540803591,0.06637368132289083,0.13615902683782738,-0.015487453332827599,0.01463326786755873,-0.02162744308262482,0.05089397881774229,0.5092008604810289,0.055507539617032205,0.11309624477221937,-0.029846387068813908,0.013243641280251831,-0.02402767526057313,0.05051495782107681,-0.882592092816883,-1.0201768428986338,-1.3369408361134043,0.8525433373417567,0.969778798491109,0.9462084141750704,1.7732195167055598e-5,-0.0022832932031275066,0.001053335642296,-0.969935894533072,-6.495286684062296e-4,-1.3205593501017847,0.9442784156108917,0.0012525167091446202
2023-10-01,0.42326300369702896,0.05672319223112294,0.020391886756641463,0.09305449770560442,0.0983519222708667,0.06200676351658963,0.13469708102514377,-0.011727142447657218,0.01569662211823648,-0.02126338552194582,0.05265662975841879,0.47896585157785626,0.054624921487508145,0.10483942684549505,-0.020609608800646124,0.01450807283209609,-0.02351528576569303,0.05253143142988523,-0.911307304648017,-1.041304986066526,-1.3067786201028315,0.8597758975538268,0.9756048278762028,0.9358685603283896,-0.002259172092454853,-0.0029144318094923988,0.0010633542506777501,-0.980348709400687,-8.826181295240598e-4,-1.2875350227814961,0.9336287493591257,0.0012644315518442594
2023-11-01,0.47681993104487297,0.05301462245723415,0.016867220295392976,0.08916202461907533,0.1013315024846277,0.06454828429413921,0.1381147206751162,-0.01863239382416558,0.01664522650147991,-0.02090136748976008,0.05419182049271991,0.48885774302022517,0.05443219391099094,0.10649128137559706,-0.02513602295072936,0.01562867759532779,-0.02301227609245523,0.05426963128311082,-0.9584450888847377,-1.019704550217754,-1.2798713027175594,0.871648589448302,0.969648565038254,0.9266445122984821,-0.0037085697738887882,0.0029795802137610045,9.486043832434288e-4,-0.9826224408220433,-1.9272757651720568e-4,-1.2582671526119638,0.9241904632683126,0.0011206047632317008
2023-12-01,0.49455632527202464,0.051452538011350225,0.01819830579793308,0.08470677022476737,0.1017967789171394,0.06420372375491418,0.13938983407936462,-0.019780250492215906,0.017649355383359,-0.02036240957689917,0.05566112034361717,0.544077989457516,0.04953862727129524,0.10865592387687344,-0.02791215590193001,0.01681598474558702,-0.02229701239289561,0.05592898188406967,-0.9782999666567695,-1.016331533547151,-1.2513890239112369,0.8766494788665655,0.9687184646464123,0.9168805546378593,-0.0015620844458839253,4.652764325116937e-4,0.0010041288818790906,-1.0403550000761397,-0.004893566639695701,-1.2272571545597253,0.914190376770824,0.0011873071502592272
2024-01-01,0.5113628386629654,0.0483885899648863,0.016008373875810923,0.08076880605396167,0.09902765035815717,0.057898607034509136,0.1401566936818052,-0.01675570372280432,0.0186116440675898,-0.01975012689250173,0.05697341502768133,0.5662847598868167,0.04711974515696182,0.10864212459923094,-0.02904282049741415,0.01794989946452857,-0.0214972047522152,0.05739700368127235,-1.0172442850146501,-1.0364063023078809,-1.2240935491061098,0.8864584654447527,0.9742540288353521,0.9075234430761014,-0.003063948046463927,-0.002769128558982231,9.622886842307991e-4,-1.0688921112011065,-0.002418882114333415,-1.1976416559769827,0.9046399876674525,0.0011339147189415519
2024-02-01,0.5794133045520068,0.046552582962532736,0.016429973700032602,0.07667519222503287,0.11068486822424724,0.06874743791625453,0.15262229853223996,-0.031796656776316747,0.01950506308908989,-0.01911134250269638,0.05812146868087616,0.5871478845217049,0.046274464722417814,0.1120848434282774,-0.033047438670121734,0.01900272899651145,-0.02066547087388789,0.0586709288669108,-1.040580856040871,-0.9518974223224688,-1.198751573468861,0.8923362961946337,0.9509509295433808,0.8988360069744752,-0.0018360070023535624,0.011657217866090072,8.934190215000928e-4,-1.0788644292191718,-8.452804345440088e-4,-1.1701439341541162,0.8957725380065619,0.0010528295319828795
2024-03-01,0.5664718662691065,0.048135945643455844,0.02005437252552721,0.07621751876138448,0.11103303776205573,0.06966461979782115,0.1524014557262903,-0.03175502282445478,0.02037594630912496,-0.01845312905521273,0.05920502167346266,0.569865030031513,0.0507403045764087,0.11796368144660753,-0.036960163642583845,0.0200296668995171,-0.01981405721788707,0.05987339101692128,-1.0204555212157513,-0.9493733708701213,-1.1740488295000109,0.8872672861951001,0.9502549290565415,0.890367704706487,0.0015833626809231074,3.481695378084876e-4,8.708832200350694e-4,-1.0261780384998935,0.004465839853990884,-1.1433224479321034,0.8871231604168086,0.0010269379030056515
2024-04-01,0.5578559182120073,0.049724388950960256,0.02177250518889406,0.07767627271302645,0.11246195753628342,0.07064592951104366,0.15427798556152317,-0.032303562282638434,0.02101555147064396,-0.01797672157819483,0.06000782451948276,0.6040547796186208,0.04685009139572873,0.11832467973878344,-0.041146625055698466,0.02077165109888142,-0.0191918172453006,0.06073511944306346,-1.0002656090753383,-0.9390144317908183,-1.1559063252208233,0.8821820109726616,0.9473984791075403,0.8841483061518906,0.0015884433075044127,0.0014289197742276966,6.39605161519001e-4,-1.0720733903977964,-0.0038902131806799675,-1.1239433609182201,0.8808738034818379,7.419841993643178e-4
2024-05-01,0.5418276280019078,0.05123895547393341,0.022325718066106087,0.08015219288176073,0.11183335924529897,0.0701962432890755,0.15347047520152243,-0.030788232050885267,0.02148075711362781,-0.01758239008994177,0.06054390431719739,0.6372672233573748,0.04656564425203276,0.1283745149336493,-0.040340116807866824,0.02130364477108514,-0.01866869041726714,0.06127597995943743,-0.9810147079665786,-0.9435714485800788,-1.1427106916075915,0.8773332464145416,0.9486550643886805,0.8796247352402792,0.0015145665229731528,-6.285982909844529e-4,4.6520564298385e-4,-1.0754291966608347,-2.8444714369597196e-4,-1.1100487905576872,0.8763930903512951,5.319936722037212e-4
2024-06-01,0.5679971107934348,0.049314003156945174,0.020164430319647285,0.07846357599424306,0.11415202163929358,0.07201387411826052,0.15629016916032665,-0.03155774518976785,0.02193471681611233,-0.01708357819664698,0.06095301182887166,0.6428832547966646,0.04579794105455166,0.1282436112831259,-0.04105562862609527,0.02182240642485705,-0.01801723217458235,0.06166204502429646,-1.005481818609348,-0.9267623296091814,-1.1298340509229783,0.8834958285323353,0.9440199944592601,0.8752105177083692,-0.0019249523169882349,0.002318662393994614,4.539597024845188e-4,-1.0844862860194653,-7.677031974811024e-4,-1.0964998130504509,0.8720238238071101,5.187616537719111e-4
2024-07-01,0.5713496656373943,0.0485591874903865,0.018565455748173382,0.07855291923259962,0.1132839137116107,0.07038401187360896,0.15618381554961244,-0.03088346861201138,0.02239521253075231,-0.016466618576627588,0.06125704363813222,0.6425280773689799,0.04612006356043248,0.12901730357166336,-0.03943664559712225,0.02235020909901749,-0.01721955146643798,0.06191996966447297,-1.01507590479299,-0.9330556690249561,-1.116772015192119,0.8859123110020118,0.9457553660948704,0.870732745241324,-7.548156665586753e-4,-8.681079276828818e-4,4.604957146399809e-4,-1.0806859992292563,3.221225058808244e-4,-1.0827147028587805,0.8675784093294345,5.278026741604401e-4
2024-08-01,0.5724197387891139,0.04912019439439166,0.01771197935412238,0.08052840943466094,0.11487947141265525,0.0708598280292757,0.1588991147960348,-0.02901248872696192,0.02287114736965637,-0.01571720438747901,0.06145949912679176,0.6645117498629407,0.04307497662970635,0.12839488897780663,-0.04139060276734802,0.02289702757166993,-0.01625759864454367,0.06205165378788353,-1.0079452253104313,-0.9214886900239364,-1.103272046194175,0.8841162919089309,0.9425658023447008,0.8661048456757043,5.610069040051582e-4,0.0015955577010445532,4.759348389040581e-4,-1.1166108521240667,-0.0030450869307261305,-1.0684329394851007,0.862972834416696,5.46818472652439e-4
2024-09-01,0.5664858421770018,0.051654107111173506,0.017413315984767426,0.08589489823757959,0.11915206499960178,0.07492699928779115,0.1633771307114124,-0.02950996633313559,0.02330520687083874,-0.01494102130457689,0.06155143504625438,0.6340145030857343,0.042822600306226415,0.11700627666198986,-0.035405936640715764,0.02339063641074357,-0.01526299392631915,0.06204426674780631,-0.9757379221718152,-0.8905145671402905,-1.0909598779513159,0.8760041713859031,0.9340247701932404,0.8618841339043183,0.0025339127167818484,0.004272593586946524,4.3405950118237044e-4,-1.1195882982533265,-2.523763234799359e-4,-1.0555409012834447,0.8588154172853467,4.9360883907364e-4
2024-10-01,0.6053187348889342,0.04648181131471792,0.014759457774941732,0.07820416485449411,0.11777050350144602,0.07140255937052342,0.16413844763236862,-0.029557534357160582,0.02363043264804629,-0.01433554939660675,0.06159641469269935,0.6378874275939636,0.04285874179759085,0.11835750830969048,-0.0334132643222756,0.02375745736751322,-0.01447053067475435,0.0619854454097808,-1.041480399225486,-0.9005301828885164,-1.081734795963739,0.892562866010115,0.9367865496451917,0.8587217004994996,-0.005172295796455582,-0.0013815614981557561,3.252257772075502e-4,-1.1191619137887105,3.614149136443867e-5,-1.0459602993705668,0.8557258702410229,3.6682095676964996e-4
2024-11-01,0.6071931865105278,0.05156687707678092,0.016588126552021992,0.08654562760153985,0.13127795981615015,0.08609954163006016,0.17645637800224012,-0.026624594564177238,0.02407130753828341,-0.01393414710191298,0.06207676217847981,0.5973311678494234,0.05059062494930203,0.12563829358012948,-0.0284593203028691,0.02428045607252274,-0.0139156976652212,0.06247660981026669,-0.97684665971508855,-0.8026080184646993,-1.0692293081035136,0.8762834314202106,0.9097847727804784,0.8544347171853146,0.005085065762062996,0.013507456314704125,4.4087489023712095e-4,-1.0279439055202728,0.007731883151711173,-1.0323006588806332,0.8513209171612508,5.229987050095197e-4
2024-12-01,0.5352559861968043,0.05452075586087815,0.019174612235021274,0.08986689948673503,0.11731351936028583,0.07657301956943169,0.15805401915113998,-0.02720501764953968,0.02360225978152046,-0.01457906759867744,0.06178358716171836,0.49025659174613107,0.05624983183576427,0.11034930697475544,-0.029929028997209256,0.02368382573241008,-0.01464399188737749,0.06201164335219765,-0.9393013769576886,-0.9038430846789928,-1.0825339238980538,0.8668268228526336,0.9377000735184385,0.8589956480782426,0.0029538787840972316,-0.013964440455864313,-4.6904775676295113e-4,-0.9611785948665719,0.005659206886462244,-1.0478834048286894,0.8563460321930688,-5.96630340112661e-4
2025-01-01,0.5235112966329151,0.05681047601323497,0.01908161837620466,0.09453933365026528,0.11922733028461413,0.0790193204410978,0.15943534012813046,-0.022020707376650336,0.02377955458065579,-0.01462860707888943,0.06218771624020101,0.6150115059665711,0.04202905699920087,0.10916964441942892,-0.015401415399785807,0.02391959988920504,-0.01459622610930751,0.0624354258877176,-0.9101978839442378,-0.8899689322374138,-1.0775049281276767,0.8594964654504598,0.9338743128173871,0.857271667279118,0.0022897201523568167,0.0019138109243282964,1.772947991353288e-4,-1.1289502400366294,-0.0142207748365634,-1.041725473293127,0.8543602259412432,2.3577415679496005e-4
2025-02-01,0.5474658455622595,0.05489075463878237,0.01734831373104139,0.09243319554652335,0.1212963797328898,0.08050524467919522,0.1620875147865844,-0.024629795138827983,0.02376442928055649,-0.01489127337776144,0.06242013193887444,0.6289409936497526,0.03970363191052171,0.10700085762921745,-0.012363077563531909,0.02389406481170821,-0.0148277437738389,0.06261587339725533,-0.9345985066804465,-0.8749693797269605,-1.0779339597213615,0.865642301120747,0.9297382260351866,0.8574187428113916,-0.0019197213744526,0.00206904944827567,-1.5125300099297356e-5,-1.1563847784025931,-0.0023254250886791603,-1.0423923965094724,0.8545752949599319,-2.553507749682854e-5
2025-03-01,0.5455827162238225,0.05478843024993314,0.01735761064721631,0.09221924985264998,0.1205685439485156,0.08180271618757042,0.1593343717094608,-0.023147630880690613,0.02373787259074013,-0.01519336595205325,0.06266911113353353,0.6598995829779386,0.03478080534964564,0.10226628257086054,-0.005309216620719133,0.02387488475044949,-0.01507932296902957,0.06282909246992857,-0.9358991010491138,-0.8802458176950363,-1.078687244540843,0.8659698845332665,0.9311931897963821,0.8576769749961766,-1.0232438884922451e-4,-7.278357843742006e-4,-2.655668981636078e-5,-1.214462535803091,-0.004922826560876073,-1.0428933398939577,0.8547368388970441,-1.9180061258720904e-5
2025-04-01,0.5829143823810095,0.05365427004384154,0.012974310745237222,0.094334229342445855,0.12864090195710115,0.07855038061443424,0.17873142329976804,-0.024155487235761414,0.02359336183439796,-0.01571744577010606,0.062904169438902,0.6989323396000519,0.02881875649654947,0.09572186019005059,6.633548516320434e-4,0.02371014072217481,-0.01559636773206554,0.06301664917641517,-0.9503148468336566,-0.8217253420563967,-1.0827863156132216,0.8696008084491944,0.9150563240059942,0.8590821700183424,-0.0011341602060916042,0.00807235800858555,-1.4451075634216992e-4,-1.284800668300372,-0.005962048853096168,-1.0471961119229145,0.8561243943685426,-1.6474402827467913e-4
2025-05-01,0.622877978267151,0.05259427543561347,0.009195450645709563,0.09599310022551738,0.13946222284751894,0.07487861695811177,0.20404582873692612,-0.027309302081830213,0.02319297497290324,-0.01658454636790063,0.06297049631370712,0.7452228632931801,0.020732385309275205,0.08137459105340608,0.0033215330486238226,0.02324061158708208,-0.01651688242496475,0.06299810559912891,-0.9637879106240538,-0.7432762885243225,-1.0941433539628607,0.8729942970878348,0.8934242057701987,0.8629754554661111,-0.0010599946082280667,0.01082132089041779,-4.003868614947219e-4,-1.3802008003702928,-0.008086371187274264,-1.059459238243274,0.8600790003548648,-4.695291350927319e-4
2025-06-01,0.6777106804537923,0.0480268462069007,0.002502644754793504,0.0935510476590079,0.1490178026207131,0.07151571454971886,0.22651989069170733,-0.026557940969142674,0.02259130582232287,-0.01771354596396744,0.06289615760861318,0.7755051709208358,0.018170954783852947,0.08094152929217482,0.0037482714112039195,0.02253341690717955,-0.01774095252413068,0.0628077863384898,-1.0218422298431291,-0.6740032120904554,-1.1112097971309172,0.8876165593853202,0.8743223388577823,0.8688259714884926,-0.004567429228712769,0.009555579773194156,-6.016691505803702e-4,-1.4104196469646426,-0.0025614305254222577,-1.07792969522784,0.8660353427958625,-7.071946799025279e-4
2025-07-01,0.7847979167825349,0.03149485899056419,-0.006086142279313235,0.0690758602604416,0.14635015851002767,0.05276866492903465,0.2399316520910207,-0.01536821663003194,0.02193533945416229,-0.0189096489575851,0.0627803278659097,0.7931510835736679,0.017767143987668634,0.0858943053443371,0.0027563530782604415,0.02176647508369824,-0.01903172099143429,0.06256467115883077,-1.2319720895789874,-0.693342270396082,-1.129816389693574,0.9405424048163341,0.879655032841977,0.8752044632947702,-0.016531987216336516,-0.00266764411068543,-6.559663681605793e-4,-1.415183663158689,-4.038107961843139e-4,-1.0979606235745138,0.8724949051523092,-7.669418234813111e-4
2025-08-01,0.8018374643024605,0.02950860967360859,-0.00904795178531207,0.06806517113252925,0.14891114291476534,0.048407646393286693,0.24941463943624398,-0.013977097196490243,0.02137577113463503,-0.02012120207856382,0.06287274434783388,0.81030033918417,0.023675258997988606,0.12480390790457839,-0.0035543241469937524,0.02112205277785834,-0.02032948042206079,0.062573585977777485,-1.2572183158741475,-0.6747764405222101,-1.1456886359515797,0.9469012244162409,0.8745355545449819,0.8806455988687869,-0.001986249316955596,0.002560984404737676,-5.595683195272587e-4,-1.3454818229617145,0.0059081150103199725,-1.1147915964567638,0.877922547694429,-6.444223058399007e-4
2025-09-01,0.827847432142584,0.02544222219862791,-0.014974263850864148,0.06585870824811997,0.14778880451960633,0.031842851796221636,0.263734757242991,-0.010277389791944487,0.02075827857948402,-0.02153411605514638,0.06305067321411444,0.8016465190590915,0.036637194286556776,0.1847065860037584,-0.014935725456859068,0.02040532190635026,-0.02186857072395342,0.06267921453665395,-1.3089041427845975,-0.6829128210745044,-1.1632039125600235,0.9599194412916305,0.8767791398808673,0.8866499786581238,-0.004066387474980681,-0.0011223383951590171,-6.174925551510092e-4,-1.192561519184763,0.01296193528856817,-1.1335111189700342,0.8839592086451664,-7.167308715080797e-4
2025-10-01,0.8533790721396296,0.02052649240036139,-0.018160664900127105,0.059213649700849885,0.13999701611429657,0.010313777921513556,0.2696802543070796,-0.006566003254508241,0.01996651184121591,-0.02319382090167764,0.06312684458410947,0.7836491117965926,0.05272866212029839,0.24371826045254916,-0.02716904477271121,0.01947772591655253,-0.02370084288288035,0.06265629471598541,-1.371385537156134,-0.7393993102848933,-1.1856625046749356,0.9756567602284968,0.892355139313729,0.8943489673527545,-0.0049157297982665195,-0.007791788405309752,-7.917667382681126e-4,-1.0027201031793112,0.016091467833741616,-1.1577380006413962,0.8917718796382413,-9.275959897977297e-4
2025-11-01,0.8869862005318697,0.012922605765592976,-0.022926418209598724,0.048771629740784674,0.11434537929358911,-0.05218527542578798,0.2808760340129662,-0.003836967199075356,0.01902943205544864,-0.02511848229583826,0.06317734640673556,0.6608117056667017,0.1064596304297339,0.3138658739358586,-0.05310833141078746,0.01837640728565728,-0.02584858309771583,0.0626013976690304,-1.4680347548879469,-0.9253605853003051,-1.212242924981187,1,0.9436334671876014,0.9034609523956852,-0.007603886634768414,-0.025651636820707466,-9.370797857672676e-4,-0.3688212436968644,0.05373096830943551,-1.1865021570700838,0.9010477284090026,-0.0011013186308952497
2025-12-01,0.7567632920105173,0.024531693149249568,-0.01428343388872565,0.06334682018722479,0.10085522597317133,-0.0011700740662498321,0.2028805260125925,-6.971428447394938e-4,0.01793412475896182,-0.02722310848636702,0.06309135800429067,0.41519926644861854,0.16432925533147924,0.28100042613411164,-0.05610558893321721,0.01708234619876213,-0.02821073573695004,0.0623754281344743,-1.3204774242617467,-1.023157311846549,-1.2433114943253496,0.9628344278021588,0.970600654890601,0.9141115115632048,0.011609087383656591,-0.01349015332041778,-0.0010953072964868214,0.3139040147171276,0.05786962490174534,-1.2203003463384083,0.9119469492207025,-0.00129406108689515
2026-01-01,0.7582436201671904,0.026858245232617033,-0.015187045828460491,0.06890353629369456,0.11109632453625948,0.0018465608587885096,0.22034608821373045,-0.0036480346790701583,0.01767566627473187,-0.02851863948611981,0.06386997203558355,0.4126968704252499,0.1643964912802583,0.2799176149449318,-0.04959517069629246,0.01682716960698523,-0.02956419890664937,0.06321853812061984,-1.2909057789084841,-0.9489145740570836,-1.2506427112045226,0.955386155895087,0.9501284170534134,0.9166247125502409,0.002326552083367465,0.01024109856308815,-2.584584842299509e-4,0.3146972405343474,6.723594877905414e-5,-1.2269650291984846,0.9140961723508303,-2.551765917769011e-4
2026-02-01,0.7479108855833058,0.03347021186798565,-0.012534014489740036,0.07947443822571133,0.13277134931205556,0.023519599042631553,0.24202309958147955,-0.007199113850563601,0.01772845079298209,-0.0298437775489319,0.06530067913489608,0.4414718820244429,0.147981728544041,0.26494946947418885,-0.03152003764072603,0.01689380908218106,-0.03101542288902567,0.06480304105338781,-1.2068643625024007,-0.7917817068069182,-1.2491454697720814,0.9342184693030762,0.9067994460837969,0.9161114459660081,0.006611966635368616,0.02167502477579608,5.278451825022068e-5,0.12104170622051921,-0.01641476273621728,-1.2252245444422243,0.9135349018186348,6.663947519583088e-5
2026-03-01,0.7110006522376522,0.04831070867862895,-0.012544862495385091,0.10916627985264299,0.16716545920496745,0.05161115124098355,0.28271976716895136,-0.016491365713615033,0.01770126851964286,-0.0314153652204746,0.06681790225976032,0.44191281154851764,0.1450963260719725,0.25998863452603077,-0.016863517615034903,0.01686621761089628,-0.03276660326162425,0.06649903848341682,-1.0182341952742668,-0.542441963951098,-1.2499164993697849,0.8867077962036315,0.8380446739674617,0.9163757612056087,0.014840496810643304,0.03439410989291189,-2.7182273339230317e-5,0.08700075379139904,-0.0028854024720685045,-1.2259451763954747,0.913767290800189,-2.7591471284778984e-5
2026-04-01,0.6560104744995808,0.06853767976566058,-0.008027767431237592,0.14510312696255875,0.1992435079700619,0.08350366921228879,0.314983346727835,-0.027722677785579353,0.0176516125564061,-0.03299945195897795,0.06830267707179016,0.458923618858483,0.14102984474006144,0.26064683223194596,-0.03196856619428636,0.01681159235871621,-0.03453171315927193,0.06815489787670437,-0.7611392349539987,-0.30989248221400995,-1.2513249988311879,0.821952753069316,0.7739197717778783,0.9168586063178157,0.02022697108703163,0.03207804876509446,-4.965596323676033e-5,0.039025852919336815,-0.004066481331911065,-1.2273718745867028,0.9142273716197382,-5.462525218007108e-5
2026-05-01,0.5550495022289517,0.10966040032006391,0.05239457523047584,0.166926225409652,0.2464552818108999,0.16617249123676997,0.32673807238502983,-0.040390769613708265,0.01761845542241599,-0.03451072785067898,0.06974763869551096,0.5117599626022761,0.11993885163136048,0.2456555023029736,-0.026470814856088265,0.0167775760537506,-0.03620568980799336,0.06976084191549456,-0.2384488052448147,0.0323687824587435,-1.2522655063215786,0.6903016258766692,0.6795421367193901,0.9171810199623881,0.04112272055440333,0.047211773840837995,-3.315713399010961e-5,-0.2097981846443024,-0.021090993108700967,-1.2282603098584837,0.9145138737198112,-3.401630496560962e-5
2026-06-01,0.513515847877245,0.12617505667898668,0.07129997413895815,0.1810501392190152,0.2593610832509685,0.18692586292008578,0.33179630358185125,-0.03240559391958131,0.01764392607185677,-0.03594056431659497,0.07122841646030852,0.5284715738450573,0.11450123444443706,0.24282997183888194,-0.02966275190275668,0.01681263362435841,-0.03778292471198127,0.07140819196069809,-0.028539229410086794,0.12592925611060415,-1.2515430272137247,0.6374312638106413,0.6537430845051198,0.9169333482269999,0.01651465635892277,0.012905801440068615,2.547064944078206e-5,-0.27394925881148063,-0.005437617186923413,-1.227344678889676,0.9142186015668613,3.505757060780906e-5
