fecha,inflacion,expectativa,meta_inflacion,a0_t,a_t,b_t,c0_t,c_t,d_t,lambda_t,lambda_se,pi_estrella_t,pi_estrella_se,codigo,medida,lambda_li_95,lambda_ls_95,pi_estrella_li_95,pi_estrella_ls_95,brecha_ancla_meta,lambda_fuera_0_1
2011-02-01,5.24,5.81,5,0.3704179864640751,0.9603086455870834,-0.05098753323792867,3.6819916790807166,0.20420917359494795,0.2042428385721825,0.7433775233281747,0.044998009943259344,6.224333029294306,0.1543927435655393,BASE,Interanual base,0.6551830444634112,0.8315720021929383,5.921728812431521,6.526937246157091,1.2243330292943062,FALSE
2011-03-01,4.99,6.13,5,0.3704179864640751,0.9603086455870835,-0.05098753323792868,3.6963750796100343,0.20495378398333627,0.20424283857215642,0.7424417976765884,0.04428253822183022,6.256523271072914,0.13587346292459554,BASE,Interanual base,0.6556496176177828,0.8292339777353939,5.990216177285968,6.52283036485986,1.256523271072914,FALSE
2011-04-01,5.76114812916453,6.19,5,0.370417986464059,0.960308645587074,-0.050987533237912296,3.6738565921389608,0.2036554746070266,0.2042428385723607,0.744073337346213,0.043493934909965344,6.204773054889165,0.12335215837351449,BASE,Interanual base,0.6588267913767516,0.8293198833156743,5.963007267061795,6.446538842716534,1.2047730548891646,FALSE
2011-05-01,6.3930220625962,5.74,5,0.37041798646372737,0.96030864558687,-0.050987533237787375,3.598465852177258,0.199569762025334,0.20424283857221326,0.749207708458123,0.04244818717211364,6.035796556223651,0.11157980856531358,BASE,Interanual base,0.6660107903917651,0.8324046265244809,5.817104150033762,6.254488962413539,1.0357965562236506,FALSE
2011-06-01,6.42229936695938,6.16,5,0.3704179864601293,0.9603086455871086,-0.050987533237474736,3.58119120678991,0.19902139021979176,0.2042428385722177,0.7498968279937326,0.041442459157171686,6.001301379235896,0.10875624010048757,BASE,Interanual base,0.668671100614904,0.8311225553725612,5.78814306554495,6.214459692926842,1.0013013792358958,FALSE
2011-07-01,7.03967446592064,5.88,5,0.3704179864598876,0.9603086455870897,-0.0509875332374321,3.535313501828416,0.1965410940011328,0.20424283857220438,0.7530137289013059,0.04052019391908568,5.899897706366323,0.10966338775181426,BASE,Interanual base,0.6735956081733191,0.8324318496292927,5.6849614159501165,6.114833996782529,0.8998977063663229,FALSE
2011-08-01,7.6258261311642,5.95,5,0.37041798645999974,0.9603086455870893,-0.050987533237446314,3.5269090626021433,0.19660342988102295,0.2042428385722066,0.7529353935963758,0.03965169117593206,5.886484347676686,0.11269716254148873,BASE,Interanual base,0.6752195069654443,0.8306512802273074,5.665601967935512,6.10736672741786,0.8864843476766859,FALSE
2011-09-01,7.24931562404949,6.43,5,0.370417986459957,0.9603086455870897,-0.05098753323741789,3.5530315530191294,0.19923368861904986,0.20424283857220704,0.7496300400720575,0.03900275706533169,5.956230919614289,0.11437533711757883,BASE,Interanual base,0.6731860409262422,0.8260740392178727,5.732059378144208,6.180402461084371,0.9562309196142893,FALSE
2011-10-01,6.65,6.51,5,0.3704179864601096,0.9603086455870877,-0.050987533237460525,3.548781708833988,0.19941693303316427,0.20424283857220604,0.7493997632702938,0.03879138889092591,5.950934617286245,0.11294495339798312,BASE,Interanual base,0.6733700381337918,0.8254294884067958,5.729566576390644,6.172302658181847,0.9509346172862454,FALSE
2011-11-01,6.05484387510006,6.06,5,0.3704179864604528,0.960308645587087,-0.05098753323750316,3.501384042310629,0.19629551331155184,0.20424283857220082,0.7533223415051074,0.03888927870793692,5.840880819170674,0.11199173708064747,BASE,Interanual base,0.6771007558528106,0.8295439271574041,5.621381047926526,6.060380590414821,0.8408808191706738,FALSE
2011-12-01,6.2,5.62,5,0.3704179864603932,0.9603086455870887,-0.050987533237499605,3.4702750257372967,0.1943184944413571,0.20424283857219905,0.7558067914931512,0.039143677762296804,5.769956632694377,0.10948599629549614,BASE,Interanual base,0.6790865928566081,0.8325269901296943,5.5553680231437195,5.984545242245035,0.7699566326943774,FALSE
2012-01-01,5.44,5.95,4.5,0.3704179864603759,0.9603086455870893,-0.05098753323749605,3.4955917693238594,0.19595101511920754,0.20424283857219927,0.7537552602509802,0.03938598367461343,5.827869205470627,0.10741469885723165,BASE,Interanual base,0.6765601507530553,0.830950369748905,5.617340264300237,6.038398146641017,1.327869205470627,FALSE
2012-02-01,5.17,6.11,4.5,0.37041798646030405,0.9603086455870883,-0.0509875332374925,3.501357209858514,0.19630286108626963,0.20424283857219966,0.7533131078153918,0.039757009750742846,5.840907651948889,0.11067665560662578,BASE,Interanual base,0.6753908005709282,0.8312354150598555,5.6239853930305594,6.057829910867219,1.3409076519488892,FALSE
2012-03-01,4.55,5.47,4.5,0.3704179864602867,0.9603086455870883,-0.0509875332374925,3.43769593798462,0.19266448617371051,0.2042428385721995,0.7578853254326746,0.040080861193549845,5.700112236541886,0.11469505338541315,BASE,Interanual base,0.6793282810239678,0.8364423698413814,5.475314062701578,5.924910410382195,1.2001122365418864,FALSE
2012-04-01,4.27,5.54,4.5,0.37041798646029006,0.9603086455870883,-0.05098753323748895,3.419186206515139,0.19149234679726743,0.20424283857219971,0.7593583117069544,0.04049894434768755,5.658423465555811,0.12107398827834497,BASE,Interanual base,0.6799818393735949,0.838734784040314,5.42112280906563,5.8957241220459915,1.1584234655558108,FALSE
2012-05-01,3.9,5.28,4.5,0.3704179864602444,0.9603086455870878,-0.050987533237485394,3.372455511034927,0.18896359846974584,0.20424283857220016,0.7625361006733575,0.04083282639002216,5.557830070896872,0.12747557056992204,BASE,Interanual base,0.6825052315619374,0.8425669697847776,5.307982543671131,5.807677598122614,1.0578300708968724,FALSE
2012-06-01,3.47,5.11,4.5,0.3704179864602349,0.9603086455870876,-0.05098753323748362,3.3323015670768026,0.18673154549624438,0.2042428385722006,0.7653410430373024,0.04114831277310224,5.471529406821045,0.1345441942038388,BASE,Interanual base,0.6846918319774326,0.8459902540971723,5.207827631852558,5.735231181789532,0.9715294068210447,FALSE
2012-07-01,2.86,4.9,4.5,0.370417986460242,0.9603086455870876,-0.050987533237485394,3.298323691783375,0.18475396930197546,0.2042428385722007,0.7678261933948821,0.041426560632720856,5.398210245527083,0.14215692329786486,BASE,Interanual base,0.6866316265513844,0.8490207602383798,5.1195877957102445,5.676832695343921,0.8982102455270828,FALSE
2012-08-01,2.71,4.55,4.5,0.3704179864602433,0.9603086455870877,-0.05098753323748495,3.282070046979321,0.1834261760413552,0.2042428385722006,0.76949478442363,0.04163450329683222,5.359960748855449,0.14985565341176543,BASE,Interanual base,0.6878926574476247,0.8510969113996352,5.066249065288671,5.653672432422226,0.8599607488554488,FALSE
2012-09-01,3.28,5.17,4.5,0.37041798646024393,0.9603086455870876,-0.05098753323748495,3.3207286965664378,0.1837576145707456,0.20424283857220105,0.7690782772962599,0.04169468002527641,5.426031299565767,0.15737182683929465,BASE,Interanual base,0.6873582060997966,0.8507983484927232,5.117588186779476,5.734474412352058,0.9260312995657669,FALSE
2012-10-01,3.35,4.76,4.5,0.37041798646024227,0.9603086455870877,-0.050987533237484506,3.2693843366051167,0.1815121519500421,0.20424283857220116,0.7719000710915862,0.041548295848852466,5.322606266487719,0.15042768563552683,BASE,Interanual base,0.6904669076088203,0.8533332345743521,5.027773420364373,5.617439112611065,0.8226062664877194,FALSE
2012-11-01,3.11,4.82,4.5,0.3704179864602398,0.9603086455870876,-0.050987533237484506,3.252310658779343,0.18045428342370914,0.2042428385722012,0.7732294572128934,0.04140038739509927,5.285706885248352,0.14660802395133965,BASE,Interanual base,0.6920861889724927,0.854372725453294,4.998360438459141,5.5730533320375635,0.7857068852483522,FALSE
2012-12-01,3.45,4.93,4.5,0.3704179864602358,0.9603086455870873,-0.050987533237483174,3.2371626141474983,0.17946456865530938,0.2042428385722012,0.774473196906827,0.041222845025154616,5.252639171898225,0.14266087378483153,BASE,Interanual base,0.6936779053172478,0.8552684884964062,4.97302899727694,5.532249346519509,0.7526391718982248,FALSE
2013-01-01,3.86,4.83,4,0.37041798646023605,0.9603086455870872,-0.05098753323748362,3.1899679404133323,0.17742188829524472,0.20424283857220127,0.7770401613767409,0.040923015658649586,5.158961616814461,0.13299804068717777,BASE,Interanual base,0.696832524547019,0.8572477982064628,4.8982902470532,5.4196329865757225,1.1589616168144614,FALSE
2013-02-01,4.18,4.61,4,0.3704179864602384,0.9603086455870875,-0.05098753323748273,3.138292271781025,0.17521587830405475,0.20424283857220127,0.77981237644199,0.04056733273178528,5.057346476584393,0.12275626237446766,BASE,Interanual base,0.700301865338838,0.859322887545142,4.816748623453687,5.297944329715099,1.0573464765843932,FALSE
2013-03-01,4.34,4.66,4,0.37041798646023927,0.9603086455870876,-0.05098753323748273,3.1273794476245587,0.17467222120497441,0.2042428385722011,0.7804955711720316,0.040240138743136374,5.035349024084466,0.11699282039462174,BASE,Interanual base,0.7016263485025894,0.8593647938414738,4.806047309661245,5.2646507385076875,1.035349024084466,FALSE
2013-04-01,4.13,4.93,4,0.37041798646024177,0.960308645587088,-0.050987533237484506,3.1461280190068943,0.17543846759448967,0.2042428385722011,0.7795326563197915,0.03997476992050297,5.07179301588534,0.1150270055224206,BASE,Interanual base,0.7011835469853306,0.8578817656542524,4.8463442278119055,5.297241803958774,1.0717930158853397,FALSE
2013-05-01,4.27,4.83,4,0.37041798646024254,0.9603086455870878,-0.050987533237484506,3.149797842405253,0.17551331864255298,0.2042428385722012,0.7794385936437749,0.0397615672223446,5.078321823012187,0.11316735726563754,BASE,Interanual base,0.7015073539191111,0.8573698333684386,4.856517878545961,5.300125767478414,1.0783218230121872,FALSE
2013-06-01,4.79,5.21,4,0.3704179864602412,0.9603086455870878,-0.050987533237485394,3.1644700196913496,0.17606824248817338,0.2042428385722012,0.7787412403901457,0.039521890399632296,5.1065460797753195,0.11175672919438953,BASE,Interanual base,0.7012797586059271,0.8562027221743643,4.88750691552432,5.325585244026319,1.1065460797753195,FALSE
2013-07-01,4.74,4.81,4,0.37041798646024526,0.9603086455870883,-0.05098753323748628,3.1136153421492425,0.17366706964597056,0.20424283857220116,0.7817587097370686,0.03921975525844259,5.0050874998362955,0.10662949124645825,BASE,Interanual base,0.7048894019480457,0.8586280175260915,4.7960975373034085,5.214077462369183,1.0050874998362955,FALSE
2013-08-01,4.42,4.89,4,0.3704179864602471,0.9603086455870884,-0.05098753323748628,3.1053294681874246,0.17342015817671472,0.2042428385722012,0.7820689946848193,0.03910843787014624,4.989787610193844,0.1060623268326483,BASE,Interanual base,0.7054178649677103,0.8587201244019282,4.781909269485337,5.19766595090235,0.9897876101938436,FALSE
2013-09-01,4.21,4.91,4,0.3704179864602397,0.9603086455870881,-0.05098753323748584,3.1012557895164305,0.17338418638444766,0.2042428385722012,0.7821141991693161,0.03910285704833936,4.982953813668426,0.10705687717065124,BASE,Interanual base,0.7054740076619528,0.8587543906766795,4.7731261901166215,5.192781437220231,0.9829538136684262,FALSE
2013-10-01,4.15,4.71,4,0.37041798646024515,0.9603086455870886,-0.050987533237486726,3.0878746142706794,0.17291357769553875,0.2042428385722012,0.782705596534895,0.03909766237393375,4.957704783225407,0.10778926780371295,BASE,Interanual base,0.7060755864022781,0.859335606667512,4.746441700410187,5.168967866040627,0.9577047832254069,FALSE
2013-11-01,4.63,4.7,4,0.370417986460244,0.9603086455870887,-0.05098753323748628,3.0976718643264625,0.17347391866731554,0.20424283857220127,0.782001435769604,0.039061170786914276,4.977913032954282,0.10904225582032727,BASE,Interanual base,0.705442947833284,0.858559923705924,4.764194138753438,5.191631927155126,0.977913032954282,FALSE
2013-12-01,4.39,5.19,4,0.37041798646024077,0.9603086455870886,-0.05098753323748628,3.124440771711996,0.17477838102777607,0.20424283857220132,0.7803621638614254,0.038971869022918965,5.0314775163481285,0.11057824877518044,BASE,Interanual base,0.703978704166292,0.8567456235565588,4.814748131275264,5.248206901420993,1.0314775163481285,FALSE
2014-01-01,4.14,4.94,4,0.37041798646024054,0.9603086455870884,-0.050987533237485394,3.0879930696392286,0.17299052910074483,0.20424283857220144,0.7826088944140268,0.03897679476082992,4.958507584294482,0.11073384091108024,BASE,Interanual base,0.7062157804499907,0.859002008378063,4.741473244238977,5.175541924349988,0.9585075842944821,FALSE
2014-02-01,3.5,4.68,4,0.37041798646023977,0.9603086455870882,-0.050987533237484506,3.044601173084503,0.1708806015679297,0.2042428385722016,0.7852603660376429,0.0390955335883014,4.872324181542781,0.11260994565691924,BASE,Interanual base,0.7086345282481962,0.8618862038270897,4.651612743754207,5.093035619331355,0.8723241815427807,FALSE
2014-03-01,3.25,4.54,4,0.3704179864602418,0.9603086455870881,-0.05098753323748495,3.0184868047296427,0.16952638093640418,0.2042428385722015,0.7869621674126952,0.03929274706894102,4.820086937216787,0.11665573710480417,BASE,Interanual base,0.709949798303929,0.8639745365214614,4.591445893901398,5.048727980532176,0.8200869372167867,FALSE
2014-04-01,3.27,4.66,4,0.3704179864602412,0.9603086455870881,-0.050987533237485394,2.9982773848153688,0.16839051150886333,0.2042428385722015,0.7883895745195353,0.0394149663484535,4.779146907478728,0.11984016782283147,BASE,Interanual base,0.7111376600247082,0.8656414890143623,4.544264494644742,5.014029320312713,0.7791469074787276,FALSE
2014-05-01,3.22,4.28,4,0.37041798646024104,0.960308645587088,-0.05098753323748495,2.938142801586198,0.16588375558346746,0.20424283857220127,0.7915397264087097,0.03942555696204724,4.664656063146027,0.11896514040881531,BASE,Interanual base,0.7142670546926648,0.8688123981247546,4.431488672528999,4.897823453763055,0.664656063146027,FALSE
2014-06-01,3.13,4.36,4,0.3704179864602412,0.960308645587088,-0.05098753323748584,2.9105032198681866,0.16449962735021426,0.20424283857220135,0.7932791116135751,0.03939787134219684,4.610643141267401,0.11852030784271839,BASE,Interanual base,0.7160607027153266,0.8704975205118236,4.378347606459073,4.842938676075729,0.6106431412674009,FALSE
2014-07-01,3.41,4.41,4,0.3704179864602402,0.9603086455870878,-0.050987533237485616,2.8731274361901753,0.1627842788656301,0.20424283857220138,0.7954347296434605,0.039302801042146125,4.539100355390005,0.11667098617590273,BASE,Interanual base,0.7184026551093108,0.8724668041776102,4.310429424444465,4.767771286335544,0.5391003553900049,FALSE
2014-08-01,3.7,4.06,4,0.3704179864602395,0.9603086455870878,-0.05098753323748584,2.8065615807660524,0.16010365565152812,0.2042428385722015,0.7988033744311394,0.03912436990328601,4.415238105764293,0.11201774000649868,BASE,Interanual base,0.7221210185028759,0.8754857303594028,4.195687369721984,4.634788841806602,0.4152381057642929,FALSE
2014-09-01,3.45,4.13,4,0.37041798646024,0.9603086455870877,-0.05098753323748584,2.781208067869531,0.15890778169373054,0.20424283857220163,0.8003061871179292,0.038964783054593256,4.367136337686146,0.10966237150626096,BASE,Interanual base,0.7239366156655098,0.8766757585703486,4.1522020390746235,4.582070636297669,0.36713633768614606,FALSE
2014-10-01,3.64,4.17,4,0.37041798646023893,0.9603086455870877,-0.05098753323748606,2.770441760560695,0.15828213143700573,0.20424283857220163,0.8010924197615692,0.03887972410346961,4.345961222356756,0.1099926919312296,BASE,Interanual base,0.724889560789915,0.8772952787332234,4.130379507608937,4.5615429371045755,0.3459612223567561,FALSE
2014-11-01,3.38,4.16,4,0.37041798646023916,0.9603086455870878,-0.05098753323748606,2.757550708687051,0.1575790354893363,0.20424283857220163,0.8019759756775573,0.038802140651042566,4.320973403204601,0.11059981989474807,BASE,Interanual base,0.7259251774784563,0.8780267738766583,4.104201739514278,4.5377450668949235,0.32097340320460077,FALSE
2014-12-01,2.95,4.21,4,0.3704179864602397,0.9603086455870877,-0.05098753323748606,2.7495291909086474,0.1570632061010566,0.20424283857220163,0.8026242003034647,0.038821593276120794,4.304924397635873,0.11369237062275835,BASE,Interanual base,0.7265352756598057,0.8787131249471237,4.082091445898287,4.527757349373459,0.3049243976358733,FALSE
2015-01-01,2.32,3.89,4,0.37041798646023977,0.9603086455870877,-0.05098753323748584,2.724456125886493,0.15593846836273176,0.20424283857220155,0.8040376186084999,0.0388915981333805,4.258169002276131,0.11769338811162938,BASE,Interanual base,0.727811486965869,0.8802637502511308,4.027494200358843,4.488843804193419,0.25816900227613093,FALSE
2015-02-01,2.44,4.07,4,0.3704179864602397,0.9603086455870877,-0.05098753323748573,2.7323009328870294,0.15583967828412762,0.2042428385722015,0.8041617646211188,0.038971021708629386,4.26977072022517,0.1240342999370661,BASE,Interanual base,0.7277799656314766,0.8805435636107609,4.026667959500881,4.512873480949458,0.26977072022516957,FALSE
2015-03-01,2.43,4.11,4,0.3704179864602397,0.9603086455870877,-0.05098753323748573,2.7014031594434202,0.1547912723330675,0.20424283857220155,0.8054792594573311,0.03893744452964676,4.214581782594937,0.125142651811331,BASE,Interanual base,0.7291632705291974,0.8817952483854649,3.9693066921148925,4.459856873074982,0.2145817825949372,FALSE
2015-04-01,2.58,3.82,4,0.3704179864602398,0.9603086455870877,-0.050987533237485616,2.627925494043685,0.1526452114878259,0.2042428385722017,0.80817613854214,0.03884432569305729,4.086264443210818,0.12254083286966772,BASE,Interanual base,0.7320426591800039,0.8843096179042761,3.8460888241507276,4.326440062270909,0.08626444321081816,FALSE
2015-05-01,2.55,3.57,4,0.370417986460239,0.9603086455870876,-0.050987533237485505,2.5583491286210753,0.15059930896816043,0.2042428385722016,0.810747152186547,0.03872146744211826,3.9654622800721926,0.11924997636932755,BASE,Interanual base,0.7348544705714549,0.8866398338016391,3.7317366212310583,4.199187938913327,-0.03453771992780741,FALSE
2015-06-01,2.39,3.67,4,0.370417986460239,0.9603086455870876,-0.050987533237485505,2.5222805902191157,0.14946675681517396,0.20424283857220152,0.8121703905912815,0.03860787038880202,3.9027046854129415,0.11815447348361094,BASE,Interanual base,0.7365003551094391,0.8878404260731239,3.6711261727727713,4.134283198053112,-0.09729531458705853,FALSE
2015-07-01,2.32,3.56,4,0.37041798646023905,0.9603086455870875,-0.050987533237485505,2.47822828755021,0.14811911510652445,0.20424283857220135,0.8138639244656503,0.03848513777007484,3.826563775286348,0.11723985255650815,BASE,Interanual base,0.7384344404962415,0.889293408435059,3.596777886722806,4.056349663849891,-0.17343622471365183,FALSE
2015-08-01,1.96,3.31,4,0.3704179864602387,0.9603086455870876,-0.050987533237485505,2.43882650768934,0.1468889012497462,0.20424283857220144,0.8154098908941156,0.03834399106537766,3.758584996930063,0.11634392376144453,BASE,Interanual base,0.7402570493824498,0.8905627324057814,3.5305550965375576,3.986614897322568,-0.24141500306993713,FALSE
2015-09-01,1.88,3.4,4,0.3704179864602387,0.9603086455870875,-0.05098753323748545,2.441380861554405,0.14668707037820752,0.20424283857220138,0.8156635246423518,0.03818978282954295,3.761351655576247,0.11743828825406565,BASE,Interanual base,0.7408129257190414,0.8905141235656622,3.531176840192245,3.991526470960249,-0.23864834442375304,FALSE
2015-10-01,2.23,3.28,4,0.37041798646023877,0.9603086455870876,-0.0509875332374855,2.444986994616235,0.14650701921626322,0.20424283857220135,0.8158897885965727,0.03794930627888611,3.765862855705962,0.116114917201762,BASE,Interanual base,0.7415105150516762,0.8902690621414692,3.538281799922658,3.993443911489266,-0.2341371442940381,FALSE
2015-11-01,2.51,3.37,4,0.37041798646023893,0.9603086455870876,-0.05098753323748553,2.4773538226221588,0.14689822127507263,0.2042428385722014,0.8153981787465181,0.03761503586972937,3.8180160113676607,0.11345380316291416,BASE,Interanual base,0.7416740631646663,0.8891222943283699,3.5956506432592525,4.040381379476069,-0.18198398863233933,FALSE
2015-12-01,3.07,3.65,4,0.37041798646023893,0.9603086455870875,-0.05098753323748553,2.532084378333055,0.14781631398837008,0.20424283857220127,0.8142444439668648,0.037196341718717135,3.9078943523000556,0.11026767577136865,BASE,Interanual base,0.7413409538415345,0.8871479340921951,3.6917736791292333,4.124015025470878,-0.09210564769994445,FALSE
2016-01-01,4.38,3.8,4,0.3704179864602388,0.9603086455870875,-0.050987533237485394,2.5743167507511022,0.14840297652545156,0.20424283857220138,0.8135072058174413,0.036674593617035865,3.9766743010079346,0.10465968715488712,BASE,Interanual base,0.7416263231804084,0.8853880884544741,3.7715450835511266,4.181803518464743,-0.02332569899206538,FALSE
2016-02-01,4.27,4.09,4,0.37041798646023844,0.9603086455870875,-0.050987533237485505,2.6113023472159065,0.1488194614871886,0.20424283857220144,0.8129838238336842,0.036093635504505665,4.036404660689319,0.099588369669874,BASE,Interanual base,0.7422415981737369,0.8837260494936314,3.8412150428573053,4.231594278521333,0.03640466068931936,FALSE
2016-03-01,4.26,3.99,4,0.3704179864602383,0.9603086455870875,-0.050987533237485505,2.6374646256092067,0.14873509842026877,0.2042428385722014,0.813089839928806,0.0357413872688991,4.076313276474025,0.09729942813267818,BASE,Interanual base,0.7430380081242653,0.8831416717333467,3.885609901617632,4.267016651330417,0.07631327647402486,FALSE
2016-04-01,4.09,4.19,4,0.3704179864602386,0.9603086455870874,-0.050987533237485394,2.6887768556196687,0.1497853188591395,0.2042428385722015,0.8117700648896642,0.0355285097142247,4.1623747018568915,0.09750959972482917,BASE,Interanual base,0.7421354654254023,0.8814046643539261,3.97125939824931,4.353490005464473,0.1623747018568915,FALSE
2016-05-01,4.36,4.16,4,0.3704179864602384,0.9603086455870873,-0.05098753323748528,2.7298068446316233,0.15037276544338823,0.20424283857220144,0.811031841455778,0.035357778808224154,4.229737907542412,0.09746555488920573,BASE,Interanual base,0.7417318684183252,0.8803318144932308,4.038708930226357,4.420766884858467,0.22973790754241197,FALSE
2016-06-01,4.43,4.39,4,0.37041798646023805,0.9603086455870874,-0.05098753323748528,2.7794981432940675,0.15133447624755492,0.20424283857220138,0.8098232933574598,0.03516176672137556,4.313159991437371,0.09772958216309546,BASE,Interanual base,0.7409074969507647,0.8787390897641549,4.121613530173556,4.504706452701186,0.31315999143737105,FALSE
2016-07-01,4.62,4.41,4,0.37041798646023777,0.9603086455870873,-0.05098753323748506,2.8076404731891134,0.15130356386044524,0.20424283857220144,0.8098621398656762,0.03495949590199981,4.356621615252416,0.09730660731108103,BASE,Interanual base,0.741342786980081,0.8783814927512714,4.165904169464915,4.547339061039916,0.35662161525241576,FALSE
2016-08-01,4.74,4.45,4,0.3704179864602377,0.9603086455870873,-0.05098753323748506,2.8282199728579043,0.1509186871310517,0.2042428385722014,0.8103458008970178,0.03476433287155771,4.385935525857583,0.09701252823639982,BASE,Interanual base,0.7422089605222028,0.8784826412718328,4.195794464465065,4.5760765872501015,0.3859355258575832,FALSE
2016-09-01,4.56,4.42,4,0.370417986460238,0.9603086455870874,-0.05098753323748506,2.8437179879090295,0.1502857805077465,0.2042428385722015,0.8111411523609865,0.0346086605185401,4.405645350000811,0.09681666401717441,BASE,Interanual base,0.7433094241914746,0.8789728805304984,4.215888175423834,4.595402524577788,0.40564535000081126,FALSE
2016-10-01,4.76,4.43,4,0.37041798646023805,0.9603086455870874,-0.05098753323748506,2.8688038834981815,0.15013301886444852,0.20424283857220144,0.8113331225381997,0.03452704890872054,4.443458189323657,0.0969289897174535,BASE,Interanual base,0.7436613501846544,0.8790048948917449,4.253480860419595,4.633435518227719,0.4434581893236569,FALSE
2016-11-01,4.67,4.6,4,0.370417986460238,0.9603086455870874,-0.05098753323748517,2.899470143635937,0.15024910029381616,0.20424283857220152,0.8111872470940386,0.03444502226276713,4.491764422805744,0.09706318971960064,BASE,Interanual base,0.7436762440123347,0.8786982501757424,4.301524066730749,4.6820047788807395,0.49176442280574406,FALSE
2016-12-01,4.23,4.66,4,0.3704179864602379,0.9603086455870873,-0.05098753323748506,2.9129565864696048,0.1495012151688189,0.2042428385722015,0.8121270879918011,0.03442195244315446,4.507434869005091,0.09718242773024188,BASE,Interanual base,0.7446613009256678,0.8795928750579344,4.31696081072365,4.697908927286532,0.5074348690050909,FALSE
2017-01-01,3.83,4.4,4,0.37041798646023794,0.9603086455870874,-0.05098753323748506,2.903119022088243,0.14760255221951332,0.20424283857220146,0.8145130708535813,0.03446512722115741,4.47905327038309,0.09763836031042779,BASE,Interanual base,0.7469626627775218,0.8820634789296408,4.287685600665106,4.6704209401010734,0.47905327038308965,FALSE
2017-02-01,3.96,4.46,4,0.37041798646023794,0.9603086455870873,-0.05098753323748506,2.9101842342479847,0.14645927687487084,0.20424283857220146,0.8159497847156233,0.034501695497469786,4.482047922043954,0.09842483963791086,BASE,Interanual base,0.7483277041350148,0.8835718652962318,4.289138781169518,4.67495706291839,0.48204792204395375,FALSE
2017-03-01,4,4.28,4,0.3704179864602378,0.9603086455870874,-0.05098753323748506,2.8980093141432444,0.14453746631095388,0.2042428385722015,0.818364856369479,0.03440958361437172,4.450125412167196,0.09809060749342188,BASE,Interanual base,0.7509233117622909,0.8858064009766671,4.257871354258435,4.642379470075958,0.45012541216719626,FALSE
2017-04-01,4.09,4.51,4,0.3704179864602376,0.9603086455870874,-0.05098753323748506,2.907440397323452,0.14351959877704756,0.20424283857220152,0.8196439746523481,0.03426811619175821,4.457640227752842,0.09790306874680235,BASE,Interanual base,0.7524797010984681,0.8868082482062281,4.26575373903316,4.649526716472524,0.45764022775284197,FALSE
2017-05-01,3.93,4.17,4,0.3704179864602375,0.9603086455870874,-0.05098753323748484,2.8839568289817636,0.14111075187130356,0.20424283857220152,0.8226710877246601,0.03403940298341924,4.40536568578382,0.09680349901344941,BASE,Interanual base,0.7559550838219131,0.8893870916274071,4.21563431414,4.5950970574276395,0.4053656857838197,FALSE
2017-06-01,4.36,4.26,4,0.3704179864602376,0.9603086455870875,-0.05098753323748484,2.9057399606087873,0.14065792626438103,0.2042428385722015,0.8232401377173866,0.03380802167029276,4.43557220744417,0.09667082748398381,BASE,Interanual base,0.7569776328550631,0.88950264257971,4.246100867219877,4.625043547668463,0.4355722074441699,FALSE
2017-07-01,5.22,4.48,4,0.37041798646023766,0.9603086455870875,-0.05098753323748484,2.9382339282671666,0.14064982137113388,0.20424283857220152,0.8232503228512943,0.033453495023801696,4.485118313607995,0.09630415159091946,BASE,Interanual base,0.757682677447653,0.8888179682549355,4.296365644928107,4.673870982287882,0.4851183136079946,FALSE
2017-08-01,4.72,4.51,4,0.3704179864602379,0.9603086455870875,-0.05098753323748484,2.958259561829022,0.14006738005769045,0.20424283857220155,0.8239822563376338,0.03304270570501482,4.511675560426669,0.09547418539448843,BASE,Interanual base,0.7592197432040486,0.8887447694712189,4.324549595600171,4.698801525253167,0.511675560426669,FALSE
2017-09-01,4.36,4.75,4,0.3704179864602381,0.9603086455870876,-0.05098753323748484,2.998423464713146,0.1405955551497424,0.2042428385722015,0.8233185173005835,0.03287754535689934,4.576616572126466,0.09601037164417207,BASE,Interanual base,0.7588797125009787,0.8877573221001882,4.388439701561583,4.7647934426913485,0.5766165721264658,FALSE
2017-10-01,4.2,4.53,4,0.3704179864602378,0.9603086455870875,-0.05098753323748462,3.0030048411137704,0.13934933560303842,0.20424283857220144,0.8248845975158943,0.032715741210523605,4.574907127806664,0.09595248952697207,BASE,Interanual base,0.7607629230157352,0.8890062720160533,4.386843704106843,4.762970551506486,0.5749071278066644,FALSE
2017-11-01,4.69,4.63,4,0.3704179864602379,0.9603086455870876,-0.05098753323748473,3.0184043746394664,0.13860143937589225,0.2042428385722014,0.8258244523653364,0.03251078690461352,4.593134128414472,0.09599228391959541,BASE,Interanual base,0.7621044809232375,0.8895444238074354,4.404992709138321,4.781275547690623,0.593134128414472,FALSE
2017-12-01,5.68,4.56,4,0.37041798646023794,0.9603086455870877,-0.05098753323748473,3.0115689720577925,0.1368669079321814,0.20424283857220144,0.8280041769443758,0.032163744458675605,4.5706685689771325,0.0951289554572427,BASE,Interanual base,0.7649643961974218,0.8910439576913297,4.384219242394022,4.757117895560243,0.5706685689771325,FALSE
2018-01-01,4.71,4.71,4,0.3704179864602378,0.9603086455870877,-0.05098753323748473,3.0130771183418377,0.13554579992554408,0.2042428385722014,0.8296643668498829,0.03182443569945765,4.56380682617433,0.09446050653827309,BASE,Interanual base,0.7672896190506351,0.8920391146491307,4.378667635397905,4.748946016950756,0.5638068261743303,FALSE
2018-02-01,4.15,4.56,4,0.37041798646023755,0.9603086455870876,-0.050987533237484506,3.0155076413685427,0.13428004325599066,0.20424283857220138,0.8312549986794253,0.031834941113680494,4.558748229572641,0.09480985318518585,BASE,Interanual base,0.7688596606466581,0.8936503367121925,4.372924331950147,4.744572127195136,0.5587482295726414,FALSE
2018-03-01,4.14,4.62,4,0.3704179864602377,0.9603086455870877,-0.05098753323748462,3.0285918754899464,0.1335444298647169,0.20424283857220138,0.8321794181216002,0.031897986973322974,4.57344253762878,0.09580608606536474,BASE,Interanual base,0.7696605124745595,0.894698323768641,4.38566605944092,4.761219015816639,0.5734425376287797,FALSE
2018-04-01,3.92,4.46,4,0.3704179864602378,0.9603086455870876,-0.05098753323748473,3.019099516319684,0.13181894697363336,0.20424283857220144,0.8343477717032224,0.031867238764843715,4.547259745851106,0.09637639711088085,BASE,Interanual base,0.77188913143739,0.8968064119690548,4.358365478554049,4.7361540131481625,0.5472597458511057,FALSE
2018-05-01,4.09,4.48,4,0.37041798646023805,0.9603086455870875,-0.05098753323748473,3.019936984511743,0.1305452834479437,0.2042428385722014,0.8359483398004097,0.031820040831830494,4.539812177862522,0.09723891173661975,BASE,Interanual base,0.7735822057834281,0.8983144738173914,4.349227412962878,4.730396942762165,0.5398121778625216,FALSE
2018-06-01,3.79,4.43,4,0.37041798646023766,0.9603086455870876,-0.05098753323748473,3.012797044748383,0.12894123569499422,0.20424283857220144,0.8379640901206097,0.03171107771666311,4.518183997236476,0.09774983541028306,BASE,Interanual base,0.7758115198849993,0.9001166603562201,4.3265978403376035,4.709770154135349,0.5181839972364761,FALSE
2018-07-01,2.61,4.36,4,0.3704179864602378,0.9603086455870875,-0.05098753323748473,3.0110264914478733,0.12756920472900285,0.20424283857220144,0.8396882731157456,0.03163674622224182,4.506256751953369,0.09927772767818703,BASE,Interanual base,0.777681389932118,0.9016951562993731,4.311675981237148,4.700837522669591,0.5062567519533694,FALSE
2018-08-01,3.36,4.33,4,0.37041798646023777,0.9603086455870876,-0.050987533237484756,3.017640105020395,0.12653288861925516,0.20424283857220144,0.8409905750741573,0.03155695738482368,4.509161170075647,0.10165784312452567,BASE,Interanual base,0.7791400751382376,0.902841075010077,4.309915458805554,4.70840688134574,0.5091611700756467,FALSE
2018-09-01,4.55,4.32,4,0.3704179864602377,0.9603086455870877,-0.05098753323748484,3.0047145524918872,0.12495778444201679,0.20424283857220144,0.8429699530220884,0.03126139491820341,4.479304327910214,0.09955652432993509,BASE,Interanual base,0.7816987448759263,0.9042411611682506,4.284177125797555,4.674431530022872,0.4793043279102136,FALSE
2018-10-01,4.34,4.32,4,0.3704179864602376,0.9603086455870877,-0.05098753323748484,2.9894309553346314,0.12329897308031094,0.20424283857220146,0.8450545228407621,0.030866836692131208,4.445526884996255,0.09650501680378462,BASE,Interanual base,0.7845566346075055,0.9055524110740187,4.256380527733405,4.6346732422591055,0.44552688499625503,FALSE
2018-11-01,3.15,4.47,4,0.37041798646023766,0.9603086455870876,-0.05098753323748484,2.998199664572062,0.12279637927859745,0.2042428385722015,0.8456861147711592,0.030688060244266034,4.455236834153785,0.09695446121717999,BASE,Interanual base,0.7855386219370023,0.9058336076053161,4.2652095820276275,4.645264086279943,0.45523683415378535,FALSE
2018-12-01,2.31,4.38,4,0.3704179864602376,0.9603086455870877,-0.05098753323748478,2.994910267425551,0.12174089351334372,0.2042428385722015,0.8470125065605336,0.030631894383825208,4.443379796592181,0.09903205430483739,BASE,Interanual base,0.7869750967900014,0.9070499163310658,4.249280536839684,4.637479056344677,0.44337979659218085,FALSE
2019-01-01,4.1,4.07,4,0.3704179864602376,0.9603086455870877,-0.05098753323748474,2.9727151308106037,0.1200562266612404,0.2042428385722015,0.849129568063418,0.030451102584230925,4.399453926813969,0.09905862527501819,BASE,Interanual base,0.7894465037087908,0.9088126324180452,4.205302588916885,4.593605264711053,0.39945392681396896,FALSE
2019-02-01,4.46,4.25,4,0.37041798646023755,0.9603086455870876,-0.05098753323748462,2.9664372203429643,0.11876002383193063,0.2042428385722015,0.8507584605096814,0.03005335576395199,4.381757404288721,0.09542994717315195,BASE,Interanual base,0.7918549655977662,0.9096619554215966,4.194718144782783,4.568796663794659,0.38175740428872107,FALSE
2019-03-01,4.17,4.35,4,0.3704179864602374,0.9603086455870876,-0.05098753323748462,2.967543618544923,0.11778368483449395,0.20424283857220146,0.8519853913433102,0.029680798098555415,4.37707922359485,0.093495832211264715,BASE,Interanual base,0.7938120960377367,0.9101586866488837,4.193830759756172,4.560327687433529,0.37707922359485035,FALSE
2019-04-01,4.75,4.3,4,0.37041798646023716,0.9603086455870876,-0.05098753323748462,2.970972893985593,0.11691680006801068,0.20424283857220146,0.8530747748996301,0.029397987920065212,4.376541324140517,0.09279050441084291,BASE,Interanual base,0.7954557773583587,0.91069377244090155,4.19467527738796,4.5584073708930735,0.37654132414051666,FALSE
2019-05-01,4.54,4.39,4,0.37041798646023755,0.9603086455870876,-0.05098753323748462,2.984420690697361,0.11649129374245634,0.2042428385722015,0.8536094937135844,0.029104488370167977,4.393597312444148,0.09223023937369002,BASE,Interanual base,0.7965657447195903,0.9106532427075785,4.212829364986208,4.574365259902088,0.39359731244414764,FALSE
2019-06-01,4.8,4.36,4,0.37041798646023755,0.9603086455870876,-0.050987533237484506,3.0034136055990746,0.11634406348192847,0.2042428385722015,0.8537945127968732,0.028934402467626515,4.420600095405228,0.09246541598811109,BASE,Interanual base,0.7970841260461384,0.910504899547608,4.239371210253016,4.60182898055744,0.420600095405228,FALSE
2019-07-01,4.37,4.6,4,0.37041798646023755,0.9603086455870875,-0.05098753323748462,3.0369615050972008,0.11689496762411258,0.20424283857220144,0.8531022109629876,0.028846321357501255,4.473605295473903,0.0935686445942979,BASE,Interanual base,0.7965644600158166,0.9096399619101585,4.290214121986851,4.656996468960956,0.4736052954739032,FALSE
2019-08-01,3.01,4.53,4,0.3704179864602377,0.9603086455870876,-0.05098753323748462,3.0467400156217965,0.11624047314113901,0.20424283857220144,0.853924691129926,0.028924322023087756,4.4836868146739395,0.09629199245949033,BASE,Interanual base,0.7972340616874353,0.9106153205724167,4.294957977453736,4.672415651894143,0.4836868146739395,FALSE
2019-09-01,1.8,4.34,4,0.37041798646023766,0.9603086455870876,-0.050987533237484645,3.048888856063894,0.11523372246890887,0.20424283857220144,0.8551898392442374,0.029169856335202533,4.480211380710543,0.10258827265496989,BASE,Interanual base,0.7980179713930329,0.912361707095442,4.279142061070627,4.681280700350459,0.4802113807105428,FALSE
2019-10-01,2.17,4.22,4,0.3704179864602377,0.9603086455870876,-0.05098753323748467,3.0469772520780767,0.11409784644917009,0.20424283857220146,0.8566172546352603,0.029351557609088873,4.469941487080839,0.10923985591738414,BASE,Interanual base,0.7990892588312936,0.914145250439227,4.255835303806421,4.684047670355257,0.46994148708083916,FALSE
2019-11-01,2.92,4.25,4,0.3704179864602376,0.9603086455870876,-0.05098753323748467,3.0277398706512524,0.11263248465157165,0.20424283857220144,0.8584587231995761,0.02937243453153257,4.432192209685111,0.11080281256541569,BASE,Interanual base,0.8008898093795116,0.9160276370196405,4.215022687671154,4.649361731699067,0.43219220968511074,FALSE
2019-12-01,3.41,4.1,4,0.3704179864602375,0.9603086455870875,-0.05098753323748467,2.983773530967335,0.11060018299410948,0.2042428385722014,0.8610126451194438,0.02927790534136447,4.354875780129138,0.10889555302475701,BASE,Interanual base,0.8036290051075965,0.918396285131291,4.141444418124043,4.568307142134233,0.354875780129138,FALSE
2020-01-01,1.78,4.11,4,0.37041798646023755,0.9603086455870876,-0.050987533237484645,2.9557520340728693,0.10905977873974072,0.20424283857220135,0.8629484168963574,0.029216070436949213,4.304300713223428,0.10906197632647552,BASE,Interanual base,0.8056859710701515,0.9202108627225632,4.090543167540776,4.5180582589060805,0.30430071322342833,FALSE
2020-02-01,1.24,3.85,4,0.37041798646023755,0.9603086455870875,-0.05098753323748463,2.9394701079228756,0.10794231377644747,0.20424283857220132,0.8643526957611409,0.02931577228067379,4.273635729092131,0.11445388016564415,BASE,Interanual base,0.8068948379120426,0.9218105536102392,4.0493102460766055,4.497961212107657,0.2736357290921312,FALSE
2020-03-01,1.77,3.99,4,0.3704179864602375,0.9603086455870876,-0.05098753323748462,2.9490054591105426,0.10731036294914519,0.2042428385722013,0.8651468461099339,0.029336628219257053,4.28356332780881,0.1186521064047384,BASE,Interanual base,0.8076481113723486,0.9226455808475191,4.051009472565709,4.516117183051912,0.28356332780881033,FALSE
2020-04-01,1.88,3.97,4,0.3704179864602376,0.9603086455870876,-0.05098753323748467,2.932606381641101,0.10633865403173777,0.20424283857220132,0.8663679584850508,0.02924332741012197,4.253738984637327,0.1171309108173383,BASE,Interanual base,0.8090520899730987,0.9236838269970028,4.02416661795897,4.483311351315683,0.2537389846373266,FALSE
2020-05-01,1.8,3.96,4,0.37041798646023755,0.9603086455870876,-0.050987533237484645,2.9089032754483988,0.10523035880334411,0.20424283857220132,0.8677607140669233,0.029077397509054623,4.21258561491409,0.11367755126058927,BASE,Interanual base,0.8107700621850216,0.9247513659488251,3.9897817085926293,4.4353895212355505,0.21258561491409012,FALSE
2020-06-01,2.39,3.77,4,0.37041798646023766,0.9603086455870876,-0.05098753323748467,2.876152677631448,0.10394235968600966,0.20424283857220132,0.8693792971972636,0.02883576219478101,4.157402632019624,0.10853633916463003,BASE,Interanual base,0.8128622418287311,0.925896352565796,3.9446753162431247,4.370129947796123,0.15740263201962357,FALSE
2020-07-01,2.88,3.9,4,0.37041798646023766,0.9603086455870877,-0.050987533237484645,2.8651680100878814,0.10306828510922664,0.20424283857220132,0.8704777159349784,0.028495645494432197,4.136298572189244,0.10227986759325493,BASE,Interanual base,0.8146272770496702,0.9263281548202865,3.9358337153629384,4.336763429015549,0.13629857218924357,FALSE
2020-08-01,4.19,3.92,4,0.3704179864602376,0.9603086455870877,-0.050987533237484645,2.850236855297619,0.10209455990412798,0.2042428385722013,0.8717013621078278,0.028052581942638693,4.108967167952987,0.09570763570279785,BASE,Interanual base,0.8167193118268973,0.9266834123887583,3.921383648930024,4.296550686975951,0.10896716795298733,FALSE
2020-09-01,4.97,3.99,4,0.3704179864602375,0.9603086455870876,-0.050987533237484645,2.8397455115175525,0.10125592631859791,0.2042428385722013,0.8727552433999866,0.027507783970097132,4.088899152311862,0.09077741648600185,BASE,Interanual base,0.8188409775240879,0.9266695092758852,3.910978685389706,4.266819619234019,0.0888991523118623,FALSE
2020-10-01,5.34,4.15,4,0.37041798646023777,0.9603086455870876,-0.05098753323748467,2.845173766187666,0.10112201430992201,0.20424283857220132,0.8729235259052116,0.02702311226427582,4.095925433650498,0.08964405429507162,BASE,Interanual base,0.8199591991170484,0.9258878526933748,3.9202263158040047,4.271624551496991,0.095925433650498,FALSE
2020-11-01,5.46,4.27,4,0.37041798646023794,0.9603086455870876,-0.05098753323748478,2.853306292747157,0.10113009897759684,0.20424283857220132,0.8729133661880684,0.02667789245007244,4.107680865013393,0.09033862139748693,BASE,Interanual base,0.8206256578024934,0.9252010745736433,3.930620420661319,4.284741309365467,0.10768086501339269,FALSE
2020-12-01,4.82,4.26,4,0.37041798646023816,0.9603086455870877,-0.05098753323748484,2.85524261295662,0.10078861009422173,0.2042428385722013,0.8733425032413402,0.02648449689569411,4.10844865926334,0.09134935560387993,BASE,Interanual base,0.8214338431771169,0.9252511633055636,3.929407212268793,4.287490106257887,0.10844865926334002,FALSE
2021-01-01,5.24,4.12,4,0.37041798646023844,0.9603086455870876,-0.05098753323748495,2.860946699268643,0.10066446539023162,0.20424283857220132,0.873498511518749,0.026432214490476322,4.115921107469125,0.09205831862564724,BASE,Interanual base,0.8216923230857777,0.9253046999517204,3.9354901184855438,4.296352096452707,0.11592110746912532,FALSE
2021-02-01,6,4.39,4,0.3704179864602382,0.9603086455870876,-0.05098753323748484,2.88717397428408,0.10158543383880538,0.20424283857220138,0.8723411629038509,0.026298540265409363,4.159163877664468,0.09276620548359668,BASE,Interanual base,0.8207969711376721,0.9238853546700296,3.9773454559341763,4.340982299394759,0.1591638776644677,FALSE
2021-03-01,5.84,4.34,4,0.3704179864602376,0.9603086455870877,-0.05098753323748484,2.8858793145973283,0.10098276467942738,0.20424283857220138,0.8730985160117973,0.02610897514946295,4.153692663551787,0.09342142639641587,BASE,Interanual base,0.8219258650455987,0.9242711669779959,3.9705900324304526,4.336795294673122,0.15369266355178723,FALSE
2021-04-01,5.2,4.39,4,0.37041798646023794,0.9603086455870877,-0.05098753323748484,2.894908103538831,0.1010345018447787,0.20424283857220138,0.8730334997381662,0.026148189734015333,4.166998245424132,0.09283699927381607,BASE,Interanual base,0.8217839895985762,0.9242830098777562,3.9850410704146815,4.348955420433582,0.1669982454241321,FALSE
2021-05-01,5.17,4.41,4,0.3704179864602378,0.9603086455870876,-0.05098753323748478,2.8999619957438303,0.10084098837855357,0.20424283857220135,0.8732766812960651,0.026356847791765264,4.173110524998999,0.09149118382942475,BASE,Interanual base,0.8216182088782011,0.924935153713929,3.9937910997903936,4.352429950207605,0.17311052499899926,FALSE
2021-06-01,3.91,4.23,4,0.37041798646023794,0.9603086455870877,-0.050987533237484894,2.8860251810375797,0.09960415880678292,0.20424283857220138,0.8748309614605708,0.02658716623138014,4.145676554107641,0.0903992522847657,BASE,Interanual base,0.8227210731960862,0.9269408497250554,3.9684972754001495,4.322855832815131,0.14567655410764058,FALSE
2021-07-01,3.82,4.12,4,0.3704179864602381,0.9603086455870877,-0.050987533237484894,2.8873787356325984,0.09920250898288743,0.20424283857220138,0.8753357006490624,0.02695136405552514,4.145229273105679,0.08994092871640927,BASE,Interanual base,0.8225119977660058,0.928159403532119,3.9689482920854324,4.321510254125926,0.145229273105679,FALSE
2021-08-01,3.62,4.14,4,0.370417986460238,0.9603086455870876,-0.05098753323748492,2.89282902998945,0.098970092750468,0.20424283857220135,0.8756277699431703,0.027187804866189626,4.151668651774401,0.09022602731558195,BASE,Interanual base,0.8223406515867357,0.9289148882996048,3.9748288877677327,4.3285084157810685,0.1516686517744006,FALSE
2021-09-01,3.67,4.2,4,0.3704179864602382,0.9603086455870876,-0.050987533237484964,2.8923873653780117,0.09849988601076975,0.20424283857220138,0.8762186621933318,0.02733790811471664,4.148235475417704,0.09100900882212297,BASE,Interanual base,0.8226373468758219,0.9297999775108416,3.969861095857655,4.326609854977753,0.148235475417704,FALSE
2021-10-01,2.96,3.89,4,0.3704179864602382,0.9603086455870877,-0.05098753323748495,2.869448812591664,0.09716927519959823,0.2042428385722014,0.8778907939386297,0.027408003999041995,4.10749866861323,0.09161636754499218,BASE,Interanual base,0.8241720932123776,0.9316094946648817,3.9279338878306613,4.2870634493957995,0.10749866861323021,FALSE
2021-11-01,2.89,4.08,4,0.3704179864602382,0.9603086455870877,-0.05098753323748495,2.8878620933250296,0.09744202891795421,0.20424283857220138,0.8775480339465404,0.02748754911945203,4.135471163206274,0.09348040595818759,BASE,Interanual base,0.8236734276491388,0.931422640243942,3.952252934268043,4.318689392144505,0.13547116320627417,FALSE
2021-12-01,3.07,4.02,4,0.3704179864602382,0.9603086455870876,-0.05098753323748496,2.8829835350736017,0.09698638768494756,0.20424283857220138,0.8781206222374067,0.027430223264891463,4.125792954435362,0.09402290185419424,BASE,Interanual base,0.8243583725503267,0.9318828719244867,3.9415114530791975,4.310074455791527,0.12579295443536243,FALSE
2022-01-01,2.87,4.09,4,0.37041798646023827,0.9603086455870876,-0.05098753323748495,2.873110886323907,0.09637826195636512,0.20424283857220138,0.8788848324237044,0.0272578118365279,4.108089175260085,0.09338855721691171,BASE,Interanual base,0.8254605029267401,0.9323091619206687,3.92505096654678,4.29112738397339,0.10808917526008521,FALSE
2022-02-01,2.98,3.92,4,0.3704179864602382,0.9603086455870876,-0.05098753323748495,2.8419199785814873,0.09507868500930533,0.20424283857220135,0.8805179650049155,0.02698300461274888,4.05595444162623,0.09194938436091775,BASE,Interanual base,0.8276322477692496,0.9334036822405815,3.8757369598782003,4.2361719233742585,0.055954441626229645,FALSE
2022-03-01,4.17,3.8,4,0.37041798646023827,0.9603086455870875,-0.05098753323748494,2.8171594256170644,0.09397408725503623,0.20424283857220138,0.8819060741012724,0.02656405496644252,4.014288074613134,0.09016980216684597,BASE,Interanual base,0.8298414830837028,0.9339706651188421,3.837558509873014,4.1910176393532534,0.014288074613133972,FALSE
2022-04-01,4.62,3.94,4,0.3704179864602384,0.9603086455870876,-0.05098753323748495,2.8132654979065754,0.09352645099784514,0.20424283857220135,0.8824686028209485,0.025956701636188018,4.006184087540266,0.08966839011115366,BASE,Interanual base,0.8315944024565681,0.9333428031853289,3.8304372723707174,4.181930902709815,0.006184087540265892,FALSE
2022-05-01,5.82,4.01,4,0.37041798646023816,0.9603086455870876,-0.05098753323748492,2.8177736600874486,0.0934489792825503,0.20424283857220132,0.8825659587971811,0.025248343658783215,4.012161230245625,0.09253226548926773,BASE,Interanual base,0.8330801145566757,0.9320518030376865,3.830801322478762,4.193521138012488,0.012161230245625099,FALSE
2022-06-01,7.55,4.16,4,0.3704179864602384,0.9603086455870876,-0.050987533237485005,2.831714326105081,0.09383191296095059,0.20424283857220135,0.882084739529593,0.02438165125890983,4.034210668857032,0.09960471249047395,BASE,Interanual base,0.834297581178514,0.9298718978806719,3.838989019685236,4.229432318028827,0.034210668857031834,FALSE
2022-07-01,8.36,4.51,4,0.3704179864602381,0.9603086455870876,-0.05098753323748484,2.853510272210517,0.09469785661037673,0.20424283857220138,0.8809965386419347,0.023436625877162002,4.07028371580299,0.11032283105059094,BASE,Interanual base,0.8350615960035578,0.9269314812803117,3.8540549402713347,4.286512491334645,0.07028371580299009,FALSE
2022-08-01,8.87,4.55,4,0.3704179864602388,0.9603086455870876,-0.05098753323748506,2.8557115078284596,0.09400080651667736,0.20424283857220135,0.88187249694616,0.022679623556001772,4.069377481006411,0.12091159498701703,BASE,Interanual base,0.8374212515934703,0.9263237422988497,3.832395109518564,4.306359852494258,0.06937748100641095,FALSE
2022-09-01,9.03,4.61,4,0.3704179864602388,0.9603086455870875,-0.05098753323748495,2.860620075785093,0.09354287828564278,0.20424283857220132,0.8824479592269052,0.0221862858403799,4.073713885432305,0.12959783031349925,BASE,Interanual base,0.8389636380290496,0.9259322804247608,3.819706805543313,4.327720965321297,0.07371388543230495,FALSE
2022-10-01,9.7,4.67,4,0.37041798646023893,0.9603086455870875,-0.05098753323748506,2.8675869197265773,0.0932778351470166,0.20424283857220135,0.8827810296049972,0.02190555810828282,4.082094394021211,0.13583059292866867,BASE,Interanual base,0.8398469246515134,0.9257151345584809,3.815871323882299,4.3483174641601225,0.08209439402121088,FALSE
2022-11-01,9.17,4.8,4,0.37041798646023893,0.9603086455870875,-0.05098753323748506,2.870596301591665,0.09263524072679613,0.20424283857220132,0.8835885553821671,0.021710639140102028,4.0826437308763195,0.14065840161673443,BASE,Interanual base,0.8410364845862215,0.9261406261781127,3.8069583295845497,4.358329132168089,0.08264373087631949,FALSE
2022-12-01,9.24,4.71,4,0.3704179864602383,0.9603086455870874,-0.05098753323748484,2.8571767507227244,0.09030899356278425,0.20424283857220138,0.8865118682680203,0.02177369103735882,4.050158297766587,0.14259516733612757,BASE,Interanual base,0.8438362180242944,0.9291875185117462,3.770676905418315,4.32963969011486,0.05015829776658709,FALSE
2023-01-01,9.69,4.62,4,0.3704179864602382,0.9603086455870873,-0.05098753323748484,2.834303490122448,0.08706685699219266,0.20424283857220135,0.8905861471155702,0.021835535403047193,3.999354121797475,0.14411977036885573,BASE,Interanual base,0.8477892841424484,0.933383010088692,3.716884562414335,4.281823681180615,-6.458782025249299e-4,FALSE
2023-02-01,9.92,4.49,4,0.37041798646023816,0.9603086455870873,-0.05098753323748484,2.8073319479863046,0.08342464193625947,0.20424283857220138,0.89516319050579,0.02190591083539522,3.9410413973380996,0.1449401945605489,BASE,Interanual base,0.8522283942198696,0.9380979867917103,3.6569638360871957,4.225118958589004,-0.05895860266190045,FALSE
2023-03-01,8.71,4.43,4,0.37041798646023827,0.9603086455870873,-0.05098753323748495,2.7951450837050027,0.08129601280289923,0.20424283857220138,0.8978381637721831,0.02221651092192919,3.912242238902324,0.14213270043314796,BASE,Interanual base,0.8542946025030611,0.941381725041305,3.633667265027934,4.1908172127767145,-0.08775776109767586,FALSE
2023-04-01,8.32,4.39,4,0.3704179864602384,0.9603086455870872,-0.05098753323748495,2.8018664002266624,0.08114906060776297,0.20424283857220135,0.898022833420487,0.023007815467358982,3.9208433223908754,0.13350132596657766,BASE,Interanual base,0.8529283437415198,0.9431173230994543,3.6591855316080415,4.18250111317371,-0.07915667760912459,FALSE
2023-05-01,6.54,4.3,4,0.37041798646023827,0.9603086455870873,-0.05098753323748484,2.8135936381750986,0.08146276111190225,0.20424283857220132,0.897628617044757,0.023956842585931008,3.9389831936674673,0.1228481339423699,BASE,Interanual base,0.8506740683930368,0.9445831656964773,3.69820527557247,4.179761111762465,-0.0610168063325327,FALSE
2023-06-01,4.93,4.24,4,0.3704179864602384,0.9603086455870873,-0.05098753323748495,2.8440878609272113,0.08342610194504725,0.20424283857220135,0.8951613557641646,0.025250001369592955,3.9926489559396776,0.10924064551205624,BASE,Interanual base,0.8456722624701754,0.9446504490581538,3.7785412250881403,4.2067566867912145,-0.007351044060322387,FALSE
2023-07-01,4.53,4.21,4,0.3704179864602383,0.9603086455870873,-0.05098753323748484,2.88054102561429,0.0858011783018706,0.2042428385722014,0.8921766809513588,0.026501452062832987,4.0573515740106885,0.09848983512651341,BASE,Interanual base,0.8402347893701915,0.9441185725325262,3.8643150443194343,4.250388103701942,0.057351574010688466,FALSE
2023-08-01,4.47,4.17,4,0.37041798646023777,0.9603086455870874,-0.05098753323748467,2.9083626167568206,0.0877266732629805,0.20424283857220132,0.8897569792453068,0.0274724866540192,4.107679916856631,0.09300186004874562,BASE,Interanual base,0.8359118948376719,0.9436020636529417,3.925399620665855,4.289960213047406,0.1076799168566307,FALSE
2023-09-01,4.69,4.15,4,0.3704179864602378,0.9603086455870873,-0.05098753323748467,2.93525146607453,0.08960752751443325,0.20424283857220135,0.8873933759469363,0.028219810159344348,4.15669898433261,0.09052421217470788,BASE,Interanual base,0.832083564384064,0.9427031875098087,3.97927478874132,4.3341231799239,0.15669898433260965,FALSE
2023-10-01,4.98,4.32,4,0.3704179864602377,0.9603086455870873,-0.05098753323748467,2.9701363445938624,0.09186600032550339,0.20424283857220138,0.8845552327035656,0.028816642033172298,4.219596023826499,0.0894738601659648,BASE,Interanual base,0.8280756521631648,0.9410348132439664,4.044230480343435,4.394961567309563,0.21959602382649912,FALSE
2023-11-01,4.3,4.43,4,0.3704179864602378,0.9603086455870872,-0.05098753323748462,2.9897916970596583,0.09336984904227211,0.20424283857220138,0.8826653989833507,0.029363253335314834,4.256614042337115,0.08891758816816718,BASE,Interanual base,0.825114479977208,0.9402163179894935,4.082338771935342,4.430889312738888,0.25661404233711504,FALSE
2023-12-01,4.18,4.32,4,0.3704179864602379,0.9603086455870872,-0.05098753323748478,2.989633360669789,0.09383122163218338,0.20424283857220135,0.8820856082981077,0.030016032876810227,4.259186320340722,0.08899748719128292,BASE,Interanual base,0.8232552649007895,0.9409159516954259,4.084754450731243,4.4336181899502005,0.25918632034072164,FALSE
2024-01-01,3.82,4.29,4,0.3704179864602376,0.9603086455870873,-0.05098753323748473,2.9847621321956144,0.09407848893704852,0.20424283857220135,0.8817748761842785,0.03064581733244048,4.253744982159139,0.0895759556199841,BASE,Interanual base,0.8217101779359018,0.9418395744326552,4.078179335263212,4.429310629055066,0.2537449821591391,FALSE
2024-02-01,3.3,4.28,4,0.37041798646023755,0.9603086455870872,-0.05098753323748473,2.9735646948557415,0.09404637885887986,0.20424283857220138,0.8818152277886688,0.03127956575022003,4.23759299232899,0.09084545456006127,BASE,Interanual base,0.820508405466185,0.9431220501111527,4.0595391732321,4.41564681142588,0.2375929923289899,FALSE
2024-03-01,3.24,4.14,4,0.3704179864602373,0.9603086455870872,-0.05098753323748462,2.94722901207987,0.09340331220736925,0.20424283857220135,0.8826233470022701,0.03188070733379956,4.196216786383555,0.09235445953637873,BASE,Interanual base,0.820138308826361,0.9451083851781792,4.015205371880591,4.3772282008865195,0.19621678638355533,FALSE
2024-04-01,3.36,4.02,4,0.3704179864602371,0.9603086455870872,-0.05098753323748456,2.9186792722174983,0.09268305321857964,0.20424283857220135,0.8835284711075905,0.03238372059054869,4.151310990034304,0.09296820781759417,BASE,Interanual base,0.8200575450647068,0.9469993971504741,3.9690966510045844,4.333525329064024,0.15131099003430393,FALSE
2024-05-01,3.76,3.99,4,0.37041798646023716,0.9603086455870871,-0.05098753323748462,2.899628792065839,0.0922879610382612,0.20424283857220132,0.8840249695363442,0.03280509017713794,4.121898713490519,0.09295379019159589,BASE,Interanual base,0.8197281742795652,0.9483217647931232,3.9397126324884986,4.30408479449254,0.12189871349051895,FALSE
2024-06-01,3.62,4.02,4,0.3704179864602375,0.9603086455870871,-0.05098753323748467,2.8892745158157345,0.09220157155817162,0.20424283857220132,0.8841335321535309,0.03318287995859836,4.1066755170705616,0.09286991386031232,BASE,Interanual base,0.8190962825313621,0.9491707817756996,3.9246538306570122,4.28869720348411,0.10667551707056155,FALSE
2024-07-01,3.78,4.07,4,0.37041798646023744,0.9603086455870873,-0.05098753323748462,2.88550679126598,0.09237683005841069,0.20424283857220135,0.8839132909684881,0.03363686125289812,4.102342164797646,0.0942511501220936,BASE,Interanual base,0.817986254359837,0.9498403275771393,3.9176133050568644,4.287071024538427,0.10234216479764591,FALSE
2024-08-01,3.07,4.02,4,0.3704179864602374,0.9603086455870873,-0.05098753323748462,2.8755467689927583,0.09231526121916962,0.20424283857220135,0.8839906623604472,0.034156222274598164,4.087824123271474,0.09684600463388071,BASE,Interanual base,0.8170456968542901,0.9509356278666043,3.898009442142469,4.27763880440048,0.08782412327147426,FALSE
2024-09-01,2.11,3.97,4,0.3704179864602373,0.9603086455870871,-0.05098753323748456,2.873215297067005,0.09255834523564277,0.20424283857220132,0.8836851872378143,0.034859735231345695,4.085921692282643,0.10366474535675355,BASE,Interanual base,0.8153613616737747,0.9520090128018539,3.88274252491689,4.2891008596483955,0.08592169228264268,FALSE
2024-10-01,1.16,3.96,4,0.3704179864602372,0.9603086455870871,-0.05098753323748456,2.8726808914300337,0.09285971654825426,0.20424283857220132,0.8833064645228711,0.03562376525767037,4.086913265024495,0.11375715850665039,BASE,Interanual base,0.8134851676241279,0.9531277614216143,3.863953331367846,4.309873198681144,0.08691326502449481,FALSE
2024-11-01,1.66,3.66,4,0.37041798646023716,0.9603086455870873,-0.050987533237484534,2.8549682311416813,0.0927781459249621,0.20424283857220132,0.8834089714524296,0.036326457066936844,4.061242466959757,0.12263670819389959,BASE,Interanual base,0.8122104239152929,0.9546075189895663,3.820878935717166,4.301605998202349,0.0612424669597571,FALSE
2024-12-01,1.7,3.95,4,0.37041798646023727,0.9603086455870872,-0.05098753323748459,2.8610140069703744,0.09298774573718084,0.20424283857220132,0.8831455747500453,0.03693026587222481,4.071056513122202,0.12716392760511214,BASE,Interanual base,0.810763583700996,0.9555275657990946,3.8218197948835235,4.32029323136088,0.07105651312220207,FALSE
2025-01-01,2.19,3.76,4,0.37041798646023727,0.9603086455870872,-0.05098753323748456,2.82715454458055,0.09249748835332328,0.20424283857220135,0.8837616639385836,0.03747123201676983,4.020072034304111,0.12767599856242864,BASE,Interanual base,0.8103193987293705,0.9572039291477966,3.7698316754315635,4.270312393176659,0.02007203430411142,FALSE
2025-02-01,1.79,3.79,4,0.3704179864602373,0.9603086455870872,-0.05098753323748456,2.7999409564107895,0.09212659472530735,0.20424283857220132,0.884227752898877,0.03797779099564885,3.979277036716142,0.12736898976768105,BASE,Interanual base,0.8097926503350157,0.9586628554627383,3.7296384040242363,4.228915669408047,-0.020722963283858142,FALSE
2025-03-01,1.57,3.71,4,0.37041798646023727,0.9603086455870872,-0.0509875332374846,2.7683872747427287,0.0916552823874998,0.20424283857220132,0.8848200345152458,0.03853199034485121,3.931799299436724,0.12936939188780663,BASE,Interanual base,0.8092987211866923,0.9603413478437993,3.678239950634775,4.185358648238673,-0.06820070056327587,FALSE
2025-04-01,1.47,3.62,4,0.37041798646023727,0.9603086455870872,-0.0509875332374846,2.7360936170611545,0.09116997604194856,0.20424283857220135,0.885429901908309,0.03907707089436843,3.8832577058051365,0.13145670366713696,BASE,Interanual base,0.8088402503340284,0.9620195534825895,3.625607301091194,4.14090811051908,-0.11674229419486348,FALSE
2025-05-01,1.69,3.55,4,0.37041798646023727,0.9603086455870872,-0.05098753323748462,2.7074197192087364,0.0907447111012298,0.20424283857220138,0.8859643173824414,0.039594252370464406,3.8402438396011767,0.13281312296682704,BASE,Interanual base,0.8083610087415415,0.9635676260233413,3.579934901911906,4.1005527772904475,-0.15975616039882334,FALSE
2025-06-01,1.79,3.53,4,0.3704179864602373,0.9603086455870871,-0.05098753323748462,2.685181402880582,0.09041939472654632,0.20424283857220138,0.8863731310135996,0.04007876534558758,3.806944033974999,0.13325152054626552,BASE,Interanual base,0.807820194391416,0.9649260676357833,3.5457758528191197,4.068112215130879,-0.19305596602500108,FALSE
2025-07-01,1.17,3.54,4,0.3704179864602373,0.9603086455870871,-0.05098753323748459,2.669992661567839,0.09021994801723082,0.20424283857220135,0.8866237686691347,0.04056501513382634,3.784339948081677,0.13479747821771204,BASE,Interanual base,0.8071177999745128,0.9661297373637566,3.520141745568139,4.048538150595215,-0.21566005191832316,FALSE
2025-08-01,1.17,3.49,4,0.3704179864602374,0.9603086455870873,-0.0509875332374846,2.6574622259682923,0.09007077368168981,0.20424283857220138,0.8868112308030266,0.0410777921351518,3.7657836003553347,0.1384527034292934,BASE,Interanual base,0.8063002376537064,0.9673222239523468,3.4944212880717145,4.037145912638955,-0.23421639964466534,FALSE
2025-09-01,1.47,3.42,4,0.3704179864602373,0.9603086455870872,-0.0509875332374846,2.644049785530023,0.08991069679165278,0.20424283857220138,0.8870123937931903,0.04154682970747034,3.7459276457423276,0.13959675824986575,BASE,Interanual base,0.8055821038947296,0.968442683691651,3.472323027214046,4.019532264270609,-0.2540723542576724,FALSE
2025-10-01,1.26,3.37,4,0.3704179864602374,0.9603086455870873,-0.0509875332374846,2.6396066091642916,0.08986148991734177,0.20424283857220135,0.8870742303391822,0.041975744916869014,3.7393721419429182,0.13902526113520006,BASE,Interanual base,0.8048032820778788,0.9693451786004856,3.46688763717665,4.0118566467091865,-0.2606278580570818,FALSE
2025-11-01,1.73,3.3,4,0.3704179864602374,0.9603086455870873,-0.05098753323748459,2.6565375446822768,0.09014423623560579,0.20424283857220135,0.8867189129987053,0.04239539939799111,3.7648651971032083,0.1398572202455499,BASE,Interanual base,0.8036254570684517,0.969812368928959,3.4907500824440447,4.038980311762372,-0.23513480289679167,FALSE
2025-12-01,1.65,3.72,4,0.3704179864602373,0.9603086455870873,-0.05098753323748459,2.707256705283844,0.09087677003171586,0.2042428385722014,0.8857983635753162,0.042776415345566754,3.840732042385041,0.1408834406423323,BASE,Interanual base,0.8019581301102788,0.9696385970403535,3.564605572707983,4.116858512062098,-0.15926795761495915,FALSE
2026-01-01,0.96,3.64,4,0.3704179864602374,0.9603086455870872,-0.050987533237484596,2.719259147654056,0.09090165779275561,0.20424283857220138,0.8857670880025081,0.043158809956401874,3.8578958859375274,0.1399057700634382,BASE,Interanual base,0.8011773748723517,0.9703568011326645,3.5836856153838466,4.132106156491209,-0.1421041140624726,FALSE
2026-02-01,1.56,3.62,4,0.37041798646023744,0.9603086455870873,-0.0509875332374846,2.728921897197035,0.09088575926175477,0.20424283857220144,0.8857870671265067,0.04353503177752562,3.871517398508663,0.1393005640320351,BASE,Interanual base,0.8004599727767497,0.9711141614762636,3.5984933099797582,4.144541487037567,-0.12848260149133717,FALSE
2026-03-01,2.5,3.61,4,0.3704179864602375,0.9603086455870872,-0.0509875332374846,2.7257056345222863,0.0907392360551434,0.2042428385722014,0.8859711976800394,0.04382843886523759,3.8661508259971478,0.1319235590717845,BASE,Interanual base,0.8000690360055582,0.9718733593545206,3.607585401504108,4.124716250490188,-0.13384917400285223,FALSE
2026-04-01,3.24,3.71,4,0.3704179864602375,0.9603086455870872,-0.0509875332374846,2.7217680220764153,0.09058082394143456,0.2042428385722014,0.8861702686044212,0.044054735133117966,3.8596984575209827,0.12298717593939262,BASE,Interanual base,0.7998245743950586,0.9725159628137837,3.618648022119482,4.100748892922483,-0.14030154247901727,FALSE
2026-05-01,2.86,3.74,4,0.37041798646023744,0.9603086455870873,-0.05098753323748459,2.712612742851493,0.09028459958980117,0.2042428385722014,0.8865425233147676,0.0443358795633561,3.845100276875699,0.11960467222009953,BASE,Interanual base,0.7996457961476842,0.973439250481851,3.610679426941586,4.079521126809812,-0.15489972312430078,FALSE
2026-06-01,2.27,3.71,4,0.37041798646023744,0.9603086455870872,-0.05098753323748459,2.708336540533331,0.09015538971238704,0.20424283857220144,0.8867048968172344,0.044861718127288897,3.838335799453856,0.1299272623564353,BASE,Interanual base,0.7987775450031606,0.9746322486313083,3.583683044625356,4.092988554282356,-0.16166420054614417,FALSE
2011-02-01,5.05429581964405,5.81,5,0.34658582410592736,0.9591484403846058,-0.04517940202446846,3.6705589496030013,0.2093869827513709,0.20803557328359434,0.7356106212756066,0.046469388491749905,6.300551090033794,0.1656938193135069,YOYIPC,Interanual calculada desde IPC,0.6445322934481768,0.8266889491030365,5.975797171718433,6.625305008349155,1.3005510900337942,FALSE
2011-03-01,4.765552937782136,6.13,5,0.34658582410592736,0.9591484403846059,-0.045179402024468476,3.684625602793866,0.2101142561370887,0.20803557328360966,0.7346923055518344,0.045748127935269556,6.3326020840131045,0.14712509118117936,YOYIPC,Interanual calculada desde IPC,0.6450276224385754,0.8243569886650934,6.044242204075822,6.620961963950387,1.3326020840131045,FALSE
2011-04-01,5.606177740459106,6.19,5,0.3465858241059265,0.9591484403846344,-0.04517940202448809,3.6619658437897975,0.20881035812513687,0.20803557328412126,0.7363387153750927,0.04495239471019941,6.2795855178363995,0.13315503625909722,YOYIPC,Interanual calculada desde IPC,0.648233640724273,0.8244437900259123,6.018606442408444,6.540564593264355,1.2795855178363995,FALSE
2011-05-01,6.2006417891272925,5.74,5,0.34658582410722294,0.9591484403844845,-0.045179402024615456,3.585137819103412,0.2046818036239573,0.20803557328447653,0.7415517708632136,0.04388003518988657,6.104620974873344,0.11714335281536462,YOYIPC,Interanual calculada desde IPC,0.6555484822506857,0.8275550594757414,5.875024222326961,6.334217727419728,1.1046209748733444,FALSE
2011-06-01,6.22929132280543,6.16,5,0.3465858241054348,0.9591484403845856,-0.045179402024444926,3.56724603131643,0.20416865180874275,0.2080355732844641,0.7421997189249037,0.04286596254650338,6.068852794802903,0.11162580209434551,YOYIPC,Interanual calculada desde IPC,0.6581839761711142,0.8262154616786931,5.85007024295259,6.287635346653216,1.0688527948029032,FALSE
2011-07-01,6.798302529205191,5.88,5,0.34658582410566285,0.959148440384616,-0.04517940202448756,3.5214684598531485,0.20176347483039292,0.20803557328445876,0.7452366949521301,0.041944081623090795,5.96655842150932,0.10981189458816874,YOYIPC,Interanual calculada desde IPC,0.6630278056062638,0.8274455842979963,5.7513310630424,6.18178577997624,0.9665584215093199,FALSE
2011-08-01,7.352947891525119,5.95,5,0.34658582410572575,0.9591484403846072,-0.04517940202451598,3.5134900203139425,0.2019347843988653,0.20803557328445788,0.7450203852762237,0.041085587004160595,5.954768656229995,0.11117126900550947,YOYIPC,Interanual calculada desde IPC,0.6644941144643821,0.8255466560880653,5.736876972863583,6.1726603395964075,0.9547686562299953,FALSE
2011-09-01,6.996365343283983,6.43,5,0.3465858241056257,0.9591484403846089,-0.04517940202451598,3.5390521375886093,0.20460113772358876,0.20803557328445876,0.7416536263224388,0.04044169193235644,6.025320621692954,0.11245336321827136,YOYIPC,Interanual calculada desde IPC,0.6623893666611561,0.8209178859837215,5.804916079844741,6.245725163541167,1.0253206216929538,FALSE
2011-10-01,6.432642267197952,6.51,5,0.3465858241056444,0.9591484403846092,-0.04517940202450177,3.5333520697991943,0.20475220009353334,0.20803557328445832,0.7414628824394452,0.040222396851542275,6.017163658401874,0.11153188501285735,YOYIPC,Interanual calculada desde IPC,0.6626284332385451,0.8202973316403454,5.798565180648811,6.235762136154937,1.0171636584018744,FALSE
2011-11-01,5.8818313927715415,6.06,5,0.34658582410524663,0.9591484403846143,-0.04517940202442361,3.484251260568421,0.2015806702737665,0.20803557328446143,0.7454675191538986,0.040302142670983074,5.901671959214994,0.1114754065415615,YOYIPC,Interanual calculada desde IPC,0.666476771018977,0.8244582672888203,5.683184177231572,6.120159741198416,0.901671959214994,FALSE
2011-12-01,6.015392281310206,5.62,5,0.34658582410495153,0.9591484403846127,-0.045179402024377424,3.45097112364804,0.1995227212847831,0.20803557328445876,0.7480660563098147,0.040532215474986304,5.824996944026544,0.11040725780484234,YOYIPC,Interanual calculada desde IPC,0.6686243737652245,0.8275077388544049,5.608602695097224,6.041391192955864,0.8249969440265437,FALSE
2012-01-01,5.352383387403403,5.95,4.5,0.34658582410493644,0.9591484403846129,-0.04517940202438098,3.473445630902812,0.20105317380453988,0.20803557328445899,0.7461335799660173,0.040751015049179544,5.878117253295831,0.11025385490491785,YOYIPC,Interanual calculada desde IPC,0.6662630581361756,0.8260041017958589,5.662023668525487,6.094210838066175,1.378117253295831,FALSE
2012-02-01,5.088446492358578,6.11,4.5,0.34658582410476313,0.9591484403846123,-0.04517940202434545,3.4753230350852906,0.20122788289695176,0.2080355732844586,0.7459129777691025,0.041085505723795115,5.883033767676533,0.11494337038315167,YOYIPC,Interanual calculada desde IPC,0.6653868662638498,0.8264390892743552,5.657748901463908,6.108318633889159,1.3830337676765332,FALSE
2012-03-01,4.552530107782715,5.47,4.5,0.34658582410474265,0.959148440384612,-0.04517940202434545,3.409969939349169,0.19746508837141669,0.20803557328445876,0.7506641943624288,0.04138783657827504,5.735868350748803,0.11923651728989478,YOYIPC,Interanual calculada desde IPC,0.6695455252709803,0.8317828634538773,5.502169071218622,5.969567630278984,1.2358683507488033,FALSE
2012-04-01,4.185664357737284,5.54,4.5,0.346585824104726,0.9591484403846121,-0.0451794020243419,3.3899935784540056,0.19622883202568117,0.20803557328445832,0.7522251942053924,0.04179149460126184,5.690433153014524,0.12633642156672586,YOYIPC,Interanual calculada desde IPC,0.6703153699268191,0.8341350184839657,5.442818316808072,5.938047989220976,1.1904331530145242,FALSE
2012-05-01,3.822603636672728,5.28,4.5,0.34658582410473193,0.9591484403846124,-0.04517940202434367,3.345061618552797,0.19374941222025416,0.20803557328445788,0.7553559153865315,0.04214061486284153,5.591737982997659,0.13368080444762356,YOYIPC,Interanual calculada desde IPC,0.6727618279689888,0.8379500028040742,5.329728420855974,5.853747545139343,1.0917379829976586,FALSE
2012-06-01,3.414137613532109,5.11,4.5,0.3465858241047468,0.9591484403846124,-0.04517940202434367,3.306131048378391,0.19154486007254098,0.2080355732844581,0.7581395658553485,0.042464487912618906,5.506367933449043,0.14147516806791974,YOYIPC,Interanual calculada desde IPC,0.6749106989246789,0.841368432786018,5.2290816993291696,5.783654167568917,1.0063679334490434,FALSE
2012-07-01,2.820519486275952,4.9,4.5,0.34658582410476496,0.9591484403846127,-0.04517940202434545,3.2728256342159114,0.18957559672318045,0.20803557328445832,0.7606261211638079,0.042745228311431356,5.433078223341913,0.14954917995649042,YOYIPC,Interanual calculada desde IPC,0.6768470131624607,0.8444052291651551,5.139967216709692,5.726189229974134,0.933078223341913,FALSE
2012-08-01,2.675277268201981,4.55,4.5,0.346585824104757,0.9591484403846122,-0.04517940202434367,3.256994325418662,0.1882591382405202,0.20803557328445826,0.7622883908797847,0.042953649080513925,5.395007112900952,0.1576457084829808,YOYIPC,Interanual calculada desde IPC,0.6781007856774055,0.846475996082164,5.08602720195701,5.703987023844895,0.8950071129009523,FALSE
2012-09-01,3.227736964373751,5.17,4.5,0.3465858241047539,0.9591484403846121,-0.04517940202434367,3.2952635772477112,0.18861237911986561,0.20803557328445832,0.7618423596346562,0.04301172116941262,5.461593426887587,0.16565369117676457,YOYIPC,Interanual calculada desde IPC,0.6775409352295284,0.846143784039784,5.136918158275008,5.7862686955001665,0.9615934268875872,FALSE
2012-10-01,3.293014471840472,4.76,4.5,0.346585824104753,0.9591484403846122,-0.04517940202434323,3.2444887301038428,0.18635897820585545,0.20803557328445843,0.7646876906091238,0.04286029010926528,5.357429887871873,0.15833752655507313,YOYIPC,Interanual calculada desde IPC,0.6806830656280256,0.848692315590222,5.047094038422775,5.667765737320971,0.8574298878718727,FALSE
2012-11-01,3.066584843094766,4.82,4.5,0.34658582410475175,0.9591484403846123,-0.04517940202434456,3.227674337473668,0.18530501870876478,0.20803557328445832,0.7660185073245434,0.042706564217780886,5.3204059722380705,0.15435245995970942,YOYIPC,Interanual calculada desde IPC,0.6823151795542458,0.8497218350948409,5.017880709791879,5.622931234684262,0.8204059722380705,FALSE
2012-12-01,3.388271869386994,4.93,4.5,0.3465858241047545,0.9591484403846123,-0.04517940202434367,3.2125702135439695,0.18431268541297904,0.20803557328445843,0.7672715096846381,0.04252177052008481,5.286860869776334,0.15015164744638151,YOYIPC,Interanual calculada desde IPC,0.6839303709063949,0.8506126484628813,4.992569048562071,5.5811526909905975,0.7868608697763344,FALSE
2013-01-01,3.7844848634885686,4.83,4,0.34658582410475736,0.9591484403846124,-0.045179402024342785,3.1660413785680666,0.1822658834271344,0.2080355732844582,0.7698559717094455,0.04221485731886818,5.19279800389883,0.13991846635636368,YOYIPC,Interanual calculada desde IPC,0.6871163717519668,0.8525955716669242,4.9185628490682785,5.467033158729382,1.1927980038988304,FALSE
2013-02-01,4.0990471327168265,4.61,4,0.346585824104756,0.9591484403846126,-0.045179402024342785,3.1151449143880634,0.18005714991009583,0.20803557328445832,0.7726449019221303,0.041851135352681555,5.090877380395191,0.12892469380148647,YOYIPC,Interanual calculada desde IPC,0.6906181839187635,0.8546716199254971,4.838189623826423,5.343565136963958,1.0908773803951908,FALSE
2013-03-01,4.247019654526163,4.66,4,0.3465858241047569,0.9591484403846127,-0.04517940202434456,3.1044796191061974,0.17951442344233629,0.2080355732844582,0.7733301933941354,0.041515449714250675,5.068951918547597,0.12266896507853292,YOYIPC,Interanual calculada desde IPC,0.6919614071522204,0.8546989796360505,4.828525164972871,5.309378672122324,1.0689519185475973,FALSE
2013-04-01,4.044266936395591,4.93,4,0.34658582410475286,0.9591484403846123,-0.045179402024342785,3.1231103596059775,0.18028570851840137,0.2080355732844582,0.7723563048581771,0.04124331911450829,5.1058018968046195,0.12053128128659846,YOYIPC,Interanual calculada desde IPC,0.6915208847908485,0.8531917249255057,4.86956492647242,5.342038867136819,1.1058018968046195,FALSE
2013-05-01,4.1816672092077845,4.83,4,0.3465858241047527,0.9591484403846122,-0.045179402024342785,3.1266545564028134,0.1803558912213206,0.20803557328445826,0.7722676863539214,0.04102260247847768,5.112182670695177,0.11843560477848779,YOYIPC,Interanual calculada desde IPC,0.6918648629440016,0.8526705097638412,4.880053150842121,5.344312190548234,1.1121826706951774,FALSE
2013-06-01,4.682342088027092,5.21,4,0.34658582410475275,0.9591484403846122,-0.045179402024342785,3.14106214033007,0.18090681638314043,0.2080355732844583,0.7715720425304928,0.04077567732033368,5.140369888563216,0.11683445323690796,YOYIPC,Interanual calculada desde IPC,0.6916531835374121,0.8514909015235735,4.911378568065447,5.369361209060984,1.1403698885632156,FALSE
2013-07-01,4.6310003683702305,4.81,4,0.34658582410475197,0.9591484403846119,-0.0451794020243419,3.090800197243488,0.17849866252385937,0.2080355732844581,0.7746127774145939,0.0404672026466783,5.038260287134364,0.11088103664150432,YOYIPC,Interanual calculada desde IPC,0.6952985176720204,0.8539270371571673,4.820937448748549,5.255583125520178,1.0382602871343636,FALSE
2013-08-01,4.320326359891524,4.89,4,0.34658582410475264,0.9591484403846119,-0.045179402024342785,3.0826775611735986,0.17824953500183574,0.2080355732844581,0.7749273464957543,0.040350164355048665,5.022979893099362,0.11021451794411405,YOYIPC,Interanual calculada desde IPC,0.6958424775895871,0.8540122154019216,4.806963407355455,5.238996378843269,1.0229798930993619,FALSE
2013-09-01,4.124295828940205,4.91,4,0.3465858241047524,0.959148440384612,-0.045179402024342785,3.0785074729041844,0.17820069752175105,0.2080355732844581,0.7749890127504966,0.04033804744359917,5.015785922944578,0.11133650652670632,YOYIPC,Interanual calculada desde IPC,0.6959278925543743,0.8540501329466189,4.797570379987725,5.2340014659014304,1.0157859229445778,FALSE
2013-10-01,4.070485642100508,4.71,4,0.34658582410474853,0.9591484403846119,-0.04517940202434234,3.0650220053998485,0.17771148316591953,0.20803557328445807,0.775606735389707,0.040325248793382326,4.989836902836496,0.112108394509088,YOYIPC,Interanual calculada desde IPC,0.6965707000870605,0.8546427706923536,4.770108487234076,5.209565318438916,0.9898369028364957,FALSE
2013-11-01,4.526712053533188,4.7,4,0.3465858241047459,0.9591484403846116,-0.04517940202434234,3.0745365471044535,0.17826023983427755,0.20803557328445813,0.7749138296860585,0.040282610928598854,5.009802137294682,0.11356077530475055,YOYIPC,Interanual calculada desde IPC,0.6959613630627651,0.8538662963093518,4.787227107640925,5.232377166948439,1.009802137294682,FALSE
2013-12-01,4.293881394219223,5.19,4,0.3465858241047472,0.9591484403846117,-0.0451794020243419,3.100866221118554,0.17955794840325334,0.2080355732844582,0.773275235166911,0.040189737136213544,5.063411852964281,0.11538637169333282,YOYIPC,Interanual calculada desde IPC,0.6945047978318005,0.8520456725020215,4.837258720138597,5.289564985789965,1.0634118529642809,FALSE
2014-01-01,4.056109114905215,4.94,4,0.3465858241047457,0.9591484403846113,-0.0451794020243419,3.064433968319583,0.17774690159895426,0.20803557328445815,0.7755620131372423,0.040189632493730316,4.989167262425323,0.11546282774235109,YOYIPC,Interanual calculada desde IPC,0.6967917808976302,0.8543322453768544,4.7628642784971635,5.215470246353483,0.9891672624253234,FALSE
2014-02-01,3.4440490859433126,4.68,4,0.34658582410474464,0.9591484403846113,-0.0451794020243419,3.0211408396064243,0.17561349785799243,0.2080355732844582,0.778255825724014,0.040302412356407205,4.901656991425851,0.11737399750034733,YOYIPC,Interanual calculada desde IPC,0.6992645490153738,0.8572471024326541,4.671608183603675,5.131705799248026,0.9016569914258508,FALSE
2014-03-01,3.1944288607718363,4.54,4,0.346585824104745,0.9591484403846111,-0.04517940202434145,2.994905482086435,0.1742371698494577,0.2080355732844582,0.7799936916711534,0.04049383784532087,4.848265069733995,0.12166612348534647,YOYIPC,Interanual calculada desde IPC,0.7006272278985195,0.8593601554437873,4.609803849564114,5.0867262899038765,0.8482650697339951,FALSE
2014-04-01,3.2150331230997864,4.66,4,0.3465858241047468,0.9591484403846113,-0.0451794020243419,2.974680895596307,0.17308736203668004,0.2080355732844582,0.7814455344231646,0.04061192807259833,4.8065780190769924,0.12504030698983837,YOYIPC,Interanual calculada desde IPC,0.7018476180581407,0.8610434507881884,4.561503520761077,5.051652517392908,0.8065780190769924,FALSE
2014-05-01,3.172087476252816,4.28,4,0.3465858241047452,0.9591484403846111,-0.04517940202434145,2.9149520570792307,0.17055671067490286,0.2080355732844582,0.7846409448183921,0.040617088880661865,4.690884876119881,0.12392000883483119,YOYIPC,Interanual calculada desde IPC,0.7050329134554325,0.8642489761813517,4.448006121839727,4.933763630400035,0.6908848761198811,FALSE
2014-06-01,3.0841368960842885,4.36,4,0.3465858241047449,0.9591484403846112,-0.04517940202434145,2.887332280345281,0.16915564837561214,0.20803557328445818,0.7864100423334172,0.040583469717685415,4.635985202458679,0.12338133133306077,YOYIPC,Interanual calculada desde IPC,0.7068679033190819,0.8659521813477524,4.394162236681277,4.877808168236081,0.635985202458679,FALSE
2014-07-01,3.3569221438616736,4.41,4,0.3465858241047448,0.9591484403846112,-0.04517940202434101,2.850105859951579,0.1674211410467375,0.20803557328445815,0.7886001752110617,0.04048272248566798,4.563504124296984,0.12131657640650094,YOYIPC,Interanual calculada desde IPC,0.7092554971430227,0.8679448532791008,4.325728003812541,4.801280244781427,0.5635041242969843,FALSE
2014-08-01,3.6329890241030505,4.06,4,0.3465858241047447,0.9591484403846112,-0.04517940202434145,2.784183017637648,0.16471820244103055,0.2080355732844582,0.7920131297763529,0.040298619396617136,4.438740178719934,0.11620977696751737,YOYIPC,Interanual calculada desde IPC,0.7130292871322961,0.8709969724204096,4.210973201212168,4.6665071562277,0.4387401787199341,FALSE
2014-09-01,3.3936683917416666,4.13,4,0.3465858241047455,0.9591484403846113,-0.0451794020243419,2.7591610467657772,0.16351764884365833,0.20803557328445832,0.7935290483667258,0.04013502156555306,4.390445052656895,0.11371209293654899,YOYIPC,Interanual calculada desde IPC,0.7148658515795034,0.8721922451539481,4.167573445894588,4.613316659419203,0.39044505265689544,FALSE
2014-10-01,3.5727331355455583,4.17,4,0.34658582410474575,0.9591484403846113,-0.04517940202434145,2.7484008117671133,0.16288404410579238,0.20803557328445837,0.7943290902833731,0.04004595139793993,4.3689183254536275,0.11406488309954096,YOYIPC,Interanual calculada desde IPC,0.7158404678167694,0.8728177127499768,4.1453552626777554,4.5924813882294995,0.36891832545362746,FALSE
2014-11-01,3.3204495850421623,4.16,4,0.3465858241047457,0.9591484403846111,-0.04517940202434145,2.735614550432798,0.1621752040256777,0.20803557328445837,0.7952241305859462,0.039965626312109544,4.343698577039536,0.11473458329127137,YOYIPC,Interanual calculada desde IPC,0.7168929423946252,0.8735553187772672,4.118822926007433,4.568574228071639,0.343698577039536,FALSE
2014-12-01,2.904732821809919,4.21,4,0.34658582410474487,0.9591484403846111,-0.04517940202434145,2.727564791740536,0.16165153187612571,0.2080355732844584,0.7958853624947123,0.039982374845093635,4.327318723878296,0.11802345643345426,YOYIPC,Interanual calculada desde IPC,0.7175213477819485,0.8742493772074761,4.095996999937793,4.5586404478187985,0.32731872387829597,FALSE
2015-01-01,2.2957888529126613,3.89,4,0.3465858241047445,0.9591484403846111,-0.04517940202434123,2.7026449046214327,0.16051491305576246,0.20803557328445837,0.7973205517305182,0.04004958809145645,4.28006490805154,0.12216221907711929,YOYIPC,Interanual calculada desde IPC,0.7188248014755994,0.875816301985437,4.040631358388894,4.519498457714186,0.28006490805154005,FALSE
2015-02-01,2.409961806872918,4.07,4,0.3465858241047449,0.9591484403846113,-0.045179402024341564,2.7102512109395644,0.1604121187915635,0.20803557328445837,0.7974503482980551,0.04012668636406866,4.291412091974819,0.12879226685446757,YOYIPC,Interanual calculada desde IPC,0.7188034882055461,0.876097208390564,4.038983887452791,4.543840296496847,0.2914120919748191,FALSE
2015-03-01,2.396144108726972,4.11,4,0.3465858241047448,0.9591484403846113,-0.045179402024341675,2.679552395703481,0.1593470561835899,0.20803557328445826,0.798795184722578,0.04009004791693523,4.235660480600325,0.12987870054762043,YOYIPC,Interanual calculada desde IPC,0.7202201346668999,0.8773702347782562,3.9811029051681266,4.490218056032524,0.23566048060032507,FALSE
2015-04-01,2.5434503300348688,3.82,4,0.34658582410474514,0.9591484403846114,-0.045179402024341786,2.6068687469157585,0.1571748345448021,0.20803557328445843,0.8015380120081375,0.039993378252581493,4.1066658607323046,0.12701221500763865,YOYIPC,Interanual calculada desde IPC,0.7231524310129903,0.8799235930032846,3.857726493720675,4.355605227743934,0.10666586073230455,FALSE
2015-05-01,2.520998843981648,3.57,4,0.34658582410474514,0.9591484403846114,-0.045179402024341786,2.538075879474077,0.15510462629370245,0.20803557328445832,0.8041520287256374,0.039866296166566235,3.985297671156073,0.12344626047280735,YOYIPC,Interanual calculada desde IPC,0.7260155240421604,0.8822885334091144,3.74334744660322,4.227247895708926,-0.01470232884392697,FALSE
2015-06-01,2.3570400295503724,3.67,4,0.34658582410474525,0.9591484403846114,-0.045179402024341786,2.5023442211523994,0.15395454849587165,0.20803557328445835,0.8056042123831793,0.03974841114722193,3.9221088992149267,0.12223231973820839,YOYIPC,Interanual calculada desde IPC,0.7276987580919339,0.8835096666744247,3.682537954781254,4.161679843648599,-0.07789110078507333,FALSE
2015-07-01,2.29371716360669,3.56,4,0.3465858241047454,0.9591484403846116,-0.04517940202434184,2.458866205082329,0.15259078394122377,0.20803557328445835,0.8073262146709634,0.03962235876717865,3.8457422085981166,0.1211983335723096,YOYIPC,Interanual calculada desde IPC,0.7296678185047685,0.8849846108371584,3.608197839810118,4.083286577386115,-0.15425779140188345,FALSE
2015-08-01,1.9432788177224936,3.31,4,0.3465858241047453,0.9591484403846116,-0.0451794020243419,2.420017004114663,0.15134640285785908,0.2080355732844583,0.8088974734818237,0.039477103672199185,3.777628655437714,0.12016970076709489,YOYIPC,Interanual calculada desde IPC,0.7315237720703595,0.886271174893288,3.5421003699012528,4.013156940974175,-0.22237134456228613,FALSE
2015-09-01,1.8589928836333591,3.4,4,0.34658582410474537,0.9591484403846116,-0.04517940202434194,2.4227420820726446,0.15114547263357947,0.20803557328445835,0.8091511846555856,0.03931908354360562,3.7806966642293953,0.12130804186651468,YOYIPC,Interanual calculada desde IPC,0.732087197004997,0.8862151723061741,3.5429372711359495,4.018456057322841,-0.21930333577060468,FALSE
2015-10-01,2.2050778800881687,3.28,4,0.3465858241047452,0.9591484403846116,-0.04517940202434183,2.426530352922892,0.15096715001616814,0.20803557328445837,0.8093763495890042,0.039073724061994795,3.7855548551120126,0.11993158670063478,YOYIPC,Interanual calculada desde IPC,0.7327932576856383,0.88595944149237,3.550493264570026,4.0206164456539994,-0.21444514488798738,FALSE
2015-11-01,2.481848713932155,3.37,4,0.34658582410474525,0.9591484403846116,-0.04517940202434187,2.4585922674550225,0.15136395858663854,0.2080355732844584,0.8088753061619451,0.038732726239655096,3.8379495329377424,0.11715598764453845,YOYIPC,Interanual calculada desde IPC,0.7329605577091717,0.8847900546147186,3.6083280165812277,4.067571049294258,-0.16205046706225756,FALSE
2015-12-01,3.0201678780470864,3.65,4,0.346585824104745,0.9591484403846116,-0.045179402024341786,2.5126676200343128,0.15229191964445124,0.20803557328445849,0.8077035855309299,0.03830639625631063,3.9280531713629934,0.11380699096788348,YOYIPC,Interanual calculada desde IPC,0.7326244284910411,0.8827827425708187,3.7049955678770665,4.15111077484892,-0.07194682863700663,FALSE
2016-01-01,4.284646627625666,3.8,4,0.346585824104745,0.9591484403846116,-0.04517940202434173,2.55449012336806,0.15288712936770824,0.20803557328445843,0.806952024345631,0.03777697510292901,3.997153605626702,0.1078242496353134,YOYIPC,Interanual calculada desde IPC,0.7329105136990238,0.8809935349922381,3.785821959681432,4.208485251571973,-0.0028463943732979224,FALSE
2016-02-01,4.182141048974497,4.09,4,0.34658582410474487,0.9591484403846114,-0.045179402024341564,2.5911759528036815,0.15331258490563643,0.20803557328445849,0.8064148088804204,0.03718853158322934,4.057259030930575,0.10216937552723308,YOYIPC,Interanual calculada desde IPC,0.7335266263393606,0.8793029914214802,3.85701073457425,4.257507327286899,0.05725903093057472,FALSE
2016-03-01,4.173482004328122,3.99,4,0.3465858241047446,0.9591484403846113,-0.045179402024341675,2.617056978378622,0.15323147062800402,0.2080355732844585,0.8065172304979781,0.03682737256198953,4.097263110406907,0.09944738740295049,YOYIPC,Interanual calculada desde IPC,0.7343369066312401,0.8786975543647161,3.9023498127405216,4.292176408073292,0.0972631104069066,FALSE
2016-04-01,4.005986254095806,4.19,4,0.3465858241047444,0.9591484403846113,-0.04517940202434145,2.6679028370166815,0.15429279990918063,0.20803557328445865,0.8051771080816491,0.03660716231009871,4.18381926506326,0.09956038510552878,YOYIPC,Interanual calculada desde IPC,0.7334283883776436,0.8769258277856546,3.9886844959694856,4.378954034157035,0.18381926506325996,FALSE
2016-05-01,4.264371553121382,4.16,4,0.34658582410474437,0.9591484403846112,-0.04517940202434134,2.7086379440010107,0.15489239780125472,0.20803557328445854,0.8044200060302846,0.03643050242271785,4.251698114288796,0.09945735728676515,YOYIPC,Interanual calculada desde IPC,0.7330175333430584,0.8758224787175108,4.056765276009204,4.4466309525683885,0.2516981142887964,FALSE
2016-06-01,4.337278513816756,4.39,4,0.3465858241047441,0.9591484403846112,-0.04517940202434134,2.7579506587322937,0.15586799154030814,0.20803557328445854,0.8031881404235182,0.036229575152411826,4.335742988360762,0.09968681300390185,YOYIPC,Interanual calculada desde IPC,0.7321794779496038,0.8741968028974325,4.140360425139535,4.531125551581988,0.3357429883607619,FALSE
2016-07-01,4.515108484506758,4.41,4,0.3465858241047443,0.9591484403846112,-0.04517940202434145,2.785833481453932,0.15584362573207494,0.20803557328445854,0.8032189067147949,0.036021864413820985,4.379409503897577,0.099118308601657365,YOYIPC,Interanual calculada desde IPC,0.7326173498077208,0.873820463621869,4.185141188829802,4.5736778189653515,0.3794095038975769,FALSE
2016-08-01,4.631549985145522,4.45,4,0.34658582410474464,0.9591484403846113,-0.04517940202434145,2.8063685999603902,0.1554705403002501,0.2080355732844586,0.8036899953385253,0.03582316731796445,4.409105350195503,0.09868275504398859,YOYIPC,Interanual calculada desde IPC,0.7334778775831626,0.8739021130938879,4.215690704414097,4.602519995976909,0.4091053501955031,FALSE
2016-09-01,4.457857663816256,4.42,4,0.346585824104745,0.9591484403846112,-0.045179402024341786,2.8218105741322286,0.15484582535111163,0.2080355732844586,0.8044788122702773,0.0356637416579523,4.429019287914593,0.09840046550531571,YOYIPC,Interanual calculada desde IPC,0.73457916306675,0.8743784614738046,4.236157919462198,4.621880656366987,0.4290192879145929,FALSE
2016-10-01,4.6501168003076465,4.43,4,0.3465858241047448,0.9591484403846112,-0.045179402024341564,2.846658667726291,0.1546978094174004,0.20803557328445857,0.8046657094700985,0.03557842304829731,4.466982249588794,0.09861478061228912,YOYIPC,Interanual calculada desde IPC,0.7349332816687061,0.874398137271491,4.273700831245389,4.660263667932199,0.46698224958879386,FALSE
2016-11-01,4.565677195212281,4.6,4,0.34658582410474453,0.9591484403846112,-0.045179402024341675,2.8769296398537807,0.15481431651179578,0.2080355732844585,0.8045185979453062,0.035493112793992865,4.515309020246118,0.09890343131576577,YOYIPC,Interanual calculada desde IPC,0.7349533751698624,0.8740838207207501,4.321461856919786,4.70915618357245,0.5153090202461179,FALSE
2016-12-01,4.145295846464769,4.66,4,0.3465858241047443,0.9591484403846112,-0.045179402024341564,2.890053701837926,0.15405834026269857,0.20803557328445857,0.8054731562860545,0.03546574647030915,4.530531630303817,0.0991947892667013,YOYIPC,Interanual calculada desde IPC,0.73596157051942,0.8749847420526891,4.336113415887042,4.724949844720592,0.530531630303817,FALSE
2017-01-01,3.756235044697487,4.4,4,0.3465858241047441,0.9591484403846113,-0.045179402024341675,2.880137685123412,0.15215130769857163,0.20803557328445857,0.8078811338413544,0.03550426303270917,4.501529586558887,0.09981413680709017,YOYIPC,Interanual calculada desde IPC,0.7382940569996076,0.8774682106831012,4.305897473269037,4.6971616998487375,0.5015295865588874,FALSE
2017-02-01,3.8814292248418703,4.46,4,0.3465858241047442,0.9591484403846114,-0.04517940202434162,2.887101083963349,0.1510099076119751,0.20803557328445854,0.8093223603006414,0.03553795597015921,4.504377452555018,0.10085804184567461,YOYIPC,Interanual calculada desde IPC,0.7396692465149591,0.8789754740863237,4.306699322986263,4.702055582123774,0.5043774525550182,FALSE
2017-03-01,3.9205116087289937,4.28,4,0.34658582410474414,0.9591484403846116,-0.045179402024341675,2.8750791152775226,0.14908817595078405,0.2080355732844586,0.8117488981555814,0.03544309814212956,4.472212361021837,0.10049634292543179,YOYIPC,Interanual calculada desde IPC,0.7422817022964889,0.8812160940146738,4.275243148310004,4.66918157373367,0.47221236102183717,FALSE
2017-04-01,4.007359806474042,4.51,4,0.34658582410474403,0.9591484403846114,-0.045179402024341564,2.8844135992985005,0.14807348796816727,0.2080355732844586,0.8130301273981938,0.03529904321026855,4.479661734190328,0.10032523161737265,YOYIPC,Interanual calculada desde IPC,0.7438452740173443,0.8822149807790433,4.283027893479638,4.676295574901018,0.4796617341903282,FALSE
2017-05-01,3.8575759848583857,4.17,4,0.3465858241047439,0.9591484403846114,-0.045179402024341564,2.8612339323010456,0.14566396582879856,0.20803557328445862,0.8160725899862693,0.0350671981084178,4.427095608713246,0.09897232414866346,YOYIPC,Interanual calculada desde IPC,0.7473421446550393,0.8848030353174993,4.233113417915641,4.62107779951085,0.4270956087132456,FALSE
2017-06-01,4.272341954477898,4.26,4,0.34658582410474387,0.9591484403846113,-0.045179402024341564,2.8828727638495795,0.1452197174346989,0.20803557328445865,0.8166335348710567,0.03483318625150205,4.457512713254714,0.09881133066043246,YOYIPC,Interanual calculada desde IPC,0.748361744351337,0.8849053253907765,4.263846063895788,4.65117936261364,0.4575127132547143,FALSE
2017-07-01,5.087883308176622,4.48,4,0.34658582410474403,0.9591484403846113,-0.045179402024341786,2.9151437237888747,0.14522425794681595,0.20803557328445865,0.8166278016436996,0.0344775279238084,4.50744188247774,0.09829754726860702,YOYIPC,Interanual calculada desde IPC,0.7490530886370612,0.8842025146503381,4.314782230062646,4.700101534892833,0.5074418824777398,FALSE
2017-08-01,4.608967461779923,4.51,4,0.34658582410474337,0.9591484403846112,-0.04517940202434134,2.935184947525103,0.14465706908399442,0.20803557328445865,0.817343981365526,0.03406733865539384,4.534453243764666,0.09719514103325855,YOYIPC,Interanual calculada desde IPC,0.7505732245518248,0.8841147381792271,4.343954267867188,4.7249522196621445,0.5344532437646663,FALSE
2017-09-01,4.267584652145118,4.75,4,0.3465858241047434,0.9591484403846112,-0.04517940202434145,2.9748146304859735,0.145180428332987,0.20803557328445865,0.8166831445509698,0.03389807759929022,4.599394292260236,0.09788378573418062,YOYIPC,Interanual calculada desde IPC,0.750244133311217,0.8831221557907226,4.407545597550806,4.7912429869696656,0.5993942922602358,FALSE
2017-10-01,4.117339289333,4.53,4,0.34658582410474364,0.9591484403846112,-0.045179402024341564,2.979167349197302,0.14392467980454235,0.20803557328445862,0.8182687568412244,0.03373080398974689,4.597198494996723,0.09783116592011688,YOYIPC,Interanual calculada desde IPC,0.7521575958517405,0.8843799178307082,4.405452933227732,4.788944056765715,0.5971984949967233,FALSE
2017-11-01,4.584954908737338,4.63,4,0.34658582410474353,0.9591484403846113,-0.04517940202434145,2.9943560800073645,0.1431749412030694,0.2080355732844586,0.8192154390105011,0.033522227844410384,4.615296867276069,0.09789361052009862,YOYIPC,Interanual calculada desde IPC,0.753513079753911,0.8849177982670912,4.423428916340084,4.807164818212053,0.6152968672760686,FALSE
2017-12-01,5.521604917877454,4.56,4,0.34658582410474337,0.9591484403846113,-0.045179402024341675,2.987736396783949,0.141442667326751,0.2080355732844586,0.8214027517456228,0.03317423311068034,4.5928308371900295,0.09677036369291112,YOYIPC,Interanual calculada desde IPC,0.7563824496339532,0.8864230538572925,4.403164409581081,4.782497264798978,0.5928308371900295,FALSE
2018-01-01,4.6063547771842295,4.71,4,0.3465858241047442,0.9591484403846113,-0.045179402024341675,2.9894095924519424,0.1401264456315166,0.20803557328445865,0.823064722474148,0.03283564547872225,4.5861236675415435,0.0959197650382701,YOYIPC,Interanual calculada desde IPC,0.7587080399267269,0.8874214050215691,4.39812438266099,4.774122952422097,0.5861236675415435,FALSE
2018-02-01,4.067188908032193,4.56,4,0.3465858241047435,0.9591484403846113,-0.045179402024341786,2.991455853537508,0.13883276413458603,0.2080355732844586,0.8246982320779768,0.032837221904073455,4.580172765956998,0.09653611987355705,YOYIPC,Interanual calculada desde IPC,0.760338459793643,0.8890580043623105,4.390965447797585,4.769380084116412,0.5801727659569984,FALSE
2018-03-01,4.057553160174798,4.62,4,0.3465858241047439,0.9591484403846114,-0.045179402024341786,3.0041845205589497,0.13807751836871593,0.2080355732844586,0.8256518680499891,0.03289353530907904,4.5943487814341015,0.09792882679296717,YOYIPC,Interanual calculada desde IPC,0.7611817235199976,0.8901220125799807,4.402411807871625,4.7862857549965785,0.5943487814341015,FALSE
2018-04-01,3.845453859611325,4.46,4,0.3465858241047437,0.9591484403846113,-0.045179402024341786,2.9947173558945344,0.1363344631485879,0.2080355732844586,0.8278527942044086,0.032857623942693495,4.567694465338009,0.09867401074206238,YOYIPC,Interanual calculada desde IPC,0.7634530346591684,0.8922525537496488,4.374296958073449,4.7610919726025696,0.5676944653380094,FALSE
2018-05-01,4.0052466986202795,4.48,4,0.3465858241047439,0.9591484403846113,-0.04517940202434173,2.995556240651774,0.13504898457415068,0.2080355732844586,0.8294759461176433,0.03280653059786547,4.560033222673167,0.0997476690452363,YOYIPC,Interanual calculada desde IPC,0.7651763276881157,0.8937755645471709,4.364531383802683,4.75553506154365,0.5600332226731668,FALSE
2018-06-01,3.720201117080002,4.43,4,0.3465858241047436,0.9591484403846113,-0.045179402024341786,2.9885581814308426,0.13343374312672326,0.2080355732844586,0.8315154839970481,0.032694519705190675,4.538221613522988,0.10037549260407999,YOYIPC,Interanual calculada desde IPC,0.7674354028830392,0.895595565111057,4.3414892630885245,4.734953963957452,0.538221613522988,FALSE
2018-07-01,2.5719121067134587,4.36,4,0.3465858241047436,0.9591484403846114,-0.04517940202434173,2.9868139644952834,0.1320487591415542,0.2080355732844586,0.833264279698533,0.03261639834802665,4.52605402668427,0.10207331528530926,YOYIPC,Interanual calculada desde IPC,0.7693373136309891,0.8971912457660769,4.325994004942462,4.726114048426078,0.5260540266842701,FALSE
2018-08-01,3.3096062230461243,4.33,4,0.3465858241047436,0.9591484403846114,-0.04517940202434173,2.9934068017244098,0.1310031553186841,0.2080355732844586,0.8345845458463529,0.03253346031206231,4.528868681516281,0.10465011755560669,YOYIPC,Interanual calculada desde IPC,0.7708201353422476,0.8983489563504582,4.323758220129409,4.733979142903153,0.5288686815162809,FALSE
2018-09-01,4.451485459855942,4.32,4,0.3465858241047438,0.9591484403846116,-0.045179402024341675,2.980527451259797,0.12940955436953208,0.20803557328445862,0.8365967586369716,0.032233253708832225,4.498536763764468,0.10236604116864136,YOYIPC,Interanual calculada desde IPC,0.7734207422631183,0.8997727750108249,4.297903009833987,4.69917051769495,0.4985367637644682,FALSE
2018-10-01,4.246148947963757,4.32,4,0.3465858241047436,0.9591484403846114,-0.045179402024341675,2.9654652510484727,0.12773690238212257,0.20803557328445865,0.8387087878279118,0.03183568488609466,4.46453232124707,0.0990516325412182,YOYIPC,Interanual calculada desde IPC,0.7763119920280002,0.9011055836278234,4.270394688856387,4.658669953637753,0.46453232124707,FALSE
2018-11-01,3.0997588687033506,4.47,4,0.3465858241047433,0.9591484403846116,-0.045179402024341675,2.9741149543664362,0.12721924189890532,0.20803557328445862,0.8393624289079337,0.03165304988508719,4.474067691346751,0.09954802043793758,YOYIPC,Interanual calculada desde IPC,0.7773235911323131,0.9014012666835542,4.278957156556136,4.669178226137366,0.4740676913467512,FALSE
2018-12-01,2.2865724862277226,4.38,4,0.3465858241047436,0.9591484403846116,-0.04517940202434173,2.9707866602247934,0.12614505362995068,0.2080355732844586,0.8407187881492314,0.031591562818068825,4.461850736570412,0.10174222858792337,YOYIPC,Interanual calculada desde IPC,0.7788004628104819,0.9026371134879809,4.26243963283124,4.661261840309583,0.46185073657041187,FALSE
2019-01-01,4.022856073289827,4.07,4,0.34658582410474353,0.9591484403846114,-0.045179402024341724,2.9489015462633037,0.12444144777455267,0.2080355732844586,0.8428699022623529,0.031405678221077635,4.417677951614002,0.10169298665577489,YOYIPC,Interanual calculada desde IPC,0.7813159040389868,0.9044239004857191,4.218363360288371,4.6169925429396335,0.4176779516140021,FALSE
2019-02-01,4.3619249469916355,4.25,4,0.34658582410474353,0.9591484403846114,-0.045179402024341786,2.9427073100731507,0.12313043227242966,0.20803557328445862,0.8445252992194613,0.031002022031358357,4.39975739050663,0.09774463400425239,YOYIPC,Interanual calculada desde IPC,0.7837624525900816,0.905288145848841,4.208181428176246,4.5913333528370135,0.39975739050662984,FALSE
2019-03-01,4.086392827511975,4.35,4,0.34658582410474326,0.9591484403846114,-0.045179402024341675,2.943817675061858,0.1221409592933128,0.2080355732844586,0.8457746899063896,0.030624913331214875,4.394915702776055,0.09554283463357346,YOYIPC,Interanual calculada desde IPC,0.7857509627475479,0.9057984170652313,4.207655187913385,4.582176217638725,0.39491570277605526,FALSE
2019-04-01,4.643495567548683,4.3,4,0.34658582410474303,0.9591484403846113,-0.04517940202434162,2.9471854552386896,0.12125923129360623,0.2080355732844586,0.8468880328419597,0.03033686127465208,4.394159274977197,0.094678524902897,YOYIPC,Interanual calculada desde IPC,0.7874288773396537,0.9063471883442656,4.20859277605814,4.579725773896254,0.3941592749771967,FALSE
2019-05-01,4.43707829588984,4.39,4,0.34658582410474326,0.9591484403846113,-0.045179402024341675,2.9605706618086196,0.12082542662517139,0.2080355732844586,0.8474357906121337,0.030040200720029244,4.411263034051029,0.09402286465324124,YOYIPC,Interanual calculada desde IPC,0.7885580791125222,0.9063135021117452,4.226981605607392,4.595544462494665,0.4112630340510286,FALSE
2019-06-01,4.688358602852194,4.36,4,0.3465858241047432,0.9591484403846113,-0.045179402024341786,2.979458469794303,0.12067121122794217,0.20803557328445862,0.8476305157690056,0.02986776078524409,4.438386089795574,0.0943515637842492,YOYIPC,Interanual calculada desde IPC,0.7890907803310695,0.9061702512069417,4.253460422893412,4.623311756697736,0.43838608979557403,FALSE
2019-07-01,4.276872535856935,4.6,4,0.3465858241047431,0.9591484403846112,-0.045179402024341786,3.0126750622045995,0.12121268277343308,0.20803557328445868,0.8469468088659866,0.029777928109655905,4.491490464860602,0.0957259866649866,YOYIPC,Interanual calculada desde IPC,0.7885831422368381,0.9053104754951351,4.303870978612667,4.679109951108537,0.4914904648606022,FALSE
2019-08-01,2.968436306428668,4.53,4,0.3465858241047431,0.9591484403846112,-0.04517940202434184,3.0223472042016115,0.12054629378535722,0.20803557328445862,0.8477882468972875,0.029853551528964524,4.5014381589778765,0.09881515193518821,YOYIPC,Interanual calculada desde IPC,0.7892763610899064,0.9063001327046686,4.3077640200580545,4.6951122978976985,0.5014381589778765,FALSE
2019-09-01,1.7882829775658138,4.34,4,0.3465858241047428,0.9591484403846112,-0.04517940202434173,3.024634878790688,0.1195343213788279,0.20803557328445865,0.8490660472282017,0.030097617595632724,4.498065828382459,0.10556679004790501,YOYIPC,Interanual calculada desde IPC,0.7900758007203025,0.9080562937361009,4.291158721925064,4.704972934839854,0.49806582838245905,FALSE
2019-10-01,2.146437868763762,4.22,4,0.34658582410474287,0.9591484403846112,-0.0451794020243418,3.0231105088317265,0.11839852831273098,0.20803557328445865,0.8505001937981521,0.030279757786739542,4.488217880388929,0.11256857483191306,YOYIPC,Interanual calculada desde IPC,0.7911529590755464,0.9098474285207578,4.267587527927378,4.708848232850481,0.48821788038892944,FALSE
2019-11-01,2.8789320978757083,4.25,4,0.34658582410474287,0.9591484403846112,-0.0451794020243418,3.004288522048867,0.11692425765195033,0.20803557328445865,0.8523617302650043,0.03029966685538585,4.450532960455355,0.11422015218198177,YOYIPC,Interanual calculada desde IPC,0.792975474484886,0.9117479860451225,4.226665575869987,4.674400345040723,0.4505329604553552,FALSE
2019-12-01,3.348823296243353,4.1,4,0.3465858241047428,0.9591484403846112,-0.045179402024341786,2.9609068705597434,0.11487315655667737,0.20803557328445862,0.8549516207021031,0.030203398667093463,4.372980425319964,0.1122203062892116,YOYIPC,Interanual calculada desde IPC,0.7957540471038949,0.9141491943003113,4.153032666659056,4.592928183980873,0.3729804253199642,FALSE
2020-01-01,1.768695345984117,4.11,4,0.34658582410474287,0.9591484403846112,-0.045179402024341786,2.9334532889954397,0.11332382233557534,0.20803557328445865,0.8569079386487657,0.030141745776972553,4.3225431400108505,0.11241581887910546,YOYIPC,Interanual calculada desde IPC,0.7978312024947373,0.9159846748027941,4.102212183715226,4.542874096306475,0.3225431400108505,FALSE
2020-02-01,1.2283236674178075,3.85,4,0.3465858241047428,0.9591484403846112,-0.0451794020243418,2.9177508981482916,0.1122050955433934,0.2080355732844587,0.858320535925163,0.03024262598238679,4.292329305898673,0.1179753334444333,YOYIPC,Interanual calculada desde IPC,0.7990460782017696,0.9175949936485563,4.061101901283481,4.523556710513866,0.2923293058986731,FALSE
2020-03-01,1.752930814188769,3.99,4,0.34658582410474276,0.9591484403846113,-0.045179402024341814,2.927533758731634,0.11157959861799546,0.2080355732844587,0.8591103402450262,0.030264789009604654,4.302761669329755,0.12235671757945234,YOYIPC,Interanual calculada desde IPC,0.7997924437864974,0.918428236703555,4.062946909607489,4.54257642905202,0.30276166932975457,FALSE
2020-04-01,1.8618029022022144,3.97,4,0.34658582410474287,0.9591484403846112,-0.045179402024341786,2.9111503342095597,0.1106024098458629,0.20803557328445865,0.8603442198729095,0.03017086070767994,4.27254566901748,0.12074099764601172,YOYIPC,Interanual calculada desde IPC,0.8012104195032822,0.9194780202425369,4.035897662173861,4.509193675861098,0.2725456690174797,FALSE
2020-05-01,1.7869599640607523,3.96,4,0.3465858241047428,0.9591484403846111,-0.045179402024341786,2.8874284100632264,0.10948446100737837,0.20803557328445868,0.8617558348404162,0.030003610838532584,4.230788528813646,0.11709605346838732,YOYIPC,Interanual calculada desde IPC,0.8029498381907367,0.9205618314900956,4.001284481283831,4.460292576343461,0.23078852881364575,FALSE
2020-06-01,2.360939395547046,3.77,4,0.3465858241047428,0.9591484403846112,-0.045179402024341786,2.8547025469432676,0.10818308077896342,0.2080355732844587,0.8633990655014347,0.02976008023014094,4.174876316687421,0.11166535565392481,YOYIPC,Interanual calculada desde IPC,0.8050703800733361,0.9217277509295334,3.956016241284873,4.39373639208997,0.17487631668742143,FALSE
2020-07-01,2.8377126754612014,3.9,4,0.3465858241047428,0.9591484403846112,-0.04517940202434177,2.843385538283587,0.10730031639615566,0.2080355732844587,0.8645137170603043,0.029417642583927314,4.1529641986888874,0.10507274800789324,YOYIPC,Interanual calculada desde IPC,0.806856197085735,0.9221712370348737,3.947025396836764,4.3589030005410105,0.15296419868888744,FALSE
2020-08-01,4.102171772650287,3.92,4,0.3465858241047428,0.9591484403846112,-0.045179402024341786,2.828076361314577,0.10631441819596286,0.2080355732844587,0.8657585939347386,0.028972022598690132,4.124664662982824,0.09801957957743541,YOYIPC,Interanual calculada desde IPC,0.8089744730820254,0.9225427147874519,3.932549817231293,4.3167795087343555,0.1246646629828243,FALSE
2020-09-01,4.846207949718373,3.99,4,0.34658582410474276,0.9591484403846112,-0.04517940202434173,2.817203762169325,0.10546628024990522,0.2080355732844587,0.8668295232813699,0.02842563814838311,4.1037310540070715,0.09247163822796882,YOYIPC,Interanual calculada desde IPC,0.8111162962729711,0.9225427502897686,3.9224899734888354,4.284972134525308,0.1037310540070715,FALSE
2020-10-01,5.2066172958118,4.15,4,0.34658582410474253,0.9591484403846111,-0.04517940202434173,2.822169666840247,0.10532908632552865,0.2080355732844587,0.8670027557142275,0.027941031863703066,4.110143333486505,0.0907867682809356,YOYIPC,Interanual calculada desde IPC,0.8122393395704834,0.9217661718579715,3.932204537383088,4.288082129589922,0.11014333348650496,FALSE
2020-11-01,5.318933232473544,4.27,4,0.3465858241047423,0.9591484403846112,-0.045179402024341675,2.8298007425377834,0.1053332224601241,0.2080355732844587,0.8669975330874833,0.027595021378351594,4.121281883200195,0.09108104560283294,YOYIPC,Interanual calculada desde IPC,0.8129122850333014,0.9210827811416652,3.9427663141443925,4.299797452255998,0.1212818832001954,FALSE
2020-12-01,4.710966079509227,4.26,4,0.34658582410474215,0.9591484403846111,-0.045179402024341675,2.83145709505308,0.10499696540977463,0.2080355732844587,0.8674221191408543,0.027401870454563125,4.121675704510274,0.09186145523438671,YOYIPC,Interanual calculada desde IPC,0.8137154399408784,0.9211287983408303,3.9416305606834374,4.30172084833711,0.12167570451027387,FALSE
2021-01-01,5.105644987092273,4.12,4,0.3465858241047417,0.959148440384611,-0.045179402024341564,2.8369479614189483,0.10488388167249188,0.20803557328445868,0.8675649080508964,0.027350259702281908,4.128988925514108,0.09250693223110973,YOYIPC,Interanual calculada desde IPC,0.8139593840666066,0.9211704320351861,3.9476786700208453,4.3102991810073705,0.12898892551410768,FALSE
2021-02-01,5.824614098039316,4.39,4,0.3465858241047419,0.9591484403846109,-0.04517940202434151,2.8628894472156485,0.10582499998240844,0.20803557328445865,0.8663765739816256,0.02722241196627159,4.172460196386792,0.0931251483858928,YOYIPC,Interanual calculada desde IPC,0.8130216269554211,0.9197315210078301,3.989938259495494,4.3549821332780905,0.17246019638679222,FALSE
2021-03-01,5.677376273052737,4.34,4,0.3465858241047419,0.959148440384611,-0.04517940202434145,2.8615661255443867,0.10524290591546086,0.20803557328445868,0.8671115742509706,0.027039917170522388,4.166996429950898,0.09361528384062122,YOYIPC,Interanual calculada desde IPC,0.8141143104518006,0.9201088380501407,3.983513845220786,4.35047901468101,0.16699642995089814,FALSE
2021-04-01,5.073204870816017,4.39,4,0.34658582410474187,0.9591484403846109,-0.04517940202434145,2.8702998672456137,0.10530179373202445,0.2080355732844587,0.8670372176074432,0.027082094559573083,4.180072905342607,0.09311453513214665,YOYIPC,Interanual calculada desde IPC,0.8139572876447718,0.9201171475701146,3.99757177004641,4.362574040638804,0.18007290534260711,FALSE
2021-05-01,5.043888619671666,4.41,4,0.3465858241047419,0.9591484403846109,-0.04517940202434151,2.875042064315097,0.10511271329731883,0.20803557328445868,0.867275966253629,0.027292177054743506,4.185826442809629,0.09202431395574392,YOYIPC,Interanual calculada desde IPC,0.8137842821666413,0.9207676503406167,4.005462101754364,4.3661907838648935,0.18582644280962857,FALSE
2021-06-01,3.8328206842365375,4.23,4,0.34658582410474154,0.959148440384611,-0.0451794020243414,2.861196253644056,0.10389176839780426,0.2080355732844587,0.868817632594096,0.027526771427969225,4.1582763376172664,0.09119509095217682,YOYIPC,Interanual calculada desde IPC,0.8148661519846101,0.9227691132035818,3.9795372437841454,4.3370154314503875,0.15827633761726645,FALSE
2021-07-01,3.744239807922156,4.12,4,0.34658582410474154,0.9591484403846109,-0.045179402024341425,2.8626229685710554,0.10351373845622011,0.2080355732844587,0.869294964566129,0.02789662390803619,4.158065374019615,0.09115867179390383,YOYIPC,Interanual calculada desde IPC,0.8146185864161191,0.9239713427161389,3.979397660425056,4.336733087614173,0.15806537401961496,FALSE
2021-08-01,3.5513853867739087,4.14,4,0.34658582410474137,0.9591484403846109,-0.045179402024341425,2.86812010152651,0.10330642085877235,0.2080355732844587,0.869556740967258,0.028140724924539517,4.1647959903671525,0.09175856399880722,YOYIPC,Interanual calculada desde IPC,0.814401933616312,0.924711548318204,3.984952509656377,4.344639471077929,0.16479599036715253,FALSE
2021-09-01,3.6052641099843186,4.2,4,0.34658582410474137,0.9591484403846109,-0.04517940202434141,2.8677376397062835,0.1028582134326449,0.20803557328445874,0.8701226848543923,0.028298982075935064,4.161532118603901,0.09276773611900176,YOYIPC,Interanual calculada desde IPC,0.8146576991864151,0.9255876705223695,3.979710696883342,4.34335354032446,0.16153211860390115,FALSE
2021-10-01,2.913248123674972,3.89,4,0.34658582410474126,0.959148440384611,-0.0451794020243414,2.845134116789647,0.1015464907641794,0.2080355732844587,0.8717789747384033,0.028377283163092723,4.120886739231641,0.09347807465514266,YOYIPC,Interanual calculada desde IPC,0.8161605217596467,0.9273974277171598,3.9376730795634147,4.304100398899867,0.12088673923164084,FALSE
2021-11-01,2.8451138184076186,4.08,4,0.34658582410474126,0.9591484403846109,-0.04517940202434139,2.8635196227202413,0.10185177593383739,0.20803557328445868,0.8713934963515468,0.028467277534491096,4.1493510073705755,0.09558466868470854,YOYIPC,Interanual calculada desde IPC,0.8155986576460381,0.9271883350570556,3.9620084992743534,4.336693515466798,0.1493510073705755,FALSE
2021-12-01,3.021698290221231,4.02,4,0.3465858241047412,0.9591484403846109,-0.0451794020243414,2.8586757522932067,0.1014165655808422,0.20803557328445868,0.8719430290556862,0.028419380715208904,4.13972139106458,0.09617216950377117,YOYIPC,Interanual calculada desde IPC,0.8162420663909447,0.9276439917204278,3.951227402522107,4.328215379607053,0.1397213910645796,FALSE
2022-01-01,2.8279093644507647,4.09,4,0.34658582410474126,0.9591484403846109,-0.04517940202434142,2.8487872405689485,0.10082430544256672,0.2080355732844587,0.8726908658502399,0.028255822645338945,4.121866395662167,0.09546127530650554,YOYIPC,Interanual calculada desde IPC,0.8173104711118243,0.9280712605886555,3.934765734143153,4.308967057181181,0.12186639566216684,FALSE
2022-02-01,2.9362450109338134,3.92,4,0.34658582410474126,0.9591484403846108,-0.045179402024341425,2.817824775090641,0.09953525109525635,0.20803557328445868,0.8743185328310112,0.027989425192482178,4.069477246631622,0.09380743289340229,YOYIPC,Interanual calculada desde IPC,0.8194602675057681,0.9291767981562544,3.8856180566783953,4.253336436584848,0.0694772466316218,FALSE
2022-03-01,4.086470683338916,3.8,4,0.3465858241047412,0.9591484403846108,-0.04517940202434142,2.793203877944202,0.09844242863200825,0.20803557328445865,0.8756984211522333,0.027578643192647082,4.027563488487595,0.09169740860703378,YOYIPC,Interanual calculada desde IPC,0.8216452737521642,0.9297515685523023,3.8478398701421557,4.207287106833034,0.027563488487595045,FALSE
2022-04-01,4.516455198742175,3.94,4,0.3465858241047412,0.9591484403846108,-0.045179402024341425,2.7891325073485556,0.09800984569950356,0.20803557328445865,0.8762446362572459,0.026979573211097074,4.0191859577681734,0.09072124330464883,YOYIPC,Interanual calculada desde IPC,0.823365644445234,0.9291236280692579,3.8413755882583662,4.19699632727798,0.019185957768173445,FALSE
2022-05-01,5.6544392973194135,4.01,4,0.34658582410474115,0.9591484403846108,-0.04517940202434137,2.7935080395301237,0.09795496825427996,0.20803557328445865,0.8763139290731508,0.026281411663356766,4.025172863960403,0.09305310497163334,YOYIPC,Interanual calculada desde IPC,0.82480330875010055,0.927824549396201,3.842792129566377,4.20755359835443,0.02517286396040319,FALSE
2022-06-01,7.28211272789574,4.16,4,0.3465858241047411,0.9591484403846109,-0.0451794020243414,2.8074646681846795,0.09837359118794443,0.20803557328445868,0.8757853410210326,0.02542912988718612,4.047724572440627,0.09950912045844125,YOYIPC,Interanual calculada desde IPC,0.8259451622839566,0.9256255197581085,3.852690280208824,4.24275886467243,0.047724572440627,FALSE
2022-07-01,8.025661542114104,4.51,4,0.3465858241047412,0.9591484403846109,-0.04517940202434145,2.829395796257877,0.09928561553355818,0.20803557328445865,0.8746337434052203,0.024503286670656276,4.08471538407507,0.10960421243664517,YOYIPC,Interanual calculada desde IPC,0.8266081840278736,0.9226593027825669,3.8698950751453682,4.2995356930047715,0.08471538407506962,FALSE
2022-08-01,8.502698606359349,4.55,4,0.3465858241047407,0.9591484403846108,-0.04517940202434123,2.8319519243118743,0.09865378483771145,0.20803557328445862,0.8754315452692094,0.023763245802773218,4.084679728327176,0.11973521190998382,YOYIPC,Interanual calculada desde IPC,0.8288564393400013,0.9220066511984175,3.8500030253023363,4.319356431352015,0.08467972832717585,FALSE
2022-09-01,8.648920512824265,4.61,4,0.34658582410474037,0.9591484403846108,-0.04517940202434123,2.8370210244012446,0.0982426407133239,0.20803557328445865,0.8759506899561654,0.02328089309804208,4.089565992658873,0.1281643470992089,YOYIPC,Interanual calculada desde IPC,0.8303209779560758,0.921580401956255,3.838368488242333,4.340763497075413,0.08956599265887277,FALSE
2022-10-01,9.261870948987385,4.67,4,0.34658582410474065,0.9591484403846108,-0.04517940202434134,2.8439632416225678,0.09800576919760808,0.20803557328445865,0.876249783586795,0.023009085305333316,4.098173876516663,0.13424312914547618,YOYIPC,Interanual calculada desde IPC,0.8311528050711319,0.921346762102458,3.8350621782195704,4.361285574813755,0.09817387651666287,FALSE
2022-11-01,8.770857541220511,4.8,4,0.3465858241047399,0.9591484403846108,-0.04517940202434123,2.8468380644495554,0.09738396427572212,0.20803557328445868,0.8770349260766727,0.022826266642969422,4.098644028151332,0.13893829259678953,YOYIPC,Interanual calculada desde IPC,0.8322962655549446,0.9217735865984007,3.8263299785881366,4.370958077714527,0.09864402815133211,FALSE
2022-12-01,8.834317006977521,4.71,4,0.34658582410473976,0.9591484403846107,-0.04517940202434101,2.8329632887857406,0.09506465640471642,0.20803557328445862,0.879963476643804,0.022891998380126632,4.065094306921938,0.14091904188648152,YOYIPC,Interanual calculada desde IPC,0.8350959842846066,0.9248309690030014,3.7888980600885427,4.341290553755333,0.06509430692193785,FALSE
2023-01-01,9.24923895443639,4.62,4,0.3465858241047389,0.9591484403846106,-0.04517940202434101,2.809698717891996,0.09184418089081436,0.20803557328445865,0.8840299162530402,0.02296220915537078,4.013165930635572,0.14246947013900851,YOYIPC,Interanual calculada desde IPC,0.8390248133030376,0.9290350192030428,3.7339309002666106,4.2924009610045335,0.013165930635572032,FALSE
2023-02-01,9.460649333491578,4.49,4,0.3465858241047388,0.9591484403846106,-0.0451794020243409,2.7824246744770926,0.08823611977827278,0.20803557328445865,0.8885857535998072,0.02304604378265391,3.9538336699665004,0.14328725145345048,YOYIPC,Interanual calculada desde IPC,0.8434163377996723,0.9337551693999421,3.672995817674003,4.2346715222589975,-0.04616633003349957,FALSE
2023-03-01,8.354047800635467,4.43,4,0.3465858241047392,0.9591484403846104,-0.0451794020243409,2.7697955234581593,0.08611023404820489,0.20803557328445865,0.8912700733222023,0.023365556454885174,3.9240335358658727,0.14051758688799373,YOYIPC,Interanual calculada desde IPC,0.84547442419189,0.9370657224525146,3.6486241263709274,4.199442945360818,-0.07596646413412733,FALSE
2023-04-01,7.988093745214631,4.39,4,0.3465858241047395,0.9591484403846106,-0.04517940202434101,2.775777616593458,0.08591100247115101,0.20803557328445865,0.8915216396430283,0.0241476764218574,3.931398845015249,0.13211215123656755,YOYIPC,Interanual calculada desde IPC,0.8441930635458608,0.9388502157401959,3.672463786671468,4.19033390335903,-0.06860115498475094,FALSE
2023-05-01,6.330726302024647,4.3,4,0.34658582410473976,0.9591484403846107,-0.04517940202434112,2.787031886745449,0.08619371242246154,0.20803557328445862,0.8911646666000812,0.02508979066688528,3.94891971330522,0.12171980444451991,YOYIPC,Interanual calculada desde IPC,0.8419895805133368,0.9403397526868256,3.7103532803887025,4.187486146221737,-0.05108028669478015,FALSE
2023-06-01,4.811634581447599,4.24,4,0.34658582410474026,0.9591484403846106,-0.04517940202434112,2.816959947134637,0.08810865870405007,0.20803557328445857,0.8887466965284578,0.026365706645675082,4.002183508551778,0.10859639178971643,YOYIPC,Interanual calculada desde IPC,0.8370708610759863,0.9404225319809294,3.7893384917929325,4.215028525310624,0.0021835085517780684,FALSE
2023-07-01,4.434547932435429,4.21,4,0.34658582410474054,0.9591484403846104,-0.04517940202434112,2.853048322894053,0.09045034551836195,0.2080355732844586,0.8857898884505705,0.027603744952792508,4.066986535787193,0.0984026320593694,YOYIPC,Interanual calculada desde IPC,0.8316875425046679,0.9398922343964731,3.8741209209668828,4.259852150607504,0.06698653578719327,FALSE
2023-08-01,4.376013609464913,4.17,4,0.3465858241047403,0.9591484403846106,-0.04517940202434112,2.880798101385335,0.09235300349513709,0.2080355732844586,0.8833874346122512,0.028567087130624117,4.117711640734279,0.09334523146408982,YOYIPC,Interanual calculada desde IPC,0.8273969726930103,0.9393778965314922,3.934758348936108,4.30066493253245,0.11771164073427887,FALSE
2023-09-01,4.58050230110576,4.15,4,0.34658582410474054,0.9591484403846107,-0.045179402024341175,2.907743107550527,0.09421661068422378,0.2080355732844586,0.8810342895387843,0.02931063047473092,4.167326705641765,0.09116369644676675,YOYIPC,Interanual calculada desde IPC,0.8235865094441496,0.938482069633419,3.98864914390856,4.34600426737497,0.16732670564176466,FALSE
2023-10-01,4.862758973295644,4.32,4,0.3465858241047408,0.9591484403846106,-0.04517940202434123,2.9425805873026145,0.09645813729579886,0.20803557328445862,0.8782039520438653,0.029906155671941957,4.230846840734676,0.09034072882061553,YOYIPC,Interanual calculada desde IPC,0.8195889640108107,0.9368189400769198,4.05378226590917,4.407911415560182,0.2308468407346762,FALSE
2023-11-01,4.210531002418794,4.43,4,0.3465858241047409,0.9591484403846106,-0.04517940202434123,2.9622310102573235,0.09793847204993923,0.20803557328445857,0.8763347585495569,0.030450797962791487,4.268184770819695,0.08998479810176112,YOYIPC,Interanual calculada desde IPC,0.8166522912419799,0.9360172258571339,4.091817807384135,4.4445517342552545,0.26818477081969494,FALSE
2023-12-01,4.091998841547451,4.32,4,0.34658582410474115,0.9591484403846106,-0.04517940202434134,2.962372535150074,0.09838074575713913,0.2080355732844586,0.8757763070683027,0.031101336073415923,4.271110489590285,0.09036087874726252,YOYIPC,Interanual calculada desde IPC,0.8148188084933311,0.9367338056432742,4.094006421634259,4.448214557546311,0.27111048959028494,FALSE
2024-01-01,3.742651614835779,4.29,4,0.3465858241047411,0.9591484403846106,-0.0451794020243414,2.9579324698823295,0.09861193293565468,0.2080355732844586,0.8754843909534914,0.031730622507316036,4.26613085900483,0.09123502517650137,YOYIPC,Interanual calculada desde IPC,0.813293513632116,0.9376752682748668,4.087313495530283,4.444948222479378,0.26613085900483036,FALSE
2024-02-01,3.2471100698183264,4.28,4,0.3465858241047409,0.9591484403846103,-0.0451794020243414,2.94722083821984,0.09856230599662233,0.20803557328445857,0.875547054044608,0.032364146183720965,4.2503775949865314,0.09280525974691244,YOYIPC,Interanual calculada desde IPC,0.8121144931341254,0.9389796149550905,4.068482628306699,4.432272561666364,0.25037759498653145,FALSE
2024-03-01,3.177355465377829,4.14,4,0.3465858241047409,0.9591484403846104,-0.045179402024341286,2.921495133228972,0.0978978061659549,0.2080355732844586,0.8763861066690083,0.03296457009999381,4.209243099625838,0.09452901364257754,YOYIPC,Interanual calculada desde IPC,0.8117767365071745,0.9409954768308421,4.023969637392291,4.394516561859385,0.2092430996258381,FALSE
2024-04-01,3.302263053315979,4.02,4,0.346585824104741,0.9591484403846106,-0.045179402024341286,2.8936194119051963,0.097156914634244,0.2080355732844586,0.8773216177939,0.03346812714638861,4.16463460971709,0.09526453719070616,YOYIPC,Interanual calculada desde IPC,0.8117252939569711,0.942917941630829,3.977919547819429,4.35134967161475,0.16463460971708965,FALSE
2024-05-01,3.6902576468760273,3.99,4,0.34658582410474076,0.9591484403846104,-0.04517940202434123,2.874906733992766,0.09673459903232753,0.2080355732844586,0.8778548685153598,0.033888691701310154,4.135188997245867,0.09529253172224307,YOYIPC,Interanual calculada desde IPC,0.8114342532976104,0.9442754837331091,3.9484190670746298,4.3219589274171035,0.13518899724586664,FALSE
2024-06-01,3.5550059667865064,4.02,4,0.34658582410474087,0.9591484403846104,-0.04517940202434123,2.8647399251116226,0.09662108202101277,0.2080355732844586,0.8779982045131464,0.03426638572568338,4.1198926357311025,0.09525332015614817,YOYIPC,Interanual calculada desde IPC,0.8108373226104495,0.9451590864158432,3.933199558817189,4.306585712645016,0.11989263573110254,FALSE
2024-07-01,3.7118285475007617,4.07,4,0.3465858241047407,0.9591484403846106,-0.045179402024341286,2.861165180029302,0.0967737511885099,0.2080355732844586,0.8778054317542356,0.03472148012942888,4.115655288184384,0.09680598610771712,YOYIPC,Interanual calculada desde IPC,0.8097525812106319,0.9458582822978394,3.9259190419253738,4.305391534443395,0.1156552881843842,FALSE
2024-08-01,3.025926607014906,4.02,4,0.34658582410474037,0.9591484403846104,-0.045179402024341286,2.851599167354195,0.09669336104275664,0.2080355732844586,0.8779069390227965,0.035243294225216396,4.101420738104241,0.09964461718421329,YOYIPC,Interanual calculada desde IPC,0.8088313516448239,0.9469825264007691,3.906120877169902,4.29672059903858,0.1014207381042409,FALSE
2024-09-01,2.086210407312983,3.97,4,0.34658582410474037,0.9591484403846104,-0.04517940202434123,2.8498559437656392,0.09693069995848606,0.20803557328445862,0.8776072552141263,0.03595162671000308,4.100313170502859,0.10690598512348266,YOYIPC,Interanual calculada desde IPC,0.807143361676892,0.9480711487513606,3.890781289929058,4.3098450510766595,0.10031317050285882,FALSE
2024-10-01,1.1574780058879242,3.96,4,0.34658582410474037,0.9591484403846104,-0.04517940202434126,2.8501022307269164,0.09723391257271045,0.20803557328445862,0.8772243938077346,0.036722867769077606,4.102457244509284,0.11748801241047188,YOYIPC,Interanual calculada desde IPC,0.8052488955713157,0.9491998920441536,3.872184971569564,4.332729517449004,0.10245724450928417,FALSE
2024-11-01,1.646047974441256,3.66,4,0.34658582410474026,0.9591484403846104,-0.04517940202434126,2.833290313032696,0.09714772259379229,0.2080355732844586,0.8773332244269023,0.03743211132083433,4.077752155676777,0.12668918073479665,YOYIPC,Interanual calculada desde IPC,0.8039676343727731,0.9506988144810316,3.8294459242056895,4.326058387147864,0.07775215567677662,FALSE
2024-12-01,1.6885193482677252,3.95,4,0.34658582410474037,0.9591484403846104,-0.04517940202434126,2.8395091247464137,0.09735322685351777,0.2080355732844586,0.8770737376964468,0.0380405752406232,4.087911518429949,0.13143775450414102,YOYIPC,Interanual calculada desde IPC,0.8025155802736392,0.9516318951192544,3.830298253393015,4.345524783466883,0.08791151842994882,FALSE
2025-01-01,2.1623264880425985,3.76,4,0.3465858241047403,0.9591484403846103,-0.04517940202434123,2.8060323337410638,0.0968437537362521,0.20803557328445865,0.8777170407288551,0.03858475709833703,4.036755692669017,0.13194967206183525,YOYIPC,Interanual calculada desde IPC,0.8020923064638884,0.9533417749938219,3.7781390876559486,4.295372297682085,0.03675569266901668,FALSE
2025-02-01,1.77752173733996,3.79,4,0.3465858241047402,0.9591484403846103,-0.0451794020243412,2.7791343315856474,0.09645583186084503,0.20803557328445865,0.878206863077336,0.03909466783063616,3.9958303206393246,0.1316598031566257,YOYIPC,Interanual calculada desde IPC,0.8015827221417324,0.9548310040129395,3.7377818482407053,4.253878793037944,-0.00416967936067536,FALSE
2025-03-01,1.5586774097522849,3.71,4,0.3465858241047402,0.9591484403846103,-0.04517940202434119,2.7480145830547245,0.09596802026016311,0.20803557328445862,0.8788228144814981,0.03965258610831932,3.948317200443628,0.1336789578388346,YOYIPC,Interanual calculada desde IPC,0.801105173815319,0.9565404551476773,3.686311257588664,4.210323143298592,-0.051682799556371783,FALSE
2025-04-01,1.4611140622553087,3.62,4,0.3465858241047402,0.9591484403846103,-0.04517940202434119,2.7162756748573305,0.09546816592838091,0.20803557328445854,0.8794539720372172,0.040202175589316866,3.8999142246470524,0.1358154551844961,YOYIPC,Interanual calculada desde IPC,0.8006591557820009,0.9582487882924335,3.6337208239415264,4.166107625352579,-0.1000857753529476,FALSE
2025-05-01,1.6797030183490769,3.55,4,0.3465858241047402,0.9591484403846103,-0.04517940202434119,2.6880876748979134,0.09502887400000773,0.20803557328445857,0.8800086584771057,0.04072369705265882,3.8570103999201524,0.13721318878777128,YOYIPC,Interanual calculada desde IPC,0.8001916789365745,0.959825638017637,3.588077491692226,4.125943308148079,-0.14298960007984762,FALSE
2025-06-01,1.7666413246159252,3.53,4,0.34658582410474026,0.9591484403846103,-0.04517940202434122,2.666211295043022,0.09469049164791515,0.2080355732844586,0.8804359281128088,0.04121233980413881,3.8237644646568287,0.13769357672919472,YOYIPC,Interanual calculada desde IPC,0.7996612263780702,0.9612106298475473,3.5538900133651046,4.093638915948553,-0.17623553534317127,FALSE
2025-07-01,1.1575827664608518,3.54,4,0.3465858241047403,0.9591484403846103,-0.04517940202434123,2.6514380001445925,0.09448266231591522,0.20803557328445857,0.8806983506724455,0.04170387562241294,3.801444188905612,0.13935908028033925,YOYIPC,Interanual calculada desde IPC,0.7989602564367783,0.9624364449081128,3.5283054106375213,4.074582967173703,-0.1985558110943879,FALSE
2025-08-01,1.1609707545424008,3.49,4,0.34658582410474026,0.9591484403846104,-0.04517940202434123,2.6393387662614,0.09432652543300966,0.20803557328445862,0.8808955020565716,0.04222173157487504,3.7832502526156646,0.14312643573244696,YOYIPC,Interanual calculada desde IPC,0.7981424288048989,0.9636485753082443,3.502727593344482,4.063772911886847,-0.2167497473843354,FALSE
2025-09-01,1.46008627596812,3.42,4,0.3465858241047403,0.9591484403846104,-0.04517940202434122,2.6261832936272205,0.09415700961459057,0.20803557328445862,0.8811095467948209,0.04269466313464075,3.7634786178366095,0.14428003129719083,YOYIPC,Interanual calculada desde IPC,0.7974295447188551,0.9647895488707867,3.4806949528058038,4.046262282867415,-0.23652138216339047,FALSE
2025-10-01,1.2495496799229675,3.37,4,0.34658582410474026,0.9591484403846103,-0.04517940202434122,2.621760392787899,0.09409842937552478,0.20803557328445862,0.8811835150654777,0.04312659609499689,3.7568249531872757,0.14367732997921784,YOYIPC,Interanual calculada desde IPC,0.7966569399434781,0.9657100901874772,3.475222561033132,4.03842734534142,-0.24317504681272428,FALSE
2025-11-01,1.7232826872556115,3.3,4,0.34658582410474026,0.9591484403846102,-0.045179402024341224,2.6384923273578815,0.09437783270006594,0.20803557328445865,0.8808307172438634,0.043549559869480496,3.7823151276031384,0.14455414096991193,YOYIPC,Interanual calculada desde IPC,0.7954751483571108,0.9661862861306161,3.4989942174859854,4.065636037720291,-0.21768487239686163,FALSE
2025-12-01,1.6345637861915563,3.72,4,0.3465858241047403,0.9591484403846103,-0.045179402024341224,2.6883336772422903,0.09510993806326702,0.20803557328445862,0.8799063002643821,0.04393295760353259,3.8578120985366153,0.14564442360491384,YOYIPC,Interanual calculada desde IPC,0.7937992856271331,0.9660133149016311,3.572354273721889,4.143269923351342,-0.14218790146338467,FALSE
2026-01-01,0.9580218061074676,3.64,4,0.34658582410474026,0.9591484403846103,-0.045179402024341224,2.7000739060709207,0.0951235849214482,0.20803557328445857,0.8798890686088672,0.044319169924448315,3.874735440476313,0.14469575565016285,YOYIPC,Interanual calculada desde IPC,0.7930250917322378,0.9667530454854966,3.5911369706861858,4.15833391026644,-0.12526455952368698,FALSE
2026-02-01,1.536219280635276,3.62,4,0.3465858241047403,0.9591484403846103,-0.04517940202434123,2.7095967373923657,0.09509757176783946,0.2080355732844586,0.879921914975107,0.044699308346667604,3.8882560106775546,0.14411578311358997,YOYIPC,Interanual calculada desde IPC,0.7923128804817878,0.9675309494684261,3.6057942661711326,4.1707177551839765,-0.11174398932244545,FALSE
2026-03-01,2.4678103119313732,3.61,4,0.34658582410474037,0.9591484403846103,-0.04517940202434124,2.7060760482269473,0.09493482426430526,0.2080355732844586,0.8801274134773682,0.04499490486464049,3.88229716314848,0.13660894086245884,YOYIPC,Interanual calculada desde IPC,0.7919390204548669,0.9683158064998696,3.6145485590918986,4.150045767205062,-0.11770283685152005,FALSE
2026-04-01,3.184455261611596,3.71,4,0.34658582410474037,0.9591484403846103,-0.04517940202434124,2.7015054425530973,0.09475442795242148,0.2080355732844586,0.8803551968294967,0.04522165751092821,3.874737091185844,0.12736020813520205,YOYIPC,Interanual calculada desde IPC,0.7917223767868722,0.9689880168721212,3.6251156701773226,4.124358512194365,-0.12526290881415614,FALSE
2026-05-01,2.8127006253680698,3.74,4,0.34658582410474037,0.9591484403846103,-0.045179402024341245,2.691963193677779,0.09443978014295977,0.2080355732844586,0.880752497262253,0.04550562993726883,3.859309068009633,0.1236854685365673,YOYIPC,Interanual calculada desde IPC,0.7915631014913984,0.9699418930331076,3.6168900042669994,4.101728131752267,-0.14069093199036686,FALSE
2026-06-01,2.2490360403242704,3.71,4,0.34658582410474037,0.9591484403846102,-0.04517940202434124,2.6875742653323407,0.09430470065322832,0.2080355732844586,0.8809230598344782,0.04603683125402792,3.8522709064795486,0.13386344919060914,YOYIPC,Interanual calculada desde IPC,0.7906925286142356,0.9711535910547208,3.589903367219647,4.11463844573945,-0.14772909352045138,FALSE
2011-02-01,0.7513555210411305,5.81,5,0.19316562429137435,0.2486619416202154,0.01088073790971939,0.24239106017862339,0.1853816283717786,0.9310185200946529,-1.6874115867932948,1.0015339603551685,-2.082394768152089,1.3976829582766135,MSA,Mensual desestacionalizada,-3.650382078383191,0.2755589047966014,-4.82180302817965,0.657013491875472,-7.0823947681520885,TRUE
2011-03-01,0.8118489862985356,6.13,5,0.19316562429137432,0.24866194162021535,0.010880737909719395,0.2423910601793894,0.18538428544097724,0.9310185200946529,-1.6874501053812154,0.9981643171390485,-2.082347234364511,1.39398304721875,MSA,Mensual desestacionalizada,-3.6438162176267666,0.2689160068643359,-4.814503801972657,0.6498093332436361,-7.08234723436451,TRUE
2011-04-01,0.7551583285872354,6.19,5,0.19316562429115508,0.2486619416202255,0.010880737909751182,0.24239106010657877,0.18510109690452473,0.9310185200946142,-1.6833448218044489,0.994415600309801,-2.0874255907025274,1.3961569815291146,MSA,Mensual desestacionalizada,-3.632363584076436,0.2656739404675381,-4.823842991263745,0.64899180985869,-7.087425590702527,TRUE
2011-05-01,0.6192982291226556,5.74,5,0.19316562428565043,0.24866194162028213,0.010880737910667904,0.24239106001298746,0.1847357606173767,0.9310185200947814,-1.678048671486982,0.9909852127183895,-2.094013789569756,1.4005525734003985,MSA,Mensual desestacionalizada,-3.6203439976267893,0.26424665465282526,-4.839046391889427,0.651018812749915,-7.094013789569756,TRUE
2011-06-01,0.35125766036356865,6.16,5,0.19316562428384146,0.24866194161937083,0.01088073791109423,0.2423910600084929,0.18471346228632277,0.9310185200947712,-1.677725420505531,0.9890452023131545,-2.0944172476915086,1.3990878705422987,MSA,Mensual desestacionalizada,-3.616218396121445,0.26076755511038274,-4.836579085161251,0.6477445897782337,-7.094417247691508,TRUE
2011-07-01,0.7217191668310363,5.88,5,0.19316562428404668,0.24866194161948224,0.010880737911051597,0.24239105990398263,0.18437213568772423,0.9310185200947885,-1.6727773301047284,0.9864825325186518,-2.100612551858958,1.4040131330891932,MSA,Mensual desestacionalizada,-3.606247565219148,0.26069290500969133,-4.8524277265350175,0.6512026228171015,-7.1006125518589585,TRUE
2011-08-01,0.6967979540453584,5.95,5,0.19316562428421663,0.24866194161956143,0.010880737910994753,0.2423910598348752,0.18409473921557634,0.931018520094776,-1.6687560120268579,0.9842482451879772,-2.1056745442449345,1.4079331944788227,MSA,Mensual desestacionalizada,-3.5978471244420414,0.2603351003883254,-4.865172898061854,0.653823809571985,-7.105674544244934,TRUE
2011-09-01,0.1141956662159771,6.43,5,0.1931656242841409,0.2486619416195604,0.010880737910987648,0.24239105974393307,0.18373608502401997,0.9310185200947743,-1.6635567296679716,0.9821859073888453,-2.112255621401941,1.4139299958365852,MSA,Mensual desestacionalizada,-3.588605734272901,0.2614922749369577,-4.883507489902516,0.6589962470986341,-7.112255621401941,TRUE
2011-10-01,-3.90805364336444e-4,6.51,5,0.19316562428410486,0.248661941619564,0.010880737911008964,0.24239105953986342,0.18297090856977133,0.9310185200947743,-1.6524642385341206,0.9793304536907801,-2.1264345508142273,1.4283622147737345,MSA,Mensual desestacionalizada,-3.5719166567313203,0.2669881796630791,-4.925973048648611,0.6731039470201572,-7.126434550814228,TRUE
2011-11-01,0.1876520814165339,6.06,5,0.19316562428419454,0.24866194161956104,0.010880737910998306,0.2423910592792665,0.18217238779179118,0.93101852009476,-1.640888366588277,0.9763950885869466,-2.1414357725817497,1.4437473965108905,MSA,Mensual desestacionalizada,-3.5545875749004874,0.27281084172393344,-4.9711286725165635,0.6882571273530638,-7.141435772581749,TRUE
2011-12-01,0.33398285755623647,5.62,5,0.19316562428420675,0.24866194161956043,0.010880737910994753,0.24239105907147968,0.1813737603615609,0.9310185200947672,-1.6293109485434818,0.9734284397532008,-2.156652201444252,1.4593917225783613,MSA,Mensual desestacionalizada,-3.537195631986773,0.2785737348998092,-5.01700741703371,0.7037030141452054,-7.156652201444253,TRUE
2012-01-01,0.00950774128947173,5.95,4.5,0.193165624284281,0.24866194161955363,0.010880737910984095,0.2423910589286069,0.18063795407779415,0.9310185200947672,-1.6186442263337293,0.9706837144578457,-2.170864347319437,1.4740944042705886,MSA,Mensual desestacionalizada,-3.5211493470506685,0.2838608943832097,-5.0600362895018165,0.7183075948629423,-6.670864347319437,TRUE
2012-02-01,0.48741862599630537,6.11,4.5,0.1931656242842588,0.2486619416195572,0.010880737910988536,0.24239105869562874,0.1797466654952075,0.9310185200947441,-1.6057235324913925,0.96756821380465,-2.1883325288954154,1.4924446853861966,MSA,Mensual desestacionalizada,-3.502122384134257,0.2906753191514717,-5.113470361170572,0.7368053033797413,-6.688332528895415,TRUE
2012-03-01,0.27593260172267264,5.47,4.5,0.19316562428428674,0.24866194161955565,0.010880737910985872,0.24239105839156447,0.17885189591882197,0.9310185200947387,-1.5927523759196824,0.964412746767952,-2.2061540056574236,1.5112362909345716,MSA,Mensual desestacionalizada,-3.482966625816215,0.2974618739768504,-5.168122708019078,0.7558146967042312,-6.706154005657424,TRUE
2012-04-01,0.38829257854180455,5.54,4.5,0.1931656242842952,0.24866194161955518,0.010880737910984095,0.24239105820669582,0.17825684230351185,0.9310185200947396,-1.5841260951248217,0.9623597853620481,-2.218167507176113,1.5241773625707948,MSA,Mensual desestacionalizada,-3.4703166146041324,0.302064424354489,-5.205500243866117,0.769165229513892,-6.718167507176113,TRUE
2012-05-01,0.2562375080580992,5.28,4.5,0.19316562428429465,0.2486619416195551,0.01088073791098676,0.24239105798798513,0.17761357291893742,0.9310185200947307,-1.5748008474571757,0.9602116891977638,-2.2313024748357497,1.5384470540183848,MSA,Mensual desestacionalizada,-3.4567811758191604,0.30717948090480895,-5.24660329283353,0.7839983431620308,-6.73130247483575,TRUE
2012-06-01,-0.05720836277705032,5.11,4.5,0.19316562428427994,0.24866194161955554,0.010880737910987648,0.2423910578103818,0.17705272406692923,0.9310185200947299,-1.566670420960373,0.9584104839315071,-2.2428820884841443,1.5512349477408125,MSA,Mensual desestacionalizada,-3.4451204518717304,0.31177960995098464,-5.283246717616009,0.7974825406477204,-6.742882088484144,TRUE
2012-07-01,0.1281010395748794,4.9,4.5,0.19316562428428252,0.24866194161955527,0.010880737910987204,0.24239105765312471,0.17651876449790485,0.9310185200947292,-1.5589297988432573,0.9567157316653065,-2.254018767270675,1.5636300056464814,MSA,Mensual desestacionalizada,-3.4340581763501445,0.31619857866362966,-5.318677263483939,0.8106397289425891,-6.754018767270675,TRUE
2012-08-01,0.5515557359713874,4.55,4.5,0.19316562428428466,0.24866194161955515,0.010880737910986982,0.2423910575154021,0.17597904152676253,0.9310185200947285,-1.5511056267337984,0.9549711638965394,-2.2653886111243544,1.5762851078932247,MSA,Mensual desestacionalizada,-3.4228147142453125,0.3206034607777155,-5.3548506519619075,0.8240734297131986,-6.765388611124354,TRUE
2012-09-01,0.6666553623877469,5.17,4.5,0.1931656242842852,0.24866194161955515,0.010880737910986538,0.24239105743790487,0.17547911740997688,0.9310185200947284,-1.5438584044725125,0.9533234035421907,-2.2760228594478966,1.5881536232568711,MSA,Mensual desestacionalizada,-3.41233794103435,0.3246211320893251,-5.388746762948157,0.8367010440523637,-6.776022859447897,TRUE
2012-10-01,0.06488670210238467,4.76,4.5,0.1931656242842817,0.24866194161955515,0.01088073791098676,0.24239105723106252,0.1746112044924968,0.9310185200947289,-1.5312765793410308,0.9506640442072469,-2.2947239347472093,1.609049559993802,MSA,Mensual desestacionalizada,-3.394543867384428,0.3319907087023666,-5.4484031216750815,0.8589552521806629,-6.794723934747209,TRUE
2012-11-01,-0.03877754732917182,4.82,4.5,0.19316562428428136,0.24866194161955513,0.01088073791098676,0.24239105711386785,0.17405155751755289,0.9310185200947284,-1.5231635760289306,0.9491517203152983,-2.3069465886216833,1.6232206620646896,MSA,Mensual desestacionalizada,-3.383466763711149,0.3371396116532879,-5.488400625229737,0.8745074479863697,-6.806946588621683,TRUE
2012-12-01,0.6556698838484643,4.93,4.5,0.19316562428428138,0.24866194161955515,0.01088073791098676,0.24239105696738092,0.17348210722007432,0.9310185200947285,-1.5149084574339065,0.9475774996069332,-2.3195177215270695,1.6377985937571657,MSA,Mensual desestacionalizada,-3.372126229224012,0.34230931435619927,-5.529543979221461,0.8905085361673217,-6.8195177215270695,TRUE
2013-01-01,0.4057207353910464,4.83,4,0.1931656242842804,0.2486619416195551,0.01088073791098676,0.24239105677590955,0.17292165486551944,0.9310185200947285,-1.506783778819813,0.9459970636904563,-2.332024713914637,1.652327381709779,MSA,Mensual desestacionalizada,-3.360903953133751,0.34733639549412465,-5.5705268727351696,0.9064774449058959,-6.332024713914636,TRUE
2013-02-01,0.8019808952245633,4.61,4,0.19316562428428105,0.24866194161955504,0.01088073791098676,0.2423910566096013,0.17244630534548339,0.9310185200947287,-1.4998928057544587,0.9448589947524266,-2.3427387576241423,1.6651793983464114,MSA,Mensual desestacionalizada,-3.3517824059379344,0.351996794429017,-5.606430406181184,0.9209528909328992,-6.342738757624142,TRUE
2013-03-01,0.42390512353200904,4.66,4,0.19316562428428063,0.24866194161955504,0.01088073791098676,0.24239105648661385,0.17206161653894908,0.9310185200947286,-1.4943161088343166,0.9440383170451825,-2.3514817151243603,1.6759319158108892,MSA,Mensual desestacionalizada,-3.344597210268679,0.35596499260004566,-5.636247910654916,0.9332844804061957,-6.35148171512436,TRUE
2013-04-01,0.1855398604112324,4.93,4,0.19316562428428086,0.24866194161955504,0.010880737910986649,0.24239105636631922,0.17168806349583202,0.9310185200947285,-1.488900843119079,0.9434848492317431,-2.3600342635542275,1.6868353955619202,MSA,Mensual desestacionalizada,-3.3380971675724984,0.36029548133434,-5.666170886702966,0.9461023595945108,-6.360034263554228,TRUE
2013-05-01,0.3936377808702929,4.83,4,0.1931656242842813,0.24866194161955513,0.010880737910986538,0.24239105618593193,0.1711831153949018,0.9310185200947285,-1.4815807899450442,0.942569278686465,-2.371694494170063,1.7013425275302585,MSA,Mensual desestacionalizada,-3.3289826291044124,0.3658210492143241,-5.706264573495714,0.9628755851555884,-6.371694494170063,TRUE
2013-06-01,0.4434665160422568,5.21,4,0.19316562428428163,0.2486619416195551,0.010880737910986649,0.24239105601295552,0.17068525999749032,0.9310185200947286,-1.474363557173366,0.9416592552703131,-2.383304295997353,1.7158414116178555,MSA,Mensual desestacionalizada,-3.3199817832119884,0.3712546688652565,-5.746291665950716,0.9796830739560094,-6.383304295997354,TRUE
2013-07-01,0.07675931991801832,4.81,4,0.19316562428428158,0.24866194161955515,0.010880737910986538,0.24239105575219538,0.17000916456433532,0.9310185200947287,-1.4645624419452905,0.9402462124755775,-2.3992537943454533,1.7354238976180694,MSA,Mensual desestacionalizada,-3.3074111549976175,0.3782862711070363,-5.800622131586994,1.0021145428960878,-6.399253794345453,TRUE
2013-08-01,0.2408817274926811,4.89,4,0.19316562428428094,0.24866194161955518,0.010880737910986704,0.24239105556938653,0.16951137832289875,0.9310185200947285,-1.4573462117031921,0.9394690004774043,-2.4111339948085018,1.7506043933571103,MSA,Mensual desestacionalizada,-3.298671617230747,0.38397919382436285,-5.842255556966027,1.0199875673490233,-6.411133994808502,TRUE
2013-09-01,0.4706248314364281,4.91,4,0.19316562428428108,0.24866194161955513,0.010880737910986704,0.24239105535256003,0.16900012358842026,0.9310185200947286,-1.449934733503822,0.938615991542333,-2.4234587315584446,1.7663239844137308,MSA,Mensual desestacionalizada,-3.289588272240146,0.38971880523250224,-5.885390126038644,1.0384726629217549,-6.423458731558444,TRUE
2013-10-01,0.01107651526268682,4.71,4,0.19316562428428052,0.2486619416195551,0.01088073791098676,0.24239105511959214,0.16846881135187328,0.9310185200947287,-1.4422324888248683,0.9376955310785432,-2.436401214054988,1.7828324517420147,MSA,Mensual desestacionalizada,-3.280081958202971,0.3956169805532348,-5.93068860993858,1.057886181828604,-6.436401214054988,TRUE
2013-11-01,0.417448864103509,4.7,4,0.19316562428428063,0.24866194161955513,0.010880737910986704,0.24239105492642116,0.1680341105774745,0.9310185200947287,-1.4359307861795245,0.9371474681091426,-2.4470935631035435,1.796931674998508,MSA,Mensual desestacionalizada,-3.2727060718763425,0.4008444995172935,-5.969014928779853,1.0748278025727651,-6.447093563103543,TRUE
2013-12-01,0.4228392245344992,5.19,4,0.19316562428428097,0.24866194161955504,0.010880737910986704,0.24239105471788389,0.16759853184417053,0.9310185200947286,-1.4296163560759316,0.9365596224337915,-2.4579020560061333,1.8111777996782719,MSA,Mensual desestacionalizada,-3.2652394854205937,0.4060067732687307,-6.007745312974047,1.0919412009617795,-6.457902056006134,TRUE
2014-01-01,0.16794845607703834,4.94,4,0.19316562428428033,0.24866194161955502,0.010880737910986815,0.24239105440019115,0.16692791401358573,0.9310185200947287,-1.4198946477057217,0.935282589195526,-2.4747307710267634,1.832608987855342,MSA,Mensual desestacionalizada,-3.253014837896323,0.4132255424848794,-6.0665783849676345,1.1171168429141072,-6.474730771026763,TRUE
2014-02-01,0.18992086626266055,4.68,4,0.19316562428427989,0.248661941619555,0.010880737910986926,0.24239105412707754,0.16635452658238867,0.9310185200947287,-1.4115824538823296,0.9343864353982596,-2.4893033791047974,1.8516568883607956,MSA,Mensual desestacionalizada,-3.24294621490568,0.4197813071410206,-6.118484192017459,1.1398774338078645,-6.489303379104797,TRUE
2014-03-01,0.17428489836053274,4.54,4,0.1931656242842799,0.24866194161955496,0.010880737910986926,0.24239105389519436,0.1658168567390775,0.9310185200947289,-1.4037880452374405,0.9335792879540601,-2.503125012991872,1.8698962110272819,MSA,Mensual desestacionalizada,-3.233569826339946,0.42599373586506517,-6.168054241433252,1.1618042154495085,-6.503125012991871,TRUE
2014-04-01,0.20614412273918248,4.66,4,0.19316562428427997,0.24866194161955504,0.010880737910986926,0.24239105368311473,0.16529858715906356,0.9310185200947287,-1.3962748753152248,0.9328039999664136,-2.516593994506319,1.887773210363139,MSA,Mensual desestacionalizada,-3.224537119884297,0.4319873692538474,-6.216561497797626,1.183373508784988,-6.516593994506319,TRUE
2014-05-01,0.35069213402332267,4.28,4,0.19316562428427994,0.24866194161955504,0.010880737910986982,0.24239105343580547,0.1647486462826388,0.9310185200947287,-1.3883025778640832,0.9318943863399481,-2.531045478370646,1.9068668120364471,MSA,Mensual desestacionalizada,-3.2147820124854363,0.4381768567572697,-6.2684357532767905,1.2063447965354985,-6.531045478370646,TRUE
2014-06-01,0.3555159358737292,4.36,4,0.19316562428427958,0.24866194161955496,0.01088073791098701,0.2423910532613362,0.16427615892063968,0.9310185200947287,-1.3814530964866472,0.9311988462373221,-2.543594834106584,1.9237341171389646,MSA,Mensual desestacionalizada,-3.2065692975570497,0.44366310458375535,-6.314044419529911,1.2268547513167434,-6.5435948341065835,TRUE
2014-07-01,0.34954456769540343,4.41,4,0.19316562428427977,0.24866194161955502,0.010880737910986982,0.24239105307050224,0.16377406916617393,0.9310185200947289,-1.3741744797455309,0.9303854969485712,-2.5570675404103183,1.9417524513359614,MSA,Mensual desestacionalizada,-3.1976965455031303,0.4493475860120686,-6.362832411921166,1.2486973311005292,-6.557067540410318,TRUE
2014-08-01,0.5169486077340579,4.06,4,0.1931656242842798,0.24866194161955493,0.010880737910986982,0.24239105286876259,0.16325197926636567,0.931018520094729,-1.3666059280049052,0.9294910113848469,-2.5712291173965838,1.960665276326375,MSA,Mensual desestacionalizada,-3.1883748342729143,0.4551629782631037,-6.414062444734551,1.2716042099413833,-6.571229117396584,TRUE
2014-09-01,0.23130419907504415,4.13,4,0.19316562428427966,0.24866194161955496,0.010880737910986982,0.24239105274211378,0.16286527975396367,0.9310185200947289,-1.3610000825963504,0.9290052476746328,-2.5818197935401255,1.9752882555998243,MSA,Mensual desestacionalizada,-3.1818169094873427,0.45981674429464214,-6.453313633600729,1.289674046520478,-6.5818197935401255,TRUE
2014-10-01,0.19014125906657853,4.17,4,0.19316562428427983,0.248661941619555,0.01088073791098701,0.24239105261035812,0.16246496216664408,0.9310185200947289,-1.3551968207952219,0.9284699171216284,-2.5928757331979844,1.9905130390911547,MSA,Mensual desestacionalizada,-3.174964419082502,0.4645707774920582,-6.494209600574015,1.3084581341780468,-6.592875733197984,TRUE
2014-11-01,0.165165313600113,4.16,4,0.19316562428428,0.24866194161955496,0.010880737910986982,0.24239105246883152,0.16205298684174044,0.9310185200947289,-1.3492245609151876,0.9278456519517637,-2.60435293729893,2.006224638618033,MSA,Mensual desestacionalizada,-3.16776862195273,0.4693195001223549,-6.536480973887159,1.3277750992892994,-6.6043529372989305,TRUE
2014-12-01,0.0071224613022558,4.21,4,0.19316562428428005,0.24866194161955496,0.010880737910986968,0.24239105232633737,0.161640062505886,0.9310185200947289,-1.3432385435606529,0.9271663248709494,-2.615958991851975,2.0220686116439603,MSA,Mensual desestacionalizada,-3.160451147986077,0.4739740608647709,-6.579140644943045,1.3472226612390958,-6.615958991851975,TRUE
2015-01-01,-0.4409955128202192,3.89,4,0.1931656242842802,0.24866194161955493,0.010880737910986954,0.2423910521690805,0.1612145610311725,0.9310185200947289,-1.3370701998936592,0.9263940648906115,-2.628027267550656,2.038456935847398,MSA,Mensual desestacionalizada,-3.1527692025709193,0.47862880278360076,-6.62332944584743,1.3672749107461182,-6.628027267550657,TRUE
2015-02-01,0.3040938202229171,4.07,4,0.19316562428428022,0.2486619416195549,0.010880737910986954,0.2423910520712289,0.16079124204040918,0.931018520094729,-1.3309334949208989,0.9255875696673641,-2.640144647302807,2.054909965084858,MSA,Mensual desestacionalizada,-3.1450517960068902,0.4831848061650925,-6.667694170341588,1.3874048757359736,-6.640144647302807,TRUE
2015-03-01,0.16046720021458682,4.11,4,0.19316562428428008,0.24866194161955493,0.010880737910986996,0.24239105191316107,0.16050489846753552,0.931018520094729,-1.3267824739038536,0.9253670914811476,-2.6484047003582973,2.066936844777918,MSA,Mensual desestacionalizada,-3.140468645685484,0.48690369787777676,-6.699526474441871,1.402717073725277,-6.648404700358297,TRUE
2015-04-01,0.3534503440470793,3.82,4,0.19316562428428016,0.24866194161955496,0.010880737910986996,0.24239105174866515,0.16020847177765374,0.931018520094729,-1.3224852815228139,0.9250644899684639,-2.6570102419659483,2.079334285341283,MSA,Mensual desestacionalizada,-3.135578365237917,0.49060780219228906,-6.7324305530541935,1.418410069122297,-6.657010241965948,TRUE
2015-05-01,0.32824064797010166,3.57,4,0.19316562428428,0.24866194161955493,0.01088073791098701,0.24239105164389188,0.15996147838494432,0.931018520094729,-1.3189047060836003,0.9248673089468137,-2.664223518293934,2.089925159829959,MSA,Mensual desestacionalizada,-3.131611322097834,0.49380190993063344,-6.760401561944769,1.4319545253569013,-6.664223518293934,TRUE
2015-06-01,0.19155712144245385,3.67,4,0.19316562428428,0.2486619416195549,0.01088073791098701,0.24239105160119753,0.1598276648321014,0.931018520094729,-1.3169648585618208,0.9249705648789502,-2.6681478346770966,2.09627555414674,MSA,Mensual desestacionalizada,-3.1298738524842324,0.4959441353605907,-6.77677242247645,1.4404767531222564,-6.668147834677097,TRUE
2015-07-01,0.286221701751721,3.56,4,0.19316562428427994,0.24866194161955485,0.010880737910987023,0.24239105154732132,0.15967491897690864,0.9310185200947291,-1.314750556180917,0.9249260322125361,-2.672641527639716,2.103168771854981,MSA,Mensual desestacionalizada,-3.127572267681021,0.4980711553191872,-6.794776573884816,1.4494935186053834,-6.6726415276397155,TRUE
2015-08-01,0.1665102618498615,3.31,4,0.19316562428428005,0.2486619416195549,0.010880737910986996,0.2423910515216802,0.15955007169881236,0.931018520094729,-1.31294068955776,0.9248988180606229,-2.6763257186799465,2.1089066681204076,MSA,Mensual desestacionalizada,-3.1257090623002446,0.4998276831847246,-6.809706834952308,1.4570553975924159,-6.676325718679946,TRUE
2015-09-01,0.14701826498590975,3.4,4,0.19316562428428014,0.2486619416195549,0.01088073791098701,0.24239105155965454,0.15951914485553703,0.9310185200947291,-1.3124923541013804,0.925091748800879,-2.677239927634583,2.1109819009159936,MSA,Mensual desestacionalizada,-3.1256388641462776,0.5006541559435167,-6.81468842544583,1.4602085701766643,-6.677239927634583,TRUE
2015-10-01,0.5362262555213881,3.28,4,0.19316562428428016,0.24866194161955493,0.010880737910986982,0.24239105158688953,0.15947899413645203,0.931018520094729,-1.311910303395301,0.9251703992534583,-2.6784277297129724,2.1132302713585993,MSA,Mensual desestacionalizada,-3.125210965494621,0.5013903587040194,-6.8202829526156314,1.4634274931896862,-6.678427729712972,TRUE
2015-11-01,0.4419361474440997,3.37,4,0.19316562428428025,0.24866194161955496,0.010880737910986968,0.24239105164703242,0.15946379896552706,0.9310185200947291,-1.311690024402366,0.9252546294804188,-2.6788775328096266,2.1143951005402424,MSA,Mensual desestacionalizada,-3.1251557747129386,0.5017757259082067,-6.823015778956448,1.4652607133371944,-6.678877532809627,TRUE
2015-12-01,0.5454416254171868,3.65,4,0.19316562428428027,0.24866194161955496,0.010880737910986947,0.24239105170970718,0.15945560664129474,0.931018520094729,-1.3115712631893008,0.9252510067625015,-2.6791201026668254,2.115045087615074,MSA,Mensual desestacionalizada,-3.125029913103229,0.5018873867246276,-6.824532300070733,1.4662920947370823,-6.679120102666825,TRUE
2016-01-01,0.82348323675836,3.8,4,0.19316562428428022,0.24866194161955488,0.010880737910986954,0.24239105172896716,0.15934844696897812,0.931018520094729,-1.3100178075014295,0.9248092165774329,-2.6822970782906306,2.119144107498307,MSA,Mensual desestacionalizada,-3.1226105645639004,0.5025749495610412,-6.835743207037588,1.4711490504563272,-6.682297078290631,TRUE
2016-02-01,0.20158824157174848,4.09,4,0.1931656242842803,0.24866194161955493,0.010880737910986961,0.2423910517324635,0.15919693676398466,0.9310185200947291,-1.307821417902348,0.9241534609878964,-2.686801798411016,2.124758827368382,MSA,Mensual desestacionalizada,-3.119128917626666,0.5034860818219704,-6.851252575886603,1.4776489790645706,-6.686801798411016,TRUE
2016-03-01,0.1518081555682116,3.99,4,0.1931656242842803,0.2486619416195549,0.010880737910986963,0.24239105169710495,0.15888038413000483,0.9310185200947291,-1.3032324668619446,0.922995501666936,-2.6962625828137274,2.136684347897112,MSA,Mensual desestacionalizada,-3.112270408021618,0.5058054742977289,-6.8840869510225176,1.4915617853950622,-6.696262582813727,TRUE
2016-04-01,0.1859545938147633,4.19,4,0.1931656242842803,0.24866194161955493,0.010880737910986964,0.2423910516818185,0.15858470297538757,0.9310185200947291,-1.2989460822406915,0.9218417888620265,-2.7051599638569,2.1477940127766564,MSA,Mensual desestacionalizada,-3.1057227878542397,0.5078306233728567,-6.914758875109906,1.504438947396106,-6.7051599638569,TRUE
2016-05-01,0.586625946995678,4.16,4,0.19316562428428027,0.24866194161955496,0.010880737910986961,0.2423910516211243,0.15825346521066727,0.9310185200947291,-1.2941442460786492,0.9204997672030903,-2.7151972793246726,2.1602335842641702,MSA,Mensual desestacionalizada,-3.09829063757421,0.5100021454169115,-6.9491773026763175,1.5187827440269723,-6.715197279324673,TRUE
2016-06-01,0.26446408213782746,4.39,4,0.19316562428428027,0.24866194161955496,0.010880737910986964,0.24239105156321114,0.1579248950306707,0.9310185200947291,-1.2893810809443584,0.9191050491245467,-2.725227620521072,2.1725684227072644,MSA,Mensual desestacionalizada,-3.0907938752373867,0.5120317133486698,-6.9833834829763015,1.5329282419341572,-6.725227620521072,TRUE
2016-07-01,0.4640516724417232,4.41,4,0.1931656242842803,0.24866194161955496,0.010880737910986966,0.24239105146572823,0.15747659036436298,0.9310185200947292,-1.2828821675124766,0.9173150894874212,-2.739033266451214,2.1897363545064246,MSA,Mensual desestacionalizada,-3.0807867053829585,0.5150223703580052,-7.030837656921837,1.5527711240194089,-6.739033266451214,TRUE
2016-08-01,0.28295176248862575,4.45,4,0.1931656242842803,0.24866194161955493,0.010880737910986964,0.24239105135980835,0.1570167763505714,0.9310185200947291,-1.2762164071602302,0.9154392947813239,-2.75333941211199,2.207501890851418,MSA,Mensual desestacionalizada,-3.0704444549643704,0.5180116406439101,-7.079963613984837,1.5732847897608582,-6.753339412111989,TRUE
2016-09-01,-0.02667405634335651,4.42,4,0.19316562428428027,0.24866194161955493,0.010880737910986964,0.24239105124759114,0.15654188858097795,0.9310185200947291,-1.2693321279269405,0.9135113754100045,-2.7682722695518973,2.2261192982801776,MSA,Mensual desestacionalizada,-3.0597815231981977,0.5211172673443167,-7.131385919470622,1.594841380366828,-6.768272269551897,TRUE
2016-10-01,0.7284853920127787,4.43,4,0.19316562428428025,0.24866194161955496,0.010880737910986982,0.2423910511374874,0.1560700855085109,0.9310185200947291,-1.2624925664516726,0.9115527792182553,-2.783269400841913,2.244795719040314,MSA,Mensual desestacionalizada,-3.049103183726844,0.5241180508234988,-7.182988162810622,1.6164493611267954,-6.783269400841913,TRUE
2016-11-01,0.3574965423487342,4.6,4,0.19316562428428025,0.24866194161955496,0.010880737910986978,0.2423910510107078,0.15560057684625103,0.9310185200947292,-1.2556862662258097,0.9095506323279055,-2.798355784935811,2.2635507547343887,MSA,Mensual desestacionalizada,-3.0383727477041367,0.5270002152525171,-7.234833741393668,1.6381221715220469,-6.798355784935811,TRUE
2016-12-01,0.12506027666967512,4.66,4,0.19316562428428027,0.24866194161955496,0.010880737910986977,0.24239105085786203,0.15503312062491126,0.9310185200947292,-1.2474600550439234,0.9073270139257444,-2.8168091721525843,2.2869566334458784,MSA,Mensual desestacionalizada,-3.025788324538654,0.5308682144508075,-7.299161807911474,1.6655434636063062,-6.816809172152585,TRUE
2017-01-01,0.43442243499107747,4.4,4,0.19316562428428027,0.24866194161955488,0.010880737910986973,0.24239105068772487,0.15443377880197456,0.9310185200947292,-1.2387716096269834,0.9049793587503292,-2.836565590596123,2.3121281938987566,MSA,Mensual desestacionalizada,-3.0124985595297815,0.5349553402758145,-7.3682535782773275,1.6951223970850813,-6.836565590596123,TRUE
2017-02-01,0.3267824217161319,4.46,4,0.1931656242842803,0.24866194161955496,0.010880737910986968,0.24239105056114243,0.15386253331793262,0.9310185200947292,-1.2304904668503078,0.9026744585779235,-2.855655541675743,2.3364334552737547,MSA,Mensual desestacionalizada,-2.9996998954272303,0.5387189617266146,-7.434980966286776,1.7236698829352903,-6.855655541675743,TRUE
2017-03-01,0.19089053945533507,4.28,4,0.1931656242842803,0.2486619416195549,0.010880737910986966,0.24239105042275289,0.15326482983538703,0.9310185200947291,-1.2218257718717913,0.9002627574311383,-2.875906695969399,2.362328422645745,MSA,Mensual desestacionalizada,-2.986308353059541,0.5426568093159583,-7.505985324010373,1.754171932071575,-6.875906695969399,TRUE
2017-04-01,0.2728027915598119,4.51,4,0.1931656242842803,0.2486619416195549,0.010880737910986968,0.2423910503202113,0.1527275516746226,0.9310185200947291,-1.2140370413095845,0.8980208871117279,-2.8943572540069695,2.3858782533032152,MSA,Mensual desestacionalizada,-2.9741256374132803,0.5460515547941114,-7.570592701978603,1.7818781939646637,-6.8943572540069695,TRUE
2017-05-01,0.43684212538002143,4.17,4,0.1931656242842803,0.24866194161955493,0.010880737910986968,0.24239105016249074,0.15213594185475499,0.9310185200947291,-1.2054606839933881,0.8955269766795697,-2.914949414377092,2.4122131566917626,MSA,Mensual desestacionalizada,-2.9606613054693853,0.5497399374826091,-7.64280032452662,1.8129014957724352,-6.914949414377093,TRUE
2017-06-01,0.6792300517573402,4.26,4,0.19316562428428027,0.24866194161955493,0.010880737910986968,0.2423910500728018,0.1516400634235948,0.9310185200947291,-1.1982721105988894,0.8933179473085954,-2.932436532971415,2.434426270144974,MSA,Mensual desestacionalizada,-2.9491431140669855,0.5525988928692069,-7.703824345473739,1.8389512795309098,-6.9324365329714155,TRUE
2017-07-01,1.2795930261404465,4.48,4,0.1931656242842803,0.24866194161955496,0.010880737910986975,0.24239104996810112,0.15111035913733528,0.9310185200947292,-1.19059317580383,0.8909483511375265,-2.951349783834231,2.458507687922812,MSA,Mensual desestacionalizada,-2.936819856118727,0.5556335045110672,-7.769936307877781,1.8672367402093188,-6.951349783834231,TRUE
2017-08-01,-0.1959640839080734,4.51,4,0.19316562428428039,0.24866194161955493,0.010880737910986954,0.24239104982667958,0.150452000076808,0.9310185200947291,-1.1810491784666954,0.8881819243026492,-2.97519948708223,2.4894028800974715,MSA,Mensual desestacionalizada,-2.921853761819368,0.5597554048859772,-7.854339475083556,1.9039405009190955,-6.9751994870822305,TRUE
2017-09-01,-0.36805686597816134,4.75,4,0.1931656242842805,0.248661941619555,0.010880737910986937,0.24239104970611003,0.14993127212532745,0.9310185200947292,-1.1735003704069755,0.8864213234082896,-2.994338133039132,2.515363991438805,MSA,Mensual desestacionalizada,-2.9108542394155545,0.5638534986016033,-7.924360964268105,1.9356846981898417,-6.9943381330391325,TRUE
2017-10-01,0.5782400292006606,4.53,4,0.1931656242842805,0.248661941619555,0.010880737910986944,0.24239104951200413,0.1494848757167814,0.9310185200947292,-1.1670291203097167,0.8848820918530903,-3.0109419244814815,2.537946443817351,MSA,Mensual desestacionalizada,-2.901366150906237,0.5673079102868039,-7.985225549054996,1.963341700092033,-7.0109419244814815,TRUE
2017-11-01,0.8251121617530721,4.63,4,0.1931656242842805,0.24866194161955496,0.01088073791098694,0.24239104933523525,0.1490055650479648,0.9310185200947293,-1.1600807238781732,0.8832196890515284,-3.0289762001404728,2.5625712572727224,MSA,Mensual desestacionalizada,-2.8911595048558336,0.5709980570994875,-8.051523572212533,1.993571171931587,-7.028976200140473,TRUE
2017-12-01,1.0617102858097915,4.56,4,0.19316562428428058,0.248661941619555,0.010880737910986926,0.24239104914021078,0.1484718038192008,0.9310185200947292,-1.152342977029349,0.8814124108639798,-3.0493151519003163,2.5905642622970393,MSA,Mensual desestacionalizada,-2.8798795578493697,0.5751936037906717,-8.126727805639085,2.0280975018384533,-7.049315151900316,TRUE
2018-01-01,-0.48082770570214706,4.71,4,0.1931656242842804,0.248661941619555,0.010880737910986926,0.2423910489703104,0.1480449723478909,0.9310185200947292,-1.1461553528743433,0.8801707002453274,-3.0657771555718263,2.6138605676725213,MSA,Mensual desestacionalizada,-2.8712582256025843,0.5789475198538976,-8.188849728819388,2.0572954176757348,-7.065777155571826,TRUE
2018-02-01,-0.21238344743590432,4.56,4,0.19316562428428047,0.24866194161955496,0.010880737910986923,0.2423910487862759,0.14754073643330165,0.9310185200947292,-1.138845624012601,0.8790127927049307,-3.0854549737214993,2.642601305179546,MSA,Mensual desestacionalizada,-2.861679039664237,0.583987791639035,-8.26485835737195,2.0939484099289496,-7.085454973721499,TRUE
2018-03-01,0.1812547915979401,4.62,4,0.19316562428428047,0.24866194161955496,0.010880737910986924,0.24239104860149038,0.14703836342791604,0.9310185200947292,-1.1315629010835555,0.8778919365505572,-3.1053129162038586,2.671875102013918,MSA,Mensual desestacionalizada,-2.8521994790407694,0.5890736768736584,-8.34209188734042,2.131466054932703,-7.105312916203859,TRUE
2018-04-01,0.06070349099633887,4.46,4,0.19316562428428047,0.24866194161955496,0.010880737910986926,0.24239104838116662,0.14657492272181835,0.9310185200947292,-1.1248445658617814,0.8768675684644776,-3.1238599497930055,2.699412900508317,MSA,Mensual desestacionalizada,-2.843473419263367,0.5937842875398043,-8.414612014192109,2.1668921146060987,-7.1238599497930055,TRUE
2018-05-01,0.5966349643889757,4.48,4,0.1931656242842805,0.2486619416195549,0.010880737910986926,0.24239104818482543,0.14613390426693196,0.9310185200947292,-1.1184512780475444,0.8758632253203762,-3.1417165460490084,2.7259874543310736,MSA,Mensual desestacionalizada,-2.8351116550585718,0.598209098963483,-8.484553778845937,2.2011206867479203,-7.141716546049008,TRUE
2018-06-01,0.3941844702170627,4.43,4,0.1931656242842805,0.24866194161955493,0.01088073791098692,0.2423910479718683,0.14568768300849866,0.9310185200947292,-1.111982567039226,0.8747713381017602,-3.15999277979734,2.7531179840704874,MSA,Mensual desestacionalizada,-2.8265028844265867,0.6025377503481344,-8.556004873765012,2.2360193141703326,-7.15999277979734,TRUE
2018-07-01,0.13130401577390316,4.36,4,0.19316562428428052,0.2486619416195549,0.010880737910986923,0.24239104777419634,0.1452885024751761,0.9310185200947292,-1.1061957887058136,0.8738849663095776,-3.1765234654797405,2.7780238184560573,MSA,Mensual desestacionalizada,-2.8189788493035834,0.6065872718919565,-8.62135009784805,2.2683031668885683,-7.1765234654797405,TRUE
2018-08-01,0.5417300324245922,4.33,4,0.1931656242842805,0.24866194161955488,0.010880737910986923,0.24239104759046035,0.14491765766423081,0.9310185200947292,-1.100819783269941,0.8730641132846152,-3.1920364540847554,2.8015078325368146,MSA,Mensual desestacionalizada,-2.811994001502184,0.6103544349623022,-8.68289090826378,2.2988180000942693,-7.1920364540847554,TRUE
2018-09-01,0.7738223708316561,4.32,4,0.1931656242842805,0.2486619416195549,0.010880737910986923,0.2423910474046928,0.14454543698222325,0.9310185200947292,-1.0954238323202263,0.8721660501054849,-3.2077601118460204,2.825204929444713,MSA,Mensual desestacionalizada,-2.8048378790655324,0.6139902144250797,-8.745060022502681,2.3295397988106408,-7.207760111846021,TRUE
2018-10-01,0.372903517308476,4.32,4,0.19316562428428039,0.2486619416195549,0.010880737910986926,0.2423910472258866,0.14419266847194093,0.9310185200947292,-1.0903098725912272,0.8713335823764526,-3.222805700125611,2.8480181297223295,MSA,Mensual desestacionalizada,-2.7980923125693384,0.6174725673868839,-8.804818661698498,2.3592072614472768,-7.222805700125611,TRUE
2018-11-01,-0.32127791750733437,4.47,4,0.19316562428428047,0.2486619416195549,0.010880737910986912,0.24239104705925407,0.14388849107911855,0.9310185200947293,-1.085900321024055,0.8707682303066956,-3.235892652247212,2.86836634468742,MSA,Mensual desestacionalizada,-2.792574691306857,0.6207740492587472,-8.857787382301357,2.3860020778069324,-7.2358926522472125,TRUE
2018-12-01,0.24852390333416352,4.38,4,0.1931656242842804,0.2486619416195549,0.01088073791098692,0.2423910468595718,0.14352074254503475,0.9310185200947293,-1.0805692012135082,0.869930316373306,-3.251857320228773,2.8928097551734338,MSA,Mensual desestacionalizada,-2.7856012903647223,0.6244628879377061,-8.921660254494833,2.417945614037287,-7.251857320228773,TRUE
2019-01-01,1.255455881359957,4.07,4,0.19316562428428044,0.24866194161955496,0.010880737910986918,0.24239104665509012,0.14316094762652895,0.9310185200947292,-1.075353382141489,0.8691153019835339,-3.2676298995015087,2.9171021909625603,MSA,Mensual desestacionalizada,-2.778788072441868,0.6280813081588903,-8.985045133011008,2.449785334007991,-7.267629899501509,TRUE
2019-02-01,0.1266854262659045,4.25,4,0.19316562428428047,0.24866194161955493,0.010880737910986912,0.2423910465127769,0.1428808481570899,0.9310185200947292,-1.0712928796729466,0.8685151362957939,-3.28001513743401,2.936376863016985,MSA,Mensual desestacionalizada,-2.773551266840599,0.6309655074947054,-9.035208033984004,2.4751777591159834,-7.28001513743401,TRUE
2019-03-01,-0.09427732788171994,4.35,4,0.19316562428428047,0.24866194161955493,0.010880737910986909,0.24239104636198489,0.14254584110252647,0.9310185200947292,-1.0664364014555545,0.8680834159217737,-3.294952099319356,2.9604789219693317,MSA,Mensual desestacionalizada,-2.767848632238735,0.6349758293276258,-9.09738416336921,2.5074799647304977,-7.294952099319357,TRUE
2019-04-01,0.6178062310330468,4.3,4,0.19316562428428047,0.24866194161955496,0.010880737910986912,0.24239104618232576,0.1421919704426858,0.9310185200947292,-1.0613064642560825,0.8675063136592855,-3.3108785968105114,2.9859229991893868,MSA,Mensual desestacionalizada,-2.7615875953893894,0.6389746668772243,-9.16318013583153,2.5414229422105064,-7.310878596810511,TRUE
2019-05-01,0.3902176927301326,4.39,4,0.19316562428428047,0.24866194161955496,0.010880737910986912,0.24239104599808084,0.14184032982722383,0.9310185200947292,-1.0562088552174704,0.8668796867322721,-3.3268579761790376,3.0114166070119053,MSA,Mensual desestacionalizada,-2.755261820142088,0.6428441097071471,-9.229126068368181,2.5754101160101053,-7.326857976179038,TRUE
2019-06-01,0.6454647771794164,4.36,4,0.19316562428428052,0.248661941619555,0.010880737910986885,0.24239104580152554,0.14144945900359596,0.9310185200947292,-1.0505425397924513,0.8661338784238557,-3.3448020604058435,3.039992868208991,MSA,Mensual desestacionalizada,-2.7481337472932017,0.6470486677082994,-9.303078595354084,2.6134744745423966,-7.3448020604058435,TRUE
2019-07-01,-0.280182051221356,4.6,4,0.19316562428428052,0.24866194161955496,0.010880737910986892,0.24239104561035515,0.14106942709895393,0.9310185200947293,-1.045033352324109,0.8653852888381754,-3.3624351232961023,3.068127700905071,MSA,Mensual desestacionalizada,-2.7411573511977245,0.6510906465495063,-9.37585491703972,2.650984670447514,-7.362435123296102,TRUE
2019-08-01,-0.7667061970036748,4.53,4,0.19316562428428052,0.24866194161955496,0.010880737910986904,0.24239104537409417,0.14053926961566218,0.9310185200947293,-1.0373478476927245,0.8641480872289088,-3.3873467354860827,3.107438933687563,MSA,Mensual desestacionalizada,-2.7310469759705622,0.6563512805851135,-9.477815129671253,2.7031216586990885,-7.387346735486083,TRUE
2019-09-01,-0.406330958031198,4.34,4,0.1931656242842804,0.24866194161955496,0.010880737910986898,0.2423910451281976,0.14002303739202865,0.9310185200947294,-1.02986421260194,0.8629286011841261,-3.4119613041053976,3.14650290316862,MSA,Mensual desestacionalizada,-2.7211731921523548,0.6614447669484746,-9.57899367156661,2.7550710633558166,-7.4119613041053976,TRUE
2019-10-01,0.7310584085064242,4.22,4,0.19316562428428047,0.24866194161955493,0.01088073791098687,0.24239104488503052,0.13949601138747011,0.9310185200947294,-1.022224103904906,0.8618776937450557,-3.437462318617532,3.187908713936838,MSA,Mensual desestacionalizada,-2.7114733427236573,0.6670251349138454,-9.685648583935135,2.810723946700071,-7.437462318617532,TRUE
2019-11-01,0.4112163116046119,4.25,4,0.1931656242842805,0.24866194161955496,0.010880737910986898,0.24239104464324013,0.13896609981772337,0.9310185200947294,-1.014542164194792,0.8608526467394669,-3.4634901917944125,3.230586168557597,MSA,Mensual desestacionalizada,-2.701782347800129,0.6726980194105447,-9.795322731120546,2.86834234753172,-7.4634901917944125,TRUE
2019-12-01,0.7184151017018081,4.1,4,0.19316562428428047,0.248661941619555,0.010880737910986898,0.24239104440642648,0.1384549551738572,0.9310185200947294,-1.0071322819399011,0.8599480353393021,-3.4889724958962423,3.2729028243671814,MSA,Mensual desestacionalizada,-2.6925994597809106,0.6783348959011082,-9.903744156555339,2.925799164762854,-7.488972495896242,TRUE
2020-01-01,-0.3246720688992788,4.11,4,0.1931656242842804,0.24866194161955496,0.010880737910986912,0.2423910442035766,0.13801585178510897,0.9310185200947294,-1.0007667561589058,0.8592450133347357,-3.511164621378519,3.3102421811964216,MSA,Mensual desestacionalizada,-2.6848560361906255,0.6833225238728142,-9.999120076628815,2.9767908338717777,-7.511164621378519,TRUE
2020-02-01,-0.4136862523004048,3.85,4,0.19316562428428044,0.24866194161955493,0.010880737910986885,0.24239104401132333,0.13761601609997637,0.9310185200947293,-0.994970480322523,0.858706033847192,-3.5316191738179317,3.34517551002594,MSA,Mensual desestacionalizada,-2.6780033799702516,0.6880624193252056,-10.08804269543418,3.024804347798316,-7.531619173817932,TRUE
2020-03-01,0.43032981888924127,3.99,4,0.19316562428428039,0.24866194161955496,0.010880737910986926,0.24239104385695803,0.1371527289410298,0.9310185200947293,-0.9882543710192322,0.8579667667310319,-3.5556198145909317,3.3860162907670524,MSA,Mensual desestacionalizada,-2.669838333744332,0.6933295917058677,-10.192089795560257,3.0808501663783927,-7.555619814590932,TRUE
2020-04-01,0.726678319046492,3.97,4,0.1931656242842803,0.24866194161955496,0.010880737910986926,0.24239104365475864,0.1367915129947774,0.9310185200947292,-0.983017951812966,0.8576820624732097,-3.5745601736370185,3.419530594472373,MSA,Mensual desestacionalizada,-2.664043904446489,0.6980080008205571,-10.276716982835708,3.1275966355616722,-7.5745601736370185,TRUE
2020-05-01,0.3153747545886709,3.96,4,0.19316562428428025,0.24866194161955496,0.01088073791098694,0.2423910434625688,0.13645251519305462,0.9310185200947292,-0.9781036211522103,0.8573973794392707,-3.592519996598536,3.4513972688229972,MSA,Mensual desestacionalizada,-2.6585716052922037,0.7023643629877832,-10.357134339831516,3.1720943466344447,-7.592519996598536,TRUE
2020-06-01,1.2194442086657098,3.77,4,0.19316562428428039,0.24866194161955496,0.010880737910986926,0.24239104328727684,0.13617685657546919,0.9310185200947292,-0.9741074961348288,0.8573413037775987,-3.607257750439533,3.478288022115931,MSA,Mensual desestacionalizada,-2.654465573997536,0.7062505817278779,-10.424577001643815,3.210061500764749,-7.607257750439533,TRUE
2020-07-01,0.19659122869279955,3.9,4,0.19316562428428033,0.248661941619555,0.010880737910986923,0.24239104315595736,0.13597273021964187,0.9310185200947292,-0.9711483488954884,0.8574430211827171,-3.618249279099651,3.4989621000151887,MSA,Mensual desestacionalizada,-2.6517057892088283,0.7094090914178515,-10.476088978400053,3.2395904202007517,-7.6182492790996506,TRUE
2020-08-01,0.4977529001854109,3.92,4,0.19316562428428033,0.24866194161955502,0.010880737910986912,0.24239104302858383,0.13579342396426475,0.9310185200947292,-0.9685490098319693,0.857880098532194,-3.6279597374768233,3.5184848787105256,MSA,Mensual desestacionalizada,-2.649963106008742,0.7128650863448034,-10.524063379898232,3.2681439049445853,-7.627959737476823,TRUE
2020-09-01,0.3377052190368879,3.99,4,0.1931656242842804,0.24866194161955496,0.010880737910986909,0.24239104289687308,0.13560971960479648,0.9310185200947292,-0.9658859130164104,0.8582021919768501,-3.637962581481778,3.53819226676093,MSA,Mensual desestacionalizada,-2.6479313007443652,0.7161594747115447,-10.572691994711334,3.296766831747778,-7.637962581481778,TRUE
2020-10-01,1.0914677545998508,4.15,4,0.19316562428428039,0.248661941619555,0.010880737910986905,0.24239104275852516,0.1354089740309484,0.9310185200947293,-0.9629757757719857,0.8583910899962334,-3.648956594688529,3.5592892380993457,MSA,Mensual desestacionalizada,-2.645391396814683,0.7194398452707116,-10.625035311924254,3.327122122547196,-7.64895659468853,TRUE
2020-11-01,0.5235322482663562,4.27,4,0.1931656242842804,0.24866194161955496,0.010880737910986898,0.2423910425881791,0.1351524898923108,0.9310185200947293,-0.9592576163618103,0.8582940030730811,-3.6631002403568047,3.5852454329828736,MSA,Mensual desestacionalizada,-2.6414829505317594,0.7229677178081388,-10.690052164739948,3.363851684026338,-7.663100240356805,TRUE
2020-12-01,0.11044794873749098,4.26,4,0.1931656242842804,0.24866194161955496,0.010880737910986909,0.24239104241427306,0.1348759633621099,0.9310185200947293,-0.955248909523676,0.8584007650519808,-3.6784724562419377,3.614303064174448,MSA,Mensual desestacionalizada,-2.6376834933271867,0.7271856742798346,-10.762376291236613,3.4054313787527386,-7.678472456241938,TRUE
2021-01-01,0.07000683868376711,4.12,4,0.1931656242842804,0.24866194161955496,0.010880737910986905,0.24239104224655533,0.1346161482284485,0.9310185200947294,-0.9514824618623909,0.8585514821964471,-3.6930337036678305,3.64211290122703,MSA,Mensual desestacionalizada,-2.634212445840908,0.7312475221161263,-10.831443817701494,3.445376410365834,-7.6930337036678305,TRUE
2021-02-01,0.3052828586466383,4.39,4,0.1931656242842804,0.24866194161955493,0.010880737910986905,0.24239104210132678,0.13436914535526884,0.9310185200947294,-0.9479017489881691,0.8586678256088593,-3.706984190874386,3.668763503565011,MSA,Mensual desestacionalizada,-2.630859761864853,0.7350562638885147,-10.897628525656792,3.48366014390802,-7.706984190874386,TRUE
2021-03-01,0.28309199390266215,4.34,4,0.19316562428428044,0.24866194161955493,0.010880737910986905,0.24239104189032473,0.1340983912237516,0.9310185200947294,-0.9439767225623947,0.8586200461639413,-3.7223977148549277,3.697663554030941,MSA,Mensual desestacionalizada,-2.626841089447838,0.7388876443230483,-10.969685107701947,3.5248896779920913,-7.722397714854928,TRUE
2021-04-01,0.12250691680977256,4.39,4,0.1931656242842804,0.2486619416195549,0.010880737910986905,0.24239104168595643,0.1338380833857492,0.9310185200947294,-0.9402031323413691,0.8585524965956322,-3.737337891259052,3.725701263032775,MSA,Mensual desestacionalizada,-2.622935104505755,0.742528839823017,-11.03957818395868,3.5649024014405764,-7.7373378912590525,TRUE
2021-05-01,0.2860585034443197,4.41,4,0.19316562428428047,0.24866194161955493,0.010880737910986904,0.2423910414665589,0.13355582920737724,0.9310185200947294,-0.9361113938231527,0.8583436793206006,-3.753673774280699,3.7559516313498507,MSA,Mensual desestacionalizada,-2.618434091649127,0.7462113040028218,-11.115203699400867,3.607856150839469,-7.753673774280699,TRUE
2021-06-01,0.00837627323058143,4.23,4,0.19316562428428044,0.2486619416195549,0.010880737910986905,0.24239104123322466,0.13326476833573148,0.9310185200947294,-0.9318919878022109,0.8580288337963594,-3.77066959627359,3.787172124355842,MSA,Mensual desestacionalizada,-2.613597599739979,0.7498136241355571,-11.193390563265085,3.652051370717906,-7.77066959627359,TRUE
2021-07-01,0.10801035237841816,4.12,4,0.19316562428428039,0.24866194161955488,0.010880737910986912,0.24239104103388687,0.13302387023405446,0.9310185200947293,-0.9283997736309864,0.8578325217013092,-3.7848531229001394,3.8135830408029214,MSA,Mensual desestacionalizada,-2.6097206209327264,0.7529210736707537,-11.259338534926608,3.6896322891263282,-7.78485312290014,TRUE
2021-08-01,0.3048984790371634,4.14,4,0.19316562428428039,0.24866194161955493,0.010880737910986905,0.24239104084797172,0.13278355207869794,0.9310185200947294,-0.9249159667354787,0.8575657411368419,-3.7991092231158623,3.8399542027412217,MSA,Mensual desestacionalizada,-2.6057139337390876,0.7558820002681301,-11.325281162771873,3.7270627165401473,-7.799109223115862,TRUE
2021-09-01,0.39158394224729776,4.2,4,0.19316562428428039,0.24866194161955488,0.010880737910986898,0.24239104065173173,0.1325374815569787,0.9310185200947295,-0.921348769829049,0.8571954140399184,-3.8138182760465846,3.866875351884737,MSA,Mensual desestacionalizada,-2.6014209090601885,0.7587233694020905,-11.392754698446316,3.765118146353147,-7.813818276046584,TRUE
2021-10-01,0.3994517682905041,3.89,4,0.19316562428428047,0.2486619416195549,0.010880737910986885,0.2423910404418366,0.1322699354508996,0.9310185200947294,-0.9174702490080007,0.8566727352979618,-3.8299408375841972,3.8959961227786635,MSA,Mensual desestacionalizada,-2.5965179567294205,0.7615774587134192,-11.465952922138065,3.8060712469696716,-7.829940837584197,TRUE
2021-11-01,0.45539794299900294,4.08,4,0.19316562428428044,0.24866194161955488,0.010880737910986878,0.24239104030033765,0.13214053943388634,0.9310185200947295,-0.9155944409332719,0.8565792946014288,-3.837787359555537,3.9108654939956473,MSA,Mensual desestacionalizada,-2.5944590082547965,0.7632701263882529,-11.50294287616745,3.8273681570563767,-7.837787359555537,TRUE
2021-12-01,0.28703242055110323,4.02,4,0.19316562428428052,0.24866194161955485,0.010880737910986881,0.24239104012335053,0.13193802238411337,0.9310185200947295,-0.9126586232318965,0.8561397135521838,-3.8501326562653633,3.9330846965540474,MSA,Mensual desestacionalizada,-2.5906616275286147,0.7653443810648217,-11.55883700965694,3.858571697126215,-7.850132656265363,TRUE
2022-01-01,-0.12378208708669902,4.09,4,0.19316562428428052,0.24866194161955485,0.010880737910986878,0.2423910399639877,0.13177690507898804,0.9310185200947294,-0.9103229629163045,0.8557894833049552,-3.8600111280947047,3.950892914516028,MSA,Mensual desestacionalizada,-2.5876395285421583,0.7669936027095492,-11.603618947320605,3.8835966911311948,-7.860011128094705,TRUE
2022-02-01,0.413618505129687,3.92,4,0.1931656242842805,0.24866194161955493,0.01088073791098687,0.24239103979003268,0.13159418316716268,0.9310185200947295,-0.9076741082950921,0.8552751837798781,-3.8712757501648793,3.970758661360211,MSA,Mensual desestacionalizada,-2.5839826653745286,0.7686344487843444,-11.653819717731368,3.9112682174016093,-7.871275750164879,TRUE
2022-03-01,1.4333176663077651,3.8,4,0.1931656242842805,0.24866194161955488,0.01088073791098687,0.2423910396408658,0.1313956343571458,0.9310185200947294,-0.9047958167552506,0.8546602666473296,-3.883590858028251,3.992325856616313,MSA,Mensual desestacionalizada,-2.5798991584014157,0.7703075248909144,-11.708405751544243,3.941224035487741,-7.883590858028251,TRUE
2022-04-01,0.5524914322130314,3.94,4,0.19316562428428044,0.2486619416195549,0.010880737910986874,0.242391039523526,0.13126498919515106,0.9310185200947295,-0.9029019002696381,0.8542012127071794,-3.8917370309914143,4.006383482041818,MSA,Mensual desestacionalizada,-2.5771055127261473,0.771301712186871,-11.74410436404955,3.9606303020667206,-7.891737030991415,TRUE
2022-05-01,1.424042602021558,4.01,4,0.1931656242842804,0.24866194161955488,0.010880737910986874,0.2423910394123646,0.13118002192499995,0.9310185200947295,-0.9016701599493697,0.8543846444000271,-3.8970533961306972,4.017502646334254,MSA,Mensual desestacionalizada,-2.5762332919174837,0.7728929720187443,-11.771213890740192,3.9771070984787973,-7.897053396130698,TRUE
2022-06-01,1.6360497038069075,4.16,4,0.19316562428428036,0.2486619416195549,0.010880737910986898,0.242391039295348,0.1310783683959561,0.9310185200947294,-0.9001965248637835,0.8544584618215691,-3.9034329285549707,4.030244708366223,MSA,Mensual desestacionalizada,-2.5749043363195514,0.7745112865919843,-11.8025674058359,3.995701548725958,-7.90343292855497,TRUE
2022-07-01,0.8515591665967825,4.51,4,0.19316562428428016,0.24866194161955485,0.010880737910986898,0.24239103917886143,0.1309806074935183,0.9310185200947295,-0.8987793198027754,0.8551033869915109,-3.909587902407962,4.044903464854186,MSA,Mensual desestacionalizada,-2.5747511613643526,0.7771925217588018,-11.837453014463442,4.0182772096475174,-7.909587902407962,TRUE
2022-08-01,0.7819355432824082,4.55,4,0.19316562428428036,0.24866194161955488,0.010880737910986898,0.24239103902316353,0.1305519420895919,0.9310185200947295,-0.8925651097783589,0.8554628970422363,-3.9368072030631454,4.1000678032032125,MSA,Mensual desestacionalizada,-2.5692415780914377,0.7841113585347201,-11.972792431513698,4.099178025387408,-7.936807203063145,TRUE
2022-09-01,0.5378058487122139,4.61,4,0.19316562428428033,0.24866194161955485,0.01088073791098687,0.24239103886800006,0.13012562428076682,0.9310185200947295,-0.8863849320058537,0.8560538795928688,-3.9642559617718494,4.15707194985749,MSA,Mensual desestacionalizada,-2.564219704833664,0.7914498408219568,-12.111967264634226,4.183455341090527,-7.964255961771849,TRUE
2022-10-01,1.0124022044536218,4.67,4,0.1931656242842804,0.24866194161955488,0.010880737910986843,0.24239103870637144,0.12967323014359242,0.9310185200947294,-0.8798267349680999,0.85674257787451,-3.9938053813666676,4.219157103088136,MSA,Mensual desestacionalizada,-2.559011331624142,0.799357861687942,-12.26320134853576,4.275590585802425,-7.993805381366668,TRUE
2022-11-01,-0.03561546476786859,4.8,4,0.19316562428428036,0.24866194161955482,0.01088073791098687,0.242391038530415,0.12918108948144214,0.9310185200947294,-0.8726923466826337,0.8573581560960913,-4.026455324825881,4.287721926241247,MSA,Mensual desestacionalizada,-2.553083454482642,0.8076987611173747,-12.430235875981428,4.377325226329666,-8.026455324825882,TRUE
2022-12-01,0.350491886308113,4.71,4,0.19316562428427994,0.24866194161955485,0.010880737910986926,0.24239103833728273,0.12859925407135195,0.9310185200947294,-0.8642576855114152,0.8580747775906243,-4.065751224828308,4.370976402870584,MSA,Mensual desestacionalizada,-2.5460533456312557,0.817537974608425,-12.632707551729087,4.501205102072472,-8.065751224828308,TRUE
2023-01-01,0.2911398603721693,4.62,4,0.19316562428428,0.24866194161955482,0.010880737910986926,0.24239103814343266,0.12801755052734956,0.9310185200947294,-0.8558249359560095,0.8587443474803251,-4.105812524263438,4.45648857241324,MSA,Mensual desestacionalizada,-2.5389329289447957,0.8272830570327769,-12.840369623707707,4.62874457518083,-8.105812524263438,TRUE
2023-02-01,0.625028884184875,4.49,4,0.19316562428428008,0.24866194161955485,0.010880737910986926,0.24239103796097028,0.12745643487063008,0.9310185200947294,-0.8476906416861556,0.859496839173119,-4.145211195195662,4.541903217702863,MSA,Mensual desestacionalizada,-2.532273491291484,0.8368922079191725,-13.047177923159856,4.756755532768532,-8.145211195195662,TRUE
2023-03-01,0.3267161334516544,4.43,4,0.19316562428427972,0.24866194161955488,0.010880737910986926,0.24239103779825802,0.12692497870841543,0.9310185200947294,-0.8399863105679415,0.8603381187444198,-4.18323095437762,4.625716161838849,MSA,Mensual desestacionalizada,-2.5262180378339485,0.8462454166980653,-13.249468034286615,4.883006125531375,-8.18323095437762,TRUE
2023-04-01,0.1865373767921952,4.39,4,0.19316562428427986,0.24866194161955485,0.010880737910986926,0.24239103765120484,0.12644400775799666,0.9310185200947294,-0.8330138456240281,0.8614571126321168,-4.218245293218607,4.705304871770571,MSA,Mensual desestacionalizada,-2.5214387606088415,0.8554110693607853,-13.44047337816978,5.003982791732567,-8.218245293218608,TRUE
2023-05-01,-0.2333248411684252,4.3,4,0.19316562428428,0.24866194161955485,0.010880737910986926,0.24239103750809152,0.12596967653013957,0.9310185200947293,-0.8261376343785072,0.8625799504005285,-4.253355113229103,4.78589168205763,MSA,Mensual desestacionalizada,-2.516763270949889,0.8644880021928745,-13.633530443971877,5.12682021751367,-8.253355113229103,TRUE
2023-06-01,0.11695798322985952,4.24,4,0.19316562428427994,0.2486619416195549,0.010880737910986898,0.2423910373765189,0.12550644962911933,0.9310185200947293,-0.8194223986129601,0.8636953988402805,-4.288211715295284,4.866677079035157,MSA,Mensual desestacionalizada,-2.512234273952867,0.8733894767269468,-13.826723514590778,5.250300084000211,-8.288211715295283,TRUE
2023-07-01,0.47447251758461206,4.21,4,0.19316562428427983,0.24866194161955485,0.010880737910986982,0.24239103723983219,0.1250493777095316,0.9310185200947293,-0.8127963894259229,0.8648359811137921,-4.3231697055246405,4.948623799311302,MSA,Mensual desestacionalizada,-2.5078437649433174,0.8822509860914716,-14.022294125212557,5.375954714163277,-8.323169705524641,TRUE
2023-08-01,0.7234012203118922,4.17,4,0.1931656242842802,0.2486619416195549,0.010880737910986898,0.24239103710195692,0.12459158870740401,0.9310185200947293,-0.806159984948138,0.8659202069048796,-4.358758548097973,5.032464569471933,MSA,Mensual desestacionalizada,-2.5033324039671734,0.8910124340708974,-14.222207857736826,5.504690761540881,-8.358758548097974,TRUE
2023-09-01,0.7422945403530612,4.15,4,0.19316562428428,0.24866194161955485,0.010880737910986926,0.24239103697519465,0.1241609978541002,0.9310185200947294,-0.7999178623683538,0.8671018899523788,-4.392771919464293,5.11408774648399,MSA,Mensual desestacionalizada,-2.4994063376016293,0.8995706128649217,-14.416199716350517,5.6306558774219315,-8.392771919464293,TRUE
2023-10-01,1.2946588766435063,4.32,4,0.19316562428428002,0.24866194161955485,0.01088073791098687,0.24239103686247337,0.12378280021022693,0.9310185200947293,-0.7944352655265228,0.8685786477684017,-4.423087537191171,5.189695815442065,MSA,Mensual desestacionalizada,-2.496818132893091,0.9079476018400454,-14.594704426175845,5.748529351793501,-8.423087537191172,TRUE
2023-11-01,-0.6878434356447194,4.43,4,0.19316562428427997,0.24866194161955482,0.01088073791098687,0.24239103672321735,0.12330300395875533,0.9310185200947293,-0.7874798297757897,0.8698478836385325,-4.4621545685014405,5.284688885444349,MSA,Mensual desestacionalizada,-2.492350353735701,0.9173906941841214,-14.819954453471482,5.8956453164686,-8.46215456850144,TRUE
2023-12-01,0.23195972543677,4.32,4,0.19316562428427994,0.24866194161955485,0.010880737910986815,0.24239103658266214,0.12281453111039484,0.9310185200947292,-0.7803986124833875,0.871787097775364,-4.502643471926973,5.387643014787053,MSA,Mensual desestacionalizada,-2.4890699263097993,0.9282727013430243,-15.062229742468393,6.056942798614447,-8.502643471926973,TRUE
2024-01-01,-0.05820736633950219,4.29,4,0.19316562428427977,0.24866194161955485,0.010880737910986815,0.24239103643391274,0.1223551311551907,0.9310185200947292,-0.7737388545913415,0.8740853270550104,-4.54139881303842,5.489885227251402,MSA,Mensual desestacionalizada,-2.4869146150340757,0.9394369058513925,-15.301376137709655,6.218578511632815,-8.54139881303842,TRUE
2024-02-01,0.12948733916742228,4.28,4,0.19316562428427958,0.24866194161955482,0.010880737910986815,0.24239103628576633,0.12189645270767457,0.9310185200947293,-0.767089556139847,0.8763604632253582,-4.580764638978606,5.594616958324415,MSA,Mensual desestacionalizada,-2.4847245015363875,0.9505453892566933,-15.546012384591481,6.384483106634268,-8.580764638978607,TRUE
2024-03-01,0.2569615290111571,4.14,4,0.19316562428427983,0.24866194161955485,0.010880737910986732,0.2423910361266067,0.12144108086893116,0.9310185200947293,-0.7604881924206464,0.8786236604599669,-4.620527637915404,5.7014648365942895,MSA,Mensual desestacionalizada,-2.4825589228869305,0.9615825380456375,-15.795193376761752,6.5541381009309445,-8.620527637915405,TRUE
2024-04-01,0.3114449647303452,4.02,4,0.1931656242842796,0.24866194161955482,0.010880737910986815,0.24239103598982265,0.12100065398756597,0.9310185200947292,-0.754103480437514,0.8809000986923697,-4.659647913793406,5.808100591587016,MSA,Mensual desestacionalizada,-2.4806359478523374,0.9724289869773095,-16.043315891889737,6.724020064302926,-8.659647913793407,TRUE
2024-05-01,0.15466975239162295,3.99,4,0.1931656242842794,0.24866194161955485,0.010880737910986843,0.24239103587650704,0.12059133326247365,0.9310185200947292,-0.74816970334757,0.8832462774338472,-4.696603848084335,5.911125946600669,MSA,Mensual desestacionalizada,-2.4793005965969828,0.9829611899018427,-16.28219781150188,6.888990115333209,-8.696603848084335,TRUE
2024-06-01,-0.01829369685966142,4.02,4,0.19316562428427925,0.24866194161955488,0.010880737910986898,0.24239103577029125,0.12019341839508427,0.9310185200947292,-0.7424012729234066,0.8855984862627679,-4.73309628415072,6.014171004955526,MSA,Mensual desestacionalizada,-2.4781424107616212,0.993339864914808,-16.52065485072861,7.054462282427171,-8.733096284150719,TRUE
2024-07-01,0.6312950982988674,4.07,4,0.19316562428427947,0.2486619416195548,0.010880737910986815,0.24239103565445005,0.11978782422995532,0.9310185200947292,-0.7365215184489313,0.8878814007399394,-4.7708812526525985,6.121094699628851,MSA,Mensual desestacionalizada,-2.4767370864421867,1.0036940495443243,-16.768006409884165,7.226243904578967,-8.770881252652599,TRUE
2024-08-01,0.03749927982603651,4.02,4,0.1931656242842795,0.24866194161955482,0.010880737910986843,0.24239103551966326,0.11938401780677972,0.9310185200947291,-0.7306676802342349,0.8901437945566489,-4.809103779522326,6.23017155393633,MSA,Mensual desestacionalizada,-2.4753174586270874,1.0139820981586176,-17.020015642743473,7.401808083698821,-8.809103779522326,TRUE
2024-09-01,-0.197421659348862,3.97,4,0.19316562428427936,0.2486619416195548,0.010880737910986843,0.24239103540379967,0.11904183147468834,0.9310185200947292,-0.7257071265818473,0.8927010661379177,-4.841976290711455,6.3288110306543155,MSA,Mensual desestacionalizada,-2.475369065172674,1.0239548120089796,-17.24621797575373,7.562265394330821,-8.841976290711454,TRUE
2024-10-01,0.3659264752184477,3.96,4,0.1931656242842794,0.24866194161955482,0.01088073791098687,0.24239103529218808,0.11870046760072761,0.9310185200947292,NA,NA,NA,NA,MSA,Mensual desestacionalizada,NA,NA,NA,NA,NA,NA
2024-11-01,-0.1992734670913876,3.66,4,0.1931656242842794,0.24866194161955485,0.010880737910986843,0.24239103517081084,0.11836904843492639,0.9310185200947292,NA,NA,NA,NA,MSA,Mensual desestacionalizada,NA,NA,NA,NA,NA,NA
2024-12-01,0.2744310992632393,3.95,4,0.1931656242842792,0.24866194161955485,0.010880737910986926,0.24239103511741103,0.11816593722808222,0.9310185200947292,NA,NA,NA,NA,MSA,Mensual desestacionalizada,NA,NA,NA,NA,NA,NA
2025-01-01,0.41559977343537113,3.76,4,0.19316562428427927,0.24866194161955485,0.01088073791098687,0.2423910349936217,0.11803517829152665,0.9310185200947292,NA,NA,NA,NA,MSA,Mensual desestacionalizada,NA,NA,NA,NA,NA,NA
2025-02-01,-0.25531741153521637,3.79,4,0.19316562428427927,0.24866194161955482,0.01088073791098687,0.2423910349116593,0.11796362780234448,0.9310185200947292,NA,NA,NA,NA,MSA,Mensual desestacionalizada,NA,NA,NA,NA,NA,NA
2025-03-01,0.03811720142348207,3.71,4,0.19316562428427914,0.24866194161955485,0.010880737910986926,0.242391034830142,0.11789303144049229,0.9310185200947292,NA,NA,NA,NA,MSA,Mensual desestacionalizada,NA,NA,NA,NA,NA,NA
2025-04-01,0.21388161723336907,3.62,4,0.19316562428427905,0.24866194161955485,0.01088073791098694,0.24239103475533483,0.11781359804027386,0.9310185200947292,NA,NA,NA,NA,MSA,Mensual desestacionalizada,NA,NA,NA,NA,NA,NA
2025-05-01,0.3732587084853911,3.55,4,0.1931656242842791,0.24866194161955488,0.01088073791098694,0.2423910346981366,0.11773762682229905,0.9310185200947293,NA,NA,NA,NA,MSA,Mensual desestacionalizada,NA,NA,NA,NA,NA,NA
2025-06-01,0.06864460940718686,3.53,4,0.1931656242842792,0.24866194161955488,0.010880737910986926,0.24239103466004805,0.11768273802711832,0.9310185200947293,NA,NA,NA,NA,MSA,Mensual desestacionalizada,NA,NA,NA,NA,NA,NA
2025-07-01,0.02223654014379406,3.54,4,0.1931656242842791,0.24866194161955485,0.010880737910986926,0.24239103463532113,0.1176535749071522,0.9310185200947294,NA,NA,NA,NA,MSA,Mensual desestacionalizada,NA,NA,NA,NA,NA,NA
2025-08-01,0.04088726790758557,3.49,4,0.19316562428427908,0.24866194161955488,0.01088073791098694,0.24239103460993364,0.11762417787607549,0.9310185200947293,NA,NA,NA,NA,MSA,Mensual desestacionalizada,NA,NA,NA,NA,NA,NA
2025-09-01,0.10169386207685704,3.42,4,0.1931656242842791,0.24866194161955482,0.010880737910986933,0.24239103459559783,0.11759604846969922,0.9310185200947293,NA,NA,NA,NA,MSA,Mensual desestacionalizada,NA,NA,NA,NA,NA,NA
2025-10-01,0.1553898791732955,3.37,4,0.19316562428427914,0.24866194161955482,0.01088073791098694,0.2423910345978908,0.11757142612464287,0.9310185200947293,NA,NA,NA,NA,MSA,Mensual desestacionalizada,NA,NA,NA,NA,NA,NA
2025-11-01,0.2744595402412564,3.3,4,0.19316562428427914,0.24866194161955485,0.010880737910986923,0.24239103461506747,0.11755461108930873,0.9310185200947293,NA,NA,NA,NA,MSA,Mensual desestacionalizada,NA,NA,NA,NA,NA,NA
2025-12-01,0.18571219819918383,3.72,4,0.19316562428427916,0.24866194161955485,0.01088073791098692,0.24239103465360065,0.11755491381548534,0.9310185200947293,NA,NA,NA,NA,MSA,Mensual desestacionalizada,NA,NA,NA,NA,NA,NA
2026-01-01,-0.2609422066487177,3.64,4,0.19316562428427916,0.24866194161955485,0.010880737910986916,0.2423910346110095,0.11744036834464858,0.9310185200947293,NA,NA,NA,NA,MSA,Mensual desestacionalizada,NA,NA,NA,NA,NA,NA
2026-02-01,0.3228800629925921,3.62,4,0.19316562428427916,0.24866194161955485,0.01088073791098692,0.24239103458746925,0.11734407237714434,0.9310185200947293,NA,NA,NA,NA,MSA,Mensual desestacionalizada,NA,NA,NA,NA,NA,NA
2026-03-01,0.9697082327195794,3.61,4,0.19316562428427914,0.24866194161955485,0.010880737910986918,0.24239103455972655,0.11725343284363128,0.9310185200947294,NA,NA,NA,NA,MSA,Mensual desestacionalizada,NA,NA,NA,NA,NA,NA
2026-04-01,0.930526566913592,3.71,4,0.19316562428427916,0.24866194161955485,0.010880737910986905,0.2423910345408007,0.11717747741159211,0.9310185200947294,NA,NA,NA,NA,MSA,Mensual desestacionalizada,NA,NA,NA,NA,NA,NA
2026-05-01,0.00150407224186466,3.74,4,0.1931656242842792,0.24866194161955482,0.010880737910986912,0.24239103452339636,0.11710913291231358,0.9310185200947294,NA,NA,NA,NA,MSA,Mensual desestacionalizada,NA,NA,NA,NA,NA,NA
2026-06-01,-0.4950199756366125,3.71,4,0.19316562428427922,0.24866194161955482,0.010880737910986898,0.24239103452022598,0.11710910831565714,0.9310185200947294,NA,NA,NA,NA,MSA,Mensual desestacionalizada,NA,NA,NA,NA,NA,NA
2011-02-01,9.016266252493566,5.81,5,2.3179874914285383,0.24866194161939673,0.13056885492908776,0.2423794052045906,0.015447158982065883,0.9310213665095795,0.7760587851568397,0.08346084725506639,4.527792432968802,0.36538808895067904,MSAA,Mensual SA anualizada,0.6124785304177109,0.9396390398959684,3.8116449382455535,5.24393992769205,-0.47220756703119804,FALSE
2011-03-01,9.742187835582428,6.13,5,2.3179874914285383,0.24866194161939661,0.1305688549290878,0.24237940520824108,0.015447379943959946,0.9310213665095796,0.7760555818186042,0.08318015230702328,4.527811122485237,0.363087482817665,MSAA,Mensual SA anualizada,0.6130254790682823,0.9390856845689262,3.816172732925308,5.239449512045166,-0.47218887751476313,FALSE
2011-04-01,9.061899943046823,6.19,5,2.317987491428558,0.2486619416192775,0.13056885492926992,0.24237940485981874,0.015423791800190838,0.9310213665095848,0.7763975448667881,0.082867872561472,4.525816848863198,0.3607707304759742,MSAA,Mensual SA anualizada,0.613979499170848,0.9388155905627282,3.8187192104540824,5.232914487272314,-0.47418315113680176,FALSE
2011-05-01,7.431578749471868,5.74,5,2.317987491384832,0.2486619416190465,0.13056885493688242,0.2423794044188447,0.015393360894509808,0.9310213665094409,0.7768387090965401,0.08258210304182705,4.523246643644297,0.3585879275938731,MSAA,Mensual SA anualizada,0.6149807613669834,0.9386966568260967,3.8204272202694494,5.226066067019145,-0.4767533563557027,FALSE
2011-06-01,4.215091924362824,6.16,5,2.317987491413932,0.24866194161962182,0.13056885493142545,0.24237940439720332,0.01539150186491406,0.9310213665094291,0.7768656599000614,0.08242048182923127,4.5230897240477645,0.35675846140931966,MSAA,Mensual SA anualizada,0.6153244839263302,0.9384068358737926,3.823855988505575,5.222323459589954,-0.47691027595223545,FALSE
2011-07-01,8.660630001972436,5.88,5,2.3179874914123513,0.24866194161960545,0.13056885493210757,0.2423794038987711,0.015363070087683676,0.9310213665094338,0.7772778422787284,0.08220698718678769,4.520691167179641,0.3548442684305321,MSAA,Mensual SA anualizada,0.6161551081150789,0.938400576442378,3.8252091809353352,5.216173153423947,-0.47930883282035897,FALSE
2011-08-01,8.3615754485443,5.95,5,2.317987491411835,0.24866194161955965,0.13056885493199388,0.24237940356870985,0.01533996318768271,0.9310213665094462,0.7776128286191197,0.08202084761909642,4.518743701141604,0.352989576399708,MSAA,Mensual SA anualizada,0.6168549213042429,0.9383707359339966,3.826896844480127,5.210590557803082,-0.48125629885839594,FALSE
2011-09-01,1.3703479945917252,6.43,5,2.317987491411747,0.24866194161956076,0.1305688549318802,0.24237940313454423,0.015310087782922555,0.9310213665094409,0.7780459396166786,0.0818490269374599,4.516228266272098,0.35122579765447814,MSAA,Mensual SA anualizada,0.6176247946496085,0.9384670845837486,3.827838352427968,5.204618180116228,-0.4837717337279024,FALSE
2011-10-01,-0.00468966437203732,6.51,5,2.3179874914116705,0.24866194161955837,0.13056885493182335,0.24237940216044737,0.015246352035010314,0.931021366509448,0.7789699322312813,0.08161113226085544,4.510871222935008,0.34936488597914167,MSAA,Mensual SA anualizada,0.6190150522624698,0.9389248122000928,3.826128628952948,5.195613816917068,-0.4891287770649919,FALSE
2011-11-01,2.2518249769984067,6.06,5,2.317987491411248,0.2486619416195607,0.13056885493193704,0.2423794009162061,0.015179839028587688,0.9310213665094338,0.7799341874369874,0.0813665815573826,4.505294279177651,0.3474835331442944,MSAA,Mensual SA anualizada,0.6204586180393765,0.9394097568345983,3.8242390689941037,5.186349489361198,-0.4947057208223491,FALSE
2011-12-01,4.007794290674838,5.62,5,2.3179874914109626,0.2486619416195647,0.13056885493199388,0.24237939992445107,0.015113317138647447,0.9310213665094338,0.78089857142916,0.08111942575305953,4.499730370855182,0.3455957588169613,MSAA,Mensual SA anualizada,0.6219074185065924,0.9398897243517276,3.822375130364147,5.177085611346216,-0.5002696291448183,FALSE
2012-01-01,0.11409289547366086,5.95,4.5,2.3179874914109844,0.24866194161956692,0.13056885493196546,0.24237939924261223,0.015052027792422169,0.9310213665094214,0.7817870979645019,0.0808907577804213,4.49461626788237,0.34374371339151405,MSAA,Mensual SA anualizada,0.623244126032723,0.9403300698962808,3.820890969722944,5.168341566041796,-0.005383732117629769,FALSE
2012-02-01,5.849023511955664,6.11,4.5,2.317987491412314,0.2486619416195568,0.1305688549317381,0.2423793981298006,0.014977788026073666,0.9310213665094302,0.7828633698850918,0.08063120277534065,4.488437098436869,0.34184489140861934,MSAA,Mensual SA anualizada,0.624829116415278,0.9408976233549055,3.818433422976969,5.158440773896768,-0.011562901563131334,FALSE
2012-03-01,3.3111912206720717,5.47,4.5,2.317987491411634,0.24866194161956118,0.13056885493183756,0.24237939667821837,0.014903258325769747,0.9310213665094338,0.7839438450486559,0.08036831946206327,4.482250857059415,0.33994029952571475,MSAA,Mensual SA anualizada,0.6264248334050024,0.9414628566923093,3.815980113095256,5.148521601023575,-0.01774914294058494,FALSE
2012-04-01,4.6595109425016545,5.54,4.5,2.3179874914115324,0.24866194161956165,0.13056885493185177,0.24237939579568352,0.014853692509267592,0.9310213665094347,0.7846624127266999,0.0801972777805272,4.478146144850948,0.3382255853761395,MSAA,Mensual SA anualizada,0.6274786366187123,0.9418461888346875,3.8152361788637377,5.141056110838158,-0.021853855149052137,FALSE
2012-05-01,3.0748500966971903,5.28,4.5,2.317987491410894,0.24866194161956467,0.13056885493195125,0.24237939475145046,0.014800110722119965,0.9310213665094347,0.7854392009064042,0.08001831144681354,4.473717302838995,0.3365014119567398,MSAA,Mensual SA anualizada,0.6286061923669406,0.9422722094458678,3.8141866546569094,5.133247951021081,-0.02628269716100462,FALSE
2012-06-01,-0.6865003533246039,5.11,4.5,2.3179874914108374,0.248661941619565,0.13056885493195125,0.24237939390364882,0.014753393872836591,0.9310213665094342,0.7861164664148584,0.07986824213061482,4.469863030801654,0.33484387200801496,MSAA,Mensual SA anualizada,0.6295775883303288,0.942655344499388,3.813581101222005,5.1261449603813025,-0.030136969198346186,FALSE
2012-07-01,1.5372124748985527,4.9,4.5,2.317987491410799,0.24866194161956515,0.1305688549319548,0.2423793931529464,0.014708916689543954,0.9310213665094356,0.7867612629415748,0.07972704133098507,4.466199704738255,0.33320530066009185,MSAA,Mensual SA anualizada,0.6304991333389077,0.9430233925442418,3.8131293159866346,5.119270093489875,-0.033800295261745106,FALSE
2012-08-01,6.618668831656649,4.55,4.5,2.317987491410841,0.24866194161956517,0.13056885493195125,0.24237939249549195,0.014663959442636217,0.9310213665094351,0.7874130190670999,0.07958169172753342,4.4625029376335785,0.3315468188255591,MSAA,Mensual SA anualizada,0.6314357694523653,0.9433902686818345,3.8126831135466563,5.112322761720501,-0.037497062366421474,FALSE
2012-09-01,7.999864348652963,5.17,4.5,2.3179874914108747,0.2486619416195653,0.13056885493194947,0.24237939212554868,0.014622317126911165,0.9310213665094356,0.7880167178302924,0.07944440758588413,4.459084212108638,0.3298969270190847,MSAA,Mensual SA anualizada,0.6323085401888389,0.9437248954717459,3.8124981165407936,5.1056703076764824,-0.040915787891361965,FALSE
2012-10-01,0.7786404252286161,4.76,4.5,2.317987491410882,0.2486619416195654,0.1305688549319477,0.24237939113817678,0.014550024075591271,0.9310213665094355,0.7890647677504145,0.07922285177087046,4.453161558661801,0.32818398850308383,MSAA,Mensual SA anualizada,0.6337908315269531,0.9443387039738758,3.8099327608930498,5.096390356430552,-0.04683844133819903,FALSE
2012-11-01,-0.4653305679500619,4.82,4.5,2.31798749141086,0.24866194161956534,0.13056885493194859,0.24237939057871932,0.014503406811902512,0.9310213665094355,0.7897405895423195,0.07909684489812419,4.449350748156857,0.3266990826090104,MSAA,Mensual SA anualizada,0.6347136222512454,0.9447675568333936,3.8090323124609213,5.089669183852793,-0.05064925184314273,FALSE
2012-12-01,7.868038606181571,4.93,4.5,2.3179874914108596,0.24866194161956534,0.13056885493194814,0.24237938987944896,0.014455973018229174,0.9310213665094356,0.7904282487676912,0.07896568301355007,4.445479875334256,0.3251967213966689,MSAA,Mensual SA anualizada,0.6356583540465268,0.9451981434888557,3.8081060135062796,5.0828537371622335,-0.05452012466574363,FALSE
2013-01-01,4.868648824692556,4.83,4,2.3179874914108605,0.24866194161956534,0.1305688549319477,0.2423793889654469,0.014409288671265608,0.9310213665094356,0.7911050430821212,0.07883400452661847,4.441676728354777,0.3236786176503375,MSAA,Mensual SA anualizada,0.6365932334528814,0.9456168527113609,3.8072782951944046,5.076075161515149,0.44167672835477667,FALSE
2013-02-01,9.62377074269476,4.61,4,2.317987491410862,0.24866194161956534,0.1305688549319477,0.24237938817155358,0.014369692435189362,0.9310213665094358,0.79167907933179,0.07873917377712528,4.438456111532629,0.32229300357664004,MSAA,Mensual SA anualizada,0.6373531345561839,0.9460050241073962,3.8067734320531756,5.070138791012082,0.43845611153262887,FALSE
2013-03-01,5.0868614823841085,4.66,4,2.3179874914108702,0.2486619416195653,0.1305688549319477,0.2423793875844504,0.014337647425784913,0.9310213665094358,0.7921436436147115,0.07867078256407968,4.435853102963753,0.32097275885930376,MSAA,Mensual SA anualizada,0.6379517431535336,0.9463355440758893,3.8067580555810583,5.0649481503464475,0.4358531029637529,FALSE
2013-04-01,2.2264783249347886,4.93,4,2.3179874914108733,0.2486619416195654,0.13056885493194947,0.24237938701018916,0.01430652945213743,0.9310213665094358,0.7925947684351494,0.07862464569946985,4.433328317487665,0.3198121884592349,MSAA,Mensual SA anualizada,0.6384932945669665,0.9466962423033324,3.8065079462906284,5.060148688684702,0.433328317487665,FALSE
2013-05-01,4.723653370443515,4.83,4,2.3179874914108756,0.24866194161956542,0.13056885493195036,0.2423793861490795,0.014264467236777136,0.9310213665094358,0.7932045545853208,0.07854834418129125,4.42992012388205,0.31864239429690516,MSAA,Mensual SA anualizada,0.6392526289447337,0.9471564802259079,3.8053925071125043,5.054447740651595,0.4299201238820496,FALSE
2013-06-01,5.321598192507082,5.21,4,2.31798749141087,0.24866194161956537,0.13056885493195125,0.24237938532334752,0.014222995796429693,0.9310213665094356,0.7938057761266719,0.07847250583160564,4.426564926104595,0.3174688175598878,MSAA,Mensual SA anualizada,0.6400024909201155,0.9476090613332283,3.8043374774726977,5.048792374736491,0.42656492610459473,FALSE
2013-07-01,0.9211118390162198,4.81,4,2.317987491410866,0.24866194161956542,0.13056885493195125,0.24237938407858275,0.014166678349405194,0.9310213665094358,0.7946222238319189,0.07835476434700686,4.422016756278356,0.3162633094825495,MSAA,Mensual SA anualizada,0.6410497076946624,0.9481947399691755,3.802152060061114,5.0418814524955975,0.42201675627835566,FALSE
2013-08-01,2.8905807299121733,4.89,4,2.3179874914108693,0.2486619416195654,0.13056885493195214,0.24237938320590896,0.014125212575827446,0.9310213665094358,0.7952233632207331,0.07828998918063647,4.418673970811399,0.31515278839638816,MSAA,Mensual SA anualizada,0.6417778040766551,0.948668922364811,3.800985855927106,5.036362085695693,0.41867397081139934,FALSE
2013-09-01,5.647497977237137,4.91,4,2.3179874914108662,0.24866194161956542,0.13056885493195303,0.24237938217085916,0.014082624995717821,0.9310213665094359,0.7958407657112511,0.0782189011837393,4.415246004518053,0.31402079840349295,MSAA,Mensual SA anualizada,0.6425345364808247,0.9491469949416774,3.7997765492506943,5.030715459785412,0.41524600451805327,FALSE
2013-10-01,0.1329181831522419,4.71,4,2.3179874914108693,0.24866194161956542,0.13056885493195391,0.2423793810587532,0.014038366792276451,0.9310213665094359,0.7964823876338921,0.07814219516306814,4.411689196738238,0.31288276872681814,MSAA,Mensual SA anualizada,0.6433264994413785,0.9496382758264057,3.7984502386504997,5.024928154825977,0.4116891967382381,FALSE
2013-11-01,5.009386369242108,4.7,4,2.3179874914108716,0.24866194161956542,0.13056885493195303,0.24237938013661883,0.014002155466651863,0.9310213665094358,0.7970073520147762,0.07809651034649051,4.4087833351418855,0.31181829814544626,MSAA,Mensual SA anualizada,0.6439410044173952,0.9500736996121573,3.7976307010562382,5.019935969227532,0.4087833351418855,FALSE
2013-12-01,5.07407069441399,5.19,4,2.3179874914108676,0.24866194161956534,0.13056885493195391,0.24237937914113378,0.013965871015874471,0.9310213665094358,0.7975333765087576,0.0780475127809193,4.405875441224164,0.31073168254228484,MSAA,Mensual SA anualizada,0.6445630623752262,0.9505036906422889,3.796852534585752,5.014898347862576,0.40587544122416386,FALSE
2014-01-01,2.01538147292446,4.94,4,2.317987491410872,0.24866194161956534,0.13056885493195391,0.242379377624603,0.013910009650842946,0.9310213665094357,0.7983432122826017,0.07794110373611525,4.401406113398699,0.3096025380219576,MSAA,Mensual SA anualizada,0.6455814560445157,0.9511049685206878,3.7945962893534695,5.008215937443929,0.401406113398699,FALSE
2014-02-01,2.279050395151927,4.68,4,2.317987491410872,0.24866194161956534,0.13056885493195347,0.24237937632086876,0.013862246780953248,0.9310213665094358,0.7990356422057925,0.07786642288759589,4.397591910331155,0.30853240253561104,MSAA,Mensual SA anualizada,0.6464202577411392,0.9516510266704458,3.7928795132977426,5.002304307364566,0.3975919103311547,FALSE
2014-03-01,2.091418780326393,4.54,4,2.31798749141087,0.24866194161956534,0.13056885493195347,0.24237937521394373,0.013817458913697326,0.9310213665094356,0.7996849427933737,0.07779915769307474,4.394021285318861,0.30746383137177286,MSAA,Mensual SA anualizada,0.6472013956873949,0.9521684898993524,3.7914032492814904,4.996639321356232,0.3940212853188614,FALSE
2014-04-01,2.4737294728701897,4.66,4,2.317987491410869,0.24866194161956534,0.13056885493195391,0.2423793742015498,0.01377428693528864,0.9310213665094356,0.8003108174479446,0.07773454758135004,4.390584968863942,0.306395185962152,MSAA,Mensual SA anualizada,0.6479539038339834,0.9526677310619058,3.7900614393416716,4.991108498386212,0.39058496886394156,FALSE
2014-05-01,4.208305608279872,4.28,4,2.31798749141087,0.24866194161956534,0.13056885493195303,0.24237937302098805,0.013728476994920366,0.9310213665094356,0.800974935277628,0.07765874892643135,4.386944551733483,0.3053096991033071,MSAA,Mensual SA anualizada,0.648766584297384,0.953183286257872,3.7885485373602403,4.985340566106725,0.38694455173348263,FALSE
2014-06-01,4.2661912304847505,4.36,4,2.317987491410867,0.24866194161956534,0.13056885493195436,0.24237937218812927,0.01368911830667108,0.9310213665094353,0.8015455277387662,0.0776007842113341,4.383821622996198,0.3042433495432533,MSAA,Mensual SA anualizada,0.6494507855124869,0.9536402699650455,3.787515615355591,4.9801276306368045,0.38382162299619793,FALSE
2014-07-01,4.194534812344841,4.41,4,2.3179874914108685,0.2486619416195653,0.13056885493195436,0.24237937127715206,0.013647293918385468,0.9310213665094353,0.8021518660520837,0.07753300603438813,4.38050792103037,0.30318917075679314,MSAA,Mensual SA anualizada,0.6501899666115563,0.9541137654926111,3.786268065844491,4.974747776216249,0.3805079210303699,FALSE
2014-08-01,6.203383292808695,4.06,4,2.3179874914108667,0.24866194161956529,0.13056885493195436,0.2423793703141124,0.01360380362726157,0.9310213665094353,0.8027823553633838,0.0774584693438906,4.377067539754868,0.3021500278700111,MSAA,Mensual SA anualizada,0.6509665451517584,0.9545981655750092,3.7848643672018722,4.969270712307863,0.37706753975486773,FALSE
2014-09-01,2.77565038890053,4.13,4,2.31798749141087,0.24866194161956529,0.13056885493195436,0.24237936970951698,0.013571590212591413,0.9310213665094353,0.8032493610583367,0.07741798054866314,4.374522720758022,0.30116935653837806,MSAA,Mensual SA anualizada,0.6515129074271345,0.9549858146895388,3.7842416286956984,4.964803812820345,0.37452272075802195,FALSE
2014-10-01,2.2816951087989423,4.17,4,2.3179874914108676,0.24866194161956529,0.13056885493195436,0.2423793690805395,0.01353824236194067,0.9310213665094353,0.8037328129471785,0.0773733617716165,4.371891398064083,0.30024235659342813,MSAA,Mensual SA anualizada,0.6520838105120219,0.955381815382335,3.783427192507532,4.960355603620634,0.3718913980640828,FALSE
2014-11-01,1.981983763201356,4.16,4,2.3179874914108662,0.24866194161956523,0.13056885493195458,0.24237936840491955,0.013503923487663418,0.9310213665094352,0.8042303420013308,0.07732133548918338,4.36918675901583,0.29931254911320876,MSAA,Mensual SA anualizada,0.6526833092059927,0.9557773747966689,3.7825449426330646,4.955828575398595,0.36918675901582976,FALSE
2014-12-01,0.0854695356270696,4.21,4,2.3179874914108645,0.24866194161956523,0.1305688549319548,0.24237936772467983,0.013469525551822894,0.9310213665094353,0.8047290172301639,0.07726472351988162,4.366479245030611,0.29837710363736486,MSAA,Mensual SA anualizada,0.6532929418557512,0.9561650926045766,3.781670868090001,4.951287621971221,0.3664792450306109,FALSE
2015-01-01,-5.2919461538426305,3.89,4,2.3179874914108654,0.24866194161956523,0.13056885493195453,0.24237936697396978,0.013434080030140788,0.9310213665094353,0.805242879565331,0.0772003712050733,4.363692781267345,0.29742950712711513,MSAA,Mensual SA anualizada,0.6539329324102643,0.9565528267203978,3.7807416593587004,4.94664390317599,0.3636927812673454,FALSE
2015-02-01,3.649125842675005,4.07,4,2.3179874914108627,0.24866194161956517,0.1305688549319548,0.24237936650682884,0.013398816291829445,0.9310213665094353,0.8057541065428293,0.07713316832518893,4.360924139785484,0.2964590289538761,MSAA,Mensual SA anualizada,0.6545758746119934,0.9569323384736652,3.7798751201441703,4.941973159426799,0.3609241397854843,FALSE
2015-03-01,1.925606402575042,4.11,4,2.317987491410862,0.24866194161956523,0.1305688549319548,0.2423793657522505,0.013374961420343317,0.9310213665094353,0.8060999364075133,0.07711478088069956,4.359053219473562,0.2955029837072873,MSAA,Mensual SA anualizada,0.6549577432056443,0.9572421296093824,3.779878014083153,4.938228424863972,0.3590532194735623,FALSE
2015-04-01,4.241404128564952,3.82,4,2.317987491410862,0.2486619416195652,0.1305688549319548,0.24237936496698545,0.01335026665784411,0.9310213665094353,0.8064579423761672,0.07708955300847307,4.357118117377809,0.29455496791911745,MSAA,Mensual SA anualizada,0.6553651948952686,0.9575506898570658,3.7798009887889874,4.93443524596663,0.35711811737780863,FALSE
2015-05-01,3.93888777564122,3.57,4,2.3179874914108596,0.24866194161956515,0.13056885493195503,0.24237936446680225,0.01332968927526647,0.9310213665094352,0.8067562576882628,0.07707310794460934,4.355506971148797,0.29361151616513936,MSAA,Mensual SA anualizada,0.6556957419402606,0.9578167734362649,3.780038974018924,4.93097496827867,0.35550697114879704,FALSE
2015-06-01,2.298685457309446,3.67,4,2.3179874914108596,0.24866194161956512,0.13056885493195503,0.24237936426294832,0.013318538767053132,0.9310213665094352,0.8069179093135426,0.07708169003270637,4.3546344192720845,0.29272268097623116,MSAA,Mensual SA anualizada,0.6558405729819581,0.9579952456451271,3.7809085071006634,4.928360331443505,0.3546344192720845,FALSE
2015-07-01,3.434660421020652,3.56,4,2.317987491410861,0.24866194161956512,0.13056885493195525,0.24237936400571466,0.013305811252573688,0.9310213665094352,0.8071024231816114,0.07707796150613849,4.353638889898332,0.29184642066207805,MSAA,Mensual SA anualizada,0.6560323946278154,0.9581724517354074,3.7816304163837327,4.925647363412931,0.35363888989833203,FALSE
2015-08-01,1.998123142198338,3.31,4,2.3179874914108614,0.2486619416195651,0.13056885493195525,0.24237936388325748,0.01329540742313351,0.9310213665094353,0.8072532500233983,0.07707567658335948,4.352825455725958,0.2909741957487947,MSAA,Mensual SA anualizada,0.6561876998359566,0.95831880021084,3.7825265116278124,4.923124399824102,0.3528254557259576,FALSE
2015-09-01,1.764219179830917,3.4,4,2.3179874914108605,0.24866194161956512,0.13056885493195525,0.24237936406446256,0.01329282632235594,0.9310213665094353,0.8072906688681472,0.07709173056028316,4.35262370054749,0.2901415170190208,MSAA,Mensual SA anualizada,0.6561936534641264,0.9583876842721679,3.7839567767703937,4.921290624324586,0.3526237005474897,FALSE
2015-10-01,6.434715066256658,3.28,4,2.3179874914108614,0.24866194161956515,0.13056885493195547,0.24237936419440065,0.01328947689878591,0.9310213665094353,0.8073392262749923,0.07709826580226271,4.352361914387163,0.28929964672750663,MSAA,Mensual SA anualizada,0.6562294020320614,0.9584490505179233,3.785345026061089,4.919378802713236,0.3523619143871626,FALSE
2015-11-01,5.303233769329196,3.37,4,2.3179874914108622,0.2486619416195651,0.13056885493195525,0.24237936448142036,0.013288206031569936,0.9310213665094353,0.8073576503456308,0.07710526681558019,4.3522625977307525,0.28845637092330284,MSAA,Mensual SA anualizada,0.6562341043687423,0.9584811963225193,3.7868984996099524,4.917626695851553,0.3522625977307525,FALSE
2015-12-01,6.545299505006241,3.65,4,2.317987491410862,0.24866194161956517,0.13056885493195525,0.24237936478052022,0.013287518183723384,0.9310213665094353,0.8073676222428945,0.07710494857037174,4.352208847768319,0.2876768313328643,MSAA,Mensual SA anualizada,0.6562447000151528,0.9584905444706362,3.788372619169301,4.916045076367336,0.35220884776831873,FALSE
2016-01-01,9.88179884110032,3.8,4,2.3179874914108627,0.2486619416195652,0.1305688549319552,0.24237936487237705,0.013278586974214674,0.9310213665094353,0.8074971001559345,0.07706813048089504,4.351510995618827,0.2869019283267599,MSAA,Mensual SA anualizada,0.6564463400575467,0.9585478602543223,3.7891935490032855,4.913828442234368,0.3515109956188267,FALSE
2016-02-01,2.419058898860982,4.09,4,2.3179874914108622,0.24866194161956517,0.13056885493195522,0.24237936488898262,0.013265961508962703,0.9310213665094352,0.807680134591572,0.07701348806851802,4.350524867466836,0.28616816732213807,MSAA,Mensual SA anualizada,0.6567364716534715,0.9586237975296724,3.789645565993614,4.9114041689400585,0.3505248674668362,FALSE
2016-03-01,1.821697866818539,3.99,4,2.3179874914108622,0.2486619416195652,0.13056885493195522,0.24237936472011065,0.013239588939866037,0.9310213665094352,0.8080624641298959,0.0769170081537506,4.348466441681628,0.28550485211894294,MSAA,Mensual SA anualizada,0.657307898349971,0.9588170299098208,3.788887214117066,4.9080456692461905,0.3484664416816283,FALSE
2016-04-01,2.23145512577716,4.19,4,2.3179874914108622,0.24866194161956523,0.13056885493195525,0.2423793646470508,0.013214954774555377,0.9310213665094352,0.8084195916063924,0.07682088319253082,4.346545461633349,0.284838685873977,MSAA,Mensual SA anualizada,0.6578534272884737,0.9589857559243111,3.788271895916637,4.904819027350062,0.3465454616333492,FALSE
2016-05-01,7.039511363948137,4.16,4,2.317987491410862,0.2486619416195652,0.13056885493195525,0.24237936435723778,0.0131873590162441,0.9310213665094352,0.8088196540157913,0.07670907338412956,4.3443955464541135,0.28414516823673736,MSAA,Mensual SA anualizada,0.6584726328954573,0.9591666751361252,3.787481250329034,4.9013098425791934,0.3443955464541135,FALSE
2016-06-01,3.1735689856539295,4.39,4,2.317987491410862,0.2486619416195652,0.13056885493195522,0.24237936408069946,0.013159985433581803,0.9310213665094351,0.8092164954908556,0.07659287523133534,4.342265040766732,0.28344053508954997,MSAA,Mensual SA anualizada,0.6590972185650684,0.9593357724166428,3.7867318002324524,4.897798281301011,0.3422650407667316,FALSE
2016-07-01,5.568620069300678,4.41,4,2.3179874914108622,0.24866194161956523,0.1305688549319552,0.242379363615274,0.013122638785427233,0.9310213665094352,0.8097579189181501,0.07644375245629553,4.339361690625847,0.28275372251121456,MSAA,Mensual SA anualizada,0.6599309172607155,0.9595849205755846,3.7851745780092347,4.89354880324246,0.3393616906258474,FALSE
2016-08-01,3.395421149863509,4.45,4,2.3179874914108622,0.24866194161956517,0.13056885493195514,0.2423793631095743,0.013084333489821307,0.9310213665094352,0.8103132400903383,0.07628748071784136,4.336387844670215,0.28206112230669816,MSAA,Mensual SA anualizada,0.6607925254120754,0.9598339547686012,3.7835582035101396,4.88921748583029,0.3363878446702149,FALSE
2016-09-01,-0.32008867612027814,4.42,4,2.317987491410862,0.2486619416195652,0.13056885493195514,0.2423793625738129,0.013044772614112589,0.9310213665094352,0.810886763712173,0.0761268671086733,4.3333207966670715,0.2813933209875416,MSAA,Mensual SA anualizada,0.6616808459233066,0.9600926815010395,3.781800022041371,4.884841571292772,0.3333207966670715,FALSE
2016-10-01,8.741824704153345,4.43,4,2.3179874914108622,0.24866194161956526,0.13056885493195508,0.24237936204813995,0.013005468659949677,0.9310213665094353,0.8114565626799689,0.07596369920794205,4.330277960548134,0.28072647777977827,MSAA,Mensual SA anualizada,0.6625704480999687,0.9603426772599691,3.780064174592985,4.880491746503283,0.3302779605481341,FALSE
2016-11-01,4.28995850818481,4.6,4,2.317987491410862,0.24866194161956523,0.13056885493195503,0.2423793614428667,0.01296635580901418,0.9310213665094353,0.812023591177871,0.07579690510591298,4.32725415704176,0.2800296157593005,MSAA,Mensual SA anualizada,0.6634643870306816,0.9605827953250605,3.778406195548941,4.876102118534579,0.32725415704176,FALSE
2016-12-01,1.5007233200361014,4.66,4,2.317987491410862,0.24866194161956523,0.13056885493195505,0.24237936071316543,0.012919084570439868,0.9310213665094353,0.8127088938024987,0.07561166047553819,4.323605262299101,0.2793883584726648,MSAA,Mensual SA anualizada,0.6645127624591731,0.9609050251458242,3.7760141419929125,4.87119638260529,0.32360526229910125,FALSE
2017-01-01,5.21306921989293,4.4,4,2.3179874914108627,0.24866194161956517,0.13056885493195503,0.24237935990092477,0.012869157517900638,0.9310213665094353,0.813432698407095,0.07541608445243342,4.319758039070078,0.27874828386430717,MSAA,Mensual SA anualizada,0.6656198890252945,0.9612455077888955,3.7734214419436887,4.866094636196467,0.31975803907007805,FALSE
2017-02-01,3.921389060593583,4.46,4,2.3179874914108622,0.2486619416195652,0.13056885493195505,0.24237935929659193,0.01282157067505161,0.9310213665094353,0.8141225764235323,0.07522407153612877,4.3160975155138654,0.2780976768992388,MSAA,Mensual SA anualizada,0.6666861054422553,0.9615590474048092,3.771036084607101,4.86115894642063,0.31609751551386545,FALSE
2017-03-01,2.290686473464021,4.28,4,2.3179874914108622,0.24866194161956526,0.13056885493195503,0.24237935863589674,0.01277178006449859,0.9310213665094353,0.8148444029955219,0.07502316264785525,4.312274106479206,0.27746351200890695,MSAA,Mensual SA anualizada,0.667801706199435,0.9618870997916087,3.768455615917752,4.856092597040661,0.3122741064792063,FALSE
2017-04-01,3.273633498717743,4.51,4,2.317987491410862,0.24866194161956523,0.13056885493195508,0.2423793581463203,0.012727022388823226,0.9310213665094353,0.8154932658884275,0.07483640177577872,4.308842953989931,0.2768506750506902,MSAA,Mensual SA anualizada,0.668816613675332,0.9621699181015231,3.7662256017949765,4.851460306184885,0.3088429539899309,FALSE
2017-05-01,5.242105504560257,4.17,4,2.317987491410862,0.2486619416195652,0.1305688549319551,0.2423793573933495,0.012677739324499941,0.9310213665094353,0.8162077344394756,0.07462864753553913,4.305071189072576,0.27621359096382997,MSAA,Mensual SA anualizada,0.6699382730548851,0.9624771958240661,3.7637024987429912,4.846439879402161,0.30507118907257613,FALSE
2017-06-01,8.150760621088082,4.26,4,2.317987491410862,0.24866194161956523,0.1305688549319551,0.24237935696512455,0.012636429915676059,0.9310213665094352,0.8168066069704827,0.07444462523229219,4.3019147563683715,0.2755972800469199,MSAA,Mensual SA anualizada,0.6708978226726083,0.962715391268357,3.7617540132392095,4.8420754994975335,0.3019147563683715,FALSE
2017-07-01,15.355116313685356,4.48,4,2.317987491410862,0.2486619416195652,0.13056885493195514,0.2423793564652409,0.012592303043081062,0.9310213665094353,0.8174463249579521,0.07424722842758374,4.298548150619328,0.27499676336211853,MSAA,Mensual SA anualizada,0.6719244312879695,0.9629682186279347,3.7595643985644918,4.837531902674164,0.29854815061932793,FALSE
2017-08-01,-2.351569006896881,4.51,4,2.3179874914108605,0.24866194161956526,0.13056885493195503,0.24237935579007003,0.012537460182078963,0.9310213665094353,0.818241395231555,0.07401677484377818,4.294371317642848,0.2744367451069196,MSAA,Mensual SA anualizada,0.6731711822859395,0.9633116081771705,3.7564851811988866,4.832257454086809,0.29437131764284796,FALSE
2017-09-01,-4.416682391737936,4.75,4,2.31798749141086,0.24866194161956523,0.13056885493195503,0.24237935521443346,0.012494080622740605,0.9310213665094353,0.818870279237271,0.0738700986287941,4.29107327416772,0.2741296855890497,MSAA,Mensual SA anualizada,0.6740875463904129,0.963653012084129,3.753788963319894,4.828357585015547,0.29107327416772044,FALSE
2017-10-01,6.938880350407928,4.53,4,2.31798749141086,0.24866194161956523,0.13056885493195503,0.24237935428777646,0.012456892248415827,0.9310213665094353,0.8194094081304211,0.07374186404422363,4.288249954108487,0.27379380306794426,MSAA,Mensual SA anualizada,0.6748780104508936,0.9639408058099486,3.7516239609050643,4.824875947311909,0.28824995410848686,FALSE
2017-11-01,9.901345941036864,4.63,4,2.3179874914108596,0.24866194161956526,0.13056885493195503,0.24237935344387962,0.012416962293130952,0.9310213665094352,0.8199882823884963,0.07360337033554862,4.285222630672134,0.27340570164116546,MSAA,Mensual SA anualizada,0.6757283273900573,0.9642482373869353,3.7493573022875464,4.8210879590567215,0.28522263067213416,FALSE
2017-12-01,12.7405234297175,4.56,4,2.3179874914108596,0.24866194161956523,0.13056885493195514,0.2423793525128399,0.012372497049868264,0.9310213665094353,0.8206329058177029,0.07345280866477426,4.281856486827527,0.27304494433849336,MSAA,Mensual SA anualizada,0.6766680462714337,0.964597765363972,3.7466982297633367,4.8170147438917175,0.28185648682752706,FALSE
2018-01-01,-5.769932468425765,4.71,4,2.31798749141086,0.24866194161956523,0.13056885493195503,0.242379351701729,0.012336938184780714,0.9310213665094353,0.8211484113197424,0.07334935684406038,4.279168382818135,0.27278951045252997,MSAA,Mensual SA anualizada,0.6773863136162075,0.9649105090232772,3.7445107669708637,4.813825998665406,0.27916838281813483,FALSE
2018-02-01,-2.548601369230852,4.56,4,2.31798749141086,0.24866194161956523,0.13056885493195505,0.24237935082314963,0.012294932104495102,0.9310213665094353,0.8217573836661046,0.07325288153680189,4.275997242528629,0.27266180280140523,MSAA,Mensual SA anualizada,0.6781843740901938,0.9653303932420154,3.741589929078112,4.8104045559791455,0.27599724252862856,FALSE
2018-03-01,2.175057499175282,4.62,4,2.3179874914108596,0.24866194161956523,0.13056885493195505,0.24237934994098723,0.012253081079142126,0.9310213665094352,0.8223641081434563,0.0731594931440654,4.272842478166507,0.2724860470627937,MSAA,Mensual SA anualizada,0.6789741364538832,0.9657540798330294,3.738779639633745,4.806905316699269,0.2728424781665071,FALSE
2018-04-01,0.7284418919560665,4.46,4,2.3179874914108596,0.24866194161956526,0.13056885493195505,0.242379348889187,0.012214472767040425,0.9310213665094353,0.822923822219366,0.07307414386698949,4.269936273165755,0.27226855764013436,MSAA,Mensual SA anualizada,0.6797011320389681,0.9661465123997639,3.7362997060684244,4.803572840263087,0.2699362731657553,FALSE
2018-05-01,7.159619572667708,4.48,4,2.3179874914108596,0.24866194161956529,0.13056885493195508,0.24237934795186736,0.012177732067212786,0.9310213665094352,0.8234564610666213,0.07299046451376746,4.267174320797317,0.27203239699647785,MSAA,Mensual SA anualizada,0.6803977794047882,0.9665151427284544,3.734000620056119,4.8003480215385155,0.2671743207973174,FALSE
2018-06-01,4.7302136426047525,4.43,4,2.3179874914108596,0.24866194161956523,0.13056885493195508,0.24237934693523258,0.012140558021335825,0.9310213665094353,0.8239953822367837,0.07289949476151207,4.26438342491826,0.27176224338342914,MSAA,Mensual SA anualizada,0.6811149980130538,0.9668757664605137,3.731739215528931,4.7970276343075895,0.26438342491826017,FALSE
2018-07-01,1.575648189286838,4.36,4,2.317987491410859,0.24866194161956523,0.1305688549319551,0.24237934599156133,0.012107302111819932,0.9310213665094353,0.8244775012326673,0.0728256445352127,4.261889780237305,0.2715362526871775,MSAA,Mensual SA anualizada,0.6817418607927342,0.9672131416726003,3.7296885044734696,4.7940910560011405,0.261889780237305,FALSE
2018-08-01,6.500760389095106,4.33,4,2.317987491410859,0.24866194161956526,0.13056885493195514,0.24237934511441386,0.012076406358694187,0.9310213665094355,0.8249254044682388,0.07275725323645182,4.259575720168247,0.27131896374731224,MSAA,Mensual SA anualizada,0.682323808510733,0.9675270004257446,3.7278003229007863,4.791351117435707,0.2595757201682467,FALSE
2018-09-01,9.285868449979873,4.32,4,2.317987491410859,0.24866194161956526,0.13056885493195516,0.24237934422756996,0.012045396014103114,0.9310213665094355,0.82537496896411,0.07268243230798101,4.257255602718529,0.27107448652714866,MSAA,Mensual SA anualizada,0.6829200193316969,0.9678299185965231,3.7259593719976296,4.788551833439429,0.2572556027185291,FALSE
2018-10-01,4.4748422077017125,4.32,4,2.3179874914108582,0.24866194161956526,0.13056885493195525,0.24237934337395575,0.01201600589022922,0.9310213665094355,0.8258010447268013,0.072613075982705,4.2550590375597235,0.27086087025069355,MSAA,Mensual SA anualizada,0.683482030994029,0.9681200584595735,3.7241814870471877,4.785936588072259,0.2550590375597235,FALSE
2018-11-01,-3.855335010088013,4.47,4,2.3179874914108587,0.24866194161956526,0.1305688549319552,0.242379342578452,0.011990663021453832,0.9310213665094355,0.8261684464495225,0.07256596922395846,4.253166775079826,0.2707254887071318,MSAA,Mensual SA anualizada,0.6839417602673219,0.968395132631723,3.722554567516843,4.78377898264281,0.2531667750798263,FALSE
2018-12-01,2.9822868400099622,4.38,4,2.317987491410859,0.24866194161956526,0.1305688549319551,0.24237934162518707,0.011960025206269542,0.9310213665094355,0.8266126102961212,0.07249615952834905,4.250881403781073,0.2705814369871203,MSAA,Mensual SA anualizada,0.6845227486030868,0.9687024719891556,3.7205515324012235,4.781211275160922,0.25088140378107315,FALSE
2019-01-01,15.065470576319484,4.07,4,2.317987491410859,0.24866194161956526,0.13056885493195514,0.24237934064901356,0.011930049827892829,0.9310213665094353,0.8270471706354592,0.07242825882657117,4.248647820640073,0.2703845614652193,MSAA,Mensual SA anualizada,0.6850903918724345,0.9690039493984839,3.718703818192587,4.7785918230875595,0.2486478206400733,FALSE
2019-02-01,1.520225115190854,4.25,4,2.3179874914108596,0.24866194161956526,0.13056885493195503,0.24237933996959926,0.011906712449233506,0.9310213665094352,0.827385498280969,0.07237825669288553,4.2469104867535314,0.2701843964603808,MSAA,Mensual SA anualizada,0.6855267218991182,0.9692442746628197,3.717358800506494,4.776462173000569,0.24691048675353144,FALSE
2019-03-01,-1.1313279345806393,4.35,4,2.317987491410859,0.24866194161956526,0.1305688549319552,0.24237933924971114,0.011878801656119035,0.9310213665094353,0.8277901278264103,0.07234228003204674,4.244834554897851,0.27016672321424035,MSAA,Mensual SA anualizada,0.6860018644040876,0.9695783912487329,3.715317507576739,4.774351602218964,0.24483455489785122,FALSE
2019-04-01,7.413674772396561,4.3,4,2.3179874914108596,0.24866194161956526,0.1305688549319552,0.24237933839202763,0.011849319682079088,0.9310213665094353,0.828217535163263,0.0722941951703956,4.242643963912382,0.270117003926733,MSAA,Mensual SA anualizada,0.6865235163379781,0.9699115539885479,3.7132243646041214,4.772063563220643,0.24264396391238208,FALSE
2019-05-01,4.6826123127615915,4.39,4,2.3179874914108596,0.24866194161956529,0.1305688549319552,0.24237933751245486,0.011820023446585323,0.9310213665094353,0.8286422498033084,0.07224198698577378,4.240469411799235,0.2700208140769818,MSAA,Mensual SA anualizada,0.6870505571395805,0.9702339424670362,3.7112383411321646,4.769700482466305,0.24046941179923476,FALSE
2019-06-01,7.745577326152997,4.36,4,2.31798749141086,0.24866194161956523,0.13056885493195525,0.2423793365741193,0.011787459682097157,0.9310213665094353,0.82911433460464945,0.07217985128307938,4.238054938089653,0.26995687825362985,MSAA,Mensual SA anualizada,0.6876444256803567,0.9705842435289422,3.7089491793336746,4.7671606968456315,0.23805493808965306,FALSE
2019-07-01,-3.3621846146562717,4.6,4,2.317987491410861,0.24866194161956526,0.13056885493195514,0.2423793356614896,0.01175579874107984,0.9310213665094353,0.8295733309548982,0.07211748528763498,4.23571003992723,0.269895875212882,MSAA,Mensual SA anualizada,0.6882256571355364,0.9709210047742599,3.7067238449340643,4.764696234920395,0.2357100399272296,FALSE
2019-08-01,-9.200474364044098,4.53,4,2.317987491410861,0.24866194161956526,0.13056885493195505,0.24237933453362215,0.011711633606250969,0.9310213665094353,0.8302136036392638,0.07201441827598484,4.232443379664692,0.2698559582170595,MSAA,Mensual SA anualizada,0.6890679374507305,0.9713592698277971,3.7035354205457094,4.7613513387836734,0.23244337966469164,FALSE
2019-09-01,-4.875971496374376,4.34,4,2.3179874914108605,0.24866194161956526,0.13056885493195491,0.24237933335976225,0.011668628298773628,0.9310213665094353,0.8308370620248697,0.07191282870015916,4.2292673425630785,0.2697648566032027,MSAA,Mensual SA anualizada,0.6898905077461595,0.97178361630358,3.700537939326189,4.757996745799968,0.22926734256307846,FALSE
2019-10-01,8.77270090207709,4.22,4,2.3179874914108605,0.24866194161956526,0.13056885493195503,0.2423793321989311,0.011624723899819485,0.9310213665094353,0.8314735547579442,0.07182528083486844,4.226029819561634,0.26962176586566566,MSAA,Mensual SA anualizada,0.6906985911421271,0.9722485183737613,3.697580869016839,4.75447877010643,0.22602981956163415,FALSE
2019-11-01,4.934595739255343,4.25,4,2.3179874914108605,0.24866194161956523,0.1305688549319547,0.24237933104467257,0.011580579142797112,0.9310213665094353,0.8321135320203005,0.0717398884644136,4.222779566292036,0.2694200226339825,MSAA,Mensual SA anualizada,0.6915059343751293,0.9727211296654716,3.6947260252154646,4.750833107368608,0.22277956629203644,FALSE
2019-12-01,8.620981220421697,4.1,4,2.317987491410861,0.2486619416195652,0.13056885493195458,0.2423793299141711,0.011537997581199416,0.9310213665094353,0.8327308472589898,0.07166452794032865,4.219649139968054,0.26927948030433246,MSAA,Mensual SA anualizada,0.6922709535268813,0.9731907409910984,3.6918710567958994,4.747427223140208,0.21964913996805357,FALSE
2020-01-01,-3.8960648267913456,4.11,4,2.317987491410862,0.24866194161956526,0.13056885493195458,0.24237932894579498,0.011501416502186898,0.9310213665094353,0.8332611720445269,0.07160596112209452,4.216963549136444,0.2691522989705247,MSAA,Mensual SA anualizada,0.6929160671668463,0.9736062769222075,3.6894347367980584,4.744492361474829,0.21696354913644367,FALSE
2020-02-01,-4.9642350276048575,3.85,4,2.3179874914108627,0.2486619416195652,0.13056885493195436,0.24237932802800186,0.011468106156431741,0.9310213665094353,0.8337440802157899,0.07156105872865728,4.2145210496817676,0.2690865723634102,MSAA,Mensual SA anualizada,0.693486982412066,0.9740011780195139,3.6871210591261527,4.741921040237383,0.21452104968176755,FALSE
2020-03-01,5.163957826670895,3.99,4,2.3179874914108627,0.24866194161956526,0.13056885493195414,0.24237932729106493,0.011429510830826235,0.9310213665094353,0.834303606023311,0.07149947415573282,4.211694567858884,0.26895467117802957,MSAA,Mensual SA anualizada,0.6941672117645223,0.9744400002820996,3.6845530988761332,4.738836036841635,0.21169456785888396,FALSE
2020-04-01,8.720139828557905,3.97,4,2.317987491410864,0.2486619416195652,0.13056885493195391,0.24237932632579307,0.011399417260475168,0.9310213665094355,0.8347398798204015,0.07147575581745419,4.209493324070848,0.2687682337576283,MSAA,Mensual SA anualizada,0.6946499726504121,0.974829786990391,3.682717265717454,4.736269382424242,0.20949332407084764,FALSE
2020-05-01,3.784497055064051,3.96,4,2.3179874914108654,0.24866194161956529,0.1305688549319537,0.24237932540830112,0.011371174292602405,0.9310213665094353,0.8351493249839774,0.07145204063075204,4.207429537473418,0.26859367438736315,MSAA,Mensual SA anualizada,0.6951058987258109,0.975192751242144,3.680995609198908,4.733863465747928,0.20742953747341808,FALSE
2020-06-01,14.633330503988518,3.77,4,2.317987491410862,0.24866194161956529,0.13056885493195414,0.24237932457147168,0.011348207014086759,0.9310213665094353,0.8354822871978315,0.07144736810425059,4.205752748860879,0.2684850058776635,MSAA,Mensual SA anualizada,0.6954480189233245,0.9755165554723384,3.6795318069516334,4.731973690770124,0.20575274886087858,FALSE
2020-07-01,2.3590947443135946,3.9,4,2.317987491410862,0.24866194161956529,0.1305688549319542,0.24237932394454265,0.011331197794337512,0.9310213665094353,0.8357288739869358,0.07145584146061981,4.204511805551234,0.2683766954092226,MSAA,Mensual SA anualizada,0.695677998239117,0.9757797497347547,3.6785031482592814,4.730520462843186,0.20451180555123383,FALSE
2020-08-01,5.97303480222493,3.92,4,2.3179874914108614,0.24866194161956529,0.13056885493195414,0.24237932333645024,0.01131625600324305,0.9310213665094353,0.835945488760792,0.07149224539399247,4.203422298876644,0.2684464787836321,MSAA,Mensual SA anualizada,0.6958232626146672,0.9760677149069168,3.6772768686841295,4.729567729069158,0.2034222988766441,FALSE
2020-09-01,4.052462628442655,3.99,4,2.3179874914108622,0.24866194161956529,0.1305688549319542,0.24237932270765428,0.01130094788036179,0.9310213665094353,0.8361674143355187,0.07151907331794098,4.202306665799688,0.26849478197609133,MSAA,Mensual SA anualizada,0.6959926064246749,0.9763422222463625,3.6760665630896154,4.728546768509761,0.20230666579968837,FALSE
2020-10-01,13.09761305519821,4.15,4,2.317987491410862,0.24866194161956529,0.1305688549319542,0.24237932204717574,0.011284220374802305,0.9310213665094353,0.8364099170456046,0.07153480723998833,4.201088267608302,0.26856155395446674,MSAA,Mensual SA anualizada,0.6962042712142125,0.9766155628769968,3.674717294225437,4.727459240991167,0.20108826760830212,FALSE
2020-11-01,6.282386979196275,4.27,4,2.3179874914108614,0.24866194161956526,0.1305688549319542,0.2423793212339563,0.01126285030553082,0.9310213665094353,0.836719724129191,0.07152672049967254,4.199532742315922,0.2686190405757557,MSAA,Mensual SA anualizada,0.6965299280175701,0.976909520240812,3.6730490972257375,4.726016387406107,0.1995327423159221,FALSE
2020-12-01,1.3253753848498917,4.26,4,2.317987491410862,0.24866194161956529,0.13056885493195408,0.24237932040374574,0.011239811067806062,0.9310213665094353,0.8370537295531737,0.07153561087169892,4.197857009085943,0.2688075643399486,MSAA,Mensual SA anualizada,0.6968465086325719,0.9772609504737755,3.67100386420771,4.724710153964175,0.19785700908594261,FALSE
2021-01-01,0.8400820642052054,4.12,4,2.3179874914108622,0.24866194161956529,0.13056885493195405,0.2423793196030763,0.011218163820236719,0.9310213665094352,0.8373675549578523,0.07154816363815124,4.196283738454229,0.2690177255405421,MSAA,Mensual SA anualizada,0.6971357310670976,0.977599378848607,3.6690186851918853,4.723548791716572,0.19628373845422864,FALSE
2021-02-01,3.663394303759659,4.39,4,2.3179874914108622,0.24866194161956526,0.13056885493195405,0.24237931890975845,0.01119758373620637,0.9310213665094353,0.8376659094335632,0.07155785526641996,4.1947891210037485,0.26919819433685555,MSAA,Mensual SA anualizada,0.6974150903004503,0.9779167285666761,3.6671703554002972,4.7224078866072,0.19478912100374846,FALSE
2021-03-01,3.397103926831946,4.34,4,2.317987491410862,0.24866194161956529,0.13056885493195405,0.24237931790247377,0.011175025366012562,0.9310213665094353,0.8379929436041792,0.07155387774519889,4.1931520499586785,0.26934227880259637,MSAA,Mensual SA anualizada,0.6977499202694073,0.9782359669389511,3.665250883991644,4.721053215925713,0.19315204995867852,FALSE
2021-04-01,1.4700830017172706,4.39,4,2.3179874914108622,0.24866194161956526,0.13056885493195403,0.24237931692685674,0.011153337125958977,0.9310213665094353,0.8383073632868561,0.0715482551823982,4.191579328856062,0.26947706646787056,MSAA,Mensual SA anualizada,0.6980753599726743,0.9785393666010378,3.66341398391953,4.7197446737925945,0.19157932885606233,FALSE
2021-05-01,3.4327020413318365,4.41,4,2.3179874914108622,0.24866194161956529,0.130568854931954,0.24237931587949932,0.011129820965205919,0.9310213665094353,0.8386482827797925,0.0715308669490383,4.189875388941638,0.2695974823065845,MSAA,Mensual SA anualizada,0.698450359776751,0.9788462057828341,3.6614740332980578,4.718276744585218,0.1898753889416378,FALSE
2021-06-01,0.1005152787669772,4.23,4,2.3179874914108627,0.2486619416195653,0.13056885493195391,0.24237931476561705,0.011105571290036009,0.9310213665094353,0.8389998362093517,0.07150464878270939,4.1881197494920706,0.2696878527196633,MSAA,Mensual SA anualizada,0.6988532998680556,0.9791463725506478,3.6595412710935884,4.716698227890553,0.18811974949207055,FALSE
2021-07-01,1.296124228541018,4.12,4,2.3179874914108636,0.24866194161956534,0.13056885493195403,0.24237931381401606,0.011085499804501499,0.9310213665094355,0.8392908174091639,0.07148830626883003,4.186667716561446,0.26977057189347475,MSAA,Mensual SA anualizada,0.6991763118064881,0.9794053230118397,3.6579271115614618,4.715408321561429,0.18666771656144565,FALSE
2021-08-01,3.6587817484459606,4.14,4,2.3179874914108622,0.24866194161956534,0.13056885493195403,0.24237931292648837,0.01106547662404736,0.9310213665094353,0.8395810983184965,0.07146609600718003,4.185220182093387,0.2698147000348627,MSAA,Mensual SA anualizada,0.6995101240287419,0.979652072608251,3.656393087525578,4.714047276661196,0.18522018209338675,FALSE
2021-09-01,4.699007306967573,4.2,4,2.3179874914108622,0.24866194161956534,0.13056885493195403,0.24237931198967533,0.011044974320520349,0.9310213665094355,0.8398783251913627,0.07143526257456437,4.183739046730239,0.26982892478588183,MSAA,Mensual SA anualizada,0.6998677833190545,0.979888867063671,3.654884072162744,4.712594021297734,0.18373904673023933,FALSE
2021-10-01,4.793421219486049,3.89,4,2.3179874914108622,0.24866194161956537,0.13056885493195403,0.24237931098768117,0.011022683295905503,0.9310213665094353,0.8402014835882005,0.0713917401820957,4.182129879220189,0.269833943431999,MSAA,Mensual SA anualizada,0.700276244037652,0.9801267231387489,3.6532650682870527,4.710994690153325,0.18212987922018886,FALSE
2021-11-01,5.464775315988035,4.08,4,2.3179874914108622,0.24866194161956545,0.13056885493195408,0.24237931031217377,0.011011899093101685,0.9310213665094353,0.8403578247950075,0.0713839746726334,4.181351818962946,0.26985396697621017,MSAA,Mensual SA anualizada,0.7004478053633267,0.9802678442266883,3.6524477626043126,4.710255875321579,0.18135181896294572,FALSE
2021-12-01,3.4443890466132387,4.02,4,2.3179874914108622,0.24866194161956545,0.13056885493195414,0.2423793094672657,0.010995024510762305,0.9310213665094355,0.8406024597128864,0.0713473774478118,4.180134933506728,0.269875479182822,MSAA,Mensual SA anualizada,0.7007641695237901,0.9804407499019827,3.6511887139979073,4.709081153015548,0.1801349335067277,FALSE
2022-01-01,-1.4853850450403885,4.09,4,2.3179874914108614,0.24866194161956542,0.13056885493195408,0.2423793087064873,0.010981598230163429,0.9310213665094355,0.840797103763072,0.07131822448508131,4.1791672215351605,0.26991420654099807,MSAA,Mensual SA anualizada,0.70101595233097,0.980578255195174,3.650145097799099,4.708189345271222,0.17916722153516051,FALSE
2022-02-01,4.963422061556244,3.92,4,2.3179874914108614,0.24866194161956542,0.13056885493195403,0.24237930787605422,0.010966372470942957,0.9310213665094355,0.8410178352918077,0.07127540662625718,4.178070352990962,0.2699425734369987,MSAA,Mensual SA anualizada,0.7013206053208961,0.9807150652627193,3.648992631160386,4.7071480748215375,0.17807035299096174,FALSE
2022-03-01,17.19981199569318,3.8,4,2.317987491410861,0.24866194161956534,0.13056885493195403,0.24237930716394557,0.010949828463878451,0.9310213665094353,0.8412576777796528,0.07122420964387513,4.176879173239575,0.2699217498274185,MSAA,Mensual SA anualizada,0.7016607920503272,0.9808545635089784,3.6478422649338045,4.705916081545346,0.17687917323957514,FALSE
2022-04-01,6.629897186556377,3.94,4,2.3179874914108614,0.24866194161956537,0.13056885493195403,0.2423793066037629,0.010938940294229977,0.9310213665094353,0.8414155262190534,0.07118599758322502,4.176095586581591,0.26991598552657303,MSAA,Mensual SA anualizada,0.701893534752377,0.9809375176857297,3.6470699760978738,4.705121197065309,0.1760955865815914,FALSE
2022-05-01,17.088511224258696,4.01,4,2.317987491410862,0.24866194161956534,0.13056885493195397,0.24237930607307445,0.010931857039920206,0.9310213665094352,0.8415182138768301,0.07120129809384008,4.175585982438876,0.27014660196844736,MSAA,Mensual SA anualizada,0.7019662339604031,0.9810701937932571,3.646108372034842,4.70506359284291,0.1755859824388759,FALSE
2022-06-01,19.632596445682893,4.16,4,2.317987491410863,0.2486619416195654,0.1305688549319537,0.24237930551443737,0.010923383993449094,0.9310213665094353,0.8416410496890567,0.07120746907020353,4.174976554471269,0.2704059180363091,MSAA,Mensual SA anualizada,0.702076974881208,0.9812051244969054,3.6449906939136136,4.704962415028924,0.17497655447126892,FALSE
2022-07-01,10.21870999916139,4.51,4,2.3179874914108622,0.24866194161956537,0.13056885493195347,0.24237930495833296,0.010915235553028093,0.9310213665094352,0.8417591796085504,0.07126120722472178,4.174390641399928,0.27088868422889456,MSAA,Mensual SA anualizada,0.7020897799532503,0.9814285792638505,3.643458576491851,4.705322706308004,0.17439064139992766,FALSE
2022-08-01,9.3832265193889,4.55,4,2.3179874914108622,0.2486619416195653,0.13056885493195391,0.24237930421505915,0.010879526024826726,0.9310213665094352,0.8422768693103369,0.07129116220837262,4.171824917585766,0.271626534355021,MSAA,Mensual SA anualizada,0.7025487589659236,0.9820049796547501,3.639446693004493,4.704203142167039,0.17182491758576557,FALSE
2022-09-01,6.453670184546567,4.61,4,2.3179874914108605,0.2486619416195654,0.13056885493195391,0.24237930347433964,0.01084401228058631,0.9310213665094353,0.8427917206844983,0.07134039787030672,4.16927638693786,0.27244125620898507,MSAA,Mensual SA anualizada,0.7029671102159392,0.9826163311530574,3.6353013368654006,4.70325143701032,0.1692763869378604,FALSE
2022-10-01,12.148826453443462,4.67,4,2.317987491410863,0.24866194161956534,0.13056885493195391,0.2423793027027623,0.010806326822835997,0.9310213665094353,0.8433380559167767,0.0713977727169773,4.166575413404112,0.2733178042210222,MSAA,Mensual SA anualizada,0.7034009928151248,0.9832751190184286,3.630882360797339,4.702268466010885,0.16657541340411175,FALSE
2022-11-01,-0.42738557721442305,4.8,4,2.3179874914108614,0.24866194161956534,0.13056885493195391,0.242379301862795,0.010765330944563473,0.9310213665094352,0.8439323831192451,0.07144905748548107,4.1636411483657385,0.27421437047942676,MSAA,Mensual SA anualizada,0.7038948037183703,0.9839699625201199,3.626190858182739,4.701091438548739,0.1636411483657385,FALSE
2022-12-01,4.205902635697356,4.71,4,2.317987491410861,0.24866194161956542,0.13056885493195391,0.24237930094084398,0.010716864645029146,0.9310213665094353,0.84463501083281,0.07150875645422257,4.160177518527521,0.2752149018426081,MSAA,Mensual SA anualizada,0.7044804236032877,0.9847895980623323,3.6207662229072834,4.699588814147759,0.16017751852752138,FALSE
2023-01-01,3.493678324466032,4.62,4,2.3179874914108627,0.24866194161956537,0.13056885493195391,0.2423793000154686,0.010668409322831737,0.9310213665094353,0.8453374794052563,0.0715645378062094,4.156720428963705,0.2761796282439997,MSAA,Mensual SA anualizada,0.7050735627348308,0.9856013960756818,3.615418304341805,4.698022553585606,0.15672042896370542,FALSE
2023-02-01,7.5003466102185,4.49,4,2.317987491410862,0.24866194161956537,0.13056885493195347,0.2423792991444551,0.010621668897774463,0.9310213665094353,0.8460150866974283,0.07162722776315862,4.153391130531835,0.27714490591731733,MSAA,Mensual SA anualizada,0.70562829996919,0.9864018734256667,3.6101970964351517,4.696585164628519,0.15339113053183517,FALSE
2023-03-01,3.920593601419853,4.43,4,2.317987491410861,0.24866194161956534,0.13056885493195436,0.24237929836771988,0.010577398934731336,0.9310213665094353,0.8466568791018717,0.07169731516477203,4.150242716804181,0.27810545692408284,MSAA,Mensual SA anualizada,0.7061327235907011,0.9871810346130423,3.605166037328923,4.695319396279438,0.1502427168041809,FALSE
2023-04-01,2.238448521506342,4.39,4,2.3179874914108556,0.2486619416195654,0.13056885493195525,0.24237929766573654,0.010537334179896309,0.9310213665094353,0.847237707581759,0.0717905360851896,4.147397483024315,0.2791125750267816,MSAA,Mensual SA anualizada,0.7065308424239642,0.9879445727395537,3.60034688833959,4.6944480777090405,0.14739748302431543,FALSE
2023-05-01,-2.7998980940211027,4.3,4,2.317987491410858,0.2486619416195654,0.13056885493195525,0.2423792969825625,0.010497822526531829,0.9310213665094355,0.8478105176153162,0.07188407848582619,4.144595346525415,0.28012009558985357,MSAA,Mensual SA anualizada,0.7069203127212464,0.988700722509386,3.595570047823385,4.693620645227446,0.14459534652541528,FALSE
2023-06-01,1.403495798758314,4.24,4,2.3179874914108565,0.2486619416195653,0.1305688549319557,0.2423792963544789,0.010459235800265004,0.9310213665094353,0.8483699187561364,0.07197700698551707,4.141862457936002,0.2811129468194289,MSAA,Mensual SA anualizada,0.7072975773495351,0.9894422601627377,3.590891206581998,4.692833709290006,0.14186245793600172,FALSE
2023-07-01,5.693670211015345,4.21,4,2.317987491410858,0.24866194161956534,0.1305688549319548,0.24237929570198277,0.010421161745406032,0.9310213665094353,0.8489218875750633,0.072072030583849,4.1391694087616075,0.2820625729583559,MSAA,Mensual SA anualizada,0.7076633033380499,0.9901804718120766,3.586336924376529,4.692001893146687,0.13916940876160755,FALSE
2023-08-01,8.680814643742707,4.17,4,2.317987491410858,0.24866194161956534,0.1305688549319548,0.2423792950438137,0.010383027972801405,0.9310213665094353,0.8494747221366503,0.07216236137799231,4.136475643558909,0.2829915971476582,MSAA,Mensual SA anualizada,0.7080390927964213,0.9909103514768793,3.5818223052220315,4.691128981895787,0.13647564355890918,FALSE
2023-09-01,8.907534484236734,4.15,4,2.317987491410856,0.24866194161956534,0.13056885493195614,0.24237929443869485,0.010347159695800842,0.9310213665094353,0.8499947132583281,0.07226081095774578,4.1339451108994805,0.2839487879248703,MSAA,Mensual SA anualizada,0.7083661262874891,0.9916233002291671,3.577415713112933,4.6904745086860284,0.13394511089948047,FALSE
2023-10-01,15.535906519722076,4.32,4,2.3179874914108543,0.2486619416195653,0.13056885493195525,0.24237929390060425,0.010315655596999073,0.9310213665094353,0.8504514358288916,0.0723838392194956,4.13172502664904,0.28498392845398374,MSAA,Mensual SA anualizada,0.7085817178959424,0.9923211537618408,3.5731667907064923,4.690283262591588,0.13172502664903973,FALSE
2023-11-01,-8.254121227736633,4.43,4,2.3179874914108543,0.2486619416195653,0.1305688549319557,0.24237929323585486,0.01027568942453585,0.9310213665094353,0.8510308351361958,0.07248957910694157,4.128912051893474,0.28609194935120585,MSAA,Mensual SA anualizada,0.7089538708321232,0.9931077994402684,3.5681821348982536,4.6896419688886946,0.1289120518934741,FALSE
2023-12-01,2.78351670524124,4.32,4,2.3179874914108547,0.24866194161956537,0.1305688549319557,0.24237929256491111,0.010235001454174634,0.9310213665094355,0.8516206985229033,0.07265111989481653,4.126052206216403,0.2874249263498634,MSAA,Mensual SA anualizada,0.7092271200925616,0.9940142769532451,3.562709702311593,4.689394710121213,0.12605220621640267,FALSE
2024-01-01,-0.6984883960740262,4.29,4,2.3179874914108516,0.24866194161956537,0.13056885493195702,0.24237929185484994,0.010196735206765546,0.9310213665094353,0.8521754536039001,0.07284256505784598,4.123366188084677,0.28873367114225135,MSAA,Mensual SA anualizada,0.7094066495490062,0.994944257658794,3.557458591521832,4.689273784647521,0.12336618808467659,FALSE
2024-02-01,1.553848070009067,4.28,4,2.317987491410851,0.24866194161956534,0.13056885493195658,0.24237929114766915,0.010158529095669422,0.9310213665094353,0.8527293368741645,0.07303208746055315,4.1206878777437925,0.2900392681407246,MSAA,Mensual SA anualizada,0.7095890757357011,0.995869598012628,3.552221358085617,4.6891543974019685,0.12068787774379253,FALSE
2024-03-01,3.083538348133885,4.14,4,2.317987491410851,0.24866194161956534,0.13056885493195614,0.24237929038791806,0.010120598397578092,0.9310213665094351,0.8532792274152196,0.07322061652010702,4.118032312920326,0.29131676117207217,MSAA,Mensual SA anualizada,0.7097694561099913,0.9967889987204478,3.547061952930208,4.689002672910443,0.11803231292032557,FALSE
2024-04-01,3.737339576764142,4.02,4,2.317987491410852,0.24866194161956537,0.13056885493195525,0.2423792897349765,0.010083912507979022,0.9310213665094353,0.8538110716652807,0.0734102497093192,4.115467153781826,0.2925823254862502,MSAA,Mensual SA anualizada,0.7099296261389232,0.9976925171916382,3.5420163333158,4.688917974247852,0.11546715378182615,FALSE
2024-05-01,1.8560370286994752,3.99,4,2.3179874914108516,0.24866194161956534,0.13056885493195525,0.24237928919406196,0.010049817548481034,0.9310213665094352,0.854305354572504,0.07360569319890446,4.113086022842824,0.29385320435985857,MSAA,Mensual SA anualizada,0.7100408468455465,0.9985698622994615,3.5371443255558126,4.689027720129834,0.11308602284282365,FALSE
2024-06-01,-0.21952436231593708,4.02,4,2.317987491410851,0.24866194161956537,0.1305688549319557,0.2423792886870402,0.010016672654214062,0.9310213665094352,0.8547858641533659,0.07380163953863628,4.1107738828388944,0.2951368856791403,MSAA,Mensual SA anualizada,0.7101373086576316,0.9994344196491002,3.5323162163984643,4.689231549279325,0.11077388283889444,FALSE
2024-07-01,7.575541179586409,4.07,4,2.3179874914108485,0.24866194161956537,0.1305688549319557,0.24237928813407242,0.009982888146013202,0.9310213665094352,0.8552756463727466,0.07399181454702257,4.108419797368606,0.29641186185033214,MSAA,Mensual SA anualizada,0.7102543547098155,1.0002969380356777,3.5274632235514933,4.689376371185719,0.1084197973686063,FALSE
2024-08-01,0.44999135791243816,4.02,4,2.3179874914108485,0.2486619416195654,0.13056885493195525,0.24237928749066825,0.009949252542941742,0.9310213665094351,0.8557632698783075,0.07418028129766219,4.106078762806809,0.29766311290295056,MSAA,Mensual SA anualizada,0.7103725901718395,1.0011539495847754,3.5226697819909463,4.689487743622672,0.10607876280680895,FALSE
2024-09-01,-2.3690599121863443,3.97,4,2.317987491410848,0.24866194161956534,0.13056885493195525,0.24237928693759767,0.00992074964485434,0.9310213665094352,0.8561764833133242,0.07439330996343269,4.104097051137441,0.29899261560629625,MSAA,Mensual SA anualizada,0.7103682750942714,1.001984691532377,3.5180822929056723,4.690111809369211,0.10409705113744128,FALSE
2024-10-01,4.391117702621372,3.96,4,2.317987491410848,0.24866194161956537,0.13056885493195547,0.2423792864048238,0.009892315250723264,0.9310213665094352,0.8565887036298511,0.07460369547766822,4.102122007686529,0.3003040593004757,MSAA,Mensual SA anualizada,0.7103681473800276,1.0028092598796745,3.513536867046416,4.690707148326642,0.10212200768652924,FALSE
2024-11-01,-2.391281605096651,3.66,4,2.31798749141085,0.24866194161956537,0.1305688549319548,0.24237928582543197,0.0098647092049847,0.9310213665094353,0.8569889151785812,0.07481921031760508,4.100206317795706,0.3015852439045405,MSAA,Mensual SA anualizada,0.7103459576043477,1.0036318727528148,3.509110101474079,4.691302534117334,0.10020631779570621,FALSE
2024-12-01,3.2931731911588713,3.95,4,2.3179874914108503,0.24866194161956534,0.13056885493195503,0.24237928557052968,0.009847790247850291,0.9310213665094353,0.8572341934086396,0.07506697532783378,4.099033131924662,0.30290588392518697,MSAA,Mensual SA anualizada,0.7101056253377286,1.0043627614795505,3.5053485087260254,4.692717755123298,0.09903313192466179,FALSE
2025-01-01,4.987197281224454,3.76,4,2.3179874914108516,0.24866194161956534,0.1305688549319548,0.24237928497962355,0.00983689770037816,0.9310213665094353,0.8573921053144128,0.07533733311350083,4.098278174308202,0.3042046382105767,MSAA,Mensual SA anualizada,0.7097336457206544,1.0050505649081711,3.5020480394854347,4.69450830913097,0.09827817430820218,FALSE
2025-02-01,-3.0638089384225964,3.79,4,2.317987491410851,0.24866194161956534,0.1305688549319548,0.2423792845883777,0.009830936776455466,0.9310213665094352,0.8574785222760293,0.07561999598601538,4.097865141899256,0.30552484093793003,MSAA,Mensual SA anualizada,0.7092660536323757,1.0056909909196827,3.499047457278585,4.696682826519928,0.09786514189925644,FALSE
2025-03-01,0.45740641708178487,3.71,4,2.317987491410851,0.24866194161956537,0.13056885493195525,0.24237928419925858,0.0098250554057864245,0.9310213665094352,0.8575637859348092,0.07590094405902573,4.09745770326662,0.30688609871171785,MSAA,Mensual SA anualizada,0.7088006691865294,1.006326902683089,3.4959720024356495,4.698943404097591,0.0974577032666204,FALSE
2025-04-01,2.566579406800429,3.62,4,2.317987491410852,0.24866194161956537,0.1305688549319548,0.24237928384216698,0.00981843805101499,0.9310213665094352,0.8576597193338427,0.07618506743105662,4.096999376714898,0.3082183585231932,MSAA,Mensual SA anualizada,0.7083397310092163,1.006979707658469,3.492902494635385,4.7010962587944105,0.09699937671489778,FALSE
2025-05-01,4.479104501824693,3.55,4,2.3179874914108516,0.2486619416195654,0.13056885493195503,0.24237928356913005,0.009812109064722121,0.9310213665094351,0.8577514721850172,0.0764668448324724,4.0965611200117005,0.30953910804727275,MSAA,Mensual SA anualizada,0.7078792103019587,1.0076237340680758,3.4898756164323936,4.703246623591007,0.09656112001170047,FALSE
2025-06-01,0.8237353128862424,3.53,4,2.3179874914108516,0.2486619416195654,0.13056885493195547,0.2423792833873122,0.009807536077047383,0.9310213665094351,0.8578177678978102,0.0767492341519345,4.096244517715185,0.31087271921507764,MSAA,Mensual SA anualizada,0.707392033118987,1.0082435026766332,3.4869451842776,4.70554385115277,0.09624451771518494,FALSE
2025-07-01,0.2668384817255287,3.54,4,2.3179874914108503,0.2486619416195654,0.13056885493195547,0.2423792832692771,0.0098051058720657,0.9310213665094351,0.8578529991695635,0.07703437549212469,4.0960762865437665,0.3122481816425661,MSAA,Mensual SA anualizada,0.7068683976334641,1.0088376007056628,3.484081096286216,4.708071476801317,0.09607628654376654,FALSE
2025-08-01,0.4906472148910268,3.49,4,2.3179874914108507,0.24866194161956537,0.13056885493195536,0.24237928314808735,0.00980265617664829,0.9310213665094351,0.8578885129988966,0.07731567448614703,4.095906720092079,0.3136160519083564,MSAA,Mensual SA anualizada,0.7063525755656261,1.009424450432167,3.4812305533780563,4.710582886806101,0.09590672009207868,FALSE
2025-09-01,1.2203263449222843,3.42,4,2.31798749141085,0.24866194161956537,0.13056885493195536,0.24237928307965076,0.009800312060954493,0.9310213665094351,0.8579224962133382,0.07759442513421995,4.0957444757528085,0.3149720866475334,MSAA,Mensual SA anualizada,0.7058402175491776,1.0100047748774987,3.478410529788214,4.7130784217174035,0.09574447575280853,FALSE
2025-10-01,1.864678550079546,3.37,4,2.3179874914108503,0.24866194161956537,0.13056885493195552,0.24237928309058931,0.009798260049261454,0.9310213665094352,0.857952244725148,0.0778708171822469,4.095602460687201,0.31631874717856046,MSAA,Mensual SA anualizada,0.7053282476012412,1.0105762418490547,3.4756291085823916,4.71557581279201,0.0956024606872008,FALSE
2025-11-01,3.293514482895077,3.3,4,2.3179874914108503,0.24866194161956537,0.13056885493195552,0.24237928317257337,0.009796858311370673,0.9310213665094352,0.8579725660597388,0.07814483596315122,4.095505456513986,0.31766392353810613,MSAA,Mensual SA anualizada,0.7048115019941721,1.0111336301253055,3.4728956071916124,4.718115305836359,0.0955054565139859,FALSE
2025-12-01,2.228546378390206,3.72,4,2.3179874914108507,0.2486619416195654,0.13056885493195536,0.24237928335650044,0.009796882330074804,0.9310213665094351,0.85797221785475275,0.0784181133053305,4.095507121768199,0.3190169565745014,MSAA,Mensual SA anualizada,0.7042755400407238,1.0116688956687816,3.4702453764245975,4.7207688671118,0.09550712176819864,FALSE
2026-01-01,-3.1313064797846124,3.64,4,2.3179874914108503,0.24866194161956537,0.13056885493195536,0.24237928315318433,0.009787340419677699,0.9310213665094352,0.8581105492468699,0.07865665272270365,4.094846903630111,0.3203684900002906,MSAA,Mensual SA anualizada,0.7039463427658964,1.0122747557278435,3.466936201448061,4.722757605812161,0.09484690363011072,FALSE
2026-02-01,3.874560755911105,3.62,4,2.3179874914108507,0.24866194161956537,0.1305688549319554,0.24237928304080705,0.00977931854947593,0.9310213665094353,0.8582268442471594,0.07889608010701252,4.094292024865609,0.3217296409182095,MSAA,Mensual SA anualizada,0.703593368716028,1.012860319778291,3.463713515906915,4.724870533824304,0.09429202486560939,FALSE
2026-03-01,11.636498792634953,3.61,4,2.3179874914108507,0.24866194161956537,0.1305688549319554,0.24237928290836602,0.009771767897536076,0.9310213665094352,0.8583363078818791,0.07914413561849942,4.09376987754111,0.3230676785886305,MSAA,Mensual SA anualizada,0.7032166524820666,1.0134559632816915,3.460568862938432,4.726970892143788,0.09376987754110999,FALSE
2026-04-01,11.166318802963104,3.71,4,2.3179874914108503,0.24866194161956537,0.13056885493195536,0.2423792828180127,0.009765440344197709,0.9310213665094353,0.8584280399591637,0.0793928558046534,4.093332413587022,0.32443871557351395,MSAA,Mensual SA anualizada,0.7028209019522613,1.0140351779660661,3.4574442158725,4.729220611301543,0.09333241358702171,FALSE
2026-05-01,0.01804886690237595,3.74,4,2.3179874914108503,0.24866194161956537,0.13056885493195536,0.24237928273492898,0.00975974727199781,0.9310213665094352,0.8585105738093116,0.07967382485596859,4.092938895209001,0.32603288089777616,MSAA,Mensual SA anualizada,0.7023527465810611,1.0146684010375622,3.4539261908735233,4.731951599544479,0.09293889520900134,FALSE
2026-06-01,-5.94023970763935,3.71,4,2.31798749141085,0.24866194161956537,0.1305688549319554,0.24237928271979642,0.009759745223449788,0.9310213665094352,0.8585106035076098,0.08000138864614452,4.092938753367188,0.32785072757724043,MSAA,Mensual SA anualizada,0.701710763047975,1.0153104439672447,3.4503631350105444,4.735514371723832,0.09293875336718838,FALSE
2011-02-01,6.497176501019908,5.81,5,1.7134772271925636,0.742338674595628,-0.16420184191213155,5.957555795804465,0.01261210103069413,-0.02663886314869557,0.9877151533188477,0.005798407834794614,5.875146513254637,0.07681304752330198,M3AA,3 meses SA anualizada,0.9763504827949754,0.9990798238427201,5.724595706566202,6.025697319943072,0.875146513254637,FALSE
2011-03-01,8.942884570143761,6.13,5,1.7134772271925633,0.742338674595628,-0.16420184191213155,6.135456048035737,0.012612101090290317,-0.026638863148718883,0.9877151532607983,0.005798407486808161,6.050585919035349,0.07070944248498501,M3AA,3 meses SA anualizada,0.9763504834189669,0.9990798231026297,5.911997958397872,6.189173879672826,1.050585919035349,FALSE
2011-04-01,9.273451343707606,6.19,5,1.7134772272147905,0.742338674639862,-0.16420184196542878,6.149194644866158,0.012612101094741956,-0.026638863149095804,0.9877151532564666,0.005798410850248726,6.064134473540205,0.0703760242328222,M3AA,3 meses SA anualizada,0.9763504768224128,0.9990798296905204,5.926200000668755,6.202068946411655,1.0641344735402054,FALSE
2011-05-01,8.745222176033707,5.74,5,1.7134772271366,0.7423386746408273,-0.16420184195885668,5.9404381236615,0.012612100995626036,-0.02663886314985575,0.9877151533530198,0.005798438217403266,5.858265625101895,0.07309174197982929,M3AA,3 meses SA anualizada,0.9763504232803288,0.9990798834257109,5.715008443254135,6.001522806949655,0.858265625101895,FALSE
2011-06-01,6.902856872293839,6.16,5,1.7134772274399481,0.7423386746476413,-0.16420184201706434,6.103269207178088,0.012612101075137333,-0.0266388631503105,0.9877151532755771,0.0057984382660407575,6.018844310073183,0.07099840023112458,M3AA,3 meses SA anualizada,0.9763504231075584,0.9990798834435959,5.879690002660219,6.157998617486147,1.0188443100731828,FALSE
2011-07-01,6.769100225269042,5.88,5,1.713477227609281,0.7423386746519439,-0.16420184204969246,6.024041017771057,0.012612101044963863,-0.02663886314919406,0.9877151533049543,0.0057984382510738374,5.940712062934543,0.06978275563445438,M3AA,3 meses SA anualizada,0.9763504231662702,0.9990798834436384,5.803940375149053,6.077483750720034,0.9407120629345433,FALSE
2011-08-01,7.079099124959853,5.95,5,1.7134772276065413,0.7423386746519074,-0.1642018420492377,6.108078902012485,0.012612101073214048,-0.026638863149198055,0.9877151532774372,0.005798438172621231,6.023587473675363,0.06927964734218979,M3AA,3 meses SA anualizada,0.9763504232925173,0.9990798832623571,5.887801860023035,6.159373087327691,1.023587473675363,FALSE
2011-09-01,6.130851148369487,6.43,5,1.7134772276069261,0.74233867465191,-0.16420184204918087,6.403651844513285,0.012612101175499385,-0.026638863149195835,0.9877151531778059,0.005798438093774876,6.315071835036434,0.07185291673282675,M3AA,3 meses SA anualizada,0.9763504233474221,0.9990798830081897,6.174242706055939,6.45590096401693,1.3150718350364343,FALSE
2011-10-01,3.242411259587996,6.51,5,1.713477227607006,0.7423386746519122,-0.16420184204912402,6.466364154620195,0.012612101192553456,-0.026638863149195613,0.9877151531611943,0.005798438015324485,6.3769166625768845,0.06912811032076448,M3AA,3 meses SA anualizada,0.9763504234845704,0.9990798828378182,6.241428056028875,6.512405269124894,1.3769166625768845,FALSE
2011-11-01,1.2058277690726982,6.06,5,1.7134772276072667,0.7423386746519066,-0.1642018420492093,6.193795580267268,0.012612101103326384,-0.026638863149202052,0.9877151532481062,0.005798437938685566,6.10811845613504,0.07314410098613217,M3AA,3 meses SA anualizada,0.9763504237216918,0.9990798827745206,5.96475865252066,6.25147825974942,1.1081184561350401,FALSE
2011-12-01,2.0849765344337357,5.62,5,1.7134772276072099,0.742338674651906,-0.16420184204919508,5.92432199988382,0.012612101014618281,-0.026638863149201164,0.9877151533345125,0.005798437862001244,5.8423724314857255,0.07451577055375941,M3AA,3 meses SA anualizada,0.9763504239583967,0.9990798827106284,5.696324204920106,5.988420658051345,0.8423724314857255,FALSE
2012-01-01,2.1245707210489684,5.95,4.5,1.713477227607323,0.7423386746519056,-0.16420184204919508,6.040074382602003,0.012612100949927577,-0.026638863149202496,0.9877151533975247,0.005798437784899644,5.956523641942122,0.07341522133346207,M3AA,3 meses SA anualizada,0.9763504241725252,0.9990798826225242,5.8126324522115,6.100414831672745,1.4565236419421224,FALSE
2012-02-01,3.3236368993680543,6.11,4.5,1.7134772276073806,0.7423386746519056,-0.1642018420492235,6.074589632449496,0.012612100876479333,-0.026638863149202274,0.9877151534690671,0.005798437707285404,5.99056145109485,0.07230336925702481,M3AA,3 meses SA anualizada,0.9763504243961887,0.9990798825419456,5.848849451390181,6.132273450799519,1.49056145109485,FALSE
2012-03-01,3.091435876033799,5.47,4.5,1.7134772276074024,0.7423386746519056,-0.1642018420492164,5.701905988082458,0.012612100758300583,-0.026638863149203384,0.9877151535841795,0.005798437629035091,5.623033039718136,0.07434092698129957,M3AA,3 meses SA anualizada,0.9763504246646689,0.9990798825036901,5.477327500257466,5.768738579178805,1.1230330397181358,FALSE
2012-04-01,4.60657522504313,5.54,4.5,1.7134772276074308,0.7423386746519056,-0.1642018420492235,5.599834747225862,0.01261210068662554,-0.026638863149203384,0.9877151536539946,0.005798437552362407,5.52237372278675,0.07025992945063353,M3AA,3 meses SA anualizada,0.9763504248847598,0.9990798824232295,5.3846667915071835,5.660080654066317,1.0223737227867504,FALSE
2012-05-01,3.6818507532903055,5.28,4.5,1.7134772276076073,0.7423386746519055,-0.1642018420492377,5.383509590556381,0.012612100596688084,-0.026638863149202274,0.9877151537415985,0.005798437474632744,5.309040933993674,0.07058598428077838,M3AA,3 meses SA anualizada,0.9763504251247109,0.999079882358486,5.170694946990038,5.44738692099731,0.8090409339936739,FALSE
2012-06-01,2.3492868952914137,5.11,4.5,1.7134772276077188,0.7423386746519057,-0.16420184204925903,5.201367477987156,0.01261210051489235,-0.026638863149202052,0.9877151538212718,0.005798437399007752,5.129418344417931,0.0705386438946548,M3AA,3 meses SA anualizada,0.9763504253526065,0.9990798822899372,4.9911651428661115,5.26767154596975,0.6294183444179309,FALSE
2012-07-01,1.308520739423713,4.9,4.5,1.713477227607776,0.742338674651906,-0.16420184204926258,5.012281370161509,0.012612100431774697,-0.026638863149202274,0.9877151539022327,0.005798437323799669,4.942947814049214,0.07136710065108325,M3AA,3 meses SA anualizada,0.9763504255809726,0.9990798822234929,4.803070867092046,5.082824761006382,0.442947814049214,FALSE
2012-08-01,2.489793651076866,4.55,4.5,1.713477227607728,0.7423386746519058,-0.16420184204925725,4.837294084830164,0.012612100350369606,-0.026638863149202385,0.9877151539815255,0.005798437248342854,4.770381080947671,0.0716224980142691,M3AA,3 meses SA anualizada,0.976350425808158,0.9990798821548931,4.630003564356913,4.91075859753843,0.2703810809476712,FALSE
2012-09-01,5.385248551736055,5.17,4.5,1.713477227607698,0.7423386746519056,-0.16420184204925548,5.084492238948472,0.012612100297527932,-0.026638863149202052,0.9877151540329961,0.005798437172549548,5.014159808415433,0.07290755622190882,M3AA,3 meses SA anualizada,0.9763504260081808,0.9990798820578115,4.8712636240196625,5.157055992811203,0.5141598084154326,FALSE
2012-10-01,5.132391201846076,4.76,4.5,1.71347722760769,0.7423386746519054,-0.16420184204925192,4.9045191157100545,0.012612100189695255,-0.026638863149202052,0.9877151541380308,0.005798437095106231,4.836676205069655,0.06986488581934418,M3AA,3 meses SA anualizada,0.9763504262650016,0.99907988201106,4.699743545079738,4.973608865059573,0.33667620506965523,FALSE
2012-11-01,2.771058068643839,4.82,4.5,1.7134772276077137,0.7423386746519057,-0.16420184204925192,4.906599229301553,0.01261210013255351,-0.026638863149202142,0.9877151541936898,0.005798437022095147,4.838727544729502,0.0689329400277907,M3AA,3 meses SA anualizada,0.9763504264637597,0.99907988192362,4.703621464926573,4.973833624532431,0.33872754472950195,FALSE
2012-12-01,2.7271161544867084,4.93,4.5,1.7134772276077095,0.7423386746519057,-0.16420184204925103,4.968445904769605,0.012612100091271804,-0.026638863149202108,0.9877151542339003,0.005798436950746802,4.899718711354922,0.06968900188172085,M3AA,3 meses SA anualizada,0.9763504266438103,0.9990798818239903,4.763130777548205,5.0363066451616385,0.39971871135492165,FALSE
2013-01-01,4.090452287641355,4.83,4,1.7134772276077104,0.7423386746519057,-0.16420184204925103,4.896267394701537,0.012612100030787582,-0.026638863149202163,0.9877151542928152,0.00579843687814409,4.828538627170108,0.06964877976941804,M3AA,3 meses SA anualizada,0.9763504268450239,0.9990798817406065,4.692029527254887,4.965047727085329,0.8285386271701078,FALSE
2013-02-01,7.453486057856296,4.61,4,1.7134772276077033,0.7423386746519055,-0.16420184204924837,4.749363751916329,0.012612099959766867,-0.026638863149202163,0.9877151543619931,0.005798436804596796,4.683667063163182,0.0695087356841368,M3AA,3 meses SA anualizada,0.9763504270583518,0.9990798816656343,4.54743244461136,4.819901681715004,0.683667063163182,FALSE
2013-03-01,6.526427016590475,4.66,4,1.713477227607706,0.7423386746519054,-0.16420184204924837,4.754230422246795,0.01261209992084462,-0.026638863149202184,0.9877151543999054,0.005798436730405234,4.688466413954152,0.06973910656519697,M3AA,3 meses SA anualizada,0.976350427241677,0.9990798815581339,4.551780276772365,4.825152551135939,0.6884664139541519,FALSE
2013-04-01,5.645703516671219,4.93,4,1.7134772276077068,0.7423386746519053,-0.16420184204924926,4.918523601410496,0.012612099943361644,-0.026638863149202163,0.9877151543779726,0.005798436661199522,4.850486969259676,0.0701719210195879,M3AA,3 meses SA anualizada,0.9763504273553849,0.9990798814005604,4.7129525313352945,4.988021407184058,0.8504869692596762,FALSE
2013-05-01,4.012331059254137,4.83,4,1.7134772276076993,0.7423386746519051,-0.16420184204924748,4.952941165468179,0.012612099922052937,-0.02663886314920201,0.9877151543987284,0.0057984365923048325,4.884428444181689,0.06901687134890971,M3AA,3 meses SA anualizada,0.9763504275111717,0.999079881286285,4.749157862012192,5.019699026351187,0.8844284441816894,FALSE
2013-06-01,4.090576629295128,5.21,4,1.7134772276076873,0.7423386746519052,-0.16420184204924837,5.140416822981416,0.012612099945422926,-0.02663886314920194,0.9877151543759648,0.005798436524772181,5.069310800772618,0.07019474923996326,M3AA,3 meses SA anualizada,0.9763504276207697,0.9990798811311599,4.93173162035847,5.206889981186766,1.0693108007726178,FALSE
2013-07-01,3.655454467322272,4.81,4,1.7134772276076902,0.7423386746519053,-0.16420184204924748,4.968137832529422,0.012612099894160185,-0.02663886314920183,0.9877151544258974,0.005798436455293506,4.899414899643893,0.0701402780650028,M3AA,3 meses SA anualizada,0.9763504278068781,0.9990798810449167,4.761942480770863,5.036887318516923,0.8994148996438929,FALSE
2013-08-01,3.044430253811825,4.89,4,1.7134772276076908,0.7423386746519052,-0.16420184204924837,4.968712935355476,0.01261209987945611,-0.026638863149201764,0.98771515444022,0.00579843638694873,4.899982047154042,0.0693117219369424,M3AA,3 meses SA anualizada,0.9763504279551539,0.999079880925286,4.7641335684511805,5.035830525856904,0.8999820471540421,FALSE
2013-09-01,3.15306351538851,4.91,4,1.7134772276076837,0.7423386746519052,-0.1642018420492466,4.961205673921031,0.01261209986322445,-0.02663886314920176,0.9877151544560304,0.0057984363183112295,4.89257863159758,0.06961698343249266,M3AA,3 meses SA anualizada,0.9763504281054913,0.9990798808065695,4.756131851357573,5.029025411837587,0.8925786315975799,FALSE
2013-10-01,2.890332296767184,4.71,4,1.7134772276076835,0.7423386746519051,-0.16420184204924748,4.854621288150783,0.012612099831397066,-0.026638863149201775,0.987715154487032,0.005798436249209527,4.787468599218128,0.06985870165614931,M3AA,3 meses SA anualizada,0.9763504282719297,0.9990798807021342,4.650548059965347,4.924389138470909,0.7874685992181281,FALSE
2013-11-01,3.5966008432104957,4.7,4,1.713477227607688,0.7423386746519053,-0.16420184204924748,4.878618335243111,0.012612099820857951,-0.026638863149201837,0.9877151544972976,0.005798436180453569,4.81113370147155,0.06972481425582609,M3AA,3 meses SA anualizada,0.9763504284169546,0.9990798805776406,4.674475576701386,4.947791826241714,0.8111337014715501,FALSE
2013-12-01,3.40545841560278,5.19,4,1.7134772276076886,0.7423386746519052,-0.16420184204924748,5.1209424850293805,0.012612099842946159,-0.02663886314920183,0.9877151544757825,0.00579843611142491,5.0501058456607595,0.07196878793162602,M3AA,3 meses SA anualizada,0.9763504285307332,0.9990798804208318,4.909049613303772,5.191162078017747,1.0501058456607595,FALSE
2014-01-01,4.032946178860186,4.94,4,1.7134772276076857,0.7423386746519052,-0.16420184204924748,5.000455205522321,0.012612099797566136,-0.02663886314920183,0.987715154519985,0.005798436041785731,4.931285234518317,0.06986972934304414,M3AA,3 meses SA anualizada,0.976350428711426,0.9990798803285441,4.794343081396389,5.068227387640245,0.9312852345183167,FALSE
2014-02-01,3.1228341874967924,4.68,4,1.713477227607681,0.7423386746519052,-0.16420184204924748,4.795050476139762,0.012612099737234133,-0.02663886314920183,0.9877151545787516,0.005798435972429381,4.728721814013583,0.07043293912014502,M3AA,3 meses SA anualizada,0.9763504289061286,0.9990798802513746,4.590675790012797,4.866767838014369,0.7287218140135829,FALSE
2014-03-01,2.128616882800926,4.54,4,1.7134772276076886,0.7423386746519052,-0.16420184204924748,4.673266668302577,0.012612099694338798,-0.02663886314920183,0.9877151546205339,0.005798435904337758,4.608622609111832,0.06989057528387209,M3AA,3 meses SA anualizada,0.976350429081368,0.9990798801596998,4.471639598696657,4.745605619527006,0.6086226091118316,FALSE
2014-04-01,2.281399549449503,4.66,4,1.713477227607692,0.7423386746519053,-0.16420184204924837,4.668397446202567,0.012612099670320938,-0.02663886314920183,0.9877151546439286,0.005798435836366462,4.603820741561518,0.07008258664225922,M3AA,3 meses SA anualizada,0.9763504292379839,0.9990798800498732,4.466461395799282,4.7411800873237535,0.6038207415615178,FALSE
2014-05-01,2.9244846204921515,4.28,4,1.7134772276076873,0.7423386746519053,-0.16420184204924793,4.454718034611754,0.012612099623321736,-0.02663886314920183,0.9877151546897083,0.0057984357676248875,4.393097100437685,0.07111553013522895,M3AA,3 meses SA anualizada,0.9763504294184946,0.999079879960922,4.253713222631164,4.532480978244206,0.39309710043768487,FALSE
2014-06-01,3.6494087705449374,4.36,4,1.713477227607687,0.7423386746519052,-0.16420184204924793,4.434394567280268,0.01261209959913042,-0.026638863149201865,0.9877151547132719,0.005798435698998252,4.373054762140214,0.06939570747546409,M3AA,3 meses SA anualizada,0.9763504295765639,0.9990798798499798,4.237041674806627,4.509067849473801,0.3730547621402138,FALSE
2014-07-01,4.223010550369821,4.41,4,1.7134772276076866,0.7423386746519052,-0.16420184204924704,4.4074048110538575,0.012612099573931107,-0.026638863149201872,0.9877151547378173,0.005798435629967168,4.346438347952636,0.06905278151420322,M3AA,3 meses SA anualizada,0.9763504297364078,0.9990798797392269,4.2110973831524845,4.481779312752787,0.3464383479526356,FALSE
2014-08-01,4.888036445212762,4.06,4,1.7134772276076864,0.7423386746519051,-0.16420184204924748,4.203238863694102,0.012612099515300438,-0.02663886314920194,0.9877151547949267,0.0057984355607463844,4.145096573813524,0.07029471479755568,M3AA,3 meses SA anualizada,0.9763504299291874,0.9990798796606659,4.0073214645068,4.2828716831202485,0.14509657381352437,FALSE
2014-09-01,4.391189498018022,4.13,4,1.7134772276076848,0.7423386746519051,-0.16420184204924748,4.191620721002228,0.012612099498712108,-0.026638863149201903,0.9877151548110845,0.005798435492429694,4.133639141744563,0.06896729417451705,M3AA,3 meses SA anualizada,0.9763504300792436,0.9990798795429254,3.998465729051331,4.268812554437796,0.13363914174456326,FALSE
2014-10-01,3.7535762635027226,4.17,4,1.7134772276076886,0.7423386746519052,-0.16420184204924793,4.216832911788673,0.012612099491431989,-0.02663886314920188,0.9877151548181757,0.005798435424819495,4.158502578943605,0.06893325749364322,M3AA,3 meses SA anualizada,0.9763504302188483,0.9990798794175032,4.0233958769190385,4.293609280968172,0.15850257894360542,FALSE
2014-11-01,2.346443086966943,4.16,4,1.7134772276076853,0.7423386746519052,-0.16420184204924748,4.223031002810132,0.012612099479834847,-0.02663886314920187,0.987715154829472,0.00579843535758478,4.164614933365892,0.06900940727434016,M3AA,3 meses SA anualizada,0.9763504303619223,0.9990798792970218,4.029358980513729,4.299870886218056,0.1646149333658924,FALSE
2014-12-01,1.4497161358757893,4.21,4,1.713477227607689,0.7423386746519052,-0.16420184204924793,4.227492809039284,0.012612099467900739,-0.02663886314920188,0.9877151548410964,0.005798435290930132,4.169015020562065,0.0697101832134546,M3AA,3 meses SA anualizada,0.9763504305041873,0.9990798791780054,4.032385572108005,4.305644469016125,0.16901502056206485,FALSE
2015-01-01,-1.0748309516714016,3.89,4,1.7134772276076882,0.7423386746519052,-0.1642018420492477,4.076665696409895,0.012612099437126807,-0.02663886314920194,0.9877151548710719,0.005798435224073749,4.0202742593167216,0.07141278221264698,M3AA,3 meses SA anualizada,0.9763504306651989,0.9990798790769448,3.880307778144131,4.1602407404893125,0.020274259316721555,FALSE
2015-02-01,-0.5191169251801853,4.07,4,1.7134772276076888,0.7423386746519053,-0.16420184204924793,4.1519570155407415,0.012612099423301925,-0.02663886314920194,0.987715154884538,0.0057984351576833735,4.0945240935110565,0.07402195153294837,M3AA,3 meses SA anualizada,0.9763504308087877,0.9990798789602883,3.9494437344411084,4.239604452581005,0.0945240935110565,FALSE
2015-03-01,0.09426203046913884,4.11,4,1.713477227607689,0.7423386746519053,-0.16420184204924793,4.141420748557277,0.012612099414246762,-0.026638863149201924,0.9877151548933583,0.005798435091999618,4.084133571882482,0.07339770134084947,M3AA,3 meses SA anualizada,0.9763504309463458,0.9990798788403707,3.94027672070639,4.227990423058574,0.08413357188248227,FALSE
2015-04-01,3.272045457938333,3.82,4,1.7134772276076895,0.7423386746519054,-0.16420184204924826,3.9273132329549716,0.012612099410655562,-0.026638863149201997,0.9877151548968562,0.005798435026454376,3.8729877488397118,0.07247725403830842,M3AA,3 meses SA anualizada,0.9763504310783101,0.9990798787154024,3.730934941226267,4.015040556453156,-0.12701225116028825,FALSE
2015-05-01,3.368632768927071,3.57,4,1.7134772276076893,0.7423386746519054,-0.16420184204924837,3.7108089302130005,0.01261209940705268,-0.026638863149201997,0.9877151549003657,0.005798434960883669,3.6594782927806424,0.07024341508312429,M3AA,3 meses SA anualizada,0.9763504312103357,0.9990798785903956,3.521803729066621,3.7971528564946637,-0.3405217072193576,FALSE
2015-06-01,3.4929924538385393,3.67,4,1.7134772276076902,0.7423386746519053,-0.1642018420492486,3.690003783299475,0.012612099436557913,-0.026638863149202052,0.987715154871626,0.005798434897030104,3.638960938061741,0.06896432826444988,M3AA,3 meses SA anualizada,0.9763504313067468,0.9990798784365051,3.503793338445422,3.7741285376780604,-0.36103906193825885,FALSE
2015-07-01,3.224077884657106,3.56,4,1.713477227607691,0.7423386746519054,-0.1642018420492486,3.5897369881309356,0.012612099452223104,-0.026638863149202024,0.9877151548563673,0.005798434833170595,3.5400811069752542,0.06925668398917716,M3AA,3 meses SA anualizada,0.9763504314166505,0.9990798782960841,3.404340500667795,3.6758217132827133,-0.45991889302474576,FALSE
2015-08-01,2.5771563401761455,3.31,4,1.7134772276076915,0.7423386746519053,-0.16420184204924881,3.4310554703271996,0.012612099457338448,-0.026638863149202052,0.9877151548513846,0.0057984347697258255,3.3835945886037857,0.06979948783524383,M3AA,3 meses SA anualizada,0.9763504315360172,0.999079878166752,3.2467901063073663,3.520399070900205,-0.6164054113962143,FALSE
2015-09-01,2.399000914349969,3.4,4,1.713477227607692,0.7423386746519054,-0.16420184204924881,3.4353436340544894,0.012612099489620592,-0.026638863149202052,0.9877151548199402,0.005798434706804539,3.3878234354056627,0.06902443319335136,M3AA,3 meses SA anualizada,0.9763504316278963,0.9990798780119842,3.252538032293403,3.5231088385179223,-0.6121765645943373,FALSE
2015-10-01,3.3990191294286376,3.28,4,1.7134772276076908,0.7423386746519054,-0.1642018420492486,3.390101041176004,0.012612099515302767,-0.026638863149202052,0.9877151547949243,0.0057984346433281,3.3432066714167656,0.06906423264143294,M3AA,3 meses SA anualizada,0.9763504317272919,0.9990798778625568,3.2078432628196616,3.4785700800138697,-0.6567933285832344,FALSE
2015-11-01,4.50072267180559,3.37,4,1.7134772276076906,0.7423386746519055,-0.16420184204924854,3.466166405433545,0.012612099556031804,-0.026638863149202066,0.9877151547552522,0.005798434579477801,3.4182198437754234,0.06918519852688014,M3AA,3 meses SA anualizada,0.976350431812764,0.9990798776977403,3.2826193463994846,3.5538203411513622,-0.5817801562245766,FALSE
2015-12-01,6.0944161135306985,3.65,4,1.7134772276076904,0.7423386746519054,-0.16420184204924837,3.668106822755577,0.012612099618882591,-0.026638863149202108,0.9877151546940321,0.005798434515326245,3.6173668730252406,0.0706030854433304,M3AA,3 meses SA anualizada,0.9763504318772788,0.9990798775107855,3.4789873683589088,3.7557463776915725,-0.3826331269747594,FALSE
2016-01-01,7.243444038478586,3.8,4,1.713477227607691,0.7423386746519054,-0.1642018420492486,3.8337353102638985,0.012612099673283356,-0.026638863149202108,0.987715154641043,0.005798434450542094,3.7807042657557455,0.07082286804282559,M3AA,3 meses SA anualizada,0.9763504319512641,0.9990798773308218,3.6418939951099745,3.9195145364015165,-0.21929573424425453,FALSE
2016-02-01,6.282052414989181,4.09,4,1.713477227607691,0.7423386746519053,-0.1642018420492486,4.031933712790009,0.012612099737947136,-0.026638863149202052,0.9877151545780571,0.005798434386885776,3.9761610425609573,0.07171585948854245,M3AA,3 meses SA anualizada,0.9763504320130424,0.9990798771430719,3.835600540843079,4.116721544278835,-0.02383895743904274,FALSE
2016-03-01,4.70751853559328,3.99,4,1.7134772276076906,0.7423386746519052,-0.16420184204924837,4.0645907763565425,0.012612099740612904,-0.026638863149202066,0.9877151545754606,0.005798434325637867,4.008366369634731,0.06987823317400926,M3AA,3 meses SA anualizada,0.9763504321304896,0.9990798770204316,3.8714075493103812,4.145325189959081,0.008366369634731363,FALSE
2016-04-01,2.1574039638188935,4.19,4,1.7134772276076897,0.7423386746519053,-0.16420184204924826,4.2065733609022065,0.012612099778788558,-0.026638863149202024,0.9877151545382754,0.005798434266561564,4.148384946882895,0.0694792398889972,M3AA,3 meses SA anualizada,0.9763504322090918,0.999079876867459,4.0122081390272415,4.284561754738548,0.14838494688289483,FALSE
2016-05-01,3.697554785514612,4.16,4,1.7134772276076888,0.7423386746519052,-0.16420184204924804,4.274619130647058,0.012612099798968095,-0.026638863149202094,0.9877151545186195,0.005798434207370818,4.215489457619621,0.06936676807845847,M3AA,3 meses SA anualizada,0.9763504323054476,0.9990798767317913,4.0795330904619,4.351445824777342,0.21548945761962113,FALSE
2016-06-01,4.148178491793075,4.39,4,1.7134772276076895,0.7423386746519052,-0.16420184204924815,4.416279298171857,0.012612099827359082,-0.026638863149202024,0.9877151544909651,0.005798434146952674,4.355190077729901,0.06989788480117597,M3AA,3 meses SA anualizada,0.9763504323962107,0.9990798765857196,4.218192740924066,4.492187414535736,0.3551900777299011,FALSE
2016-07-01,5.260566806300915,4.41,4,1.7134772276076897,0.7423386746519052,-0.16420184204924815,4.465580750395424,0.012612099838093006,-0.026638863149202024,0.9877151544805097,0.005798434086297781,4.403809556085019,0.06903594409630272,M3AA,3 meses SA anualizada,0.9763504325046367,0.9990798764563827,4.268501592017545,4.539117520152493,0.4038095560850188,FALSE
2016-08-01,4.045870068272706,4.45,4,1.7134772276076895,0.7423386746519053,-0.16420184204924804,4.492839035113851,0.012612099844099146,-0.026638863149202024,0.9877151544746595,0.0057984340257200406,4.430690784205697,0.06897250668318436,M3AA,3 meses SA anualizada,0.9763504326175166,0.9990798763318024,4.295507155183207,4.565874413228187,0.43069078420569706,FALSE
2016-09-01,2.8813175143479697,4.42,4,1.7134772276076893,0.7423386746519052,-0.16420184204924793,4.499893946402216,0.012612099844610097,-0.026638863149202024,0.9877151544741618,0.005798433967092832,4.437648106779352,0.06895398764505399,M3AA,3 meses SA anualizada,0.9763504327319261,0.9990798762163975,4.302500774404626,4.572795439154078,0.43764810677935184,FALSE
2016-10-01,3.939052392632192,4.43,4,1.7134772276076888,0.7423386746519052,-0.16420184204924798,4.537109149195666,0.012612099851430237,-0.02663886314920204,0.9877151544675187,0.005798433908578501,4.474348521571843,0.0692761594022188,M3AA,3 meses SA anualizada,0.976350432839969,0.9990798760950683,4.338569744156238,4.6101272989874476,0.4743485215718426,FALSE
2016-11-01,4.237231512072626,4.6,4,1.7134772276076888,0.7423386746519052,-0.16420184204924793,4.636957270081132,0.0126120998675812,-0.026638863149202024,0.9877151544517867,0.005798433849100829,4.57281546995356,0.06949355956049355,M3AA,3 meses SA anualizada,0.9763504329408111,0.9990798759627623,4.436610596057504,4.709020343849616,0.5728154699535599,FALSE
2016-12-01,4.844168844124752,4.66,4,1.7134772276076888,0.7423386746519053,-0.16420184204924781,4.660360899824902,0.012612099868163041,-0.026638863149201997,0.98771515445122,0.0057984337895323,4.59589536349671,0.0689840412043672,M3AA,3 meses SA anualizada,0.9763504330569966,0.9990798758454434,4.460689127228123,4.731101599765297,0.5958953634967097,FALSE
2017-01-01,3.667917016037947,4.4,4,1.7134772276076882,0.7423386746519052,-0.16420184204924781,4.516277415314752,0.01261209983205133,-0.026638863149202052,0.9877151544863947,0.005798433729885009,4.453804947456032,0.06963280430135027,M3AA,3 meses SA anualizada,0.9763504332090778,0.9990798757637116,4.3173271588828595,4.590282736029204,0.4538049474560317,FALSE
2017-02-01,3.545060533507538,4.46,4,1.713477227607688,0.7423386746519053,-0.1642018420492476,4.501908492764212,0.012612099828428458,-0.02663886314920201,0.9877151544899235,0.00579843367218896,4.439634786384918,0.06900902333670415,M3AA,3 meses SA anualizada,0.9763504333256888,0.9990798756541582,4.304379586036694,4.574889986733142,0.43963478638491793,FALSE
2017-03-01,3.808381584650178,4.28,4,1.7134772276076882,0.7423386746519052,-0.1642018420492477,4.4167743573613,0.012612099811385183,-0.026638863149202024,0.9877151545065246,0.005798433613692584,4.355678288828239,0.0692662246859528,M3AA,3 meses SA anualizada,0.9763504334569407,0.9990798755561084,4.2199189830987125,4.491437594557765,0.3556782888282388,FALSE
2017-04-01,3.1619030109251156,4.51,4,1.7134772276076882,0.7423386746519053,-0.1642018420492477,4.48435703751362,0.012612099822334083,-0.026638863149202024,0.9877151544958598,0.005798433555301625,4.422326115733991,0.06926461007704436,M3AA,3 meses SA anualizada,0.97635043356072,0.9990798754309995,4.286569974579774,4.558082256888208,0.42232611573399126,FALSE
2017-05-01,3.6021418255806736,4.17,4,1.7134772276076877,0.7423386746519053,-0.1642018420492477,4.328682946152603,0.012612099789321615,-0.026638863149201997,0.9877151545280156,0.005798433496528808,4.268805422659582,0.06988750709094559,M3AA,3 meses SA anualizada,0.9763504337080685,0.9990798753479627,4.131828425792041,4.405782419527124,0.2688054226595824,FALSE
2017-06-01,5.555499874788694,4.26,4,1.7134772276076882,0.7423386746519053,-0.1642018420492477,4.364088359980278,0.012612099787547548,-0.026638863149201948,0.9877151545297437,0.005798433437645885,4.303721082777594,0.0690188111341118,M3AA,3 meses SA anualizada,0.9763504338252049,0.9990798752342824,4.168446698698963,4.438995466856225,0.303721082777594,FALSE
2017-07-01,9.582660813111232,4.48,4,1.7134772276076882,0.7423386746519053,-0.1642018420492476,4.493144946193228,0.012612099803215636,-0.02663886314920194,0.9877151545144822,0.005798433377367918,4.430992463519589,0.07000553608754703,M3AA,3 meses SA anualizada,0.9763504339280862,0.9990798751008783,4.293784134069577,4.5682007929696,0.43099246351958875,FALSE
2017-08-01,7.051435975958853,4.51,4,1.7134772276076886,0.7423386746519052,-0.16420184204924793,4.548444826783657,0.012612099797697635,-0.02663886314920194,0.987715154519857,0.005798433315756704,4.485527395500284,0.07198126350420414,M3AA,3 meses SA anualizada,0.9763504340542167,0.9990798749854973,4.344446711470357,4.626608079530212,0.48552739550028434,FALSE
2017-09-01,2.862288305016847,4.75,4,1.7134772276076888,0.7423386746519052,-0.1642018420492477,4.701112508526096,0.012612099840421895,-0.02663886314920194,0.9877151544782413,0.005798433265626425,4.636083265875859,0.07016197115680227,M3AA,3 meses SA anualizada,0.9763504341108545,0.9990798748456281,4.498568329324189,4.77359820242753,0.6360832658758593,FALSE
2017-10-01,0.05687631725770359,4.53,4,1.7134772276076893,0.7423386746519053,-0.1642018420492477,4.658618274588872,0.012612099811992237,-0.026638863149201955,0.9877151545059333,0.005798433217708604,4.59417684327891,0.06943172325272551,M3AA,3 meses SA anualizada,0.9763504342324637,0.9990798747794029,4.458093166319015,4.730260520238804,0.5941768432789098,FALSE
2017-11-01,4.141181299902286,4.63,4,1.7134772276076888,0.7423386746519053,-0.1642018420492476,4.7091618369396055,0.01261209979733147,-0.026638863149201983,0.9877151545202136,0.005798433169040434,4.644021249866668,0.07102432110156194,M3AA,3 meses SA anualizada,0.976350434342132,0.9990798746982953,4.504816138481199,4.7832263612521375,0.6440212498666682,FALSE
2017-12-01,9.860249907054095,4.56,4,1.7134772276076886,0.7423386746519052,-0.1642018420492476,4.660303778486722,0.01261209978237839,-0.02663886314920197,0.9877151545347788,0.005798433120295768,4.595839031914052,0.0689354913637225,M3AA,3 meses SA anualizada,0.9763504344522349,0.9990798746173226,4.460727951584584,4.730950112243519,0.5958390319140516,FALSE
2018-01-01,5.623978967442866,4.71,4,1.7134772276076866,0.7423386746519052,-0.16420184204924726,4.682582430550182,0.01261209978265686,-0.02663886314920197,0.9877151545345075,0.005798433071054762,4.617809509291567,0.07107504268591817,M3AA,3 meses SA anualizada,0.9763504345484743,0.9990798745205408,4.478504985427521,4.757114033155614,0.6178095092915674,FALSE
2018-02-01,1.473996530686961,4.56,4,1.7134772276076864,0.7423386746519053,-0.16420184204924715,4.645085122129172,0.012612099752460547,-0.026638863149201955,0.9877151545639202,0.005798433037274159,4.580830891059792,0.06922149674533763,M3AA,3 meses SA anualizada,0.9763504346440957,0.9990798744837448,4.445159250482973,4.7165025316366105,0.5808308910597919,FALSE
2018-03-01,-2.047825446160445,4.62,4,1.7134772276076864,0.7423386746519053,-0.16420184204924726,4.682017436955391,0.012612099743907142,-0.026638863149201948,0.9877151545722518,0.0057984330056858316,4.617252330926933,0.07079163167992249,M3AA,3 meses SA anualizada,0.9763504347143392,0.9990798744301643,4.47850328242746,4.756001379426405,0.6172523309269327,FALSE
2018-04-01,0.11829934063349869,4.46,4,1.7134772276076864,0.7423386746519052,-0.16420184204924715,4.619375851234362,0.012612099727765029,-0.02663886314920197,0.987715154587975,0.00579843297358129,4.555477249582726,0.0751601175529368,M3AA,3 meses SA anualizada,0.9763504347929862,0.9990798743829638,4.408166126105173,4.702788373060279,0.5554772495827258,FALSE
2018-05-01,3.354372987933018,4.48,4,1.7134772276076864,0.7423386746519053,-0.16420184204924712,4.582262547844688,0.012612099708919945,-0.026638863149201983,0.9877151546063311,0.005798432943524813,4.518877324596912,0.07264816898239997,M3AA,3 meses SA anualizada,0.9763504348702519,0.9990798743424103,4.376489529848628,4.661265119345195,0.5188773245969118,FALSE
2018-06-01,4.206091702409509,4.43,4,1.7134772276076864,0.7423386746519052,-0.1642018420492471,4.50846647241798,0.01261209968985049,-0.02663886314920197,0.9877151546249058,0.0057984329134230725,4.446102050637549,0.06955813269532486,M3AA,3 meses SA anualizada,0.9763504349478249,0.9990798743019866,4.309770615722854,4.582433485552244,0.44610205063754904,FALSE
2018-07-01,4.488493801519766,4.36,4,1.7134772276076864,0.7423386746519053,-0.1642018420492471,4.438154890094786,0.012612099671385369,-0.02663886314920194,0.9877151546428917,0.005798432884548967,4.376763069717417,0.06905565870917828,M3AA,3 meses SA anualizada,0.976350435022403,0.9990798742633804,4.241416465718738,4.512109673716096,0.37676306971741713,FALSE
2018-08-01,4.268874073662232,4.33,4,1.7134772276076864,0.7423386746519053,-0.1642018420492471,4.399988107870769,0.012612099659910867,-0.02663886314920197,0.9877151546540686,0.0057984328565505085,4.339124238427693,0.06895332549035746,M3AA,3 meses SA anualizada,0.9763504350884559,0.9990798742196813,4.203978203852325,4.474270273003061,0.3391242384276927,FALSE
2018-09-01,5.7874256761206055,4.32,4,1.713477227607687,0.7423386746519054,-0.16420184204924715,4.387288865372993,0.012612099654346723,-0.02663886314920197,0.9877151546594882,0.0057984328288849035,4.3266006611621854,0.06893747661527393,M3AA,3 meses SA anualizada,0.9763504351480992,0.9990798741708773,4.191485689811176,4.461715632513195,0.32660066116218545,FALSE
2018-10-01,6.753823682258897,4.32,4,1.7134772276076866,0.7423386746519054,-0.16420184204924704,4.388678288149971,0.012612099651892214,-0.02663886314920197,0.9877151546618791,0.0057984328002657496,4.327970864411621,0.06926125679744782,M3AA,3 meses SA anualizada,0.9763504352065825,0.9990798741171757,4.192221295564643,4.463720433258599,0.32797086441162104,FALSE
2018-11-01,3.301791882531191,4.47,4,1.7134772276076873,0.7423386746519054,-0.16420184204924693,4.454857404089142,0.012612099668825011,-0.026638863149201997,0.9877151546453856,0.005798432772895751,4.393234542251163,0.06949357734741506,M3AA,3 meses SA anualizada,0.9763504352437332,0.999079874047038,4.257029633493381,4.529439451008945,0.3932345422511627,FALSE
2018-12-01,1.2005980125412208,4.38,4,1.7134772276076868,0.7423386746519054,-0.16420184204924682,4.411284859636338,0.012612099647432384,-0.02663886314920201,0.9877151546662232,0.005798432749712143,4.350264725166339,0.06917803458374228,M3AA,3 meses SA anualizada,0.9763504353100099,0.9990798740224365,4.214678268860937,4.48585118147174,0.35026472516633866,FALSE
2019-01-01,4.730807468747145,4.07,4,1.713477227607687,0.7423386746519053,-0.16420184204924676,4.25526637921758,0.012612099606843367,-0.026638863149201997,0.987715154705759,0.005798432725689949,4.196404406874242,0.07043222848461704,M3AA,3 meses SA anualizada,0.9763504353966282,0.9990798740148897,4.058359775693496,4.334449038054988,0.1964044068742421,FALSE
2019-02-01,6.5226608438401,4.25,4,1.7134772276076875,0.7423386746519052,-0.16420184204924682,4.303266612221792,0.012612099578919015,-0.02663886314920204,0.9877151547329588,0.005798432700728399,4.243740665256642,0.06912792409605066,M3AA,3 meses SA anualizada,0.9763504354727518,0.9990798739931658,4.108252423702364,4.379228906810919,0.24374066525664162,FALSE
2019-03-01,5.151455918976566,4.35,4,1.7134772276076868,0.7423386746519052,-0.16420184204924682,4.362260518270225,0.012612099553683745,-0.02663886314920203,0.9877151547575392,0.00579843267622297,4.301918524125141,0.06950308932744732,M3AA,3 meses SA anualizada,0.976350435545362,0.9990798739697164,4.165694972229074,4.438142076021208,0.3019185241251412,FALSE
2019-04-01,2.600857317668926,4.3,4,1.7134772276076866,0.7423386746519053,-0.16420184204924693,4.375713507431319,0.012612099513089834,-0.02663886314920203,0.9877151547970799,0.005798432655517789,4.315185421478247,0.06899595012258046,M3AA,3 meses SA anualizada,0.9763504356254842,0.9990798739686757,4.179955844158867,4.450414998797626,0.3151854214782466,FALSE
2019-05-01,3.654986383525838,4.39,4,1.7134772276076868,0.7423386746519052,-0.16420184204924676,4.449607161403159,0.012612099488594427,-0.02663886314920201,0.9877151548209397,0.005798432636135021,4.388056924000905,0.06930534376711107,M3AA,3 meses SA anualizada,0.9763504356873335,0.999079873954546,4.2522209462811995,4.52389290172061,0.38805692400090486,FALSE
2019-06-01,6.613954803770383,4.36,4,1.7134772276076864,0.7423386746519053,-0.16420184204924682,4.4695597084829,0.012612099456845268,-0.02663886314920201,0.987715154851865,0.005798432615108312,4.407733472643242,0.06900697250821526,M3AA,3 meses SA anualizada,0.9763504357594703,0.9990798739442597,4.2724822918449945,4.54298465344149,0.4077334726432422,FALSE
2019-07-01,3.0220016747527723,4.6,4,1.7134772276076862,0.7423386746519053,-0.16420184204924682,4.583839049597672,0.01261209944292183,-0.02663886314920197,0.9877151548654272,0.005798432593589273,4.520432017833222,0.06953009289463973,M3AA,3 meses SA anualizada,0.976350435815209,0.9990798739156453,4.384155539918003,4.65670849574844,0.5204320178332216,FALSE
2019-08-01,-1.6056938841824575,4.53,4,1.7134772276076875,0.7423386746519054,-0.16420184204924693,4.578990737308636,0.012612099388260363,-0.026638863149201986,0.9877151549186703,0.005798432578594608,4.51565077072082,0.06987504871676523,M3AA,3 meses SA anualizada,0.9763504358978412,0.9990798739394995,4.378698191817979,4.652603349623662,0.5156507707208204,FALSE
2019-09-01,-5.812876825024915,4.34,4,1.7134772276076875,0.7423386746519053,-0.16420184204924693,4.487802635182063,0.01261209932010828,-0.02663886314920197,0.987715154985054,0.0057984325647463305,4.425724049171592,0.0763655517539932,M3AA,3 meses SA anualizada,0.976350435991367,0.9990798739787411,4.276050318074236,4.575397780268948,0.4257240491715919,FALSE
2019-10-01,-1.7679149861137944,4.22,4,1.7134772276076868,0.7423386746519054,-0.16420184204924682,4.413372177140097,0.01261209925056496,-0.026638863149201983,0.9877151550527928,0.005798432551338282,4.352323167656807,0.08345618003182023,M3AA,3 meses SA anualizada,0.9763504360853851,0.9990798740202006,4.188752060507149,4.515894274806465,0.3523231676568068,FALSE
2019-11-01,2.9437750483193525,4.25,4,1.713477227607687,0.7423386746519053,-0.16420184204924687,4.34977720077806,0.012612099177765028,-0.026638863149201997,0.9877151551237038,0.005798432546665004,4.289607883466657,0.07608770059436328,M3AA,3 meses SA anualizada,0.9763504361654555,0.9990798740819521,4.140478730635238,4.438737036298076,0.28960788346665733,FALSE
2019-12-01,7.442759287251377,4.1,4,1.713477227607687,0.7423386746519052,-0.16420184204924682,4.201056667651874,0.01261209911274631,-0.026638863149202052,0.9877151551870355,0.005798432542795169,4.1429445618664555,0.06978453334854605,M3AA,3 meses SA anualizada,0.976350436236372,0.9990798741376989,4.006169389825371,4.27971973390754,0.14294456186645554,FALSE
2020-01-01,3.219837377628565,4.11,4,1.7134772276076868,0.7423386746519053,-0.16420184204924676,4.113175319527056,0.012612099056987663,-0.026638863149201997,0.9877151552413472,0.005798432539941912,4.056278852964288,0.06948383496628345,M3AA,3 meses SA anualizada,0.9763504362962759,0.9990798741864185,3.920093038922648,4.192464667005929,0.05627885296428836,FALSE
2020-02-01,-0.0797728779915019,3.85,4,1.7134772276076866,0.7423386746519053,-0.16420184204924668,3.995627633051115,0.01261209898981275,-0.026638863149201997,0.9877151553067791,0.005798432547865997,3.9403571722916224,0.06973257723247012,M3AA,3 meses SA anualizada,0.9763504363461769,0.9990798742673813,3.8036838323668234,4.077030512216422,-0.05964282770837759,FALSE
2020-03-01,-1.2321140092417693,3.99,4,1.7134772276076864,0.7423386746519053,-0.16420184204924668,4.065092498409297,0.012612098953771547,-0.026638863149202024,0.9877151553418851,0.005798432556408894,4.008861148388626,0.0717768436754978,M3AA,3 meses SA anualizada,0.9763504363645392,0.9990798743192311,3.8681811198606892,4.149541176916563,0.008861148388626283,FALSE
2020-04-01,2.973287542541314,3.97,4,1.7134772276076862,0.7423386746519053,-0.16420184204924648,4.065178932068894,0.012612098918016498,-0.026638863149202028,0.9877151553767125,0.005798432565005711,4.0089463862929,0.07253649425592894,M3AA,3 meses SA anualizada,0.9763504363825171,0.999079874370908,3.8667774699864825,4.151115302599317,0.008946386292899788,FALSE
2020-05-01,5.889531570097617,3.96,4,1.7134772276076866,0.7423386746519053,-0.16420184204924665,4.000330238140494,0.012612098886398177,-0.02663886314920204,0.9877151554075103,0.005798432574823918,3.9449947270856596,0.06917558464805054,M3AA,3 meses SA anualizada,0.9763504363940716,0.999079874420949,3.8094130725659787,4.080576381605341,-0.05500527291434043,FALSE
2020-06-01,9.045989129203493,3.77,4,1.7134772276076866,0.7423386746519054,-0.16420184204924662,3.867434910637509,0.01261209884431894,-0.026638863149202024,0.9877151554484978,0.00579843258464269,3.8139377053707673,0.07024781204559581,M3AA,3 meses SA anualizada,0.9763504364158145,0.999079874481181,3.6762545237686606,3.951620886972874,-0.18606229462923274,FALSE
2020-07-01,6.925640767788721,3.9,4,1.7134772276076866,0.7423386746519054,-0.16420184204924665,3.895903187235295,0.012612098851377141,-0.02663886314920201,0.9877151554416227,0.005798432596019336,3.8420121878469944,0.0727882602859459,M3AA,3 meses SA anualizada,0.9763504363866418,0.9990798744966036,3.699349819189213,3.9846745565047756,-0.1579878121530056,FALSE
2020-08-01,7.655153350175681,3.92,4,1.7134772276076864,0.7423386746519053,-0.1642018420492466,3.9476742778246363,0.012612098869334438,-0.026638863149201997,0.9877151554241314,0.005798432614500607,3.8930671426884476,0.07150118195791316,M3AA,3 meses SA anualizada,0.9763504363329277,0.999079874515335,3.7529274011988925,4.033206884178003,-0.10693285731155244,FALSE
2020-09-01,4.128197391660393,3.99,4,1.7134772276076862,0.7423386746519054,-0.16420184204924643,4.026563917745237,0.012612098897002485,-0.02663886314920201,0.9877151553971812,0.005798432631941546,3.970865523174481,0.07127398429171133,M3AA,3 meses SA anualizada,0.9763504362717941,0.9990798745225684,3.831171080928053,4.110559965420909,-0.029134476825519062,FALSE
2020-10-01,7.707703495288598,4.15,4,1.7134772276076862,0.7423386746519054,-0.16420184204924645,4.175353175465973,0.012612098952337069,-0.026638863149202024,0.9877151553432825,0.00579843265282504,4.1175966186385216,0.06980535678629571,M3AA,3 meses SA anualizada,0.9763504361769644,0.9990798745096006,3.980780633409413,4.25441260386763,0.11759661863852156,FALSE
2020-11-01,7.81082088761238,4.27,4,1.7134772276076864,0.7423386746519054,-0.1642018420492466,4.253795624559906,0.01261209899265646,-0.02663886314920201,0.9877151553040092,0.00579843266954287,4.19495399423521,0.07111725754591516,M3AA,3 meses SA anualizada,0.9763504361049248,0.9990798745030937,4.055566730765957,4.334341257704462,0.19495399423520965,FALSE
2020-12-01,6.901791806414792,4.26,4,1.713477227607686,0.7423386746519054,-0.16420184204924637,4.260247317798773,0.012612099004286023,-0.026638863149202035,0.9877151552926814,0.005798432689430355,4.201316442955281,0.0712561151751718,M3AA,3 meses SA anualizada,0.9763504360546181,0.9990798745307446,4.061657023533706,4.3409758623768555,0.20131644295528073,FALSE
2021-01-01,2.815948142750458,4.12,4,1.7134772276076862,0.7423386746519055,-0.16420184204924637,4.230174612495265,0.012612099001165113,-0.02663886314920203,0.9877151552957214,0.0057984327124066355,4.171659725420922,0.07009757033038708,M3AA,3 meses SA anualizada,0.9763504360126255,0.9990798745788173,4.034271012169599,4.309048438672244,0.17165972542092156,FALSE
2021-02-01,1.9429505842715855,4.39,4,1.713477227607686,0.7423386746519054,-0.16420184204924632,4.404142347177678,0.012612099070856425,-0.026638863149201997,0.9877151552278384,0.00579843273955059,4.3432210107201925,0.06989034357656429,M3AA,3 meses SA anualizada,0.9763504358915412,0.9990798745641355,4.206238454442996,4.480203566997389,0.3432210107201925,FALSE
2021-03-01,2.6335267649322702,4.34,4,1.713477227607686,0.7423386746519054,-0.16420184204924634,4.431682018677301,0.012612099119228327,-0.02663886314920204,0.9877151551807216,0.005798432764876566,4.370379733435028,0.0698571007765793,M3AA,3 meses SA anualizada,0.9763504357947865,0.9990798745666567,4.233462331848548,4.507297135021508,0.37037973343502806,FALSE
2021-04-01,2.843527077436292,4.39,4,1.7134772276076862,0.7423386746519054,-0.16420184204924634,4.45737496336596,0.01261209916741471,-0.02663886314920203,0.9877151551337856,0.005798432789622602,4.395717274624142,0.06977203904561288,M3AA,3 meses SA anualizada,0.9763504356993492,0.999079874568222,4.258966590966819,4.532467958281466,0.3957172746241424,FALSE
2021-05-01,2.7666296566270177,4.41,4,1.7134772276076862,0.7423386746519055,-0.16420184204924634,4.446461589201284,0.012612099210616614,-0.026638863149202035,0.9877151550917046,0.005798432814342944,4.384954862464148,0.06959112338956402,M3AA,3 meses SA anualizada,0.9763504356088172,0.999079874574592,4.248558766976919,4.521350957951376,0.3849548624641477,FALSE
2021-06-01,1.6677667739386948,4.23,4,1.7134772276076864,0.7423386746519054,-0.1642018420492464,4.326825814220764,0.012612099237833886,-0.026638863149202024,0.9877151550651936,0.005798432839207251,4.266973977620726,0.0700057542526654,M3AA,3 meses SA anualizada,0.976350435533573,0.9990798745968141,4.1297652205749396,4.404182734666512,0.26697397762072583,FALSE
2021-07-01,1.6097805162132772,4.12,4,1.7134772276076864,0.7423386746519054,-0.16420184204924643,4.241891003114033,0.01261209927001501,-0.02663886314920204,0.9877151550338474,0.0057984328646702,4.183214047414847,0.07034680634257431,M3AA,3 meses SA anualizada,0.9763504354523205,0.9990798746153744,4.045336840555987,4.321091254273706,0.1832140474148467,FALSE
2021-08-01,1.685140418584652,4.14,4,1.7134772276076864,0.7423386746519055,-0.16420184204924643,4.23064603717281,0.012612099308550454,-0.026638863149202035,0.9877151549963119,0.00579843288989723,4.172124630270244,0.07032995455003943,M3AA,3 meses SA anualizada,0.9763504353653408,0.999079874627283,4.034280452317828,4.30996880822266,0.17212463027024416,FALSE
2021-09-01,3.217971094651517,4.2,4,1.7134772276076862,0.7423386746519056,-0.16420184204924643,4.222316810253048,0.012612099347328584,-0.02663886314920203,0.98771515495854,0.005798432914880826,4.163910619501192,0.07003114987218882,M3AA,3 meses SA anualizada,0.976350435278602,0.999079874638478,4.0266520879557754,4.301169151046609,0.16391061950119212,FALSE
2021-10-01,4.383736758299861,3.89,4,1.7134772276076862,0.7423386746519055,-0.16420184204924645,4.051428676049218,0.012612099371943134,-0.026638863149202024,0.9877151549345642,0.005798432939307287,3.9953863357191968,0.06986156470944357,M3AA,3 meses SA anualizada,0.9763504352067511,0.9990798746623772,3.858460184985073,4.132312486453321,-0.004613664280803231,FALSE
2021-11-01,4.985734614147219,4.08,4,1.7134772276076862,0.7423386746519055,-0.16420184204924648,4.100155088149606,0.012612099433097755,-0.02663886314920204,0.9877151548749964,0.005798432964413157,4.043438728504331,0.06906833160639148,M3AA,3 meses SA anualizada,0.9763504350979768,0.999079874652016,3.908067286083534,4.178810170925128,0.043438728504330726,FALSE
2021-12-01,4.567528527362441,4.02,4,1.7134772276076864,0.7423386746519055,-0.16420184204924645,4.080212764600365,0.012612099478688075,-0.026638863149202028,0.987715154830589,0.005798432989601262,4.023772262017081,0.06902689663027825,M3AA,3 meses SA anualizada,0.9763504350042016,0.9990798746569765,3.8884820306571664,4.159062493376996,0.023772262017081047,FALSE
2022-01-01,2.474593105853629,4.09,4,1.7134772276076864,0.7423386746519054,-0.16420184204924643,4.095374296021631,0.012612099533327594,-0.026638863149202028,0.9877151547773673,0.005798433016312256,4.038724068207147,0.06893082019789616,M3AA,3 meses SA anualizada,0.9763504348986273,0.9990798746561073,3.903622143194464,4.173825993219829,0.0387240682071468,FALSE
2022-02-01,2.307475354376365,3.92,4,1.7134772276076862,0.7423386746519055,-0.16420184204924643,4.00306186529906,0.012612099562585997,-0.02663886314920204,0.9877151547488681,0.005798433043767338,3.947688571000056,0.06943460433913179,M3AA,3 meses SA anualizada,0.9763504348163171,0.999079874681419,3.811599247214569,4.083777894785543,-0.05231142899994401,FALSE
2022-03-01,6.8926163374030125,3.8,4,1.7134772276076864,0.7423386746519054,-0.16420184204924643,3.9237091565871043,0.012612099593502556,-0.02663886314920204,0.9877151547187537,0.005798433070259483,3.869433527403716,0.06911581501212762,M3AA,3 meses SA anualizada,0.9763504347342791,0.9990798747032283,3.733969019217813,4.004898035589619,-0.13056647259628384,FALSE
2022-04-01,9.597710414601934,3.94,4,1.7134772276076864,0.7423386746519055,-0.1642018420492465,3.962256980519904,0.012612099638485388,-0.02663886314920206,0.9877151546749381,0.005798433094884162,3.9074481296745662,0.07097598502492349,M3AA,3 meses SA anualizada,0.9763504346422001,0.9990798747076761,3.768337755258462,4.046558504090671,-0.09255187032543377,FALSE
2022-05-01,13.639406802169418,4.01,4,1.7134772276076862,0.7423386746519054,-0.16420184204924648,4.0201994808092465,0.012612099690380045,-0.026638863149202052,0.98771515462439,0.005798433119739305,3.9645891269145976,0.0765929277804684,M3AA,3 meses SA anualizada,0.9763504345429367,0.9990798747058433,3.8144697469944022,4.114708506834793,-0.03541087308540236,FALSE
2022-06-01,14.450334952165989,4.16,4,1.713477227607687,0.7423386746519055,-0.16420184204924637,4.1421998400072,0.012612099774062923,-0.026638863149202024,0.9877151545428784,0.005798433144173573,4.084901887816144,0.08591171759824975,M3AA,3 meses SA anualizada,0.9763504344135349,0.9990798746722219,3.9165180154735983,4.253285760158689,0.0849018878161436,FALSE
2022-07-01,15.646605889700991,4.51,4,1.713477227607686,0.7423386746519055,-0.1642018420492466,4.379694901671054,0.012612099939194418,-0.026638863149201997,0.9877151543820317,0.00579843317651013,4.31911174396095,0.09008531846915784,M3AA,3 meses SA anualizada,0.9763504341893097,0.9990798745747538,4.14254776422558,4.49567572369632,0.3191117439609501,FALSE
2022-08-01,13.078177654744394,4.55,4,1.713477227607687,0.7423386746519055,-0.16420184204924615,4.47373713862875,0.012612099997146053,-0.02663886314920204,0.9877151543255838,0.0057984332105659175,4.411853119854886,0.09103839261372258,M3AA,3 meses SA anualizada,0.9763504340661137,0.9990798745850539,4.233421149121573,4.590285090588199,0.4118531198548858,FALSE
2022-09-01,8.685202234365619,4.61,4,1.7134772276076864,0.7423386746519055,-0.16420184204924593,4.570051338185927,0.0126121000569357,-0.02663886314920201,0.9877151542673456,0.00579843325721248,4.506835030911406,0.08362886840914728,M3AA,3 meses SA anualizada,0.9763504339164498,0.9990798746182413,4.342925460761638,4.670744601061173,0.5068350309114056,FALSE
2022-10-01,9.328574385792976,4.67,4,1.7134772276076842,0.7423386746519054,-0.1642018420492457,4.67559495650797,0.012612100122966253,-0.02663886314920204,0.9877151542030284,0.005798433308163564,4.61091869267261,0.07476825475120302,M3AA,3 meses SA anualizada,0.9763504337522704,0.9990798746537863,4.464375606173336,4.757461779171884,0.6109186926726098,FALSE
2022-11-01,6.058370353591869,4.8,4,1.7134772276076828,0.7423386746519055,-0.16420184204924504,4.762445893825992,0.012612100180602633,-0.02663886314920204,0.9877151541468875,0.005798433353428056,4.6965682442973815,0.07286152556427562,M3AA,3 meses SA anualizada,0.9763504336074127,0.9990798746863623,4.553762278332757,4.839374210262006,0.6965682442973815,FALSE
2022-12-01,5.309114503975465,4.71,4,1.7134772276076828,0.7423386746519055,-0.16420184204924504,4.741343164457867,0.012612100186170065,-0.026638863149202042,0.9877151541414645,0.0057984334021088,4.675757423407099,0.06987678264312419,M3AA,3 meses SA anualizada,0.9763504335065772,0.9990798747763517,4.538801446071042,4.812713400743156,0.6757574234070987,FALSE
2023-01-01,2.424065127649655,4.62,4,1.7134772276076826,0.7423386746519055,-0.16420184204924504,4.671228790618971,0.01261210017638492,-0.02663886314920204,0.9877151541509958,0.005798433449259227,4.606612923039973,0.06929188791473537,M3AA,3 meses SA anualizada,0.9763504334236953,0.9990798748782962,4.470803318306305,4.74242252777364,0.6066129230399726,FALSE
2023-02-01,5.066642523460629,4.49,4,1.7134772276076855,0.7423386746519056,-0.1642018420492457,4.583372971681704,0.01261210016172968,-0.026638863149202052,0.9877151541652707,0.005798433496976491,4.519972390253696,0.06947847009761893,M3AA,3 meses SA anualizada,0.9763504333444462,0.9990798749860952,4.38379709116142,4.656147689345972,0.5199723902536961,FALSE
2023-03-01,4.971539512034795,4.43,4,1.7134772276076853,0.7423386746519056,-0.16420184204924548,4.497646700272253,0.012612100147341349,-0.026638863149202052,0.9877151541792857,0.005798433542781514,4.4354319475333215,0.06910829446543128,M3AA,3 meses SA anualizada,0.976350433268685,0.9990798750898864,4.2999821793480875,4.5708817157185555,0.4354319475333215,FALSE
2023-04-01,4.553129577714898,4.39,4,1.713477227607685,0.7423386746519056,-0.1642018420492457,4.441011738712132,0.012612100140573975,-0.02663886314920204,0.9877151541858775,0.0057984335901439645,4.379580402331397,0.06905498188337923,M3AA,3 meses SA anualizada,0.9763504331824481,0.999079875189307,4.244235124886909,4.514925679775886,0.37958040233139734,FALSE
2023-05-01,1.1197146763016974,4.3,4,1.7134772276076857,0.7423386746519056,-0.16420184204924593,4.373906936501576,0.012612100131115333,-0.02663886314920204,0.9877151541950907,0.0057984336385458295,4.313403842994585,0.06912997249486307,M3AA,3 meses SA anualizada,0.9763504330967954,0.999079875293386,4.177911586652409,4.4488960993367614,0.31340384299458535,FALSE
2023-06-01,0.28068207541451784,4.24,4,1.713477227607684,0.7423386746519054,-0.1642018420492457,4.341857426310535,0.012612100129909272,-0.026638863149202024,0.9877151541962654,0.005798433689055318,4.281797665164709,0.07052491624281879,M3AA,3 meses SA anualizada,0.9763504329989733,0.9990798753935576,4.1435713693160805,4.420023961013338,0.28179766516470917,FALSE
2023-07-01,1.4324226385841854,4.21,4,1.7134772276076857,0.7423386746519055,-0.1642018420492457,4.313297809632882,0.012612100128905256,-0.026638863149202024,0.9877151541972434,0.0057984337390631566,4.253633106078628,0.07142376767140872,M3AA,3 meses SA anualizada,0.9763504329019377,0.9990798754925492,4.113645093802511,4.393621118354746,0.2536331060786283,FALSE
2023-08-01,5.259326884505455,4.17,4,1.7134772276076855,0.7423386746519054,-0.1642018420492457,4.269848058820153,0.012612100127685147,-0.02663886314920203,0.9877151541984319,0.005798433788915112,4.210784384129267,0.06994719465080647,M3AA,3 meses SA anualizada,0.9763504328054182,0.9990798755914456,4.073690401794074,4.347878366464461,0.21078438412926737,FALSE
2023-09-01,7.760673112998262,4.15,4,1.7134772276076853,0.7423386746519055,-0.16420184204924548,4.24044372215771,0.012612100127505273,-0.02663886314920203,0.9877151541986071,0.005798433838027126,4.181786789849232,0.06910231291228502,M3AA,3 meses SA anualizada,0.9763504327093356,0.9990798756878786,4.046348745292736,4.317224834405728,0.18178678984923202,FALSE
2023-10-01,11.04141854923384,4.32,4,1.7134772276076855,0.7423386746519055,-0.16420184204924593,4.322370542785238,0.012612100157599624,-0.02663886314920204,0.9877151541692936,0.0057984338881067665,4.262580338642437,0.07155628184945156,M3AA,3 meses SA anualizada,0.9763504325818677,0.9990798757567194,4.122332603349914,4.402828073934959,0.2625803386424366,FALSE
2023-11-01,5.3964399254073925,4.43,4,1.7134772276076855,0.7423386746519055,-0.16420184204924615,4.379194446773447,0.01261210017762119,-0.026638863149202024,0.9877151541497916,0.005798433939528395,4.31861821273861,0.07417593069133017,M3AA,3 meses SA anualizada,0.9763504324615813,0.999079875838002,4.173236060063863,4.464000365413356,0.3186182127386097,FALSE
2023-12-01,3.355100665742228,4.32,4,1.7134772276076837,0.7423386746519055,-0.16420184204924548,4.371131250105342,0.012612100160599476,-0.02663886314920203,0.9877151541663716,0.005798434006786612,4.310666552056745,0.06954279283925471,M3AA,3 meses SA anualizada,0.9763504323463376,0.9990798759864056,4.174365182707476,4.446967921406014,0.31066655205674465,FALSE
2024-01-01,-2.0563643061898063,4.29,4,1.7134772276076828,0.7423386746519056,-0.16420184204924548,4.365946986026857,0.012612100144381038,-0.026638863149202035,0.9877151541821692,0.005798434073237922,4.305554000457974,0.0693078924099195,M3AA,3 meses SA anualizada,0.976350432231893,0.9990798761324453,4.169713027490155,4.441394973425793,0.305554000457974,FALSE
2024-02-01,1.2129587930587604,4.28,4,1.7134772276076824,0.7423386746519056,-0.1642018420492456,4.368515955567137,0.012612100129507576,-0.02663886314920204,0.9877151541966568,0.005798434140349285,4.3080874340614335,0.07379355215718744,M3AA,3 meses SA anualizada,0.9763504321148447,0.9990798762784688,4.163454729542068,4.452720138580799,0.30808743406143346,FALSE
2024-03-01,1.3129660073563088,4.14,4,1.713477227607682,0.7423386746519056,-0.16420184204924593,4.245112071196924,0.012612100128027895,-0.026638863149202052,0.987715154198098,0.005798434210281848,4.18639056285764,0.07162574729703179,M3AA,3 meses SA anualizada,0.9763504319792206,0.9990798764169754,4.04600667778969,4.326774447925589,0.18639056285763989,FALSE
2024-04-01,2.7915753316356984,4.02,4,1.713477227607682,0.7423386746519055,-0.16420184204924548,4.137292063139603,0.012612100127525559,-0.026638863149202052,0.9877151541985874,0.005798434280489662,4.080062000346988,0.07071894197137331,M3AA,3 meses SA anualizada,0.9763504318421052,0.9990798765550695,3.9414554210583184,4.218668579635658,0.08006200034698807,FALSE
2024-05-01,2.892304984532501,3.99,4,1.7134772276076824,0.7423386746519056,-0.1642018420492457,4.086894481449029,0.012612100130921395,-0.026638863149202094,0.9877151541952796,0.0057984343505589325,4.030361555038515,0.0695300577752737,M3AA,3 meses SA anualizada,0.9763504317014642,0.9990798766890949,3.894085145955989,4.1666379641210405,0.030361555038514787,FALSE
2024-06-01,1.791284081049227,4.02,4,1.7134772276076822,0.7423386746519055,-0.1642018420492457,4.09744621327941,0.01261210014311443,-0.02663886314920208,0.9877151541834029,0.005798434421278961,4.040767327612251,0.06942825666268465,M3AA,3 meses SA anualizada,0.9763504315509788,0.9990798768158271,3.904690445043986,4.176844210180516,0.04076732761225088,FALSE
2024-07-01,3.070684615323316,4.07,4,1.7134772276076828,0.7423386746519056,-0.16420184204924593,4.12660199889676,0.012612100158089596,-0.026638863149202073,0.9877151541688164,0.005798434492482065,4.069519809047613,0.0698424397029119,M3AA,3 meses SA anualizada,0.9763504313968367,0.999079876940796,3.932631142637495,4.20640847545773,0.06951980904761257,FALSE
2024-08-01,2.60200272506097,4.02,4,1.7134772276076833,0.7423386746519056,-0.16420184204924615,4.087789793663418,0.012612100166769774,-0.026638863149202066,0.9877151541603614,0.005798434563103156,4.031244482779236,0.06934202553699685,M3AA,3 meses SA anualizada,0.9763504312499669,0.9990798770707559,3.8953366101116655,4.167152355446807,0.031244482779236193,FALSE
2024-09-01,1.8854908751041677,3.97,4,1.7134772276076828,0.7423386746519056,-0.16420184204924615,4.044341681906858,0.012612100174713922,-0.02663886314920208,0.9877151541526233,0.005798434634539821,3.9883973772481287,0.06952581117823586,M3AA,3 meses SA anualizada,0.9763504311022156,0.999079877203031,3.852129291342854,4.124665463153403,-0.011602622751871294,FALSE
2024-10-01,0.8240163827824887,3.96,4,1.7134772276076813,0.7423386746519056,-0.16420184204924604,4.001064550370417,0.012612100182681071,-0.026638863149202094,0.987715154144863,0.005798434706272086,3.9457188868125725,0.0700591290320222,M3AA,3 meses SA anualizada,0.9763504309538626,0.9990798773358633,3.8084055171215647,4.08303225650358,-0.054281113187427454,FALSE
2024-11-01,-0.12307460488720778,3.66,4,1.7134772276076815,0.7423386746519055,-0.16420184204924604,3.8581010712460158,0.01261210018093001,-0.02663886314920208,0.9877151541465686,0.005798434778027554,3.804732983528495,0.07138197730153334,M3AA,3 meses SA anualizada,0.9763504308149301,0.9990798774782071,3.6648268788722342,3.944639088184756,-0.1952670164715049,FALSE
2024-12-01,1.7643364295611974,3.95,4,1.7134772276076813,0.7423386746519055,-0.16420184204924604,3.966118570511447,0.012612100189872032,-0.02663886314920208,0.9877151541378586,0.005798434849833182,3.9112563054418295,0.07244759945215336,M3AA,3 meses SA anualizada,0.9763504306654837,0.9990798776102335,3.769261619749225,4.053250991134433,-0.08874369455817055,FALSE
2025-01-01,1.9630296224288912,3.76,4,1.7134772276076817,0.7423386746519056,-0.16420184204924604,3.872062564730917,0.01261210020009994,-0.026638863149202052,0.9877151541278961,0.0057984349217188496,3.8185013514532558,0.07037717176575485,M3AA,3 meses SA anualizada,0.9763504305146279,0.9990798777411644,3.680564629458587,3.9564380734479245,-0.18149864854674425,FALSE
2025-02-01,1.7388538446535762,3.79,4,1.7134772276076817,0.7423386746519056,-0.16420184204924593,3.8488903708710422,0.012612100216794132,-0.02663886314920206,0.987715154111635,0.005798434994187051,3.7956496924604326,0.06992612827695159,M3AA,3 meses SA anualizada,0.9763504303563317,0.9990798778669383,3.6585969994592795,3.9327023854615857,-0.2043503075395674,FALSE
2025-03-01,0.7935982532945474,3.71,4,1.713477227607682,0.7423386746519056,-0.16420184204924604,3.7854802560075833,0.012612100229404297,-0.026638863149202066,0.9877151540993521,0.005798435066837306,3.7331167129234712,0.07012717654701664,M3AA,3 meses SA anualizada,0.9763504302016568,0.9990798779970473,3.5956699725538366,3.870563453293106,-0.26688328707652875,FALSE
2025-04-01,-0.01327437151346089,3.62,4,1.713477227607682,0.7423386746519054,-0.1642018420492461,3.713419077594902,0.01261210024123668,-0.026638863149202066,0.9877151540878267,0.005798435139738406,3.6620523376974594,0.07080172983480566,M3AA,3 meses SA anualizada,0.976350430047248,0.9990798781284055,3.5232834971781055,3.8008211782168133,-0.3379476623025406,FALSE
2025-05-01,2.501030108568969,3.55,4,1.7134772276076822,0.7423386746519056,-0.16420184204924604,3.6525610775345916,0.012612100253528751,-0.026638863149202066,0.9877151540758536,0.0057984352125663614,3.6020361702330925,0.07104069729209202,M3AA,3 meses SA anualizada,0.9763504298925347,0.9990798782591725,3.46279896210398,3.741273378362205,-0.3979638297669075,FALSE
2025-06-01,2.623139740503788,3.53,4,1.7134772276076826,0.7423386746519056,-0.1642018420492462,3.6062277077950387,0.012612100265810859,-0.026638863149202045,0.9877151540638902,0.005798435285400766,3.5563437177345385,0.06948468576118046,M3AA,3 meses SA anualizada,0.9763504297378185,0.9990798783899619,3.4201562361655418,3.6925311993035352,-0.4436562822654615,FALSE
2025-07-01,1.856559432145488,3.54,4,1.7134772276076824,0.7423386746519055,-0.1642018420492462,3.592064995541785,0.012612100282253076,-0.026638863149202052,0.9877151540478746,0.005798435359057671,3.5423769145756774,0.06930142550221775,M3AA,3 meses SA anualizada,0.976350429577438,0.9990798785183111,3.406548616514045,3.6782052126373097,-0.4576230854243226,FALSE
2025-08-01,0.527073669834266,3.49,4,1.7134772276076824,0.7423386746519055,-0.1642018420492462,3.5562483112943033,0.012612100295758422,-0.026638863149202073,0.9877151540347197,0.005798435433291519,3.507055673054543,0.0697067974236247,M3AA,3 meses SA anualizada,0.9763504294187874,0.999079878650652,3.370432860626609,3.643678485482477,-0.492944326945457,FALSE
2025-09-01,0.6592706805129467,3.42,4,1.7134772276076826,0.7423386746519055,-0.16420184204924626,3.50913021768892,0.012612100308178923,-0.026638863149202073,0.9877151540226214,0.005798435507709478,3.460589351564357,0.07057638238194887,M3AA,3 meses SA anualizada,0.9763504292608326,0.9990798787844103,3.3222621839366098,3.598916519192104,-0.5394106484356431,FALSE
2025-10-01,1.1918840366309524,3.37,4,1.7134772276076826,0.7423386746519056,-0.16420184204924626,3.468854374948173,0.012612100320785889,-0.026638863149202066,0.9877151540103416,0.005798435582002916,3.420870633899767,0.0705319810825675,M3AA,3 meses SA anualizada,0.9763504291029403,0.9990798789177429,3.2826304912196744,3.55911077657986,-0.5791293661002328,FALSE
2025-11-01,2.126173125965636,3.3,4,1.7134772276076828,0.7423386746519055,-0.16420184204924632,3.467721004246211,0.012612100334727106,-0.026638863149202066,0.9877151539967621,0.005798435656214191,3.419752940860655,0.0700626448199507,M3AA,3 meses SA anualizada,0.9763504289439094,0.9990798790496148,3.28243268035193,3.55707320136938,-0.5802470591393449,FALSE
2025-12-01,2.462246470454943,3.72,4,1.713477227607683,0.7423386746519055,-0.16420184204924632,3.693145022064951,0.012612100362630026,-0.02663886314920208,0.9877151539695833,0.005798435730450392,3.642058728229314,0.07185479915369199,M3AA,3 meses SA anualizada,0.9763504287712303,0.9990798791679363,3.5012259097717187,3.7828915466869097,-0.3579412717706858,FALSE
2026-01-01,0.7969181271668901,3.64,4,1.7134772276076828,0.7423386746519056,-0.16420184204924632,3.704273889417524,0.012612100366975017,-0.026638863149202094,0.987715153965351,0.00579843580455078,3.6530336529323493,0.06953985616684033,M3AA,3 meses SA anualizada,0.976350428621764,0.999079879308938,3.5167380393552468,3.789329266509452,-0.3469663470676507,FALSE
2026-02-01,0.9906002181722328,3.62,4,1.7134772276076828,0.7423386746519055,-0.16420184204924632,3.70622015550373,0.012612100370150984,-0.02663886314920209,0.9877151539622575,0.005798435879572853,3.654952996848356,0.07025523498551985,M3AA,3 meses SA anualizada,0.9763504284716299,0.9990798794528851,3.517255266551339,3.7926507271453733,-0.34504700315164394,FALSE
2026-03-01,4.126584356253815,3.61,4,1.7134772276076828,0.7423386746519056,-0.16420184204924632,3.706474201431529,0.012612100373257225,-0.02663886314920209,0.9877151539592318,0.00579843595430127,3.655203528637534,0.06975689172279666,M3AA,3 meses SA anualizada,0.9763504283221391,0.9990798795963245,3.518482533187392,3.7919245240876758,-0.34479647136246605,FALSE
2026-04-01,8.892459450503054,3.71,4,1.7134772276076826,0.7423386746519055,-0.16420184204924632,3.7372714379879137,0.012612100377927832,-0.026638863149202087,0.9877151539546823,0.005798436028440489,3.6855747552206366,0.0691735862530375,M3AA,3 meses SA anualizada,0.9763504281722796,0.9990798797370851,3.549997017483208,3.821152492958065,-0.3144252447793634,FALSE
2026-05-01,7.606955487500144,3.74,4,1.7134772276076826,0.7423386746519055,-0.16420184204924626,3.7270117237082414,0.012612100373838451,-0.026638863149202087,0.9877151539586657,0.005798436101615378,3.675456960827653,0.07302815920938086,M3AA,3 meses SA anualizada,0.9763504280328428,0.9990798798844887,3.5323243989200095,3.8185895227352966,-0.32454303917234695,FALSE
2026-06-01,1.7480426540753768,3.71,4,1.7134772276076828,0.7423386746519054,-0.16420184204924626,3.7175661635030286,0.0126121003701234,-0.02663886314920209,0.9877151539622844,0.00579843618325146,3.666142058533575,0.0801298853271352,M3AA,3 meses SA anualizada,0.9763504278764576,0.9990798800481111,3.5090903692070654,3.823193747860085,-0.3338579414664249,FALSE
2011-02-01,3.78,5.81,5,0.004481081993310293,0.9731263172336754,0.020657645215196425,4.752538649023725,0.6446779455827116,-0.1974666369128325,0.4616318102650907,0.11070114388415188,8.597387615850389,1.240541211923979,SUBY,Inflación subyacente,0.2446615552047666,0.6786020653254148,6.165971519141721,11.028803712559057,3.597387615850389,FALSE
2011-03-01,3.84,6.13,5,0.004481081993310294,0.9731263172336753,0.020657645215196432,4.758983722530673,0.6657445172322063,-0.19746663691283572,0.44403919348555,0.1021918437426038,8.950133060834638,1.2056927758608007,SUBY,Inflación subyacente,0.24374686023630168,0.6443315267347983,6.587018643727346,11.31324747794193,3.950133060834638,FALSE
2011-04-01,4.15,6.19,5,0.004481081993313159,0.9731263172336706,0.020657645215194934,4.763153461320049,0.6786387824912408,-0.19746663691294764,0.43327123982279614,0.09937368979619086,9.180604743415577,1.23190014692097,SUBY,Inflación subyacente,0.23850238681140662,0.6280400928341856,6.766124822900875,11.59508466393028,4.180604743415577,FALSE
2011-05-01,4.56,5.74,5,0.004481081993396944,0.9731263172336732,0.020657645215180764,4.727327796998947,0.545601613775821,-0.19746663691309863,0.5443700918613437,0.09185272701098478,7.252004064042884,0.5315978651725088,SUBY,Inflación subyacente,0.36434205503802414,0.7243981286846632,6.210091394046388,8.293916734039382,2.2520040640428842,FALSE
2011-06-01,4.7,6.16,5,0.004481081993505876,0.9731263172336714,0.020657645215152343,4.728833115158644,0.5597702932179413,-0.1974666369130913,0.5325378795847255,0.08458670914269908,7.415493536872554,0.470490463850295,SUBY,Inflación subyacente,0.36675097609427043,0.6983247830751806,6.493349172656432,8.337637901088677,2.415493536872554,FALSE
2011-07-01,5.18,5.88,5,0.004481081993086422,0.97312631723364,0.020657645215258924,4.714933356244357,0.5071912787894312,-0.1974666369130933,0.5764464218419467,0.08095659141481198,6.830510897941806,0.308107474747431,SUBY,Inflación subyacente,0.4177744183577907,0.7351184253261027,6.226631344069257,7.434390451814354,1.8305108979418057,FALSE
2011-08-01,5.4,5.95,5,0.0044810819928759755,0.9731263172336394,0.02065764521529445,4.70401676115397,0.467934665587128,-0.1974666369130924,0.6092294756592129,0.07397086256735567,6.447992611761978,0.16982564704548328,SUBY,Inflación subyacente,0.4642492491218338,0.7542097021965921,6.11514045990162,6.780844763622336,1.4479926117619781,FALSE
2011-09-01,5.38,6.43,5,0.00448108199296931,0.9731263172336387,0.020657645215287346,4.7145556520494,0.5342809082459467,-0.19746663691309152,0.5538239715611191,0.07120877122311568,7.108952210905689,0.24306032544980635,SUBY,Inflación subyacente,0.41425734458046015,0.693390598541778,6.632562726953484,7.585341694857894,2.108952210905689,FALSE
2011-10-01,5.27,6.51,5,0.004481081992983099,0.9731263172336386,0.020657645215287346,4.718390468410687,0.5662286005123778,-0.1974666369130912,0.527144570831602,0.07074863941080178,7.474819634308963,0.29499326553699795,SUBY,Inflación subyacente,0.38847978563121954,0.6658093560319845,6.896643458174586,8.05299581044334,2.474819634308963,FALSE
2011-11-01,5.46,6.06,5,0.004481081992882518,0.9731263172336366,0.02065764521530511,4.7030721911403255,0.5002659085870579,-0.19746663691309418,0.5822297731177921,0.0714821461779697,6.745650140716719,0.19665666997904022,SUBY,Inflación subyacente,0.44212734107134405,0.7223322051642402,6.3602101502382205,7.131090131195217,1.7456501407167186,FALSE
2011-12-01,5.27,5.62,5,0.0044810819929098945,0.9731263172336372,0.020657645215301557,4.680054112266329,0.3957467083137108,-0.19746663691309418,0.6695133742231918,0.06906018358843352,5.837517498713613,0.07362167962851665,SUBY,Inflación subyacente,0.534157901624138,0.8048688468222456,5.693221658160374,5.981813339266852,0.8375174987136127,FALSE
2012-01-01,4.64,5.95,4.5,0.004481081992900739,0.9731263172336381,0.020657645215298004,4.687894207226052,0.45131979593525845,-0.1974666369130944,0.6231044924151714,0.0717986148430558,6.282803799159024,0.1393228166810163,SUBY,Inflación subyacente,0.4823817931829191,0.7638271916474237,6.009736096239555,6.555871502078492,1.7828037991590238,FALSE
2012-02-01,4.4,6.11,4.5,0.004481081992836105,0.9731263172336361,0.020657645215312215,4.7041394256218005,0.5489812682465482,-0.19746663691309485,0.5415477547986248,0.08028028026093852,7.254040959003787,0.3978841042039529,SUBY,Inflación subyacente,0.38420129681840354,0.6988942127788461,6.4742024447430575,8.033879473264516,2.7540409590037873,FALSE
2012-03-01,4.25,5.47,4.5,0.004481081992831675,0.9731263172336361,0.020657645215312215,4.677620449439883,0.45810173250108893,-0.19746663691309374,0.6174409220435461,0.08384052315304784,6.326538386562799,0.27480223954020216,SUBY,Inflación subyacente,0.4531165162185758,0.7817653278685164,5.787935894193054,6.865140878932544,1.8265383865627989,FALSE
2012-04-01,4.11,5.54,4.5,0.004481081992825792,0.9731263172336362,0.020657645215312215,4.672470722691723,0.45656292581552776,-0.19746663691309352,0.618725973867226,0.08680824672371514,6.306447994125959,0.2984124384949061,SUBY,Inflación subyacente,0.4485849367276773,0.7888670110067748,5.721570362137169,6.891325626114749,1.8064479941259588,FALSE
2012-05-01,3.98,5.28,4.5,0.00448108199283024,0.9731263172336362,0.020657645215311327,4.65803247227423,0.41751445551375715,-0.19746663691309418,0.651335208311062,0.08910596188873969,5.972202634162912,0.2638774018695729,SUBY,Inflación subyacente,0.4766907322013335,0.8259796844207904,5.455012430164547,6.489392838161277,1.4722026341629117,FALSE
2012-06-01,3.85,5.11,4.5,0.004481081992838674,0.9731263172336363,0.020657645215309106,4.643660211943425,0.37872369331141137,-0.19746663691309374,0.6837292316655188,0.09164284059956633,5.671694941901766,0.2357088786430061,SUBY,Inflación subyacente,0.5041125646494238,0.8633458986816138,5.209714028925152,6.13367585487838,1.171694941901766,FALSE
2012-07-01,3.56,4.9,4.5,0.004481081992836722,0.9731263172336363,0.020657645215309772,4.627191043016902,0.33200298712884396,-0.19746663691309352,0.7227455221761312,0.094406086517869,5.346488028896891,0.2053629548912127,SUBY,Inflación subyacente,0.5377129926797356,0.9077780516725268,4.9439840335513905,5.7489920242423915,0.846488028896891,FALSE
2012-08-01,3.53,4.55,4.5,0.004481081992837789,0.9731263172336363,0.020657645215309585,4.606061919992209,0.2682352042306977,-0.19746663691309396,0.7759977639776491,0.10066441340569061,4.9568511761337755,0.18817256613067537,SUBY,Inflación subyacente,0.5786991391776445,0.9732963887776537,4.58803972363917,5.325662628628381,0.45685117613377546,FALSE
2012-09-01,3.66,5.17,4.5,0.004481081992838128,0.9731263172336364,0.020657645215309495,4.6403023777137475,0.3917635411815273,-0.19746663691309263,0.6728397024977324,0.1023622767488992,5.759320526751145,0.3531674448162393,SUBY,Inflación subyacente,0.4722133266943682,0.8734660783010966,5.067125054399279,6.451515999103011,1.2593205267511447,FALSE
2012-10-01,3.74,4.76,4.5,0.0044810819928382175,0.9731263172336364,0.02065764521530944,4.616809070207091,0.3216442711548842,-0.19746663691309307,0.7313960479232727,0.09800705046901323,5.271398916845734,0.22500760007574389,SUBY,Inflación subyacente,0.5393057587730075,0.923486337073538,4.830392124449484,5.712405709241984,0.771398916845734,FALSE
2012-11-01,3.73,4.82,4.5,0.00448108199283802,0.9731263172336363,0.020657645215309467,4.610062879056217,0.30976598063417926,-0.19746663691309269,0.7413155648054511,0.09619210064381016,5.193262893801158,0.1984413265490839,SUBY,Inflación subyacente,0.5527825119463311,0.9298486176645712,4.8043250407206015,5.582200746881715,0.6932628938011582,FALSE
2012-12-01,3.73,4.93,4.5,0.00448108199283766,0.9731263172336364,0.02065764521530944,4.6143496564719815,0.33709540490567064,-0.19746663691309263,0.7184928627534399,0.0961430600583132,5.36320774662091,0.2279920116465526,SUBY,Inflación subyacente,0.5300559276756747,0.9069297978312052,4.91635161503083,5.81006387821099,0.86320774662091,FALSE
2013-01-01,3.76,4.83,4,0.0044810819928376155,0.9731263172336362,0.020657645215309467,4.605782319660426,0.31886747077450084,-0.19746663691309257,0.7337149437444886,0.09566960006842559,5.242188357522185,0.20559511068848005,SUBY,Inflación subyacente,0.5462059731950238,0.9212239142939534,4.839229345175238,5.6451473698691315,1.2421883575221848,FALSE
2013-02-01,3.89,4.61,4,0.004481081992837552,0.9731263172336363,0.020657645215309467,4.5865570600847425,0.26286588700816166,-0.19746663691309274,0.7804816611126684,0.09457058630470969,4.907504151426471,0.1483200436064473,SUBY,Inflación subyacente,0.5951267179586006,0.9658366042667361,4.616802207772424,5.198206095080518,0.9075041514264708,FALSE
2013-03-01,3.9,4.66,4,0.004481081992837576,0.9731263172336362,0.020657645215309495,4.581583485554609,0.2577811626660866,-0.19746663691309266,0.7847278957761933,0.09184270573919118,4.875656388352655,0.12733956211665465,SUBY,Inflación subyacente,0.6047195002846685,0.9647362912677181,4.626075432796911,5.125237343908399,0.8756563883526551,FALSE
2013-04-01,3.8,4.93,4,0.004481081992837776,0.9731263172336363,0.020657645215309384,4.594513631969102,0.31887242857076964,-0.19746663691309274,0.733710803506994,0.09162247554770564,5.229392122488201,0.17913850839123968,SUBY,Inflación subyacente,0.5541340512590892,0.9132875557548988,4.878287097797145,5.580497147179257,1.2293921224882007,FALSE
2013-05-01,3.83,4.83,4,0.00448108199283751,0.9731263172336363,0.020657645215309522,4.592031579930897,0.32285046122510747,-0.19746663691309282,0.730388763016085,0.09301609055786783,5.250339186007783,0.1931608447619431,SUBY,Inflación subyacente,0.5480805755399479,0.9126969504922221,4.871750887051042,5.628927484964524,1.2503391860077828,FALSE
2013-06-01,3.92,5.21,4,0.004481081992837669,0.9731263172336361,0.020657645215309578,4.609139880286959,0.39756333658478515,-0.19746663691309307,0.6679963146116124,0.09265442956190582,5.762121344411517,0.2805401048700802,SUBY,Inflación subyacente,0.4863969696621737,0.849595659561051,5.21227284264707,6.3119698461759635,1.7621213444115167,FALSE
2013-07-01,3.85,4.81,4,0.004481081992837925,0.9731263172336361,0.02065764521530955,4.585471477877439,0.3238814994431788,-0.19746663691309319,0.7295277467787317,0.08998617816702346,5.249026432796149,0.17564978469552456,SUBY,Inflación subyacente,0.5531580784649612,0.9058974150925021,4.904759180900706,5.5932936846915915,1.2490264327961489,FALSE
2013-08-01,3.65,4.89,4,0.004481081992837608,0.9731263172336362,0.020657645215309578,4.582583900848455,0.3276024152537025,-0.19746663691309319,0.7264204236218079,0.09158217859215013,5.268160003300881,0.18971597606262683,SUBY,Inflación subyacente,0.5469226519554785,0.9059181952881373,4.89632352292627,5.6399964836754926,1.2681600033008813,FALSE
2013-09-01,3.52,4.91,4,0.0044810819928376,0.9731263172336361,0.020657645215309578,4.58484971743784,0.35017551168814703,-0.19746663691309319,0.7075697135154829,0.09571347010473957,5.411185814345234,0.24657835498169267,SUBY,Inflación subyacente,0.5199747592748423,0.8951646677561236,4.927901119213983,5.894470509476484,1.4111858143452336,FALSE
2013-10-01,3.48,4.71,4,0.004481081992837633,0.973126317233636,0.020657645215309606,4.57101034084411,0.3168930558426175,-0.19746663691309313,0.7353637704182516,0.09848201343319248,5.190946491135162,0.231070517747045,SUBY,Inflación subyacente,0.5423425709642047,0.9283849698722986,4.738056598461931,5.643836383808393,1.1909464911351622,FALSE
2013-11-01,3.58,4.7,4,0.004481081992837606,0.9731263172336359,0.020657645215309606,4.565991656045039,0.3131126950777787,-0.1974666369130931,0.7385207358386695,0.09939246437421217,5.1630817029764815,0.23382439670964725,SUBY,Inflación subyacente,0.5437150853305333,0.9333263863468058,4.704794306718767,5.621369099234196,1.1630817029764815,FALSE
2013-12-01,3.56,5.19,4,0.004481081992837649,0.9731263172336361,0.020657645215309564,4.593582667592564,0.4171608298978008,-0.1974666369130933,0.6516305197669767,0.09755245570726259,5.886900528349571,0.360287489861569,SUBY,Inflación subyacente,0.46043121997730324,0.8428298195566502,5.180750024140556,6.593051032558586,1.886900528349571,FALSE
2014-01-01,3.44,4.94,4,0.004481081992837546,0.9731263172336361,0.020657645215309578,4.581521960980045,0.3863274033845521,-0.19746663691309324,0.6773794012495815,0.09699599047224639,5.64825589936014,0.30766673877221845,SUBY,Inflación subyacente,0.48727075327918845,0.8674880492199746,5.045240172125699,6.251271626594581,1.64825589936014,FALSE
2014-02-01,3.23,4.68,4,0.004481081992837507,0.973126317233636,0.020657645215309578,4.559247645890112,0.3209448758722674,-0.1974666369130933,0.7319801103606363,0.09981975142697502,5.201522481856278,0.24881524675921995,SUBY,Inflación subyacente,0.5363369926180246,0.9276232281032479,4.713853559403761,5.689191404308795,1.2015224818562782,FALSE
2014-03-01,3.17,4.54,4,0.004481081992837401,0.9731263172336362,0.020657645215309606,4.5469425883295225,0.2881481796631892,-0.19746663691309319,0.7593685111712205,0.10516232504960221,5.0003852358623195,0.25116351052130337,SUBY,Inflación subyacente,0.5532541415435058,0.9654828807989352,4.508113801009918,5.492656670714721,1.0003852358623195,FALSE
2014-04-01,3.14,4.66,4,0.004481081992837334,0.973126317233636,0.020657645215309606,4.5518858106369855,0.3082880610113993,-0.19746663691309316,0.7425497700661421,0.10714813760845984,5.119203199448471,0.28873544740076146,SUBY,Inflación subyacente,0.5325432793430191,0.952556260789265,4.55329212148292,5.685114277414022,1.1192031994484708,FALSE
2014-05-01,3.04,4.28,4,0.004481081992837307,0.9731263172336359,0.02065764521530966,4.521943453588457,0.22334971219578623,-0.19746663691309319,0.8134814738792627,0.10764960900511245,4.642095151873831,0.20697843622374915,SUBY,Inflación subyacente,0.6024921172794238,1.0244708304791017,4.236424871298863,5.0477654324487995,0.6420951518738311,FALSE
2014-06-01,2.93,4.36,4,0.004481081992837363,0.9731263172336361,0.020657645215309772,4.521434862112268,0.2262292581987989,-0.19746663691309316,0.811076775565132,0.11080816180629297,4.655334484858541,0.22811764833291617,SUBY,Inflación subyacente,0.5938967692317111,1.0282567818985529,4.208232109888051,5.10243685982903,0.6553344848585407,FALSE
2014-07-01,2.99,4.41,4,0.004481081992837264,0.9731263172336361,0.02065764521530966,4.5260489443303875,0.24390594559896936,-0.1974666369130931,0.7963150386989271,0.11378649114143988,4.746471814072931,0.26466641632286625,SUBY,Inflación subyacente,0.5732976141345191,1.0193324632633352,4.22773517016283,5.265208457983033,0.7464718140729314,FALSE
2014-08-01,3.14,4.06,4,0.00448108199283715,0.9731263172336361,0.02065764521530966,4.492049448781537,0.1540809629856679,-0.19746663691309307,0.8713275524879192,0.11140472583446823,4.305262724063423,0.17476960059873842,SUBY,Inflación subyacente,0.6529783021448026,1.0896768028310357,3.9627206012974465,4.6478048468294,0.30526272406342336,FALSE
2014-09-01,3.2,4.13,4,0.004481081992837266,0.9731263172336361,0.02065764521530955,4.486024776018941,0.14373382477408672,-0.19746663691309307,0.8799684096881287,0.1071045181114371,4.257269702850587,0.14506534485979497,SUBY,Inflación subyacente,0.6700474116081941,1.0898894077680634,3.972946851520506,4.541592554180667,0.2572697028505866,FALSE
2014-10-01,3.24,4.17,4,0.004481081992837193,0.9731263172336362,0.02065764521530966,4.487189708630807,0.15483742506927553,-0.19746663691309305,0.8706958337741872,0.10495182013268994,4.303725291463418,0.14193446431915765,SUBY,Inflación subyacente,0.6649940462021893,1.0763976213461852,4.0255388532328835,4.581911729693952,0.30372529146341787,FALSE
2014-11-01,3.15,4.16,4,0.004481081992837106,0.973126317233636,0.020657645215309717,4.484695372420844,0.15481469781756238,-0.19746663691309307,0.8707148132188018,0.10367506868268028,4.301239180844168,0.13593714421030365,SUBY,Inflación subyacente,0.6675154125060321,1.0739142139315716,4.0348072740307455,4.56767108765759,0.3012391808441679,FALSE
2014-12-01,3.19,4.21,4,0.004481081992837044,0.9731263172336359,0.02065764521530966,4.4858493004917275,0.16602349868241176,-0.19746663691309313,0.8613543846946768,0.10571024620884721,4.349099949597485,0.1545266180999893,SUBY,Inflación subyacente,0.6541661093284745,1.0685426600608792,4.046233343468731,4.651966555726239,0.3490999495974849,FALSE
2015-01-01,3.16,3.89,4,0.0044810819928367985,0.9731263172336361,0.020657645215309828,4.458117042099394,0.09077367713939288,-0.19746663691309307,0.9241952348890529,0.10434940177061844,4.028323305689956,0.10478058609456183,SUBY,Inflación subyacente,0.7196741656103406,1.128716304167765,3.8229571306656167,4.233689480714296,0.028323305689956335,FALSE
2015-02-01,3.21,4.07,4,0.0044810819928367196,0.973126317233636,0.020657645215309772,4.464008341608042,0.11743974457901359,-0.19746663691309313,0.9019264996962609,0.10521995086190242,4.1332381381362975,0.12280319693459607,SUBY,Inflación subyacente,0.6956991855518581,1.108153813840664,3.8925482949581096,4.373927981314485,0.13323813813629748,FALSE
2015-03-01,3.12,4.11,4,0.00448108199283663,0.973126317233636,0.020657645215309828,4.466036795621776,0.1325073082592773,-0.19746663691309316,0.8893436324866109,0.10373008412160438,4.193621930395374,0.12467048157202158,SUBY,Inflación subyacente,0.6860364034949562,1.0926508614782655,3.9492722765789474,4.437971584211801,0.19362193039537434,FALSE
2015-04-01,3.15,3.82,4,0.0044810819928366675,0.973126317233636,0.020657645215309883,4.439605162831356,0.060769060714166066,-0.19746663691309313,0.949251980104581,0.10544850518430678,3.9057047853284113,0.09637074137809563,SUBY,Inflación subyacente,0.7425767077197546,1.1559272524894073,3.71682160306392,4.0945879675929024,-0.09429521467158875,FALSE
2015-05-01,3.2,3.57,4,0.0044810819928368245,0.973126317233636,0.020657645215309772,4.410132483460527,-0.019984591256483282,-0.19746663691309319,1.0166890589185857,0.1045098760182058,3.622430518297729,0.06111049938084395,SUBY,Inflación subyacente,0.8118534658941561,1.2215246519430154,3.5026561404340177,3.7422048961614407,-0.3775694817022708,TRUE
2015-06-01,3.25,3.67,4,0.004481081992836732,0.9731263172336357,0.020657645215309828,4.409827452698153,-0.013437182535884325,-0.19746663691309313,1.0112213418910139,0.10315786651011907,3.641765251599295,0.05822770320046201,SUBY,Inflación subyacente,0.8090356388091899,1.2134070449728378,3.527641050423902,3.755889452774688,-0.3582347484007049,TRUE
2015-07-01,3.3,3.56,4,0.004481081992836612,0.9731263172336359,0.020657645215309828,4.399151740826407,-0.038422738602946344,-0.1974666369130931,1.0320866881953346,0.10131230658065457,3.5595028389895846,0.04609689138378745,SUBY,Inflación subyacente,0.8335182161065713,1.2306551602840978,3.4691545920781066,3.6498510859010627,-0.44049716101041536,TRUE
2015-08-01,3.24,3.31,4,0.004481081992836608,0.9731263172336359,0.020657645215309828,4.375173978904308,-0.10448631313946027,-0.19746663691309319,1.087256137180416,0.0997654991484994,3.3604701143214917,0.0329270331319374,SUBY,Inflación subyacente,0.8917193519496958,1.282792922411136,3.2959343152651375,3.425005913377846,-0.6395298856785083,TRUE
2015-09-01,3.15,3.4,4,0.004481081992836595,0.973126317233636,0.020657645215309828,4.373383385705411,-0.1009796682474857,-0.19746663691309319,1.0843277508823106,0.10136308624940626,3.3681665297392134,0.03390994020277248,SUBY,Inflación subyacente,0.8856597524716472,1.282995749292974,3.3017042682238724,3.4346287912545543,-0.6318334702607866,TRUE
2015-10-01,3.14,3.28,4,0.004481081992836571,0.9731263172336356,0.02065764521530994,4.36214354114243,-0.1265634412107542,-0.1974666369130932,1.105692665924303,0.1033541280155327,3.29459550293872,0.03368921424758035,SUBY,Inflación subyacente,0.9031222973603167,1.3082630344882893,3.228565856346009,3.3606251495314314,-0.7054044970612798,TRUE
2015-11-01,3.15,3.37,4,0.0044810819928366285,0.9731263172336357,0.020657645215309883,4.366320630568138,-0.10600312117952108,-0.19746663691309324,1.0885228180158595,0.10372827633371001,3.3497674982175547,0.03799694446006396,SUBY,Inflación subyacente,0.8852191322233695,1.2918265038083496,3.275294855553261,3.4242401408818486,-0.6502325017824453,TRUE
2015-12-01,3.16,3.65,4,0.004481081992836646,0.9731263172336359,0.020657645215309883,4.390633501079448,-0.025366155463229925,-0.19746663691309313,1.0211831834652365,0.10349338676577556,3.5905428186523842,0.05982344835682818,SUBY,Inflación subyacente,0.8183398727662422,1.2240264941642307,3.473291014442009,3.7077946228627594,-0.4094571813476158,TRUE
2016-01-01,3.15,3.8,4,0.004481081992836637,0.9731263172336357,0.02065764521530991,4.40890770857489,0.03719661807118338,-0.19746663691309319,0.9689372405672435,0.10282834296771894,3.7998979866561697,0.0799174368493217,SUBY,Inflación subyacente,0.7673973917605819,1.1704770893739052,3.6432626886947452,3.9565332846175942,-0.20010201334383027,FALSE
2016-02-01,3.2,4.09,4,0.004481081992836635,0.9731263172336357,0.020657645215309883,4.434449813636155,0.12158183761096801,-0.19746663691309324,0.8984674529852543,0.10287639226076062,4.121677168887012,0.1222221393549733,SUBY,Inflación subyacente,0.6968334292947485,1.1001014766757602,3.882126177637829,4.3612281601361955,0.12167716888701197,FALSE
2016-03-01,3.28,3.99,4,0.004481081992836619,0.9731263172336357,0.020657645215309883,4.430719445604194,0.11835224855237732,-0.19746663691309319,0.9011644709722574,0.1008039222569112,4.105884875036192,0.11049818526110405,SUBY,Inflación subyacente,0.7035924138483359,1.098736528096179,3.889312411567393,4.32245733850499,0.1058848750361916,FALSE
2016-04-01,3.23,4.19,4,0.004481081992836619,0.9731263172336357,0.020657645215309883,4.442056333823364,0.16093597260242998,-0.19746663691309313,0.8656029590792599,0.09885649171598114,4.285504024888178,0.1264163624016496,SUBY,Inflación subyacente,0.6718477956779547,1.059358122480565,4.037732507524382,4.533275542251975,0.28550402488817817,FALSE
2016-05-01,3.31,4.16,4,0.0044810819928366155,0.9731263172336356,0.020657645215309856,4.443229086062413,0.17184212677616612,-0.19746663691309316,0.8564952696977414,0.0993587606810527,4.3322181189578,0.1361380591917858,SUBY,Inflación subyacente,0.6617556772143437,1.051234862181139,4.065392426016718,4.599043811898882,0.3322181189578002,FALSE
2016-06-01,3.23,4.39,4,0.004481081992836579,0.9731263172336357,0.020657645215309883,4.4583026305476565,0.225411107184044,-0.19746663691309316,0.8117600104791869,0.0976282523055408,4.5864690793851715,0.16522759075186277,SUBY,Inflación subyacente,0.6204121520867375,1.0031078688716364,4.262628952259197,4.910309206511146,0.5864690793851715,FALSE
2016-07-01,3.21,4.41,4,0.004481081992836547,0.973126317233636,0.020657645215309856,4.464383089012686,0.2506958622534726,-0.19746663691309319,0.7906448041844969,0.09900136680537862,4.715379063763035,0.19421521358989166,SUBY,Inflación subyacente,0.5966056908257156,0.9846839175432782,4.334724239877094,5.096033887648977,0.7153790637630353,FALSE
2016-08-01,3.09,4.45,4,0.004481081992836539,0.9731263172336361,0.020657645215309856,4.466957310155722,0.2652196483828266,-0.19746663691309319,0.7785160436147709,0.0995490536065521,4.791602831775409,0.21139755833179705,SUBY,Inflación subyacente,0.5834034838508817,0.9736286033786601,4.377271231025381,5.205934432525436,0.7916028317754087,FALSE
2016-09-01,3,4.42,4,0.004481081992836482,0.973126317233636,0.020657645215309856,4.4663217426852455,0.269953292044403,-0.19746663691309316,0.7745629951408868,0.1024537308863662,4.815371948440863,0.23560964407633622,SUBY,Inflación subyacente,0.5737573725218501,0.9753686177599235,4.353585531640943,5.2771583652407825,0.8153719484408626,FALSE
2016-10-01,3.04,4.43,4,0.004481081992836467,0.9731263172336362,0.020657645215309828,4.46792031781281,0.2812465290416539,-0.19746663691309316,0.7651320543120355,0.10475141406785216,4.876470489381284,0.26320248561842446,SUBY,Inflación subyacente,0.5598230554094029,0.970441053214668,4.3606030969277505,5.392337881834818,0.8764704893812842,FALSE
2016-11-01,3.09,4.6,4,0.004481081992836404,0.9731263172336362,0.020657645215309856,4.4808209911148795,0.32475697229126904,-0.19746663691309307,0.7287966426117319,0.1036767492529134,5.134377643287104,0.30646867239054376,SUBY,Inflación subyacente,0.5255939480418318,0.9319993371816321,4.533710083011834,5.7350452035623745,1.1343776432871042,FALSE
2016-12-01,3.09,4.66,4,0.004481081992836455,0.9731263172336362,0.020657645215309883,4.485178754427079,0.3435907223515958,-0.19746663691309307,0.7130686469584437,0.10186951560429117,5.252728971434234,0.3172984063088508,SUBY,Inflación subyacente,0.5134080652514921,0.9127292286653954,4.6308355227169296,5.874622420151538,1.2527289714342338,FALSE
2017-01-01,3.21,4.4,4,0.004481081992836364,0.973126317233636,0.0206576452153098,4.462137451393995,0.28197896586285376,-0.19746663691309319,0.7645203990068923,0.10103833213465133,4.87405520849349,0.24243312241371082,SUBY,Inflación subyacente,0.5664889069649797,0.9625518910488049,4.398895019903027,5.349215397083953,0.8740552084934903,FALSE
2017-02-01,3.15,4.46,4,0.0044810819928363796,0.9731263172336362,0.020657645215309772,4.45601340555483,0.27003741737446235,-0.19746663691309305,0.7744927423860574,0.09809313715634015,4.804693783285767,0.21179087398894494,SUBY,Inflación subyacente,0.5822337264290829,0.9667517583430318,4.389591298013174,5.21979626855836,0.8046937832857672,FALSE
2017-03-01,3.13,4.28,4,0.0044810819928364455,0.973126317233636,0.020657645215309745,4.442208174876963,0.23466756785227558,-0.19746663691309302,0.8040299740983041,0.09897377923448092,4.613847600839714,0.18801081424713997,SUBY,Inflación subyacente,0.6100449313849032,0.998015016811705,4.245353176211269,4.982342025468158,0.6138476008397138,FALSE
2017-04-01,3.07,4.51,4,0.004481081992836487,0.9731263172336362,0.020657645215309745,4.454828886124345,0.2783926358124231,-0.19746663691309305,0.7675153300887935,0.09977156597129022,4.847084000623785,0.23295698589754515,SUBY,Inflación subyacente,0.5719666541039027,0.9630640060736843,4.390496698317592,5.3036713029299785,0.8470840006237852,FALSE
2017-05-01,2.94,4.17,4,0.004481081992836436,0.9731263172336363,0.020657645215309717,4.430497133120959,0.21221831162829075,-0.19746663691309296,0.8227772656987247,0.10080781430203577,4.496832950048661,0.1835572887626078,SUBY,Inflación subyacente,0.6251975803065328,1.0203569510909165,4.137067274974131,4.8565986251231905,0.49683295004866057,FALSE
2017-06-01,2.97,4.26,4,0.0044810819928364515,0.9731263172336364,0.020657645215309717,4.433513883309554,0.22582131516053683,-0.19746663691309296,0.8114174473013513,0.10437372712200492,4.562893253386768,0.21543163875818722,SUBY,Inflación subyacente,0.6068487012100103,1.0159861933926924,4.140655000290279,4.985131506483258,0.5628932533867683,FALSE
2017-07-01,2.89,4.48,4,0.004481081992836498,0.9731263172336363,0.020657645215309717,4.454385434488211,0.28930241754362485,-0.19746663691309296,0.7584046113473296,0.10388525645267188,4.904823752669819,0.27510938729101425,SUBY,Inflación subyacente,0.5547932501753855,0.9620159725192737,4.365619261770551,5.444028243569088,0.9048237526698193,FALSE
2017-08-01,2.77,4.51,4,0.00448108199283647,0.9731263172336364,0.02065764521530966,4.465566630740127,0.32543689835893436,-0.19746663691309302,0.7282288388444236,0.10577979203644633,5.120888007952709,0.3319855868359977,SUBY,Inflación subyacente,0.520904256160852,0.9355534215279951,4.470208214367759,5.771567801537659,1.1208880079527086,FALSE
2017-09-01,2.86,4.75,4,0.00448108199283633,0.9731263172336363,0.02065764521530966,4.491331012818179,0.4016172553220054,-0.197466636913093,0.6646109019309963,0.10909252756790376,5.643443491579984,0.4779280206913794,SUBY,Inflación subyacente,0.45079347691546195,0.8784283269465305,4.706721783822367,6.580165199337602,1.6434434915799843,FALSE
2017-10-01,2.91,4.53,4,0.00448108199283625,0.9731263172336364,0.02065764521530966,4.470184493549806,0.3543277129946702,-0.19746663691309302,0.7041022254214289,0.10592595002990036,5.301836229757926,0.37442868919214123,SUBY,Inflación subyacente,0.49649117833463474,0.911713272508223,4.567969484162788,6.035702975353065,1.3018362297579262,FALSE
2017-11-01,2.92,4.63,4,0.004481081992836207,0.9731263172336364,0.02065764521530966,4.468937650507321,0.36111604232733124,-0.19746663691309305,0.6984333164736518,0.10432526997284294,5.343378338507372,0.3717815399355246,SUBY,Inflación subyacente,0.49395954464946173,0.9029070882978418,4.614699910116904,6.072056766897839,1.3433783385073719,FALSE
2017-12-01,2.92,4.56,4,0.004481081992836176,0.9731263172336363,0.020657645215309606,4.461644390757986,0.3511858215650574,-0.19746663691309302,0.7067260074398675,0.10354900664558857,5.272061365261034,0.3521511474518169,SUBY,Inflación subyacente,0.5037736837796152,0.9096783311001198,4.5818577991410185,5.962264931381049,1.2720613652610337,FALSE
2018-01-01,2.67,4.71,4,0.004481081992836241,0.9731263172336363,0.020657645215309606,4.47073059172633,0.3867010078355026,-0.19746663691309302,0.6770674055417816,0.10397336943326366,5.514208337633514,0.4094502383306751,SUBY,Inflación subyacente,0.4732833461013071,0.8808514649822561,4.711700617044049,6.316716058222979,1.514208337633514,FALSE
2018-02-01,2.62,4.56,4,0.004481081992836073,0.9731263172336363,0.020657645215309606,4.466354459611711,0.3848644633554366,-0.19746663691309307,0.6786010971065005,0.11075166911908843,5.496360463887942,0.46540212015249477,SUBY,Inflación subyacente,0.4615318144053904,0.8956703798076107,4.58418907006047,6.408531857715415,1.4963604638879424,FALSE
2018-03-01,2.67,4.62,4,0.004481081992835932,0.9731263172336363,0.020657645215309717,4.466922507540856,0.39557125574307417,-0.19746663691309307,0.66965989402193,0.11269889674502068,5.570455463932611,0.5020344602581914,SUBY,Inflación subyacente,0.44877411530429123,0.8905456727395689,4.5864860028285515,6.554424925036671,1.5704554639326114,FALSE
2018-04-01,2.62,4.46,4,0.004481081992836132,0.9731263172336365,0.02065764521530966,4.445634194291062,0.35186704942031843,-0.19746663691309296,0.7061571165545086,0.1110223739701611,5.257375074498898,0.41428302601341116,SUBY,Inflación subyacente,0.4885572620948557,0.9237569710141615,4.445395264106343,6.069354884891454,1.2573750744988983,FALSE
2018-05-01,2.63,4.48,4,0.004481081992836119,0.9731263172336363,0.02065764521530966,4.4407086169399665,0.34967494553677964,-0.19746663691309282,0.7079877344740106,0.11232848919017725,5.237971381544064,0.42143700314125065,SUBY,Inflación subyacente,0.4878279412234665,0.9281475277245548,4.411970033634719,6.0639727294534085,1.2379713815440638,FALSE
2018-06-01,2.6,4.43,4,0.004481081992836067,0.9731263172336365,0.02065764521530966,4.430877765778454,0.33527125506809563,-0.1974666369130928,0.7200162035976387,0.11188744214413582,5.13906460076009,0.39680360279894467,SUBY,Inflación subyacente,0.5007208466728236,0.9393115605224539,4.361343830338422,5.916785371181758,1.13906460076009,FALSE
2018-07-01,2.63,4.36,4,0.004481081992836095,0.9731263172336362,0.020657645215309717,4.418482941227044,0.3144602387735951,-0.19746663691309274,0.737395407036783,0.11240250073961856,5.003908182926903,0.3719667412562104,SUBY,Inflación subyacente,0.5170905538148939,0.957700260258672,4.274866766618002,5.732949599235804,1.003908182926903,FALSE
2018-08-01,2.79,4.33,4,0.004481081992836287,0.9731263172336364,0.02065764521530966,4.407749942561127,0.29775472586594637,-0.19746663691309274,0.7513461196434518,0.110906455645648,4.899068122184894,0.3401062682277782,SUBY,Inflación subyacente,0.5339734609249929,0.9687187783619107,4.232472085542129,5.5656641588276585,0.899068122184894,FALSE
2018-09-01,2.82,4.32,4,0.004481081992836257,0.9731263172336364,0.020657645215309606,4.3968770097374374,0.2806995198817075,-0.1974666369130927,0.7655888596568227,0.10579143787057729,4.796067537822599,0.285707727640111,SUBY,Inflación subyacente,0.5582414515577845,0.9729362677558608,4.236090681543202,5.356044394101995,0.7960675378225988,FALSE
2018-10-01,2.86,4.32,4,0.0044810819928363275,0.9731263172336364,0.020657645215309606,4.392381747053733,0.28055159618765796,-0.19746663691309274,0.7657123901916114,0.10425966100795098,4.790391205251269,0.27568535545378203,SUBY,Inflación subyacente,0.5613672095756725,0.9700575708075503,4.250057837496733,5.330724573005805,0.7903912052512689,FALSE
2018-11-01,2.94,4.47,4,0.0044810819928364125,0.9731263172336364,0.020657645215309606,4.401260832844596,0.31624047805348016,-0.19746663691309277,0.7359087357383873,0.10281222588584163,4.994473653097441,0.3062311659874868,SUBY,Inflación subyacente,0.5344004758317411,0.9374169956450336,4.39427159681826,5.594675709376622,0.9944736530974412,FALSE
2018-12-01,2.96,4.38,4,0.004481081992836369,0.9731263172336364,0.02065764521530966,4.3880046155936405,0.29177611604424625,-0.19746663691309277,0.7563388347950923,0.1000561830261674,4.844927173781329,0.2600954904594832,SUBY,Inflación subyacente,0.5602323196332564,0.9524453499569283,4.335149379939461,5.3547049676231975,0.8449271737813291,FALSE
2019-01-01,2.94,4.07,4,0.004481081992836576,0.9731263172336364,0.02065764521530966,4.353248294868948,0.20725035727324506,-0.1974666369130929,0.8269259861740211,0.099037877894933,4.3962600740640925,0.1806782796990571,SUBY,Inflación subyacente,0.6328153123946769,1.0210366599533653,4.042137153065286,4.750382995062899,0.39626007406409247,FALSE
2019-02-01,2.98,4.25,4,0.0044810819928366085,0.9731263172336365,0.02065764521530966,4.359076108827839,0.23686924538582615,-0.19746663691309296,0.8021913612587629,0.0996211160546305,4.537880434900292,0.20705706799533946,SUBY,Inflación subyacente,0.6069375616920022,0.9974451608255236,4.132056038884966,4.943704830915618,0.5378804349002921,FALSE
2019-03-01,2.89,4.35,4,0.004481081992836618,0.9731263172336364,0.02065764521530966,4.367178383731508,0.2728419308831667,-0.19746663691309296,0.7721507034329438,0.09846031825094331,4.723190236266692,0.23196414930668405,SUBY,Inflación subyacente,0.5791720257547431,0.9651293811111444,4.26854885792112,5.1778316146122645,0.7231902362666922,FALSE
2019-04-01,2.98,4.3,4,0.004481081992836614,0.9731263172336363,0.02065764521530966,4.363814593940161,0.2763479125547613,-0.197466636913093,0.7692228709877472,0.10015540936782706,4.7375158907773525,0.24671114658416485,SUBY,Inflación subyacente,0.5729218757699407,0.9655238662055537,4.253970928887807,5.221060852666898,0.7375158907773525,FALSE
2019-05-01,3,4.39,4,0.004481081992836794,0.9731263172336364,0.02065764521530966,4.364891564484823,0.2920483584907495,-0.197466636913093,0.7561114861257341,0.09782040518467132,4.820856468780903,0.2472250720472084,SUBY,Inflación subyacente,0.5643870150106631,0.947835957240805,4.336304231493054,5.305408706068752,0.820856468780903,FALSE
2019-06-01,3.05,4.36,4,0.00448108199283665,0.9731263172336364,0.02065764521530966,4.3609782284397465,0.2936185155823747,-0.197466636913093,0.7548002536928432,0.09671790018583815,4.824901579724657,0.2417910323104529,SUBY,Inflación subyacente,0.5652366526682606,0.9443638547174258,4.350999864611409,5.298803294837906,0.8249015797246573,FALSE
2019-07-01,3.15,4.6,4,0.004481081992836702,0.9731263172336364,0.02065764521530966,4.376147936811615,0.3495858623295116,-0.19746663691309302,0.7080621275339273,0.09530964409779998,5.1612774672958786,0.2939790018131695,SUBY,Inflación subyacente,0.5212586577229088,0.8948655973449458,4.585089211531031,5.737465723060726,1.1612774672958786,FALSE
2019-08-01,3.1,4.53,4,0.004481081992836668,0.9731263172336365,0.02065764521530966,4.367622484660955,0.3368832099623655,-0.19746663691309296,0.7186700659729404,0.09235128341076082,5.07518777131996,0.2571372148052972,SUBY,Inflación subyacente,0.5376648765617978,0.8996752553840829,4.571208091216637,5.579167451423282,1.0751877713199596,FALSE
2019-09-01,2.95,4.34,4,0.004481081992836557,0.9731263172336365,0.02065764521530966,4.34692142341177,0.28773800430159596,-0.19746663691309302,0.7597110471124727,0.09325144700097264,4.7782616349376115,0.2152759736066966,SUBY,Inflación subyacente,0.5769415694843207,0.9424805247406247,4.356328479931691,5.200194789943532,0.7782616349376115,FALSE
2019-10-01,3.01,4.22,4,0.004481081992836456,0.9731263172336365,0.020657645215309606,4.331816142940486,0.2550755585706364,-0.19746663691309307,0.7869873358407824,0.09667404519555299,4.5966226150608165,0.20861477073004692,SUBY,Inflación subyacente,0.5975096890177012,0.9764649826638636,4.187745177786844,5.005500052334789,0.5966226150608165,FALSE
2019-11-01,3.08,4.25,4,0.004481081992836603,0.9731263172336366,0.02065764521530955,4.326005115444398,0.24846529177432577,-0.19746663691309305,0.7925075454170183,0.09520048816475461,4.558481542312071,0.19449950115972614,SUBY,Inflación subyacente,0.6059180173034676,0.979097073530569,4.177269525028001,4.939693559596141,0.5584815423120713,FALSE
2019-12-01,3.12,4.1,4,0.00448108199283668,0.9731263172336366,0.020657645215309606,4.308169519808966,0.20746412583000176,-0.19746663691309305,0.8267474688356945,0.09304267126795253,4.351675345849077,0.15267389545489,SUBY,Inflación subyacente,0.6443871841251079,1.0091077535462811,4.052440009378059,4.650910682320094,0.35167534584907667,FALSE
2020-01-01,2.56,4.11,4,0.004481081992836583,0.9731263172336364,0.020657645215309606,4.300447355523655,0.196060580197152,-0.19746663691309307,0.8362705280018743,0.09285587293570022,4.29440917266543,0.1443931400085477,SUBY,Inflación subyacente,0.6542763612948743,1.0182646947088743,4.011403818634028,4.577414526696833,0.2944091726654303,FALSE
2020-02-01,2.41,3.85,4,0.004481081992836559,0.9731263172336365,0.020657645215309606,4.283210176829546,0.1564490802492554,-0.19746663691309307,0.869349946439794,0.10786750451935932,4.114445668482292,0.19659869004694294,SUBY,Inflación subyacente,0.6579335224796383,1.0807663703999497,3.7291193165825303,4.499772020382053,0.11444566848229165,FALSE
2020-03-01,2.45,3.99,4,0.004481081992836628,0.9731263172336366,0.020657645215309495,4.294213595097132,0.18553198832985063,-0.19746663691309307,0.8450629164849829,0.11426910868134905,4.243568101071783,0.25245616575648844,SUBY,Inflación subyacente,0.6210995789240455,1.0690262540459203,3.7487631085139914,4.7383730936295745,0.24356810107178273,FALSE
2020-04-01,2.35,3.97,4,0.0044810819928366025,0.9731263172336364,0.02065764521530944,4.2938594146457865,0.18860664766195276,-0.19746663691309305,0.8424952797447826,0.11384852553144675,4.256149971645764,0.25206659551794625,SUBY,Inflación subyacente,0.6193562700101581,1.0656342894794069,3.7621085227249638,4.750191420566564,0.2561499716457636,FALSE
2020-05-01,2.28,3.96,4,0.004481081992836444,0.9731263172336365,0.020657645215309328,4.29102188795863,0.18590020134542318,-0.19746663691309305,0.8447554231451084,0.11752846272776604,4.241957559169704,0.26927651365604655,SUBY,Inflación subyacente,0.614403869040329,1.075106977249888,3.7141852905213444,4.769729827818063,0.24195755916970363,FALSE
2020-06-01,2.13,3.77,4,0.00448108199283669,0.9731263172336369,0.020657645215309328,4.267697771126648,0.13744860159823366,-0.19746663691309296,0.8852171765281431,0.12092488432297312,4.026061471547515,0.24535697687296867,SUBY,Inflación subyacente,0.6482087584204437,1.1222255946358426,3.5451706335208697,4.50695230957416,0.026061471547515147,FALSE
2020-07-01,2.03,3.9,4,0.0044810819928366155,0.9731263172336365,0.020657645215309328,4.281521770309812,0.1694753747842522,-0.197466636913093,0.8584717356124953,0.12768688466762518,4.164939847293368,0.3079047904546799,SUBY,Inflación subyacente,0.6082100403658304,1.1087334308591603,3.5614575473348435,4.768422147251893,0.1649398472933683,FALSE
2020-08-01,2.06,3.92,4,0.004481081992836716,0.9731263172336365,0.02065764521530944,4.292864053110136,0.19647942415339678,-0.19746663691309296,0.8359207529489973,0.132282603253878,4.288630262593284,0.3603730196088849,SUBY,Inflación subyacente,0.5766516147901954,1.095189891107799,3.5823121231599235,4.994948402026646,0.2886302625932844,FALSE
2020-09-01,2.1,3.99,4,0.004481081992836872,0.9731263172336366,0.02065764521530944,4.3062446355533774,0.22741509422817455,-0.19746663691309296,0.8100864882428624,0.13168904014373176,4.439191574949215,0.3919406483034703,SUBY,Inflación subyacente,0.5519807124024989,1.068192264083226,3.671002020197133,5.207381129701296,0.43919157494921457,FALSE
2020-10-01,2.21,4.15,4,0.0044810819928368375,0.9731263172336367,0.020657645215309328,4.333215385968942,0.28495186408358136,-0.19746663691309296,0.7620377425978658,0.1298656130886304,4.748652312260738,0.45671215011352306,SUBY,Inflación subyacente,0.5075058181139369,1.0165696670817947,3.853512946736382,5.643791677785094,0.748652312260738,FALSE
2020-11-01,2.26,4.27,4,0.004481081992836602,0.9731263172336367,0.020657645215309328,4.352175876504306,0.3265050764174014,-0.19746663691309294,0.727336807262466,0.12539638083493365,4.996978137619927,0.48810952943654123,SUBY,Inflación subyacente,0.4815644170343274,0.9731091974906045,4.040301039413514,5.953655235826341,0.9969781376199274,FALSE
2020-12-01,2.33,4.26,4,0.004481081992836688,0.9731263172336367,0.02065764521530944,4.351059044068503,0.3258978010309638,-0.19746663691309294,0.7278439407121319,0.12277929084249077,4.992215032177837,0.46635182816484866,SUBY,Inflación subyacente,0.4872009526134815,0.9684869288107822,4.078182244850322,5.906247819505352,0.9922150321778371,FALSE
2021-01-01,2.69,4.12,4,0.004481081992836937,0.9731263172336369,0.020657645215309384,4.33004350792719,0.28255975042995746,-0.19746663691309296,0.7640353879433682,0.11903691141289112,4.732769609562893,0.3767095185697841,SUBY,Inflación subyacente,0.5307273287432168,0.9973434471435196,3.9944325205326936,5.4711066985930925,0.7327696095628928,FALSE
2021-02-01,2.71,4.39,4,0.004481081992836825,0.9731263172336369,0.02065764521530944,4.343735274126557,0.31606116393110834,-0.19746663691309296,0.7360584803048281,0.10791929925152632,4.928191856389052,0.34113426915394096,SUBY,Inflación subyacente,0.5245405405350362,0.9475764200746201,4.259580974954935,5.596802737823169,0.9281918563890521,FALSE
2021-03-01,2.79,4.34,4,0.004481081992836858,0.9731263172336367,0.020657645215309495,4.345148322902405,0.3181782495675866,-0.197466636913093,0.734290509848519,0.10627289164092409,4.94166462953073,0.32980505357957646,SUBY,Inflación subyacente,0.52599946969938,0.9425815499976579,4.2952586025954576,5.5880706564660025,0.94166462953073,FALSE
2021-04-01,2.84,4.39,4,0.004481081992836771,0.9731263172336369,0.020657645215309495,4.347241285253484,0.3220461110670131,-0.19746663691309296,0.7310604728853203,0.1042504048938997,4.96588914345131,0.3182489817298314,SUBY,Inflación subyacente,0.5267334339195587,0.9353875118510818,4.342132601144295,5.589645685758326,0.9658891434513102,FALSE
2021-05-01,2.89,4.41,4,0.004481081992836568,0.9731263172336366,0.02065764521530955,4.347732510899345,0.321667748783256,-0.19746663691309296,0.7313764418418605,0.10293526531809107,4.9643046706572145,0.3065384009501422,SUBY,Inflación subyacente,0.5296270290793271,0.9331258546043938,4.363500444916437,5.565108896397992,0.9643046706572145,FALSE
2021-06-01,3.05,4.23,4,0.004481081992836708,0.9731263172336365,0.020657645215309495,4.328305696959991,0.2675401278536956,-0.19746663691309294,0.7765782197127614,0.10141092482324927,4.654459954408643,0.23708245086965726,SUBY,Inflación subyacente,0.5778164594202939,0.9753399800052289,4.189786889337628,5.119133019479658,0.6544599544086429,FALSE
2021-07-01,3.09,4.12,4,0.00448108199283643,0.9731263172336365,0.02065764521530955,4.309732275970941,0.21575595017450713,-0.19746663691309294,0.8198229967135479,0.09753483503744982,4.3900227777784755,0.1688052396384202,SUBY,Inflación subyacente,0.6286582328020909,1.0109877606250048,4.059170587685519,4.720874967871432,0.3900227777784755,FALSE
2021-08-01,3.18,4.14,4,0.004481081992836568,0.9731263172336367,0.020657645215309495,4.307114155774966,0.21021119300006277,-0.1974666369130929,0.8244534031094521,0.09661275980523322,4.362715022065141,0.15785169019329176,SUBY,Inflación subyacente,0.6350958734441761,1.0138109327747282,4.0533313943875156,4.672098649742767,0.3627150220651414,FALSE
2021-09-01,3.3,4.2,4,0.0044810819928365,0.9731263172336366,0.020657645215309606,4.308457025367997,0.21629616897042245,-0.19746663691309288,0.8193718619768775,0.09461248828172426,4.391140139390885,0.14933389483297566,SUBY,Inflación subyacente,0.63393479245698,1.004808931496775,4.09845108384716,4.683829194934609,0.39114013939088466,FALSE
2021-10-01,3.17,3.89,4,0.004481081992836591,0.9731263172336367,0.02065764521530955,4.282706317279761,0.14051562503444978,-0.1974666369130929,0.8826559164966131,0.09206323115919243,4.0519440060590926,0.0922998608516485,SUBY,Inflación subyacente,0.7022152991242103,1.063096533869016,3.871039603011803,4.232848409106382,0.05194400605909255,FALSE
2021-11-01,3.11,4.08,4,0.004481081992836596,0.9731263172336366,0.02065764521530955,4.291469151457698,0.17295595139821127,-0.19746663691309285,0.8555651188378255,0.09572151778926287,4.188798820874145,0.1243799362223517,SUBY,Inflación subyacente,0.6679543914253602,1.0431758462502907,3.9450186254789466,4.432579016269343,0.1887988208741449,FALSE
2021-12-01,3.2,4.02,4,0.004481081992836682,0.9731263172336369,0.02065764521530955,4.289506222655578,0.17308939876191182,-0.19746663691309288,0.8554536774334582,0.09741860185507571,4.187428286084699,0.1309054520116647,SUBY,Inflación subyacente,0.664516726373263,1.0463906284936535,3.9308583147619,4.443998257407498,0.18742828608469875,FALSE
2022-01-01,3.29,4.09,4,0.004481081992836726,0.973126317233637,0.020657645215309606,4.290287194234205,0.18133126687362666,-0.19746663691309285,0.848570923578235,0.09568650624904274,4.2221610631146245,0.1253148518373098,SUBY,Inflación subyacente,0.6610288175236445,1.0361130296328256,3.976548466785524,4.467773659443725,0.22216106311462447,FALSE
2022-02-01,3.37,3.92,4,0.004481081992836832,0.9731263172336369,0.02065764521530955,4.274137249861978,0.13809320123067997,-0.1974666369130929,0.8846788737374216,0.09356164113005598,4.034589792322593,0.09048699828190998,SUBY,Inflación subyacente,0.7013014267880505,1.0680563206867926,3.8572385346209117,4.211941050024274,0.03458979232259285,FALSE
2022-03-01,3.47,3.8,4,0.0044810819928367855,0.9731263172336369,0.02065764521530955,4.25904044421056,0.09814735693044056,-0.19746663691309288,0.9180375019186746,0.09189295068490262,3.8742524776585094,0.06472973917221667,SUBY,Inflación subyacente,0.7379306281431502,1.098144375694199,3.747384520152293,4.001120435164726,-0.12574752234149056,FALSE
2022-04-01,3.71,3.94,4,0.004481081992836702,0.9731263172336369,0.02065764521530955,4.26401250485171,0.12246440782763499,-0.19746663691309288,0.8977304218317668,0.0898958404444886,3.966515035489047,0.06498073852577788,SUBY,Inflación subyacente,0.72153781220061,1.0739230314629236,3.839155128289708,4.093874942688386,-0.03348496451095295,FALSE
2022-05-01,4.12,4.01,4,0.004481081992836666,0.9731263172336369,0.020657645215309578,4.26718638543753,0.1408526123345493,-0.1974666369130929,0.8823744996372941,0.08486513986336554,4.03854793347041,0.05161629069877657,SUBY,Inflación subyacente,0.7160418819621432,1.048707117312445,3.9373818626852577,4.139714004255562,0.038547933470409745,FALSE
2022-06-01,4.34,4.16,4,0.004481081992836623,0.973126317233637,0.020657645215309578,4.27256907588234,0.16702727203793344,-0.19746663691309294,0.860516137244118,0.0776592991871,4.146356614006079,0.040473267217690144,SUBY,Inflación subyacente,0.7083067077727814,1.0127255667154547,4.0670304679227405,4.225682760089417,0.1463566140060788,FALSE
2022-07-01,4.6,4.51,4,0.004481081992836672,0.9731263172336369,0.020657645215309564,4.289283025013828,0.2375610513016149,-0.19746663691309294,0.801613636673824,0.07432823728648331,4.468442614886414,0.0498145301109767,SUBY,Inflación subyacente,0.6559329685579696,0.9472943047896785,4.370807929962114,4.566077299810715,0.46844261488641425,FALSE
2022-08-01,4.85,4.55,4,0.004481081992836689,0.9731263172336369,0.02065764521530955,4.291752584115894,0.2493538579060028,-0.19746663691309294,0.7917655070968797,0.07044799990299172,4.526626662083837,0.04268951884096208,SUBY,Inflación subyacente,0.6536899645041347,0.9298410496896246,4.4429567426382075,4.610296581529466,0.5266266620838369,FALSE
2022-09-01,4.92,4.61,4,0.004481081992836684,0.973126317233637,0.02065764521530955,4.2919327223643045,0.25113996143548745,-0.1974666369130929,0.7902739385851347,0.06738534998047288,4.535360603882578,0.04807729306585805,SUBY,Inflación subyacente,0.6582010795377811,0.9223467976324884,4.441130840999318,4.629590366765837,0.5353606038825776,FALSE
2022-10-01,5.09,4.67,4,0.004481081992836679,0.9731263172336369,0.02065764521530955,4.2940119949502895,0.2616780178706096,-0.19746663691309294,0.7814736462761249,0.06669543227544678,4.588655928882748,0.049593056101496925,SUBY,Inflación subyacente,0.650753001082919,0.9121942914693308,4.49145532504054,4.685856532724956,0.5886559288827478,FALSE
2022-11-01,5.03,4.8,4,0.004481081992836685,0.9731263172336369,0.02065764521530955,4.297554400943022,0.2790560817822068,-0.19746663691309294,0.7669612887908296,0.0650357956306815,4.679339078731038,0.05347239431869233,SUBY,Inflación subyacente,0.6394934716487864,0.8944291059328727,4.574535111699277,4.784143045762799,0.6793390787310383,FALSE
2022-12-01,5.04,4.71,4,0.0044810819928366085,0.973126317233637,0.020657645215309578,4.295712887770427,0.27039517215033737,-0.1974666369130929,0.7741939826838269,0.06587366119133826,4.633637266432024,0.053256352672635426,SUBY,Inflación subyacente,0.6450839792190101,0.9033039861486437,4.5292567332456954,4.738017799618353,0.6336372664320242,FALSE
2023-01-01,5.24,4.62,4,0.004481081992836609,0.9731263172336369,0.02065764521530957,4.291269265418183,0.24929768024874358,-0.1974666369130929,0.7918124208525765,0.06602571012759013,4.525848726913433,0.058468735170866516,SUBY,Inflación subyacente,0.6624044069488184,0.9212204347563346,4.411252111756925,4.640445342069942,0.5258487269134333,FALSE
2023-02-01,5.36,4.49,4,0.004481081992836675,0.973126317233637,0.020657645215309564,4.283841965240987,0.2139115774343652,-0.1974666369130929,0.8213632256295671,0.06399063632673829,4.3554673670342074,0.07739545265714465,SUBY,Inflación subyacente,0.6959438830813596,0.9467825681777746,4.203775067259029,4.507159666809386,0.35546736703420745,FALSE
2023-03-01,5.08,4.43,4,0.004481081992836626,0.973126317233637,0.020657645215309578,4.279531663632913,0.19404489285582802,-0.1974666369130929,0.8379538211135055,0.06303331014049118,4.264938136908344,0.0877707800167476,SUBY,Inflación subyacente,0.7144108034117994,0.9614968388152115,4.092910569180531,4.436965704636157,0.2649381369083441,FALSE
2023-04-01,4.99,4.39,4,0.0044810819928365895,0.973126317233637,0.020657645215309578,4.279032920168017,0.19359041404029836,-0.1974666369130929,0.8383333547067764,0.06651675675451729,4.262510479551653,0.07359971281962856,SUBY,Inflación subyacente,0.7079629070995112,0.9687038023140416,4.118257693152691,4.406763265950616,0.2625104795516533,FALSE
2023-05-01,4.69,4.3,4,0.004481081992836564,0.973126317233637,0.020657645215309578,4.275593000185459,0.17893907359553746,-0.1974666369130929,0.8505686354178366,0.06811595875096321,4.197817667554294,0.07159237981393878,SUBY,Inflación subyacente,0.7170638094935328,0.9840734613421404,4.057499181551462,4.338136153557127,0.1978176675542942,FALSE
2023-06-01,4.32,4.24,4,0.004481081992836584,0.973126317233637,0.020657645215309575,4.274220780660173,0.17409156190441677,-0.1974666369130929,0.8546167746658886,0.07260004988406624,4.176592615003777,0.05609545298513929,SUBY,Inflación subyacente,0.7123232916173075,0.9969102577144697,4.066647547456444,4.28653768255111,0.1765926150037771,FALSE
2023-07-01,4.21,4.21,4,0.0044810819928365764,0.9731263172336371,0.02065764521530957,4.27489485764516,0.17836308670446574,-0.1974666369130929,0.8510496399596889,0.07868887450995951,4.194760048446518,0.040540194813951866,SUBY,Inflación subyacente,0.6968222799361763,1.0052769999832014,4.115302726684935,4.274217370208102,0.1947600484465184,FALSE
2023-08-01,4.19,4.17,4,0.004481081992836575,0.973126317233637,0.020657645215309568,4.273227265850737,0.17302254515880439,-0.19746663691309294,0.8555095066324077,0.08112004471543822,4.1712644938320995,0.03929451425260127,SUBY,Inflación subyacente,0.69651714056587,1.0145018726989452,4.094248661107005,4.248280326557194,0.17126449383209952,FALSE
2023-09-01,4.17,4.15,4,0.00448108199283658,0.9731263172336369,0.020657645215309568,4.271964985524414,0.1693033601811151,-0.19746663691309294,0.8586153843771746,0.08197940719706467,4.154948034229424,0.03904539909908407,SUBY,Inflación subyacente,0.6979386987969841,1.0192920699573649,4.078420458233226,4.231475610225622,0.15494803422942383,FALSE
2023-10-01,4.12,4.32,4,0.004481081992836585,0.9731263172336369,0.020657645215309564,4.280796190295476,0.20576905896096453,-0.19746663691309294,0.8281630129659316,0.08291865238022084,4.316634713513559,0.04574456865972913,SUBY,Inflación subyacente,0.6656454406541024,0.9906805852777609,4.22697700645217,4.406292420574948,0.316634713513559,FALSE
2023-11-01,4.05,4.43,4,0.004481081992836583,0.9731263172336369,0.02065764521530957,4.288819199234953,0.23903247106438874,-0.1974666369130929,0.8003848594224034,0.08422618729749776,4.474818774263078,0.05940344809389569,SUBY,Inflación subyacente,0.6353045657641829,0.965465153080624,4.358390155441548,4.591247393084608,0.4748187742630776,FALSE
2023-12-01,3.87,4.32,4,0.004481081992836593,0.9731263172336369,0.020657645215309564,4.284818498335747,0.22522598590039372,-0.19746663691309294,0.8119146045847291,0.08595083469718481,4.407158344873383,0.058975388897021364,SUBY,Inflación subyacente,0.6434540641370913,0.9803751450323669,4.291568706660978,4.522747983085789,0.4071583448733831,FALSE
2024-01-01,3.76,4.29,4,0.004481081992836587,0.973126317233637,0.02065764521530957,4.283633365603205,0.2222544932813496,-0.19746663691309294,0.8143960871809409,0.09000147045774491,4.392514381179382,0.0735291542798664,SUBY,Inflación subyacente,0.6379964465281153,0.9907957278337666,4.248399886977154,4.536628875381609,0.39251438117938164,FALSE
2024-02-01,3.71,4.28,4,0.004481081992836618,0.973126317233637,0.020657645215309557,4.283344481234594,0.22257869471426597,-0.1974666369130929,0.8141253477524486,0.09290852289165047,4.393678797148373,0.08593315514456547,SUBY,Inflación subyacente,0.6320279890279985,0.9962227064768987,4.225252907987132,4.562104686309613,0.3936787971483726,FALSE
2024-03-01,3.65,4.14,4,0.0044810819928366484,0.973126317233637,0.020657645215309557,4.274261970750021,0.19148599187621737,-0.19746663691309288,0.8400907499436958,0.09453426228975528,4.248851100503372,0.07552586039899066,SUBY,Inflación subyacente,0.6548070005507125,1.0253744993366791,4.100823134219951,4.396879066786793,0.248851100503372,FALSE
2024-04-01,3.63,4.02,4,0.004481081992836616,0.9731263172336369,0.020657645215309564,4.264564161068492,0.15822424781897007,-0.1974666369130929,0.8678675105079747,0.0963861849053681,4.103531770664001,0.06587722342681546,SUBY,Inflación subyacente,0.6789540594862351,1.0567809615297143,3.9744147853459446,4.232648755982058,0.10353177066400132,FALSE
2024-05-01,3.67,3.99,4,0.004481081992836615,0.9731263172336367,0.020657645215309578,4.260698726559685,0.14519017397172268,-0.1974666369130929,0.8787522178104241,0.09737091702687763,4.049029771748376,0.06213706427247737,SUBY,Inflación subyacente,0.6879087272961061,1.069595708324742,3.92724336366927,4.170816179827482,0.049029771748376305,FALSE
2024-06-01,3.61,4.02,4,0.0044810819928366,0.973126317233637,0.020657645215309578,4.261839308561374,0.14942268508567597,-0.1974666369130929,0.8752176632905051,0.09707305422721844,4.066470018867279,0.06106991473240516,SUBY,Inflación subyacente,0.6849579731358534,1.065477353445157,3.946775185452833,4.186164852281725,0.0664700188672791,FALSE
2024-07-01,3.66,4.07,4,0.004481081992836595,0.9731263172336369,0.020657645215309578,4.265951313012309,0.16401706315406983,-0.1974666369130929,0.8630299516511928,0.09879954409071433,4.1278756325725015,0.07317203313385441,SUBY,Inflación subyacente,0.6693864035444156,1.0566734997579699,3.9844610829545752,4.271290182190428,0.12787563257250145,FALSE
2024-08-01,3.48,4.02,4,0.004481081992836582,0.973126317233637,0.02065764521530957,4.262709707142082,0.15338735969653283,-0.19746663691309288,0.8719067780527525,0.0983381998658869,4.082745247569858,0.0645006731288586,SUBY,Inflación subyacente,0.6791674480111126,1.0646461080943923,3.9563262512587047,4.209164243881011,0.08274524756985802,FALSE
2024-09-01,3.55,3.97,4,0.004481081992836606,0.973126317233637,0.020657645215309578,4.260001768986259,0.1446135775664199,-0.19746663691309294,0.8792337313553769,0.10286248095337705,4.0461503446926566,0.07764690230037137,SUBY,Inflación subyacente,0.6776269733263206,1.0808404893844332,3.8939652126728284,4.198335476712485,0.04615034469265655,FALSE
2024-10-01,3.62,3.96,4,0.004481081992836584,0.9731263172336369,0.020657645215309578,4.256580717638599,0.13348178750393971,-0.1974666369130929,0.8885298484406733,0.10181284695999723,4.000602752945536,0.06617415120601079,SUBY,Inflación subyacente,0.6889803352355904,1.088079361645756,3.870903799874247,4.130301706016825,6.027529455359115e-4,FALSE
2024-11-01,3.65,3.66,4,0.004481081992836577,0.9731263172336369,0.020657645215309578,4.235931627296165,0.0642372047687309,-0.19746663691309296,0.9463557457146984,0.10041345497021678,3.7379294140646273,0.04054987499751369,SUBY,Inflación subyacente,0.749548990409839,1.1431625010195576,3.658453119491899,3.8174057086373554,-0.2620705859353727,FALSE
2024-12-01,3.73,3.95,4,0.00448108199283661,0.973126317233637,0.020657645215309578,4.249099915274859,0.11131306673856681,-0.19746663691309296,0.9070428659077159,0.10033176857990037,3.912061822521195,0.0508099796179351,SUBY,Inflación subyacente,0.7103962129859038,1.103689518829528,3.812476092414828,4.011647552627562,-0.08793817747880484,FALSE
2025-01-01,3.98,3.76,4,0.004481081992836604,0.973126317233637,0.02065764521530957,4.240148198502118,0.08167298573404315,-0.19746663691309294,0.9317951889293675,0.09838563199105613,3.8001185918396203,0.0379034215721504,SUBY,Inflación subyacente,0.7389628936306858,1.1246274842280493,3.725829250667367,3.8744079330118737,-0.1998814081603797,FALSE
2025-02-01,3.92,3.79,4,0.004481081992836595,0.9731263172336369,0.020657645215309585,4.237315232860242,0.07371889050152493,-0.19746663691309296,0.9384376247078062,0.0936104866518149,3.7706996489124376,0.03911285989168579,SUBY,Inflación subyacente,0.7549644422949816,1.121910807120631,3.6940398521923723,3.847359445632503,-0.22930035108756242,FALSE
2025-03-01,3.87,3.71,4,0.0044810819928365895,0.973126317233637,0.020657645215309592,4.232238864741531,0.057280850855459864,-0.19746663691309294,0.9521649713739648,0.09504005862228102,3.711885305442322,0.03959374415914995,SUBY,Inflación subyacente,0.7658898793857186,1.138440063362211,3.6342829928772953,3.789487618007349,-0.2881146945576778,FALSE
2025-04-01,3.82,3.62,4,0.0044810819928365955,0.973126317233637,0.020657645215309585,4.225096949526703,0.03314922692368488,-0.19746663691309296,0.9723172020816053,0.0966259774602357,3.6288188369227767,0.0406286501846032,SUBY,Inflación subyacente,0.7829337662885644,1.1617006378746462,3.549188145820478,3.7084495280250755,-0.37118116307722326,FALSE
2025-05-01,3.87,3.55,4,0.004481081992836611,0.973126317233637,0.02065764521530959,4.218954450224842,0.012692665856570848,-0.19746663691309296,0.9894004012593697,0.09816819835548762,3.5609783412633473,0.04123575478617211,SUBY,Inflación subyacente,0.7969942680554298,1.1818065344633095,3.4801577470071248,3.64179893551957,-0.43902165873665266,FALSE
2025-06-01,3.86,3.53,4,0.004481081992836614,0.9731263172336371,0.02065764521530959,4.216143880359773,0.004330014043701153,-0.19746663691309294,0.9963840211407782,0.09763640263034672,3.5336639572929274,0.044916012946281135,SUBY,Inflación subyacente,0.8050201884052468,1.1877478538763095,3.4456301895890817,3.621697724996773,-0.46633604270707263,FALSE
2025-07-01,3.76,3.54,4,0.0044810819928366155,0.973126317233637,0.020657645215309592,4.215750679070862,0.0048565357662730575,-0.19746663691309294,0.9959443247798598,0.09837766996821003,3.53489432549412,0.044198724766599355,SUBY,Inflación subyacente,0.8031276347592006,1.1887610148005192,3.4482664167889867,3.6215222341992535,-0.4651056745058799,FALSE
2025-08-01,3.69,3.49,4,0.004481081992836615,0.973126317233637,0.02065764521530959,4.21209048069529,-0.006599336604089556,-0.19746663691309294,1.005511081812769,0.1010986176174932,3.498222334438539,0.04087395964358483,SUBY,Inflación subyacente,0.8073614323956958,1.2036607312298422,3.4181108456315688,3.578333823245509,-0.5017776655614612,TRUE
2025-09-01,3.76,3.42,4,0.004481081992836636,0.973126317233637,0.020657645215309592,4.206190986209103,-0.026055520861021825,-0.19746663691309296,1.0217588699825404,0.10320501820002417,3.437772630012023,0.04036640219781429,SUBY,Inflación subyacente,0.8194807512866923,1.2240369886783886,3.3586559355188483,3.5168893245051973,-0.5622273699879772,TRUE
2025-10-01,3.58,3.37,4,0.004481081992836621,0.973126317233637,0.020657645215309592,4.201424016768601,-0.041540871147483484,-0.19746663691309296,1.0346906292559184,0.10235266150121143,3.3909592875228882,0.04596973643359211,SUBY,Inflación subyacente,0.8340830989917247,1.235298159520112,3.300860259734249,3.4810583153115275,-0.6090407124771118,TRUE
2025-11-01,3.56,3.3,4,0.0044810819928366285,0.973126317233637,0.020657645215309585,4.196522355486296,-0.057507433694306345,-0.19746663691309296,1.048024247124373,0.10708542378840115,3.3439116024566204,0.038877827137841124,SUBY,Inflación subyacente,0.838140673229898,1.257907821018848,3.267712461469278,3.420110743443963,-0.6560883975433796,TRUE
2025-12-01,3.53,3.72,4,0.00448108199283662,0.973126317233637,0.020657645215309585,4.22375469557747,0.03583486799638554,-0.19746663691309296,0.9700744330641536,0.10873277173968125,3.636053014903664,0.04094148903436538,SUBY,Inflación subyacente,0.7569621165151639,1.1831867496131434,3.5558091709228665,3.7162968588844616,-0.36394698509633594,FALSE
2026-01-01,3.42,3.64,4,0.00448108199283662,0.973126317233637,0.02065764521530958,4.2250673341390845,0.04149979415522281,-0.19746663691309296,0.9653436739897793,0.10979188460244993,3.6550073737920106,0.03844652910486513,SUBY,Inflación subyacente,0.7501555343741997,1.1805318136053589,3.579653561415904,3.730361186168117,-0.34499262620798943,FALSE
2026-02-01,3.54,3.62,4,0.004481081992836627,0.973126317233637,0.020657645215309585,4.222533717008827,0.03426380855798502,-0.19746663691309296,0.9713864190435297,0.11307174114886608,3.6300923743281617,0.04264956293517477,SUBY,Inflación subyacente,0.7497698787225167,1.1930029593645428,3.546500767018845,3.7136839816374785,-0.3699076256718383,FALSE
2026-03-01,3.68,3.61,4,0.004481081992836628,0.973126317233637,0.02065764521530959,4.221196211735496,0.0309147415888294,-0.197466636913093,0.9741832125957819,0.11038989193177555,3.6185241553802796,0.035857746721249036,SUBY,Inflación subyacente,0.7578230001522331,1.1905434250393305,3.548244263239872,3.688804047520687,-0.3814758446197204,FALSE
2026-04-01,3.79,3.71,4,0.004481081992836619,0.973126317233637,0.020657645215309585,4.227266166911316,0.0524817795186079,-0.19746663691309296,0.9561726582596917,0.10715502469933467,3.691984343383228,0.035313533576228746,SUBY,Inflación subyacente,0.7461526690864958,1.1661926474328874,3.6227710894069736,3.761197597359482,-0.3080156566167722,FALSE
2026-05-01,3.76,3.74,4,0.004481081992836619,0.973126317233637,0.020657645215309592,4.230202949753944,0.06309312962166161,-0.19746663691309296,0.9473111586771994,0.1048251377617846,3.7291094357928842,0.0352624149324175,SUBY,Inflación subyacente,0.741857663989652,1.1527646533647469,3.6599963725174387,3.7982224990683298,-0.27089056420711577,FALSE
2026-06-01,3.74,3.71,4,0.004481081992836618,0.9731263172336371,0.020657645215309592,4.228960399694295,0.058653882858030006,-0.19746663691309296,0.9510183573805181,0.10586241992363166,3.7134817683029047,0.03596336114369018,SUBY,Inflación subyacente,0.7435318270139446,1.1585048877470916,3.642994875698265,3.7839686609075445,-0.28651823169709534,FALSE
